# 결 GYEOL — 표준 인체 (female)
# MakeHuman hm08 base.obj + macrodetails female-young 타깃(아프리카·아시아·코카서스 1/3씩) · 전부 CC0
# 목 위는 잘라냈습니다. 목 절단선 y=5.146 = 파일 높이 비율 0.9427 (21-body-base.js의 neckCutFrac)
mtllib body_makehuman.mtl
o Body_female
v -0.0741 5.8654 0.8570
v -0.1495 5.8828 0.8559
v -0.2135 5.9024 0.8537
v 0.0000 5.8462 0.8588
v -0.0797 5.7320 0.5346
v -0.1697 5.7893 0.5514
v -0.2452 5.8327 0.5912
v 0.0000 5.7256 0.5410
v -0.0649 5.8486 0.4628
v -0.1129 5.8640 0.4569
v -0.1663 5.8992 0.4617
v 0.0000 5.8375 0.4662
v -0.0568 5.6750 1.1457
v -0.1256 5.6812 1.1328
v 0.0000 5.6726 1.2005
v -0.4056 5.8253 0.8399
v -0.3108 5.7485 0.9378
v -0.0590 5.6728 1.0694
v -0.1264 5.6820 1.0471
v 0.0000 5.6714 1.1565
v -0.4469 5.8519 0.4860
v -0.4587 5.8888 0.4205
v -0.4296 5.7428 0.4284
v -0.4431 5.7788 0.3662
v -0.4304 5.6307 0.3738
v -0.4392 5.6665 0.3148
v -0.4359 5.5351 0.3403
v -0.4447 5.5705 0.2746
v -0.4512 5.4332 0.3076
v -0.4628 5.4682 0.2347
v -0.4931 5.3212 0.2665
v -0.5050 5.3552 0.1917
v -0.4193 5.8493 0.6362
v -0.4464 5.8953 0.5910
v -0.3907 5.7759 0.5825
v -0.4262 5.8133 0.5398
v -0.3819 5.6730 0.5286
v -0.4125 5.7067 0.4830
v -0.3846 5.5519 0.4764
v -0.4112 5.5902 0.4323
v -0.3987 5.4582 0.4472
v -0.4198 5.4958 0.4031
v -0.4179 5.3633 0.4155
v -0.4362 5.3961 0.3697
v -0.4639 5.2573 0.3756
v -0.4818 5.2870 0.3305
v -0.3884 5.8093 0.6782
v -0.3511 5.5170 0.5189
v -0.3685 5.4231 0.4887
v -0.3912 5.3304 0.4542
v -0.4351 5.2250 0.4204
v 0.0000 5.6701 1.0796
v -0.0529 5.6704 0.8544
v -0.1138 5.6766 0.8440
v 0.0000 5.6685 0.8485
v -0.2745 5.7194 0.7845
v -0.0500 5.6194 0.7880
v -0.1016 5.6220 0.7773
v 0.0000 5.6210 0.7935
v -0.2464 5.6553 0.7125
v -0.0498 5.5252 0.7391
v -0.0995 5.5273 0.7258
v 0.0000 5.5258 0.7460
v -0.2314 5.5586 0.6581
v -0.0513 5.4269 0.7017
v -0.1932 5.4326 0.6386
v -0.1003 5.4267 0.6865
v -0.1792 5.1364 0.6061
v 0.0000 5.4272 0.7089
v -0.2371 5.4456 0.6128
v -0.0516 5.3310 0.6707
v -0.2006 5.3411 0.6208
v -0.1023 5.3319 0.6593
v -0.1588 5.2395 0.6238
v 0.0000 5.3310 0.6760
v -0.2481 5.3530 0.5943
v -0.0509 5.2356 0.6415
v -0.2131 5.2470 0.6037
v -0.1051 5.2376 0.6354
v -0.1522 5.3333 0.6423
v 0.0000 5.2348 0.6437
v -0.2645 5.2602 0.5737
v -0.0562 5.1320 0.6194
v -0.2399 5.1430 0.5792
v -0.1167 5.1341 0.6182
v -0.1481 5.4287 0.6671
v 0.0000 5.1311 0.6191
v -0.2946 5.1563 0.5433
v -0.4598 5.9562 0.3379
v -0.4482 5.8120 0.2914
v -0.4473 5.6988 0.2505
v -0.4535 5.5992 0.2124
v -0.4719 5.4971 0.1703
v -0.5171 5.3827 0.1263
v -0.4248 5.8479 0.2103
v -0.4282 5.7241 0.1762
v -0.4404 5.6240 0.1435
v -0.4635 5.5184 0.1031
v -0.5140 5.4045 0.0657
v -0.3838 5.8753 0.1137
v -0.3934 5.7400 0.0940
v -0.4133 5.6384 0.0682
v -0.4430 5.5334 0.0405
v -0.4993 5.4231 0.0092
v -0.3325 5.8881 0.0463
v -0.3445 5.7372 0.0285
v -0.3714 5.6459 0.0042
v -0.4087 5.5390 -0.0254
v -0.4684 5.4331 -0.0576
v -0.2768 5.8893 0.0077
v -0.2863 5.7383 -0.0165
v -0.3148 5.6413 -0.0442
v -0.3563 5.5317 -0.0871
v -0.4247 5.4281 -0.1290
v -0.2086 5.8931 -0.0344
v -0.2132 5.7398 -0.0549
v -0.2389 5.6336 -0.0867
v -0.2804 5.5082 -0.1463
v -0.3294 5.3896 -0.1969
v 0.0000 5.8861 -0.0924
v 0.0000 5.7505 -0.1075
v 0.0000 5.6282 -0.1379
v 0.0000 5.4870 -0.1742
v 0.0000 5.3503 -0.2421
v -0.3196 5.7578 1.0043
v -0.4214 5.8418 0.9079
v -0.1955 5.6999 1.0153
v -0.1978 5.7032 1.1511
v -0.4242 5.8700 0.9811
v -0.2594 5.7366 1.1047
v -0.3171 5.7729 1.0605
v -0.1295 5.6826 1.1776
v -0.0599 5.6774 1.1923
v -0.2567 5.7227 0.9774
v -0.1964 5.6984 1.0993
v -0.2613 5.7271 1.0515
v -0.2266 5.7008 0.8042
v -0.2028 5.6377 0.7378
v -0.1527 5.6278 0.7601
v -0.1724 5.6868 0.8239
v -0.3566 5.7768 0.7156
v -0.3180 5.4877 0.5531
v -0.3356 5.3932 0.5267
v -0.3599 5.3019 0.4907
v -0.4001 5.1965 0.4615
v -0.0570 5.6763 0.9683
v -0.1237 5.6849 0.9478
v 0.0000 5.6735 0.9766
v -0.1894 5.6996 0.9182
v -0.2455 5.7162 0.8931
v -0.2960 5.7407 0.8612
v -0.4198 5.8514 0.7277
v -0.3834 5.8093 0.7742
v -0.1040 5.3453 -0.2380
v -0.0633 5.8888 -0.0894
v -0.0742 5.6273 -0.1374
v -0.0644 5.7492 -0.1074
v -0.0886 5.4893 -0.1809
v -0.3567 5.7395 0.6220
v -0.3244 5.7095 0.6543
v -0.3458 5.6383 0.5685
v -0.3111 5.6087 0.5992
v -0.1912 5.5405 0.6834
v -0.1466 5.5302 0.7070
v -0.1747 5.4897 -0.1764
v -0.1352 5.7427 -0.0908
v -0.2043 5.3536 -0.2280
v -0.1464 5.6289 -0.1234
v -0.1359 5.8930 -0.0747
v -2.0429 4.6228 0.2299
v -1.8815 4.5496 0.5497
v -1.7210 4.4594 0.6488
v -1.4775 4.3387 0.7707
v -1.3949 4.2665 0.8318
v -1.3446 4.1919 0.9055
v -1.2986 4.1049 0.9591
v -1.2530 4.0126 1.0153
v -1.2257 3.9043 1.0769
v -1.2194 3.7907 1.1336
v -1.5557 4.6000 0.6366
v -1.7407 4.6940 0.5415
v -1.8768 4.7756 0.2637
v -1.3158 4.4902 0.7569
v -1.2243 4.4212 0.8251
v -1.1609 4.3423 0.9034
v -1.1144 4.2548 0.9779
v -1.0831 4.1577 1.0506
v -1.0782 4.0494 1.1413
v -1.0903 3.9287 1.2186
v -1.3792 4.7447 0.5909
v -1.5633 4.8233 0.5128
v -1.6916 4.8938 0.2847
v -1.1126 4.6246 0.7100
v -0.9996 4.5690 0.7695
v -0.9442 4.4949 0.8498
v -0.9025 4.3999 0.9451
v -0.8795 4.2867 1.0373
v -0.8791 4.1674 1.1274
v -0.9059 4.0316 1.2279
v -1.0965 4.8195 0.5220
v -1.2307 4.8733 0.4570
v -1.4049 4.9738 0.2962
v -0.8651 4.7278 0.6496
v -0.7116 4.6843 0.7253
v -0.7019 4.5775 0.8197
v -0.6743 4.4862 0.9125
v -0.6689 4.3572 1.0272
v -0.6739 4.2275 1.1214
v -0.6979 4.0816 1.2312
v -0.8606 4.8736 0.4843
v -0.9400 4.9029 0.4254
v -1.0800 4.9877 0.2925
v -0.6586 4.8210 0.6160
v 0.0000 4.5994 0.9295
v 0.0000 4.4881 0.9972
v 0.0000 4.3582 1.0655
v 0.0000 4.2020 1.1364
v -0.5307 4.8098 0.6889
v -2.3817 4.1282 0.2450
v -2.2464 4.0493 0.5530
v -2.0856 3.9919 0.6317
v -1.8023 3.9065 0.6233
v -1.6271 3.9129 0.5688
v -1.5088 3.8822 0.5549
v -1.4582 3.8462 0.5202
v -1.4272 3.7531 0.4906
v -1.3952 3.6189 0.4852
v -1.3673 3.5124 0.5112
v -2.5220 3.9180 0.2754
v -2.3741 3.8502 0.5441
v -2.2386 3.7905 0.6217
v -1.9768 3.6718 0.5744
v -1.8553 3.6363 0.4280
v -1.7929 3.6229 0.2748
v -1.4855 3.8162 0.2342
v -1.4580 3.7166 0.1668
v -1.4221 3.6160 0.1339
v -1.3874 3.5100 0.1511
v -2.5958 3.8029 0.2917
v -2.4634 3.7533 0.5589
v -2.3149 3.6870 0.6147
v -2.0580 3.5744 0.5628
v -1.9427 3.5398 0.4174
v -1.9087 3.4960 0.2449
v -2.1702 4.4451 0.2230
v -2.0000 4.3771 0.5601
v -1.8465 4.3018 0.6412
v -1.6127 4.1647 0.7264
v -1.5085 4.1005 0.7800
v -1.4504 4.0371 0.8151
v -1.3898 3.9661 0.8294
v -1.3448 3.8773 0.8511
v -1.3097 3.7655 0.8950
v -1.2905 3.6485 0.9437
v -2.4518 4.0227 0.2567
v -2.3131 3.9467 0.5513
v -2.1726 3.8782 0.6293
v -1.8864 3.7847 0.5983
v -1.7148 3.8098 0.4854
v -1.5206 3.8540 0.4168
v -1.4786 3.8185 0.3556
v -1.4456 3.7130 0.3017
v -1.4201 3.6012 0.2785
v -1.3925 3.4891 0.3179
v -1.9879 4.6057 0.4038
v -1.8364 4.7533 0.4086
v -1.6596 4.8717 0.4124
v -1.3494 4.9409 0.3807
v -1.0178 4.9434 0.3558
v -2.3371 4.0938 0.3924
v -2.4706 3.8936 0.4068
v -2.5517 3.7866 0.4311
v -2.1170 4.4224 0.3887
v -2.4037 3.9906 0.3949
v -0.2919 5.0271 0.5852
v -0.2195 5.0265 0.6194
v -0.4726 5.0586 0.4467
v -0.5164 5.0872 0.3973
v -0.5552 5.1203 0.3455
v -0.3285 5.0761 -0.3783
v -0.1601 5.0531 -0.3658
v 0.0000 5.0371 -0.3484
v -0.5036 5.1051 -0.3779
v -0.6814 5.1303 -0.3614
v -0.8408 5.1218 -0.3231
v -0.4591 4.7083 0.8009
v 0.0000 4.0395 1.2006
v -0.1376 4.0410 1.2230
v -0.1348 4.2055 1.1453
v -0.2326 4.8154 0.7711
v -0.1250 4.3640 1.0654
v -0.1337 4.4926 0.9944
v -0.9656 5.1074 -0.2646
v -1.0438 5.0903 -0.1438
v -1.0831 5.0756 -0.0406
v -1.1018 5.0631 0.0680
v -1.1023 5.0359 0.1861
v -0.7914 5.0693 0.1860
v -0.7988 5.1022 0.0875
v -0.7964 5.1305 0.0252
v -0.7846 5.1630 -0.0497
v -0.7619 5.1948 -0.1400
v -0.6976 5.2193 -0.2166
v -0.6018 5.2295 -0.2818
v -0.4511 5.1986 -0.3177
v 0.0000 5.1275 -0.3192
v -0.1342 5.1430 -0.3194
v -0.2873 5.1658 -0.3228
v -0.2403 5.2512 -0.2744
v -0.1197 5.2351 -0.2804
v 0.0000 5.2241 -0.2861
v -0.3931 5.2897 -0.2574
v -0.5197 5.3315 -0.2016
v -0.5629 5.3245 -0.1166
v -0.6007 5.2995 -0.0494
v -0.6162 5.2723 0.0140
v -0.1326 4.6036 0.9271
v -0.6166 5.2449 0.0783
v -0.6077 5.2233 0.1415
v -0.5895 5.1956 0.2201
v -0.2898 4.6097 0.9096
v -0.2934 4.5015 0.9791
v -0.2727 4.7107 0.8451
v -0.3756 4.8167 0.7449
v -0.1444 5.0256 0.6359
v -0.3597 5.0305 0.5410
v -0.5790 5.1549 0.2938
v -0.4747 4.9176 0.5766
v -0.1838 4.9187 0.6912
v -0.3838 4.9180 0.6309
v -0.2842 4.9202 0.6713
v -0.6195 4.9366 0.4579
v -0.6758 4.9607 0.3991
v -0.7318 4.9974 0.3346
v -0.7706 5.0363 0.2798
v -0.0688 5.0229 0.6368
v 0.0000 5.0218 0.6342
v -0.0883 4.9154 0.6912
v 0.0000 4.9134 0.6869
v -0.1085 4.8113 0.7747
v 0.0000 4.8087 0.7710
v -0.1242 4.7079 0.8586
v 0.0000 4.7043 0.8587
v -0.2900 4.3704 1.0616
v -0.2948 4.2182 1.1505
v -0.3083 4.0413 1.2104
v -0.5001 4.0655 1.2116
v -0.4764 4.2318 1.1425
v -0.4700 4.3780 1.0417
v -0.4734 4.5096 0.9422
v -0.4775 4.6106 0.8659
v -0.3513 4.9632 -0.4411
v -0.1747 4.9353 -0.4202
v 0.0000 4.9282 -0.3786
v -0.5387 4.9949 -0.4403
v -0.7340 5.0122 -0.4294
v -0.9467 5.0278 -0.3972
v -1.1294 5.0201 -0.3133
v -1.2556 5.0208 -0.2224
v -1.3785 5.0208 -0.0925
v -1.4299 5.0058 0.0452
v -1.4290 4.9905 0.1693
v -0.3659 4.8373 -0.5079
v -0.1806 4.8064 -0.4621
v 0.0000 4.7982 -0.4087
v -0.5711 4.8565 -0.5137
v -0.7795 4.8800 -0.5004
v -0.9974 4.8922 -0.4705
v -1.2161 4.8986 -0.3640
v -1.3987 4.9176 -0.2594
v -1.5403 4.9198 -0.1297
v -1.6425 4.9097 0.0060
v -1.6786 4.8995 0.1439
v -1.3210 4.7164 -0.4060
v -1.2562 4.5566 -0.4767
v -1.2054 4.4146 -0.5126
v -1.0837 4.0158 -0.4928
v -1.0492 3.8724 -0.4652
v -1.0083 3.7180 -0.4408
v -1.0096 4.7279 -0.5301
v -1.0010 4.5746 -0.5687
v -0.9694 4.4485 -0.5942
v -0.8855 4.0649 -0.5893
v -0.8557 3.9132 -0.5683
v -0.8153 3.7374 -0.5297
v -0.8001 4.7232 -0.5664
v -0.8034 4.5806 -0.6063
v -0.7712 4.4394 -0.6254
v -0.6937 4.0551 -0.6182
v -0.6669 3.9061 -0.5942
v -0.6279 3.7488 -0.5608
v -0.5929 4.7175 -0.5780
v -0.6016 4.5585 -0.6332
v -0.5840 4.4158 -0.6415
v -0.5193 4.0294 -0.6155
v -0.4956 3.8869 -0.5949
v -0.4733 3.7283 -0.5621
v -0.3678 4.6856 -0.5620
v -0.3724 4.5388 -0.5914
v -0.3677 4.3931 -0.5959
v -0.3503 4.0074 -0.5883
v -0.3272 3.8663 -0.5634
v -0.3187 3.7000 -0.5240
v -0.1858 4.6684 -0.4930
v -0.1800 4.5203 -0.5120
v -0.1837 4.3743 -0.5270
v -0.1769 4.0110 -0.5248
v -0.1768 3.8622 -0.5066
v -0.1703 3.6922 -0.4774
v 0.0000 4.6602 -0.4347
v 0.0000 4.5140 -0.4560
v 0.0000 4.3745 -0.4675
v 0.0000 4.0138 -0.4733
v 0.0000 3.8639 -0.4642
v 0.0000 3.6943 -0.4468
v -1.5554 4.7785 -0.2921
v -1.7035 4.7937 -0.1674
v -1.8086 4.7913 -0.0259
v -1.8630 4.7901 0.0964
v -1.7235 4.6337 -0.3128
v -1.8489 4.6584 -0.2027
v -1.9652 4.6520 -0.0854
v -2.0340 4.6424 0.0594
v -1.5778 4.5782 -0.4130
v -1.4755 4.4763 -0.4554
v -1.5463 4.2451 -0.4287
v -1.3484 3.8698 -0.2843
v -1.2569 3.7715 -0.2667
v -1.2090 3.6436 -0.2625
v -1.9063 4.4536 -0.3055
v -2.0169 4.4774 -0.2264
v -2.1103 4.4864 -0.1082
v -2.1637 4.4616 0.0529
v -1.7601 4.4390 -0.3885
v -1.6446 4.3723 -0.4270
v -1.4003 4.3453 -0.4656
v -1.4182 3.7715 -0.1107
v -1.3693 3.7008 -0.1534
v -1.3247 3.5878 -0.1584
v -2.1082 4.1333 -0.2380
v -2.2302 4.1488 -0.1656
v -2.3218 4.1559 -0.0531
v -2.3756 4.1502 0.0889
v -1.9855 4.1036 -0.2803
v -1.8729 4.0598 -0.2853
v -1.5923 3.8119 -0.0866
v -1.5552 3.8168 0.0089
v -1.4442 3.7202 0.0392
v -1.4174 3.6327 -0.0084
v -2.1734 4.0098 -0.1966
v -2.2960 4.0312 -0.1435
v -2.3909 4.0409 -0.0344
v -2.4459 4.0382 0.1038
v -2.0542 3.9746 -0.2412
v -1.9506 3.9312 -0.2483
v -1.6631 3.7406 -0.0818
v -1.6382 3.7514 0.0158
v -1.6409 3.7753 0.1615
v -2.2382 3.8889 -0.1837
v -2.3530 3.9207 -0.1313
v -2.4560 3.9302 -0.0234
v -2.5120 3.9269 0.1154
v -2.1194 3.8509 -0.2071
v -2.0176 3.8117 -0.2108
v -1.7711 3.6174 -0.0748
v -1.7607 3.6028 0.0195
v -1.7675 3.6054 0.1327
v -1.5346 3.8309 0.2591
v -2.3238 3.7478 -0.1606
v -2.4365 3.7832 -0.1054
v -2.5339 3.8072 -0.0036
v -2.5874 3.8093 0.1378
v -2.2194 3.7047 -0.1937
v -2.1307 3.6661 -0.1845
v -1.8977 3.5000 -0.0653
v -1.8782 3.4979 0.0169
v -1.8811 3.4884 0.1269
v -1.6694 3.7742 0.3022
v -1.5544 3.8082 0.1363
v -1.4844 3.8197 0.1136
v -1.4734 3.8515 -0.1875
v -1.7963 4.1866 -0.3454
v -1.4792 3.8232 -0.0362
v -2.2298 4.2981 -0.0788
v -2.2833 4.2853 0.0695
v -2.1446 4.2914 -0.1978
v -2.0259 4.2783 -0.2714
v -1.9131 4.2430 -0.3348
v -1.9868 4.1143 0.6228
v -2.1474 4.1864 0.5601
v -2.2908 4.2628 0.2328
v -1.4397 3.8835 0.6739
v -1.4870 3.9390 0.6773
v -1.5806 3.9832 0.6810
v -1.7092 4.0182 0.6643
v -2.2468 4.2303 0.3875
v -1.3268 3.5733 0.7395
v -1.3423 3.6744 0.6943
v -1.3881 3.7965 0.6781
v -1.7559 3.9972 -0.2777
v -1.8595 3.8784 -0.2312
v -1.9488 3.7548 -0.1921
v -2.0483 3.6311 -0.1741
v -1.6651 4.1266 -0.3686
v -1.3895 3.5438 0.0001
v -1.1198 3.6740 -0.3437
v -1.1860 3.8423 -0.3632
v -1.2440 3.9480 -0.3754
v -2.6838 3.6706 0.3151
v -2.5562 3.6127 0.5625
v -2.4377 3.5471 0.6035
v -2.1869 3.4226 0.5393
v -2.0810 3.3901 0.4127
v -2.0272 3.3683 0.2512
v -2.6505 3.6522 0.4625
v -2.4340 3.5977 -0.1507
v -2.5351 3.6445 -0.0867
v -2.6291 3.6702 0.0259
v -2.6777 3.6773 0.1684
v -2.3395 3.5514 -0.1899
v -2.2569 3.5113 -0.1878
v -2.0075 3.3850 -0.0627
v -1.9822 3.3786 0.0187
v -1.9860 3.3715 0.1228
v -2.1806 3.4706 -0.1827
v -2.7886 3.5345 0.3341
v -2.6665 3.4621 0.5815
v -2.5547 3.3783 0.6193
v -2.3241 3.2816 0.5295
v -2.2533 3.2392 0.4020
v -2.1863 3.2100 0.2357
v -2.7550 3.5105 0.4876
v -2.5626 3.4423 -0.1554
v -2.6594 3.4911 -0.0823
v -2.7474 3.5281 0.0361
v -2.7880 3.5387 0.1850
v -2.4736 3.3966 -0.1953
v -2.3949 3.3568 -0.1943
v -2.1602 3.2171 -0.0674
v -2.1467 3.2073 0.0112
v -2.1425 3.1951 0.1025
v -2.3176 3.3169 -0.1881
v -2.8913 3.4081 0.3542
v -2.7754 3.3016 0.5858
v -2.6811 3.2094 0.6197
v -2.4682 3.1137 0.5110
v -2.3797 3.1009 0.3898
v -2.3229 3.0713 0.2419
v -2.8624 3.3773 0.4958
v -2.6995 3.3013 -0.1451
v -2.7801 3.3496 -0.0700
v -2.8663 3.3851 0.0512
v -2.8989 3.4016 0.2092
v -2.6157 3.2516 -0.1905
v -2.5408 3.2139 -0.1919
v -2.3159 3.0863 -0.0596
v -2.2966 3.0687 0.0100
v -2.2890 3.0526 0.1038
v -2.4643 3.1735 -0.1866
v -2.9867 3.2898 0.3721
v -2.8559 3.1742 0.5907
v -2.7672 3.0980 0.6105
v -2.5881 2.9649 0.5023
v -2.5139 2.9362 0.3795
v -2.4462 2.9229 0.2376
v -2.9464 3.2567 0.5013
v -2.8339 3.1741 -0.1212
v -2.9014 3.2234 -0.0384
v -2.9757 3.2641 0.0906
v -2.9961 3.2798 0.2357
v -2.7596 3.1256 -0.1708
v -2.6882 3.0838 -0.1847
v -2.4380 2.9513 -0.0657
v -2.4170 2.9337 -0.0017
v -2.4045 2.9133 0.0985
v -2.6047 3.0444 -0.1807
v -1.0397 3.4824 1.5249
v -1.0163 3.4791 1.5312
v -0.9944 3.4704 1.5367
v -0.9747 3.4603 1.5462
v -0.9635 3.4351 1.5557
v -0.9618 3.4022 1.5589
v -0.9659 3.3671 1.5545
v -0.9774 3.3393 1.5418
v -0.9978 3.3230 1.5237
v -1.0210 3.3199 1.5066
v -1.0449 3.3305 1.4944
v -1.0651 3.3530 1.4905
v -1.0782 3.3843 1.4928
v -1.0835 3.4178 1.4993
v -1.0770 3.4516 1.5098
v -1.0613 3.4751 1.5180
v -1.0494 3.4464 1.5718
v -1.0400 3.4420 1.5776
v -1.0309 3.4340 1.5803
v -1.0222 3.4265 1.5835
v -1.0160 3.4145 1.5848
v -1.0145 3.4021 1.5821
v -1.0116 3.3891 1.5804
v -1.0141 3.3771 1.5767
v -1.0246 3.3710 1.5698
v -1.0346 3.3733 1.5650
v -1.0460 3.3779 1.5609
v -1.0547 3.3869 1.5593
v -1.0606 3.3969 1.5583
v -1.0662 3.4103 1.5583
v -1.0644 3.4258 1.5602
v -1.0590 3.4393 1.5653
v -1.0344 3.5371 1.4928
v -0.9945 3.5356 1.5071
v -0.9549 3.5160 1.5249
v -0.9244 3.4929 1.5403
v -0.9023 3.4551 1.5607
v -0.9013 3.3973 1.5666
v -0.9124 3.3394 1.5531
v -0.9361 3.2917 1.5294
v -0.9718 3.2625 1.5009
v -1.0118 3.2553 1.4718
v -1.0553 3.2705 1.4486
v -1.0869 3.3076 1.4430
v -1.1069 3.3612 1.4451
v -1.1130 3.4199 1.4511
v -1.1017 3.4798 1.4637
v -1.0738 3.5216 1.4782
v -1.0323 3.5808 1.4713
v -0.9655 3.5727 1.4911
v -0.9016 3.5470 1.5123
v -0.8525 3.5119 1.5402
v -0.8243 3.4654 1.5704
v -0.8212 3.3849 1.5763
v -0.8426 3.3026 1.5590
v -0.8858 3.2399 1.5205
v -0.9439 3.2069 1.4760
v -1.0065 3.2022 1.4357
v -1.0676 3.2283 1.4086
v -1.1160 3.2797 1.3974
v -1.1443 3.3506 1.3992
v -1.1496 3.4310 1.4113
v -1.1296 3.4976 1.4267
v -1.0898 3.5570 1.4503
v -0.9996 3.7044 1.3990
v -0.8614 3.7063 1.4233
v -0.7273 3.6773 1.4441
v -0.6250 3.6288 1.4783
v -0.5747 3.5200 1.5321
v -0.5803 3.3764 1.5634
v -0.6411 3.2342 1.5326
v -0.7408 3.1401 1.4541
v -0.8550 3.0747 1.3774
v -0.9795 3.0689 1.2990
v -1.0961 3.1145 1.2434
v -1.1880 3.2087 1.2129
v -1.2379 3.3346 1.2191
v -1.2392 3.4705 1.2710
v -1.1912 3.5849 1.3255
v -1.1087 3.6656 1.3669
v -0.9810 3.7920 1.3558
v -0.8079 3.8023 1.3695
v -0.6367 3.7800 1.3782
v -0.4972 3.7121 1.4151
v -0.4354 3.5611 1.4771
v -0.4264 3.3928 1.5076
v -0.5054 3.2106 1.4565
v -0.6382 3.0802 1.3852
v -0.7751 3.0171 1.2912
v -0.9246 3.0134 1.2004
v -1.0721 3.0650 1.1267
v -1.1923 3.1824 1.0854
v -1.2556 3.3307 1.0900
v -1.2666 3.4837 1.1589
v -1.2092 3.6407 1.2581
v -1.1129 3.7357 1.3233
v -0.9512 3.9027 1.3031
v -0.7496 3.9295 1.3080
v -0.5531 3.8994 1.3151
v -0.3466 3.8406 1.3148
v -0.2736 3.6263 1.3745
v -0.2736 3.4054 1.3641
v -0.3164 3.1745 1.4194
v -0.5110 3.0189 1.3917
v -0.7343 2.9448 1.2882
v -0.8974 2.9415 1.1936
v -1.0498 2.9949 1.0524
v -1.1812 3.1682 0.9550
v -1.2508 3.3316 0.9363
v -1.2727 3.5196 1.0016
v -1.2178 3.6931 1.1922
v -1.1082 3.8213 1.2782
v -1.1025 3.6052 1.4136
v -1.1596 3.5354 1.3844
v -0.9997 3.1405 1.3849
v -0.9090 3.1447 1.4403
v -1.0199 3.6345 1.4395
v -1.0855 3.1772 1.3496
v -0.9187 3.6294 1.4628
v -1.1513 3.2477 1.3332
v -0.7104 3.3786 1.5776
v -0.7086 3.4856 1.5562
v -0.8193 3.6003 1.4893
v -1.1898 3.3439 1.3348
v -0.7493 3.2670 1.5566
v -0.7453 3.5574 1.5191
v -1.1922 3.4493 1.3580
v -0.8228 3.1858 1.5021
v 0.0000 3.8416 1.2761
v 0.0000 3.6505 1.3249
v 0.0000 3.4526 1.3663
v 0.0000 3.2567 1.4025
v -0.1422 3.8522 1.2757
v -0.1349 3.6290 1.3444
v -0.1288 3.4387 1.3865
v -0.1321 3.2360 1.4165
v -4.3999 0.9097 2.7159
v -4.4887 0.8279 2.6234
v -4.5130 0.8763 2.6709
v -4.4647 0.9201 2.7130
v -4.4648 1.0196 2.6224
v -4.5235 0.9745 2.5708
v -4.5043 0.9143 2.5300
v -4.4051 1.0019 2.6311
v -4.3839 1.0667 2.5488
v -4.4859 0.9828 2.4360
v -4.5022 1.0331 2.4787
v -4.4510 1.1077 2.4978
v -4.4971 1.0628 2.4354
v -4.4723 0.9795 2.3895
v -4.3734 1.1026 2.5060
v -4.4535 1.0740 2.5415
v -4.3824 0.9920 2.6267
v -4.3793 0.8953 2.7079
v -4.4462 0.9658 2.3691
v -4.4581 0.9660 2.4281
v -4.4669 0.8918 2.5181
v -4.4628 0.8144 2.6091
v -4.3409 1.0814 2.4929
v -4.3574 1.0508 2.5402
v -4.4194 0.7280 2.8850
v -4.4607 0.7747 2.8429
v -4.4166 0.6889 2.9065
v -4.5045 0.6732 2.8276
v -4.5017 0.6416 2.8498
v -4.4491 0.6295 2.9018
v -4.5025 0.7448 2.8114
v -4.4863 0.7675 2.8274
v -4.4624 0.6373 2.9050
v -4.4809 0.7572 2.8311
v -4.4309 0.6852 2.9130
v -4.5019 0.6422 2.8625
v -4.4947 0.7324 2.8170
v -4.5004 0.6710 2.8408
v -4.4305 0.7195 2.8916
v -4.4990 0.9073 2.6977
v -4.5097 1.0052 2.5983
v -4.4842 1.0910 2.4719
v -4.4899 1.0610 2.5158
v -4.4547 0.7607 2.8479
v -4.3730 0.8314 2.6304
v -4.3810 0.9054 2.5603
v -4.3530 1.0066 2.3954
v -4.3557 0.9711 2.4584
v -4.4623 0.7913 2.8330
v -4.4060 0.7523 2.8589
v -4.4969 0.6789 2.7947
v -4.5057 0.7530 2.8028
v -4.4846 0.6491 2.8083
v -4.3971 0.7281 2.8687
v -4.4897 0.7803 2.8182
v -4.4096 0.6298 2.8720
v -4.3853 0.7014 2.7774
v -4.4946 0.8093 2.7956
v -4.3823 0.7831 2.8092
v -4.4638 0.7015 2.7352
v -4.5087 0.7826 2.7751
v -4.4870 0.7210 2.7372
v -4.3918 0.7988 2.8101
v -4.4594 0.8201 2.8120
v -4.4931 0.9649 2.4696
v -4.5044 1.0132 2.5147
v -4.4543 1.0567 2.5649
v -4.4628 0.9450 2.4641
v -4.3692 1.0315 2.5709
v -4.3914 1.0457 2.5756
v -4.4956 1.0448 2.5439
v -4.3633 0.9452 2.5008
v -4.5093 0.9858 2.6185
v -4.4660 0.8811 2.5328
v -4.5314 0.9514 2.5861
v -4.5039 0.9005 2.5432
v -4.3772 0.8810 2.5801
v -4.5082 0.9636 2.6394
v -4.3813 0.9593 2.6549
v -4.4643 0.8690 2.5464
v -4.4606 0.8453 2.7895
v -4.3945 0.8338 2.7778
v -4.4868 0.7606 2.7009
v -4.5125 0.8086 2.7520
v -4.4600 0.7498 2.6913
v -4.3833 0.8257 2.7696
v -4.4957 0.8336 2.7750
v -4.3865 0.7645 2.7170
v -4.3764 0.8679 2.5900
v -4.3793 0.9398 2.6696
v -4.4677 0.9557 2.6866
v -4.3973 0.9467 2.6815
v -4.5289 0.9305 2.6058
v -4.4680 0.9794 2.6663
v -4.5015 0.8856 2.5576
v -4.4027 0.9693 2.6641
v -4.4980 0.8685 2.5778
v -4.5211 0.9090 2.6294
v -4.5063 0.9406 2.6666
v -4.4623 0.8505 2.5651
v -4.3808 1.0039 2.6125
v -4.4022 1.0156 2.6155
v -4.5047 1.0209 2.5784
v -4.3750 0.9125 2.5434
v -4.3786 0.8955 2.5714
v -4.3811 0.9730 2.6419
v -4.4058 0.9864 2.6488
v -4.4654 1.0035 2.6476
v -4.5022 0.9337 2.5068
v -4.5137 0.9899 2.5480
v -4.4620 1.0319 2.6040
v -4.4682 0.9092 2.4967
v -4.4606 0.8727 2.7584
v -4.4904 0.7850 2.6766
v -4.4606 0.7677 2.6692
v -4.4944 0.8606 2.7436
v -4.3864 0.7836 2.6925
v -4.3988 0.8592 2.7577
v -4.5108 0.8352 2.7195
v -4.3844 0.8487 2.7512
v -4.4606 0.8572 2.7763
v -4.4893 0.7717 2.6889
v -4.4614 0.7582 2.6786
v -4.4954 0.8446 2.7627
v -4.3880 0.7764 2.7052
v -4.3973 0.8466 2.7684
v -4.5113 0.8226 2.7386
v -4.3843 0.8359 2.7615
v -4.3898 0.6533 2.8307
v -4.3862 0.7592 2.8311
v -4.5075 0.7652 2.7875
v -4.4704 0.6750 2.7687
v -4.4917 0.6991 2.7645
v -4.4929 0.7944 2.8064
v -4.4610 0.8056 2.8226
v -4.3939 0.7752 2.8308
v -4.3580 0.8522 2.6581
v -4.3613 0.9400 2.5921
v -4.3310 1.0257 2.4397
v -4.3355 0.9979 2.4950
v -4.4299 0.6503 2.9125
v -4.4399 0.6562 2.9186
v -4.3931 0.6614 2.8835
v -4.3717 0.7268 2.7916
v -4.3448 0.9788 2.5365
v -4.3590 0.9140 2.6137
v -4.3565 0.8953 2.6271
v -4.3730 0.7844 2.7368
v -4.3565 0.9487 2.5778
v -4.3610 0.9284 2.6042
v -4.3703 0.8078 2.7120
v -4.3744 0.7996 2.7264
v -4.3768 0.6919 2.8364
v -4.4144 0.7611 2.6879
v -4.4127 0.7688 2.6754
v -4.4174 0.8818 2.5466
v -4.4062 0.9013 2.5158
v -4.4244 0.6420 2.8032
v -4.4017 0.9309 2.4764
v -4.4516 0.6183 2.8459
v -4.4825 0.6290 2.8851
v -4.3912 0.9598 2.4372
v -4.4128 0.7500 2.6997
v -4.4146 0.8679 2.5573
v -4.4148 0.6870 2.7559
v -4.4144 0.8520 2.5697
v -4.3828 0.9726 2.3448
v -4.4144 0.8910 2.5346
v -4.4103 0.8091 2.6121
v -4.4790 0.6208 2.8788
v -4.4720 0.7524 2.8280
v -4.4665 0.6467 2.9060
v -4.4374 0.6812 2.9087
v -4.4917 0.6442 2.8666
v -4.4887 0.7292 2.8181
v -4.4912 0.6689 2.8462
v -4.4336 0.7107 2.8876
v -4.4544 0.7525 2.8453
v -4.4474 0.6605 2.9121
v -4.4859 0.6385 2.8848
v -4.4750 0.6908 2.8778
v -4.4712 0.6654 2.8958
v -4.4616 0.7304 2.7078
v -4.4861 0.7459 2.7144
v -4.3846 0.7449 2.7338
v -4.4597 0.8336 2.7994
v -4.5099 0.7980 2.7626
v -4.4950 0.8223 2.7849
v -4.3812 0.8080 2.7833
v -4.3921 0.8207 2.7883
v -4.3720 0.7604 2.7524
v -4.4114 0.7287 2.7167
v -4.6034 0.6696 2.5788
v -4.6792 0.6103 2.4686
v -4.7027 0.6565 2.5145
v -4.6555 0.6767 2.5725
v -4.6421 0.8217 2.4897
v -4.6974 0.7928 2.4203
v -4.6712 0.7407 2.3673
v -4.5869 0.8061 2.4943
v -4.5279 0.9001 2.4069
v -4.6261 0.8361 2.2853
v -4.6603 0.9054 2.3299
v -4.5788 0.9945 2.3474
v -4.6523 0.9636 2.2694
v -4.5881 0.8957 2.2286
v -4.4840 0.9657 2.3646
v -4.6020 0.9244 2.3927
v -4.5646 0.7973 2.4861
v -4.5812 0.6561 2.5742
v -4.5632 0.8675 2.2170
v -4.5941 0.8138 2.2723
v -4.6446 0.7214 2.3569
v -4.6454 0.5892 2.4560
v -4.4605 0.9499 2.3484
v -4.5026 0.8827 2.3902
v -4.6730 0.4872 2.7128
v -4.6883 0.5250 2.6719
v -4.6760 0.4567 2.7305
v -4.7279 0.4514 2.6261
v -4.7304 0.4095 2.6458
v -4.7057 0.3876 2.7107
v -4.7224 0.5028 2.6221
v -4.7086 0.5241 2.6433
v -4.7163 0.3992 2.7111
v -4.7037 0.5118 2.6468
v -4.6871 0.4544 2.7296
v -4.7325 0.4148 2.6588
v -4.7157 0.4965 2.6296
v -4.7294 0.4457 2.6388
v -4.6776 0.4824 2.7132
v -4.6928 0.6763 2.5452
v -4.6824 0.8154 2.4580
v -4.6309 0.9811 2.3207
v -4.6416 0.9275 2.3662
v -4.6859 0.5133 2.6728
v -4.5730 0.6013 2.5029
v -4.5462 0.7334 2.4095
v -4.4426 0.8704 2.2439
v -4.4974 0.8166 2.3171
v -4.6883 0.5405 2.6652
v -4.6576 0.5073 2.7006
v -4.7247 0.4598 2.6056
v -4.7236 0.5120 2.6145
v -4.7164 0.4233 2.6164
v -4.6494 0.4695 2.7203
v -4.7113 0.5339 2.6388
v -4.6621 0.3787 2.6907
v -4.6060 0.4671 2.6039
v -4.7105 0.5592 2.6239
v -4.6242 0.5416 2.6617
v -4.6792 0.4798 2.5545
v -4.7226 0.5413 2.5957
v -4.7054 0.5014 2.5573
v -4.6411 0.5542 2.6632
v -4.6822 0.5685 2.6490
v -4.6354 0.8158 2.3024
v -4.6688 0.8764 2.3552
v -4.6089 0.8957 2.4168
v -4.6059 0.7909 2.2912
v -4.5183 0.8606 2.4174
v -4.5437 0.8796 2.4275
v -4.6510 0.8959 2.3915
v -4.5081 0.7962 2.3433
v -4.6833 0.7888 2.4770
v -4.6464 0.7058 2.3690
v -4.6979 0.7629 2.4425
v -4.6742 0.7222 2.3841
v -4.5463 0.6978 2.4371
v -4.6835 0.7467 2.5014
v -4.5733 0.7520 2.5207
v -4.6476 0.6784 2.3901
v -4.6721 0.5927 2.6347
v -4.6316 0.5891 2.6379
v -4.6979 0.5358 2.5311
v -4.7182 0.5670 2.5725
v -4.6680 0.5183 2.5201
v -4.6132 0.5826 2.6321
v -4.7082 0.5879 2.6074
v -4.5926 0.5258 2.5615
v -4.5595 0.6468 2.4708
v -4.5739 0.7067 2.5430
v -4.6472 0.7232 2.5416
v -4.5935 0.7138 2.5492
v -4.6967 0.7287 2.4673
v -4.6467 0.7548 2.5208
v -4.6745 0.6957 2.4086
v -4.5941 0.7557 2.5245
v -4.6745 0.6586 2.4349
v -4.6977 0.6978 2.4892
v -4.6867 0.7176 2.5192
v -4.6402 0.6334 2.4229
v -4.5594 0.8119 2.4748
v -4.5816 0.8241 2.4789
v -4.6735 0.8408 2.4386
v -4.5398 0.7449 2.3976
v -4.5463 0.7174 2.4213
v -4.5685 0.7807 2.4980
v -4.5916 0.7869 2.5066
v -4.6421 0.7935 2.5034
v -4.6657 0.7600 2.3528
v -4.6885 0.8160 2.4008
v -4.6317 0.8401 2.4691
v -4.6379 0.7372 2.3439
v -4.6653 0.6296 2.6118
v -4.6921 0.5661 2.5078
v -4.6636 0.5458 2.4967
v -4.7031 0.6269 2.5817
v -4.5939 0.5591 2.5431
v -4.6214 0.6212 2.6151
v -4.7126 0.6053 2.5479
v -4.6050 0.6093 2.6119
v -4.6683 0.6101 2.6247
v -4.6952 0.5509 2.5206
v -4.6660 0.5330 2.5093
v -4.7082 0.6088 2.5939
v -4.5929 0.5425 2.5530
v -4.6266 0.6066 2.6258
v -4.7178 0.5865 2.5592
v -4.6085 0.5966 2.6211
v -4.6220 0.4113 2.6481
v -4.6345 0.5057 2.6899
v -4.7226 0.5209 2.6065
v -4.6962 0.4430 2.5888
v -4.7168 0.4742 2.5838
v -4.7096 0.5403 2.6335
v -4.6850 0.5495 2.6597
v -4.6501 0.5300 2.6834
v -4.5637 0.6158 2.5332
v -4.5425 0.7578 2.4472
v -4.4111 0.9287 2.2895
v -4.4875 0.8435 2.3520
v -4.6893 0.4121 2.7328
v -4.7008 0.4158 2.7298
v -4.6451 0.4085 2.7197
v -4.5958 0.4922 2.6350
v -4.4988 0.8220 2.3808
v -4.5402 0.7216 2.4713
v -4.5483 0.6683 2.5037
v -4.5836 0.5468 2.5943
v -4.5342 0.7718 2.4378
v -4.5413 0.7430 2.4613
v -4.5849 0.5806 2.5741
v -4.5840 0.5621 2.5827
v -4.6116 0.4373 2.6764
v -4.6159 0.5300 2.5277
v -4.6160 0.5457 2.5184
v -4.5745 0.7022 2.3888
v -4.5683 0.7289 2.3674
v -4.6482 0.4102 2.6143
v -4.5420 0.7823 2.3126
v -4.6843 0.3736 2.6558
v -4.7265 0.3954 2.6864
v -4.5280 0.8088 2.2902
v -4.6163 0.5134 2.5363
v -4.5747 0.6767 2.4053
v -4.6318 0.4594 2.5761
v -4.5837 0.6307 2.4405
v -4.5031 0.8680 2.1983
v -4.5759 0.7172 2.3786
v -4.5940 0.5880 2.4764
v -4.7190 0.3825 2.6809
v -4.7003 0.5062 2.6497
v -4.7186 0.4094 2.7089
v -4.6908 0.4441 2.7250
v -4.7298 0.4157 2.6653
v -4.7114 0.4935 2.6309
v -4.7246 0.4442 2.6487
v -4.6836 0.4730 2.7076
v -4.6851 0.5086 2.6708
v -4.7059 0.4177 2.7215
v -4.7237 0.4013 2.6890
v -4.7101 0.4587 2.6795
v -4.7158 0.4320 2.6982
v -4.6718 0.5040 2.5320
v -4.6996 0.5219 2.5414
v -4.5947 0.5059 2.5758
v -4.6772 0.5813 2.6407
v -4.7198 0.5555 2.5830
v -4.7086 0.5731 2.6157
v -4.6198 0.5689 2.6438
v -4.6355 0.5758 2.6481
v -4.5864 0.5272 2.6071
v -4.6186 0.4950 2.5503
v -4.7206 0.6445 2.3252
v -4.7784 0.6008 2.2138
v -4.7989 0.6260 2.2452
v -4.7673 0.6514 2.3071
v -4.7397 0.7831 2.2501
v -4.7752 0.7565 2.1834
v -4.7569 0.7232 2.1459
v -4.6892 0.7695 2.2715
v -4.6333 0.8502 2.2238
v -4.7059 0.8100 2.0836
v -4.7326 0.8624 2.1303
v -4.6660 0.9250 2.1800
v -4.7233 0.9147 2.0968
v -4.6431 0.8507 2.0284
v -4.6020 0.8862 2.1984
v -4.6873 0.8761 2.1971
v -4.6637 0.7550 2.2637
v -4.6934 0.6323 2.3211
v -4.6243 0.8135 2.0262
v -4.6811 0.7841 2.0772
v -4.7306 0.7015 2.1304
v -4.7508 0.5815 2.2002
v -4.5760 0.8643 2.2010
v -4.6130 0.8282 2.2164
v -4.8046 0.4034 2.4467
v -4.8117 0.4574 2.3976
v -4.8011 0.3684 2.4586
v -4.8442 0.3682 2.3516
v -4.8462 0.3369 2.3661
v -4.8151 0.3181 2.4209
v -4.8341 0.4362 2.3455
v -4.8281 0.4568 2.3683
v -4.8328 0.3230 2.4285
v -4.8254 0.4476 2.3722
v -4.8159 0.3625 2.4559
v -4.8537 0.3412 2.3788
v -4.8330 0.4288 2.3520
v -4.8532 0.3633 2.3628
v -4.8135 0.3953 2.4477
v -4.7971 0.6453 2.2769
v -4.7695 0.7756 2.2155
v -4.7059 0.9238 2.1420
v -4.7191 0.8767 2.1674
v -4.8097 0.4473 2.3996
v -4.6730 0.5856 2.2394
v -4.6382 0.6989 2.1763
v -4.5460 0.8225 2.0901
v -4.5867 0.7750 2.1293
v -4.8106 0.4700 2.3932
v -4.7811 0.4236 2.4349
v -4.8334 0.3871 2.3312
v -4.8357 0.4467 2.3393
v -4.8251 0.3586 2.3359
v -4.7700 0.3954 2.4447
v -4.8287 0.4704 2.3636
v -4.7741 0.3293 2.3968
v -4.7200 0.4244 2.3273
v -4.8254 0.5037 2.3444
v -4.7317 0.4791 2.3974
v -4.7897 0.4365 2.2859
v -4.8274 0.4845 2.3176
v -4.8112 0.4533 2.2915
v -4.7530 0.4965 2.3981
v -4.8008 0.5111 2.3703
v -4.7210 0.7900 2.1052
v -4.7429 0.8328 2.1456
v -4.7003 0.8505 2.2088
v -4.6949 0.7678 2.0920
v -4.6273 0.8161 2.2276
v -4.6524 0.8337 2.2368
v -4.7301 0.8517 2.1772
v -4.5972 0.7572 2.1374
v -4.7783 0.7555 2.2254
v -4.7331 0.6860 2.1372
v -4.7842 0.7358 2.1947
v -4.7631 0.7030 2.1532
v -4.6489 0.6760 2.1894
v -4.7803 0.7330 2.2332
v -4.6721 0.7261 2.2796
v -4.7351 0.6681 2.1466
v -4.7923 0.5460 2.3580
v -4.7447 0.5374 2.3767
v -4.7997 0.4993 2.2660
v -4.8231 0.5222 2.2991
v -4.7709 0.4856 2.2560
v -4.7185 0.5274 2.3724
v -4.8197 0.5368 2.3269
v -4.7095 0.4968 2.2888
v -4.6505 0.6651 2.1963
v -4.6743 0.7075 2.2870
v -4.7561 0.7213 2.2740
v -4.6992 0.7183 2.2941
v -4.7851 0.7150 2.2057
v -4.7552 0.7450 2.2649
v -4.7656 0.6841 2.1645
v -4.6970 0.7390 2.2856
v -4.7654 0.6654 2.1740
v -4.7863 0.6929 2.2146
v -4.7832 0.7109 2.2437
v -4.7381 0.6539 2.1536
v -4.6582 0.7717 2.2567
v -4.6837 0.7877 2.2621
v -4.7590 0.7958 2.2070
v -4.6308 0.7079 2.1658
v -4.6441 0.6935 2.1834
v -4.6681 0.7439 2.2699
v -4.6927 0.7562 2.2787
v -4.7492 0.7676 2.2580
v -4.7468 0.7464 2.1369
v -4.7663 0.7763 2.1745
v -4.7290 0.7985 2.2385
v -4.7220 0.7213 2.1219
v -4.7792 0.5849 2.3386
v -4.7927 0.5414 2.2447
v -4.7687 0.5217 2.2357
v -4.8096 0.5802 2.3020
v -4.6958 0.5248 2.2695
v -4.7379 0.5780 2.3572
v -4.8087 0.5666 2.2724
v -4.7115 0.5692 2.3548
v -4.7852 0.5634 2.3496
v -4.7969 0.5193 2.2567
v -4.7705 0.5018 2.2466
v -4.8137 0.5570 2.3166
v -4.7045 0.5075 2.2815
v -4.7423 0.5554 2.3690
v -4.8153 0.5395 2.2860
v -4.7160 0.5458 2.3649
v -4.7406 0.3682 2.3637
v -4.7488 0.4341 2.4197
v -4.8333 0.4656 2.3315
v -4.8105 0.3906 2.3147
v -4.8269 0.4172 2.3138
v -4.8273 0.4860 2.3545
v -4.8064 0.4904 2.3825
v -4.7693 0.4598 2.4177
v -4.6658 0.6003 2.2742
v -4.6347 0.7202 2.2188
v -4.5426 0.8521 2.1526
v -4.5820 0.7917 2.1713
v -4.8023 0.3309 2.4430
v -4.8229 0.3326 2.4447
v -4.7646 0.3456 2.4238
v -4.7100 0.4404 2.3589
v -4.5940 0.7747 2.1799
v -4.6453 0.6957 2.2313
v -4.6455 0.6808 2.2391
v -4.6981 0.5075 2.3240
v -4.6250 0.7304 2.2094
v -4.6415 0.7122 2.2257
v -4.6851 0.5375 2.3028
v -4.6948 0.5214 2.3172
v -4.7311 0.3875 2.3917
v -4.7258 0.5004 2.2573
v -4.7200 0.5148 2.2440
v -4.6723 0.6848 2.1456
v -4.6600 0.7022 2.1325
v -4.7641 0.3612 2.3371
v -4.6305 0.7488 2.1046
v -4.7912 0.3234 2.3691
v -4.8459 0.3185 2.4099
v -4.6184 0.7662 2.0936
v -4.7331 0.4861 2.2654
v -4.6791 0.6711 2.1543
v -4.7438 0.4176 2.3018
v -4.6800 0.6568 2.1629
v -4.5668 0.8146 2.0270
v -4.6679 0.6936 2.1401
v -4.7011 0.5753 2.2073
v -4.8323 0.3136 2.3999
v -4.8172 0.4401 2.3732
v -4.8357 0.3339 2.4257
v -4.8193 0.3693 2.4472
v -4.8526 0.3452 2.3874
v -4.8300 0.4232 2.3556
v -4.8512 0.3664 2.3712
v -4.8150 0.3922 2.4398
v -4.8078 0.4419 2.3998
v -4.8271 0.3403 2.4393
v -4.8437 0.3294 2.4099
v -4.8395 0.3786 2.4097
v -4.8426 0.3608 2.4184
v -4.7754 0.4696 2.2650
v -4.8029 0.4805 2.2752
v -4.7102 0.4746 2.2974
v -4.7966 0.5289 2.3647
v -4.8250 0.5047 2.3082
v -4.8228 0.5205 2.3364
v -4.7220 0.5101 2.3812
v -4.7476 0.5208 2.3862
v -4.6989 0.4876 2.3341
v -4.7368 0.4688 2.2718
v -4.7126 0.6506 2.0553
v -4.7452 0.6189 1.9513
v -4.7744 0.6426 1.9843
v -4.7618 0.6525 2.0288
v -4.7519 0.7548 1.9971
v -4.7661 0.7388 1.9486
v -4.7305 0.6989 1.9174
v -4.6957 0.7418 2.0361
v -4.6650 0.8185 2.0100
v -4.7002 0.7709 1.8859
v -4.7339 0.8182 1.9197
v -4.7058 0.9019 1.9507
v -4.7130 0.8800 1.8981
v -4.6772 0.8130 1.8602
v -4.6506 0.8545 2.0030
v -4.7199 0.8417 1.9678
v -4.6709 0.7284 2.0288
v -4.6910 0.6445 2.0532
v -4.6479 0.7849 1.8620
v -4.6731 0.7513 1.8821
v -4.7024 0.6841 1.9110
v -4.7234 0.6081 1.9443
v -4.6316 0.8216 2.0068
v -4.6418 0.8040 2.0099
v -4.7584 0.4793 2.1080
v -4.7729 0.5038 2.0797
v -4.7575 0.4601 2.1132
v -4.7850 0.4444 2.0335
v -4.7842 0.4276 2.0388
v -4.7750 0.4111 2.0861
v -4.7839 0.4832 2.0403
v -4.7802 0.4987 2.0577
v -4.7843 0.4170 2.0866
v -4.7802 0.4931 2.0601
v -4.7662 0.4574 2.1125
v -4.7898 0.4289 2.0459
v -4.7849 0.4800 2.0407
v -4.7902 0.4443 2.0403
v -4.7674 0.4740 2.1068
v -4.7753 0.6510 2.0084
v -4.7655 0.7515 1.9730
v -4.7177 0.8951 1.9228
v -4.7308 0.8348 1.9436
v -4.7732 0.4980 2.0806
v -4.6678 0.6103 1.9818
v -4.6449 0.6894 1.9581
v -4.6015 0.7884 1.9299
v -4.6185 0.7583 1.9385
v -4.7722 0.5153 2.0767
v -4.7459 0.4953 2.1028
v -4.7785 0.4534 2.0208
v -4.7835 0.4943 2.0341
v -4.7739 0.4350 2.0246
v -4.7394 0.4756 2.1074
v -4.7808 0.5078 2.0539
v -4.7420 0.4080 2.0751
v -4.6894 0.4944 2.0279
v -4.7861 0.5464 2.0417
v -4.7153 0.5355 2.0859
v -4.7489 0.5019 1.9844
v -4.7871 0.5330 2.0170
v -4.7662 0.5116 1.9875
v -4.7329 0.5465 2.0866
v -4.7738 0.5514 2.0658
v -4.7084 0.7532 1.8948
v -4.7397 0.7933 1.9264
v -4.7282 0.8133 1.9755
v -4.6822 0.7376 1.8897
v -4.6463 0.7846 2.0110
v -4.6707 0.7991 2.0142
v -4.7402 0.8085 1.9534
v -4.6260 0.7426 1.9397
v -4.7684 0.7302 1.9803
v -4.7088 0.6671 1.9187
v -4.7686 0.7189 1.9567
v -4.7349 0.6824 1.9259
v -4.6544 0.6548 1.9695
v -4.7693 0.7066 1.9900
v -4.6786 0.6912 2.0389
v -4.7123 0.6516 1.9254
v -4.7701 0.5961 2.0498
v -4.7258 0.5895 2.0727
v -4.7596 0.5583 1.9702
v -4.7852 0.5835 2.0026
v -4.7400 0.5491 1.9644
v -4.7070 0.5825 2.0704
v -4.7837 0.5946 2.0272
v -4.6813 0.5495 2.0054
v -4.6599 0.6367 1.9730
v -4.6837 0.6685 2.0448
v -4.7578 0.6840 2.0192
v -4.7074 0.6777 2.0470
v -4.7690 0.6963 1.9672
v -4.7551 0.7091 2.0123
v -4.7379 0.6657 1.9344
v -4.7018 0.7013 2.0437
v -4.7396 0.6450 1.9407
v -4.7705 0.6688 1.9730
v -4.7711 0.6827 1.9987
v -4.7150 0.6351 1.9345
v -4.6675 0.7467 2.0258
v -4.6910 0.7623 2.0308
v -4.7586 0.7685 1.9674
v -4.6404 0.7055 1.9516
v -4.6488 0.6703 1.9641
v -4.6741 0.7087 2.0346
v -4.6987 0.7215 2.0405
v -4.7546 0.7328 2.0047
v -4.7257 0.7176 1.9093
v -4.7595 0.7536 1.9422
v -4.7448 0.7723 1.9917
v -4.6976 0.6996 1.9027
v -4.7641 0.6247 2.0411
v -4.7527 0.5881 1.9616
v -4.7340 0.5784 1.9545
v -4.7777 0.6234 2.0178
v -4.6799 0.5781 1.9959
v -4.7192 0.6201 2.0655
v -4.7783 0.6121 1.9940
v -4.6982 0.6135 2.0624
v -4.7667 0.6101 2.0438
v -4.7561 0.5745 1.9650
v -4.7366 0.5648 1.9594
v -4.7802 0.6099 2.0224
v -4.6820 0.5632 1.9999
v -4.7233 0.6033 2.0681
v -4.7818 0.5991 1.9986
v -4.7044 0.5975 2.0657
v -4.7044 0.4385 2.0521
v -4.7252 0.5024 2.0977
v -4.7870 0.5103 2.0259
v -4.7632 0.4581 2.0051
v -4.7738 0.4750 2.0036
v -4.7863 0.5257 2.0483
v -4.7753 0.5338 2.0750
v -4.7390 0.5209 2.0947
v -4.6617 0.6175 2.0086
v -4.6420 0.6962 1.9783
v -4.5952 0.8182 1.9735
v -4.6176 0.7698 1.9612
v -4.7650 0.4233 2.1037
v -4.7751 0.4280 2.1036
v -4.7310 0.4245 2.0983
v -4.6870 0.5038 2.0519
v -4.6247 0.7513 1.9622
v -4.6495 0.6628 1.9927
v -4.6552 0.6436 1.9964
v -4.6787 0.5591 2.0331
v -4.6387 0.7147 1.9735
v -4.6451 0.6789 1.9866
v -4.6752 0.5861 2.0185
v -4.6784 0.5724 2.0252
v -4.7000 0.4538 2.0748
v -4.6960 0.5585 1.9773
v -4.6925 0.5724 1.9743
v -4.6600 0.6647 1.9440
v -4.6494 0.6984 1.9310
v -4.7225 0.4324 2.0269
v -4.6348 0.7341 1.9182
v -4.7540 0.4041 2.0485
v -4.7898 0.4158 2.0658
v -4.6259 0.7485 1.9152
v -4.6966 0.5422 1.9814
v -4.6656 0.6494 1.9486
v -4.7051 0.4880 2.0027
v -4.6716 0.6338 1.9538
v -4.6106 0.7735 1.9069
v -4.6549 0.6829 1.9378
v -4.6813 0.6031 1.9615
v -4.7817 0.4100 2.0625
v -4.7794 0.4868 2.0604
v -4.7890 0.4251 2.0864
v -4.7726 0.4518 2.1061
v -4.7897 0.4341 2.0514
v -4.7828 0.4750 2.0441
v -4.7885 0.4448 2.0456
v -4.7675 0.4697 2.1036
v -4.7722 0.4932 2.0817
v -4.7795 0.4340 2.1015
v -4.7921 0.4223 2.0685
v -4.7829 0.4573 2.0750
v -4.7859 0.4458 2.0790
v -4.7439 0.5336 1.9704
v -4.7621 0.5415 1.9761
v -4.6819 0.5334 2.0115
v -4.7714 0.5777 2.0555
v -4.7860 0.5616 2.0091
v -4.7847 0.5740 2.0336
v -4.7087 0.5656 2.0762
v -4.7286 0.5733 2.0772
v -4.6795 0.5440 2.0400
v -4.6977 0.5286 1.9854
v -3.8521 1.1925 2.4132
v -4.0152 1.1810 2.4695
v -3.9589 1.2275 2.4725
v -3.8618 1.2278 2.4405
v -3.8616 1.1574 2.3914
v -4.0146 1.1530 2.4384
v -3.8096 1.0829 2.5504
v -3.8410 1.1275 2.5346
v -3.7974 1.0490 2.5731
v -3.9351 1.1216 2.6053
v -3.9294 1.0821 2.6270
v -3.8715 1.0268 2.6263
v -3.9118 1.1463 2.5726
v -3.8774 1.1504 2.5460
v -3.8548 1.0443 2.6491
v -3.8757 1.1411 2.5516
v -3.7997 1.0581 2.6034
v -3.9047 1.0849 2.6476
v -3.9064 1.1398 2.5836
v -3.9167 1.1240 2.6156
v -3.8117 1.0837 2.5661
v -3.9004 1.2469 2.4662
v -3.8395 1.1228 2.5418
v -3.9605 1.1171 2.3884
v -3.8430 1.1357 2.5239
v -3.8117 1.0946 2.5315
v -3.9501 1.1230 2.5915
v -3.9187 1.1512 2.5625
v -3.9501 1.0848 2.6015
v -3.8047 1.0541 2.5408
v -3.8801 1.1588 2.5374
v -3.8862 1.0229 2.5939
v -3.9236 1.0464 2.5024
v -3.8868 1.1791 2.5229
v -3.8293 1.0791 2.4812
v -3.9809 1.0988 2.5403
v -3.9327 1.1656 2.5388
v -3.9759 1.1335 2.5504
v -3.8246 1.1214 2.4903
v -3.8500 1.1614 2.5023
v -3.8545 1.1838 2.4829
v -3.8364 1.1465 2.4602
v -3.9928 1.1494 2.5163
v -3.9443 1.1847 2.5164
v -4.0014 1.1201 2.4927
v -3.8433 1.1099 2.4417
v -3.8922 1.2008 2.5082
v -3.9457 1.0750 2.4427
v -3.9702 1.1343 2.3588
v -3.8695 1.1775 2.3662
v -3.8707 1.2476 2.4106
v -3.8604 1.2124 2.3875
v -4.0263 1.2025 2.4392
v -3.9696 1.2467 2.4451
v -3.9114 1.2642 2.4400
v -4.0287 1.1729 2.4091
v -3.8553 1.2112 2.4605
v -4.0023 1.1669 2.4854
v -4.0092 1.1396 2.4600
v -3.8946 1.2301 2.4873
v -3.9522 1.0937 2.4108
v -3.8449 1.1748 2.4328
v -3.9525 1.2083 2.4906
v -3.8543 1.1364 2.4120
v -3.8531 1.1960 2.4743
v -3.9985 1.1560 2.5028
v -4.0060 1.1292 2.4779
v -3.8917 1.2152 2.5009
v -3.9484 1.0844 2.4246
v -3.8405 1.1587 2.4498
v -3.9473 1.1940 2.5071
v -3.8481 1.1207 2.4291
v -3.9060 1.0299 2.5450
v -3.8159 1.0624 2.5071
v -3.9251 1.1580 2.5516
v -3.9661 1.0898 2.5744
v -3.9639 1.1276 2.5729
v -3.8832 1.1668 2.5304
v -3.8465 1.1481 2.5130
v -3.8179 1.1076 2.5097
v -3.8982 1.1218 2.3776
v -3.8232 1.0236 2.6019
v -3.8149 1.0449 2.6261
v -3.8349 1.0192 2.5681
v -3.8685 1.0436 2.4802
v -3.9090 1.1463 2.3498
v -3.8866 1.0731 2.4273
v -3.8946 1.0960 2.3996
v -3.8900 1.0817 2.4151
v -3.8520 1.0259 2.5244
v -3.9904 1.1069 2.4536
v -3.9941 1.1170 2.4389
v -3.9476 1.0605 2.5651
v -3.9294 1.0529 2.6019
v -3.8892 1.0590 2.6550
v -3.9861 1.0984 2.4680
v -3.9649 1.0745 2.5241
v -4.0126 1.1491 2.3867
v -4.0047 1.1377 2.4217
v -3.9079 1.0501 2.6320
v -3.8755 1.1337 2.5543
v -3.8487 1.0642 2.6430
v -3.8107 1.0613 2.6082
v -3.8940 1.0917 2.6422
v -3.9074 1.1363 2.5832
v -3.9086 1.1164 2.6105
v -3.8161 1.0843 2.5746
v -3.8400 1.1190 2.5429
v -3.8207 1.0577 2.6275
v -3.8826 1.0755 2.6503
v -3.8552 1.1049 2.6035
v -3.8488 1.0813 2.6315
v -3.9940 1.1105 2.5115
v -3.9850 1.1405 2.5324
v -3.9406 1.0687 2.4553
v -3.8521 1.1737 2.4930
v -3.9391 1.1755 2.5294
v -3.8894 1.1909 2.5164
v -3.8384 1.0963 2.4573
v -3.8309 1.1356 2.4737
v -3.8821 1.0628 2.4440
v -3.9787 1.0892 2.4882
v -4.4230 0.9181 2.7178
v -4.5069 0.8477 2.6465
v -4.5193 0.9434 2.5482
v -4.4283 1.0119 2.6328
v -4.4893 1.0228 2.3984
v -4.4148 1.1092 2.5077
v -4.4145 1.0760 2.5486
v -4.4999 1.0121 2.4585
v -4.4349 0.7650 2.8605
v -4.5057 0.7068 2.8120
v -4.4386 0.7469 2.8666
v -4.4978 0.7010 2.8241
v -4.5092 0.7144 2.7967
v -4.4243 0.7807 2.8467
v -4.4191 1.0531 2.5729
v -4.5043 0.9916 2.4927
v -4.5174 0.9040 2.5782
v -4.4298 0.9777 2.6710
v -4.4115 0.8132 2.8119
v -4.5079 0.7805 2.7188
v -4.4126 0.8429 2.7863
v -4.5147 0.8868 2.5984
v -4.4260 0.9544 2.6903
v -4.5063 0.7519 2.7500
v -4.5194 0.9245 2.5615
v -4.4318 0.9947 2.6533
v -4.4250 1.0247 2.6145
v -4.5143 0.9641 2.5287
v -4.4207 0.8681 2.7649
v -4.5079 0.8065 2.6932
v -4.4155 0.8543 2.7758
v -4.5087 0.7932 2.7065
v -4.5066 0.7289 2.7699
v -4.4145 0.7963 2.8303
v -4.4919 0.6980 2.8250
v -4.4390 0.7421 2.8653
v -4.4765 0.7125 2.8615
v -4.5073 0.7683 2.7319
v -4.4104 0.8312 2.7947
v -4.6266 0.6739 2.5799
v -4.6943 0.6298 2.4869
v -4.6935 0.7706 2.3919
v -4.6138 0.8150 2.4946
v -4.6081 0.9342 2.2233
v -4.5088 0.9949 2.3525
v -4.5615 0.9125 2.4082
v -4.6477 0.8707 2.3033
v -4.6741 0.5133 2.6940
v -4.7258 0.4768 2.6171
v -4.6755 0.5026 2.6934
v -4.7229 0.4762 2.6258
v -4.7272 0.4865 2.6041
v -4.6714 0.5295 2.6851
v -4.5750 0.8909 2.4256
v -4.6619 0.8469 2.3224
v -4.6905 0.7101 2.4353
v -4.6193 0.7542 2.5271
v -4.6614 0.5661 2.6581
v -4.7118 0.5501 2.5480
v -4.6554 0.5955 2.6379
v -4.6899 0.6753 2.4565
v -4.6195 0.7205 2.5478
v -4.7171 0.5191 2.5721
v -4.6970 0.7483 2.4109
v -4.6177 0.7905 2.5075
v -4.6079 0.8343 2.4774
v -4.6832 0.7875 2.3741
v -4.6467 0.6282 2.6154
v -4.7056 0.5839 2.5251
v -4.6489 0.6097 2.6287
v -4.7092 0.5658 2.5357
v -4.7235 0.4981 2.5908
v -4.6674 0.5461 2.6736
v -4.7205 0.4727 2.6307
v -4.6792 0.4979 2.6910
v -4.7052 0.4830 2.6649
v -4.7136 0.5362 2.5573
v -4.6573 0.5797 2.6475
v -4.7446 0.6518 2.3183
v -4.7909 0.6143 2.2281
v -4.7703 0.7399 2.1622
v -4.7109 0.7786 2.2641
v -4.7001 0.9177 2.0472
v -4.6140 0.9155 2.1883
v -4.6603 0.8687 2.2173
v -4.7224 0.8363 2.0997
v -4.8037 0.4374 2.4240
v -4.8408 0.4010 2.3441
v -4.8066 0.4264 2.4246
v -4.8455 0.3978 2.3515
v -4.8377 0.4134 2.3338
v -4.7980 0.4539 2.4182
v -4.6755 0.8475 2.2266
v -4.7328 0.8064 2.1182
v -4.7798 0.6993 2.1826
v -4.7173 0.7485 2.2825
v -4.7766 0.5081 2.3889
v -4.8133 0.5080 2.2781
v -4.7684 0.5451 2.3713
v -4.7786 0.6776 2.1943
v -4.7232 0.7238 2.2898
v -4.8234 0.4689 2.3020
v -4.7783 0.7215 2.1709
v -4.7133 0.7659 2.2739
v -4.7036 0.7951 2.2532
v -4.7573 0.7621 2.1523
v -4.7590 0.5833 2.3503
v -4.8020 0.5537 2.2569
v -4.7639 0.5618 2.3619
v -4.8083 0.5303 2.2676
v -4.8319 0.4431 2.3193
v -4.7862 0.4816 2.4029
v -4.8436 0.3968 2.3584
v -4.8109 0.4229 2.4205
v -4.8301 0.4051 2.3930
v -4.8165 0.4908 2.2869
v -4.7733 0.5282 2.3784
v -4.7383 0.6527 2.0462
v -4.7639 0.6341 1.9665
v -4.7582 0.7243 1.9330
v -4.7283 0.7523 2.0247
v -4.7042 0.8558 1.8794
v -4.6835 0.8997 1.9898
v -4.6995 0.8366 1.9930
v -4.7234 0.7962 1.9017
v -4.7638 0.4977 2.0950
v -4.7845 0.4661 2.0321
v -4.7675 0.4916 2.0957
v -4.7869 0.4619 2.0391
v -4.7817 0.4763 2.0231
v -4.7588 0.5112 2.0914
v -4.7082 0.8128 1.9989
v -4.7292 0.7750 1.9078
v -4.7574 0.6844 1.9481
v -4.7315 0.7067 2.0318
v -4.7553 0.5549 2.0817
v -4.7783 0.5724 1.9880
v -4.7506 0.5943 2.0657
v -4.7592 0.6595 1.9569
v -4.7340 0.6823 2.0381
v -4.7794 0.5224 1.9997
v -4.7587 0.7033 1.9430
v -4.7311 0.7310 2.0283
v -4.7235 0.7713 2.0163
v -4.7529 0.7407 1.9263
v -4.7448 0.6239 2.0561
v -4.7706 0.6019 1.9777
v -4.7480 0.6093 2.0611
v -4.7744 0.5844 1.9822
v -4.7815 0.4924 2.0065
v -4.7549 0.5319 2.0875
v -4.7861 0.4613 2.0420
v -4.7672 0.4843 2.0928
v -4.7795 0.4743 2.0682
v -4.7790 0.5552 1.9928
v -4.7538 0.5765 2.0709
v -4.3612 0.8785 2.6889
v -4.3650 0.9715 2.6167
v -4.3305 1.0589 2.4672
v -4.3392 1.0304 2.5206
v -4.4909 0.6235 2.8666
v -4.4332 0.6670 2.9197
v -4.4364 0.8100 2.6040
v -4.4417 0.8887 2.5241
v -4.4100 0.9595 2.3547
v -4.4252 0.9615 2.4259
v -4.3905 0.6888 2.8802
v -4.3740 0.7629 2.8056
v -4.3512 1.0071 2.5582
v -4.3644 0.9453 2.6421
v -4.3637 0.9270 2.6541
v -4.3742 0.8120 2.7584
v -4.3628 0.9821 2.6029
v -4.3643 0.9589 2.6298
v -4.3735 0.8356 2.7398
v -4.3749 0.8238 2.7498
v -4.4498 0.6575 2.7799
v -4.4187 0.6675 2.9110
v -4.3801 0.7378 2.8335
v -4.4356 0.7568 2.6801
v -4.4405 0.8802 2.5384
v -4.4395 0.9050 2.5034
v -4.4346 0.7627 2.6689
v -4.4370 0.9340 2.4649
v -4.4936 0.6314 2.8698
v -4.4728 0.6289 2.8242
v -4.4355 0.7470 2.6908
v -4.4357 0.6892 2.7454
v -4.4397 0.8510 2.5671
v -4.4405 0.8676 2.5500
v -4.4417 0.6704 2.9143
v -4.4906 0.6388 2.8744
v -4.4674 0.6560 2.8976
v -4.3724 0.7953 2.7723
v -4.4341 0.7286 2.7066
v -4.5656 0.6356 2.5571
v -4.5466 0.7756 2.4686
v -4.4287 0.9325 2.3269
v -4.4893 0.8628 2.3698
v -4.7271 0.3938 2.6583
v -4.6912 0.4320 2.7371
v -4.6204 0.5769 2.4570
v -4.6112 0.7121 2.3614
v -4.5391 0.8663 2.2099
v -4.5653 0.8045 2.2745
v -4.6418 0.4389 2.7249
v -4.6058 0.5200 2.6541
v -4.5047 0.8408 2.4007
v -4.5482 0.7371 2.4998
v -4.5543 0.6892 2.5277
v -4.5936 0.5665 2.6192
v -4.5409 0.7898 2.4579
v -4.5483 0.7618 2.4819
v -4.5896 0.5981 2.5967
v -4.5919 0.5830 2.6068
v -4.6709 0.4165 2.6016
v -4.6820 0.4271 2.7388
v -4.6165 0.4694 2.6883
v -4.6431 0.5289 2.5127
v -4.6115 0.6973 2.3723
v -4.6057 0.7276 2.3471
v -4.6412 0.5418 2.5011
v -4.5777 0.7771 2.2923
v -4.7301 0.4020 2.6734
v -4.7051 0.3897 2.6367
v -4.6452 0.5121 2.5234
v -4.6581 0.4659 2.5606
v -4.6135 0.6242 2.4209
v -4.6146 0.6689 2.3905
v -4.6971 0.4317 2.7290
v -4.7270 0.4045 2.6775
v -4.7179 0.4180 2.7043
v -4.5963 0.5508 2.6319
v -4.6474 0.4958 2.5352
v -4.6758 0.6185 2.3071
v -4.6458 0.7383 2.2470
v -4.5590 0.8546 2.1792
v -4.5940 0.8084 2.1999
v -4.8436 0.3200 2.3816
v -4.8191 0.3416 2.4522
v -4.7291 0.5757 2.1980
v -4.7010 0.6923 2.1280
v -4.6002 0.8113 2.0316
v -4.6491 0.7713 2.0802
v -4.7646 0.3655 2.4374
v -4.7177 0.4621 2.3866
v -4.6055 0.7935 2.2094
v -4.6563 0.7115 2.2615
v -4.6585 0.6937 2.2698
v -4.7038 0.5176 2.3549
v -4.6384 0.7513 2.2384
v -4.6515 0.7283 2.2525
v -4.6937 0.5559 2.3408
v -4.7003 0.5352 2.3469
v -4.7842 0.3668 2.3256
v -4.7993 0.3443 2.4525
v -4.7366 0.4098 2.4123
v -4.7489 0.4978 2.2483
v -4.7010 0.6814 2.1337
v -4.6922 0.7067 2.1207
v -4.7487 0.5166 2.2329
v -4.6647 0.7523 2.0934
v -4.8528 0.3235 2.3971
v -4.8042 0.3301 2.3542
v -4.7494 0.4837 2.2590
v -4.7629 0.4204 2.2915
v -4.7082 0.6554 2.1496
v -4.7033 0.6689 2.1423
v -4.8232 0.3519 2.4434
v -4.8496 0.3343 2.4022
v -4.8403 0.3457 2.4238
v -4.7066 0.4988 2.3665
v -4.7547 0.4666 2.2658
v -4.6691 0.6281 2.0359
v -4.6483 0.7097 2.0053
v -4.6123 0.8208 1.9880
v -4.6199 0.7844 1.9827
v -4.7824 0.4177 2.0470
v -4.7689 0.4394 2.1094
v -4.7007 0.6013 1.9482
v -4.6753 0.6784 1.9179
v -4.6242 0.7748 1.8775
v -4.6453 0.7434 1.8917
v -4.7346 0.4517 2.1062
v -4.6940 0.5187 2.0724
v -4.6263 0.7613 1.9843
v -4.6568 0.6788 2.0189
v -4.6622 0.6570 2.0259
v -4.6881 0.5711 2.0563
v -4.6458 0.7263 1.9975
v -4.6535 0.6943 2.0136
v -4.6810 0.5995 2.0435
v -4.6859 0.5849 2.0482
v -4.7483 0.4474 2.0163
v -4.7588 0.4407 2.1098
v -4.7106 0.4766 2.0893
v -4.7159 0.5590 1.9626
v -4.6822 0.6632 1.9247
v -4.6701 0.6948 1.9120
v -4.7118 0.5719 1.9584
v -4.6483 0.7270 1.8954
v -4.7892 0.4216 2.0528
v -4.7674 0.4231 2.0331
v -4.7192 0.5445 1.9669
v -4.7305 0.4936 1.9870
v -4.6926 0.6300 1.9397
v -4.6874 0.6478 1.9318
v -4.7753 0.4436 2.1060
v -4.7917 0.4276 2.0572
v -4.7872 0.4385 2.0798
v -4.6878 0.5538 2.0619
v -4.7225 0.5299 1.9713
v -4.4441 1.1335 2.4786
v -4.5032 1.0861 2.4056
v -4.3692 1.1201 2.4850
v -4.3331 1.0988 2.4691
v -4.4815 1.1156 2.4464
v -4.3422 1.0157 2.3779
v -4.3355 1.0358 2.4038
v -4.3653 0.9864 2.3208
v -4.5795 1.0359 2.3224
v -4.6459 1.0071 2.2413
v -4.6273 1.0195 2.2898
v -4.4174 0.9030 2.2042
v -4.3896 0.9372 2.2560
v -4.4574 0.8916 2.1646
v -4.6529 0.9697 2.1574
v -4.7142 0.9607 2.0683
v -4.6991 0.9638 2.1187
v -4.5219 0.8399 2.0625
v -4.4946 0.8626 2.1079
v -4.5542 0.8218 2.0103
v -4.6846 0.9454 1.9459
v -4.6973 0.9120 1.8746
v -4.6612 0.8351 1.8438
v -4.6271 0.8079 1.8480
v -4.6999 0.9298 1.9095
v -4.5893 0.8045 1.9161
v -4.5767 0.8202 1.9567
v -4.5989 0.7900 1.9005
v -4.4167 1.1286 2.4836
v -4.6872 0.8888 1.8634
v -4.3217 1.0672 2.4085
v -4.5984 0.7969 1.8771
v -4.4475 1.1555 2.4406
v -4.4965 1.1202 2.3915
v -4.3437 1.1515 2.4400
v -4.4787 1.1512 2.4114
v -4.3005 1.0566 2.3249
v -4.2970 1.0949 2.3892
v -4.3159 1.0254 2.2641
v -4.5845 1.0718 2.2834
v -4.6329 1.0472 2.2282
v -4.6136 1.0806 2.2458
v -4.3802 0.9771 2.1506
v -4.3488 0.9982 2.2008
v -4.4178 0.9554 2.0978
v -4.6503 1.0072 2.1121
v -4.6902 1.0009 2.0541
v -4.6730 1.0176 2.0782
v -4.4771 0.8864 1.9939
v -4.4451 0.9230 2.0426
v -4.5076 0.8555 1.9417
v -4.6706 0.9775 1.9182
v -4.6780 0.9412 1.8691
v -4.6457 0.8743 1.8272
v -4.6718 0.9733 1.8872
v -4.5945 0.8259 1.8390
v -4.5404 0.8289 1.8781
v -4.4171 1.1735 2.4312
v -4.6591 0.9413 1.8371
v -4.4818 0.8757 1.9038
v -4.3204 1.1964 2.3924
v -4.4727 1.1837 2.3788
v -4.2829 1.1106 2.3635
v -4.2756 1.0909 2.3082
v -4.2901 1.0587 2.2363
v -4.5977 1.1127 2.2154
v -4.3683 1.0136 2.1229
v -4.3283 1.0359 2.1777
v -4.4036 0.9959 2.0690
v -4.4280 0.9677 2.0132
v -4.5166 0.9646 1.6998
v -3.9337 1.4098 2.1225
v -3.9413 1.3251 2.0955
v -4.6182 1.0337 2.1267
v -4.5046 1.1216 2.3472
v -4.5133 1.2874 2.0477
v -4.3796 1.2231 2.3778
v -4.2350 1.1303 2.2746
v -4.4566 0.9392 1.7206
v -4.2116 1.2846 2.2948
v -4.2580 1.1155 2.2025
v -4.3438 1.0708 2.0908
v -4.3045 1.0912 2.1403
v -4.3832 1.0465 2.0427
v -4.4275 0.9747 1.9272
v -4.4103 1.0173 1.9898
v -4.4494 0.9198 1.8574
v -4.6354 1.0434 1.9015
v -4.6366 0.9658 1.8089
v -4.5651 0.8904 1.7698
v -4.5820 0.8521 1.8155
v -4.6424 1.0228 1.8452
v -3.9670 1.2500 2.0982
v -4.0322 1.2113 2.1293
v -4.6275 0.9800 2.1655
v -4.3429 1.3815 2.1846
v -4.5986 0.9524 1.7673
v -4.5557 1.2084 2.1298
v -4.4640 1.2557 2.2262
v -4.6168 1.1079 1.9146
v -3.9497 1.4278 2.0270
v -3.9697 1.3257 1.9992
v -3.9978 1.2511 2.0135
v -4.0745 1.2035 2.0645
v -4.1776 1.1642 2.1546
v -4.4101 1.2855 2.2800
v -4.6172 1.0831 1.8653
v -4.6155 1.0038 1.7788
v -4.6239 0.9137 1.7993
v -4.6228 1.0560 1.8163
v -4.1029 1.1963 2.1813
v -4.1592 1.1903 2.2298
v -4.6698 1.0136 2.0010
v -4.5686 1.1685 2.0787
v -4.5128 1.2291 2.1788
v -4.6173 1.1343 1.9685
v -4.0274 1.5020 2.0918
v -4.1660 1.4210 2.2158
v -4.5960 1.1282 1.8236
v -4.6030 1.0929 1.7772
v -4.4549 0.9245 1.9526
v -4.6201 1.0538 2.1839
v -4.3201 1.5138 1.9733
v -4.5887 1.1437 2.0227
v -4.6070 1.0820 2.0801
v -4.6361 1.0862 2.0230
v -4.5071 1.3234 1.7320
v -4.4553 1.4279 1.8446
v -4.3787 1.4829 1.9303
v -4.4959 1.3604 1.7672
v -4.4773 1.3965 1.8051
v -4.2352 1.5443 2.0105
v -4.5137 1.2874 1.6994
v -4.3866 1.1557 1.5534
v -4.3438 1.0610 1.6426
v -4.5153 1.2228 1.6443
v -4.1224 1.4057 2.2387
v -4.6328 1.0054 2.2033
v -4.4242 1.4561 1.8861
v -4.5594 1.2212 1.9552
v -4.3728 1.0844 1.5881
v -4.5578 1.0066 1.7112
v -4.5325 1.1556 2.2386
v -4.5902 1.0979 2.1431
v -4.6425 1.0610 1.9617
v -4.5855 1.1990 1.9087
v -4.4648 1.3114 2.0941
v -4.5364 1.2521 2.0014
v -4.4924 1.1811 2.2858
v -4.5845 1.1383 2.1952
v -4.4532 1.2218 2.3455
v -4.5901 1.1628 1.8653
v -4.4135 1.3439 2.1405
v -4.5452 1.0946 2.2884
v -4.6900 0.9565 2.0233
v -4.3780 1.0832 2.5285
v -4.4529 1.0893 2.5197
v -4.4989 1.0426 2.4570
v -4.4798 0.9864 2.4172
v -4.4509 0.9741 2.4079
v -4.3493 1.0661 2.5185
v -4.4859 1.0748 2.4947
v -4.3553 0.9877 2.4385
v -4.3331 1.0142 2.4661
v -4.3923 0.9791 2.4129
v -4.4142 1.0928 2.5270
v -4.4961 1.0134 2.4358
v -4.3339 1.0473 2.4961
v -4.4202 0.9700 2.4037
v -4.4692 0.8513 2.2721
v -4.6336 0.9626 2.3370
v -4.4871 0.9131 2.3672
v -4.5736 0.8494 2.2413
v -4.6324 0.8968 2.2752
v -4.5423 0.9487 2.3830
v -4.5113 0.8419 2.2425
v -4.4556 0.8755 2.3055
v -4.6934 0.7912 1.8751
v -4.7243 0.8474 1.9100
v -4.5440 0.8457 2.2404
v -4.4677 0.8910 2.3402
v -4.5819 0.8258 2.1894
v -4.6352 0.7932 2.0635
v -4.6547 0.8089 2.0551
v -4.5903 0.8377 2.2064
v -4.6132 0.8604 2.2133
v -4.6814 0.8936 2.1882
v -4.5693 0.8056 2.1661
v -4.6091 0.7852 2.0759
v -4.6464 0.8828 2.2069
v -4.7137 0.8655 2.0823
v -4.7143 0.8739 1.9567
v -4.6673 0.8357 2.0084
v -4.7136 0.8980 2.1539
v -4.5740 0.7884 2.1188
v -4.7250 0.8882 2.1176
v -4.6824 0.8320 2.0569
v -4.6390 0.7566 1.8852
v -4.6207 0.8026 1.9854
v -4.6122 0.7708 1.9365
v -4.7232 0.8644 1.9325
v -4.7163 0.8231 1.8901
v -4.6917 0.8682 1.9882
v -4.6087 0.8698 2.2551
v -4.6529 0.9368 2.3035
v -4.5865 0.9593 2.3685
v -4.5075 0.9295 2.3821
v -4.6666 0.7672 1.8737
v -4.6420 0.8127 2.0104
v -4.6196 0.7590 1.9098
v -4.6112 0.7876 1.9631
v -3.0673 3.1764 0.3847
v -2.9435 3.0759 0.5765
v -2.8529 3.0012 0.5887
v -2.6825 2.8464 0.4843
v -2.6105 2.8080 0.3663
v -2.5400 2.7954 0.2363
v -3.0242 3.1428 0.4992
v -2.9592 3.0549 -0.1027
v -3.0124 3.1081 -0.0120
v -3.0649 3.1487 0.1141
v -3.0791 3.1700 0.2541
v -2.8917 3.0032 -0.1458
v -2.8241 2.9684 -0.1726
v -2.5509 2.8412 -0.0691
v -2.5196 2.8188 -0.0039
v -2.5031 2.7946 0.0943
v -2.7376 2.9362 -0.1788
v -3.1444 3.0878 0.3990
v -3.0160 2.9976 0.5747
v -2.9283 2.9219 0.5847
v -2.7532 2.7676 0.4671
v -2.6761 2.7261 0.3576
v -2.6101 2.7079 0.2328
v -3.0964 3.0588 0.5065
v -3.0736 2.9439 -0.0791
v -3.1201 2.9993 0.0049
v -3.1637 3.0476 0.1308
v -3.1637 3.0769 0.2678
v -3.0137 2.8884 -0.1215
v -2.9445 2.8369 -0.1332
v -2.6588 2.7544 -0.0774
v -2.6143 2.7311 -0.0117
v -2.5892 2.7086 0.0896
v -2.8704 2.8136 -0.1545
v -3.2043 3.0224 0.4184
v -3.0697 2.9404 0.5766
v -2.9858 2.8617 0.5840
v -2.8056 2.7092 0.4589
v -2.7247 2.6689 0.3616
v -2.6666 2.6482 0.2371
v -3.1517 2.9981 0.5164
v -3.1591 2.8562 -0.0508
v -3.1975 2.9168 0.0312
v -3.2343 2.9743 0.1534
v -3.2299 3.0073 0.2904
v -3.1107 2.8030 -0.1011
v -3.0537 2.7591 -0.1408
v -2.7448 2.6821 -0.0782
v -2.6929 2.6658 -0.0101
v -2.6581 2.6491 0.0948
v -2.9666 2.7300 -0.1342
v -3.2627 2.9650 0.4468
v -3.1202 2.8877 0.5855
v -3.0366 2.8116 0.5882
v -2.8564 2.6589 0.4640
v -2.7732 2.6137 0.3701
v -2.7242 2.5884 0.2495
v -3.2015 2.9436 0.5344
v -3.2333 2.7788 -0.0119
v -3.2698 2.8448 0.0691
v -3.2956 2.9093 0.1825
v -3.2919 2.9474 0.3188
v -3.1864 2.7252 -0.0679
v -3.1277 2.6820 -0.1202
v -2.8261 2.6120 -0.0638
v -2.7730 2.5977 0.0063
v -2.7305 2.5886 0.1093
v -3.0483 2.6508 -0.1138
v -3.3174 2.9139 0.4741
v -3.1728 2.8434 0.6099
v -3.0854 2.7713 0.6031
v -2.9063 2.6060 0.4832
v -2.8351 2.5432 0.3855
v -2.7986 2.5097 0.2705
v -3.2581 2.8909 0.5617
v -3.3105 2.7008 0.0467
v -3.3428 2.7715 0.1205
v -3.3573 2.8402 0.2251
v -3.3495 2.8914 0.3516
v -3.2671 2.6406 -0.0075
v -3.2108 2.5902 -0.0613
v -2.9317 2.5121 -0.0012
v -2.8678 2.5092 0.0556
v -2.8182 2.5089 0.1415
v -3.1401 2.5600 -0.0528
v -3.3964 2.8443 0.5220
v -3.2349 2.7997 0.6472
v -3.1329 2.7440 0.6482
v -2.9465 2.5539 0.5325
v -2.8944 2.4683 0.4341
v -2.8779 2.4161 0.3195
v -3.3278 2.8326 0.6029
v -3.4121 2.5982 0.1329
v -3.4480 2.6751 0.1995
v -3.4578 2.7477 0.3043
v -3.4376 2.8101 0.4186
v -3.3663 2.5345 0.0836
v -3.3072 2.4817 0.0442
v -3.0288 2.4125 0.1111
v -2.9626 2.4104 0.1495
v -2.9103 2.4103 0.2181
v -3.2354 2.4596 0.0517
v -3.4920 2.7464 0.5970
v -3.3068 2.7484 0.7144
v -3.2021 2.6941 0.7269
v -3.0018 2.4756 0.6350
v -2.9570 2.3830 0.5409
v -2.9510 2.3134 0.4379
v -3.4099 2.7515 0.6714
v -3.5352 2.4629 0.2592
v -3.5720 2.5430 0.3173
v -3.5787 2.6236 0.4125
v -3.5498 2.6970 0.5096
v -3.4863 2.4007 0.2114
v -3.4214 2.3559 0.1873
v -3.1242 2.2811 0.2524
v -3.0591 2.2839 0.2987
v -3.0024 2.2922 0.3586
v -3.3494 2.3285 0.1789
v -3.6134 2.5939 0.7334
v -3.4225 2.6050 0.8383
v -3.3237 2.5504 0.8529
v -3.1311 2.3238 0.7924
v -3.0936 2.2307 0.7194
v -3.0911 2.1654 0.6372
v -3.5260 2.6121 0.7959
v -3.6841 2.3037 0.4227
v -3.7154 2.3758 0.4846
v -3.7080 2.4656 0.5741
v -3.6762 2.5391 0.6602
v -3.6321 2.2421 0.3807
v -3.5516 2.2039 0.3674
v -3.2599 2.1237 0.4408
v -3.1960 2.1257 0.4860
v -3.1398 2.1421 0.5598
v -3.4796 2.1710 0.3669
v -3.7650 2.3922 0.9130
v -3.5796 2.3997 0.9916
v -3.4896 2.3516 0.9993
v -3.3157 2.1691 0.9659
v -3.2820 2.0865 0.9083
v -3.2846 2.0294 0.8337
v -3.6736 2.4132 0.9629
v -3.8292 2.1414 0.6336
v -3.8565 2.2111 0.6956
v -3.8546 2.2867 0.7711
v -3.8259 2.3457 0.8475
v -3.7882 2.0761 0.5796
v -3.7006 2.0427 0.5758
v -3.4173 1.9678 0.6536
v -3.3606 1.9772 0.6982
v -3.3153 1.9979 0.7662
v -3.6287 2.0152 0.5805
v -3.9098 2.1926 1.1169
v -3.7403 2.1961 1.1884
v -3.6583 2.1571 1.1871
v -3.4974 2.0130 1.1512
v -3.4686 1.9466 1.1027
v -3.4731 1.8940 1.0386
v -3.8311 2.2010 1.1612
v -3.9841 1.9869 0.8462
v -4.0053 2.0491 0.9133
v -4.0025 2.1124 0.9819
v -3.9683 2.1623 1.0554
v -3.9470 1.9325 0.8088
v -3.8901 1.8883 0.7894
v -3.5969 1.8068 0.8717
v -3.5405 1.8309 0.9207
v -3.4918 1.8532 0.9805
v -3.8096 1.8558 0.7999
v -4.0128 2.0335 1.2639
v -3.8685 2.0413 1.3339
v -3.7978 2.0066 1.3481
v -3.6647 1.8889 1.3141
v -3.6381 1.8308 1.2699
v -3.6392 1.7793 1.2148
v -3.9444 2.0470 1.3072
v -4.1037 1.8794 1.0524
v -4.1108 1.9278 1.0993
v -4.1011 1.9701 1.1527
v -4.0679 2.0054 1.2098
v -4.0809 1.8292 1.0171
v -4.0484 1.7730 1.0025
v -3.7639 1.6805 1.0590
v -3.7063 1.7041 1.1023
v -3.6617 1.7345 1.1554
v -3.9805 1.7293 1.0005
v -4.0933 1.9021 1.3956
v -3.9720 1.9143 1.4624
v -3.9140 1.8903 1.4858
v -3.8031 1.7888 1.4555
v -3.7824 1.7372 1.4141
v -3.7810 1.6877 1.3658
v -4.0354 1.9155 1.4344
v -4.1978 1.7839 1.2125
v -4.1927 1.8206 1.2536
v -4.1733 1.8541 1.3008
v -4.1393 1.8796 1.3498
v -4.1852 1.7394 1.1791
v -4.1523 1.6892 1.1576
v -3.8944 1.5773 1.2073
v -3.8401 1.6025 1.2529
v -3.7989 1.6382 1.3069
v -4.1065 1.6356 1.1536
v -4.1521 1.8020 1.4972
v -4.0531 1.8146 1.5626
v -3.9980 1.7969 1.5889
v -3.9113 1.7182 1.5597
v -3.8958 1.6765 1.5211
v -3.8949 1.6296 1.4795
v -4.1049 1.8145 1.5336
v -4.2618 1.7020 1.3315
v -4.2501 1.7346 1.3692
v -4.2269 1.7633 1.4114
v -4.1943 1.7828 1.4558
v -4.2568 1.6617 1.2994
v -4.2311 1.6148 1.2758
v -3.9817 1.4972 1.3203
v -3.9355 1.5279 1.3692
v -3.9059 1.5750 1.4255
v -4.1908 1.5638 1.2674
v -4.2091 1.7248 1.5800
v -4.1206 1.7423 1.6448
v -4.0751 1.7286 1.6674
v -3.9893 1.6589 1.6290
v -3.9712 1.6222 1.5952
v -3.9670 1.5787 1.5585
v -4.1675 1.7389 1.6165
v -4.3089 1.6191 1.4217
v -4.2973 1.6530 1.4561
v -4.2746 1.6831 1.4991
v -4.2433 1.7076 1.5421
v -4.3061 1.5852 1.3924
v -4.2860 1.5446 1.3670
v -4.0418 1.4440 1.4014
v -3.9976 1.4798 1.4521
v -3.9725 1.5284 1.5099
v -4.2570 1.5016 1.3535
v -4.2996 1.6215 1.6968
v -4.2070 1.6519 1.7658
v -4.1490 1.6480 1.7854
v -4.0589 1.5809 1.7314
v -4.0378 1.5492 1.6929
v -4.0286 1.5176 1.6509
v -4.2593 1.6422 1.7346
v -4.3788 1.4981 1.5474
v -4.3685 1.5314 1.5828
v -4.3518 1.5660 1.6217
v -4.3292 1.5968 1.6603
v -4.3786 1.4645 1.5152
v -4.3644 1.4291 1.4801
v -4.0997 1.3892 1.4887
v -4.0554 1.4289 1.5444
v -4.0329 1.4768 1.6042
v -4.3397 1.4012 1.4490
v -4.2761 1.5728 1.8971
v -4.1205 1.5841 1.9222
v -3.9923 1.4261 1.9058
v -4.2027 1.5856 1.9219
v -4.4309 1.4643 1.7367
v -4.4080 1.4961 1.7751
v -4.3774 1.5248 1.8149
v -4.3340 1.5500 1.8597
v -4.4475 1.4304 1.6987
v -4.4603 1.3641 1.6213
v -4.5241 1.0407 2.3292
v -4.4999 1.0639 2.3740
v -4.6465 1.0575 2.0560
v -4.6774 0.9448 1.9724
v -4.6532 1.0049 1.9319
v -4.6550 1.0039 1.8742
v -4.4586 1.3932 1.6632
v -3.9848 1.1540 2.3210
v -3.8802 1.1991 2.3354
v -3.8815 1.2642 2.3842
v -3.8706 1.2297 2.3574
v -4.0421 1.2226 2.4020
v -3.9838 1.2742 2.4161
v -3.9238 1.2836 2.4098
v -4.0452 1.1915 2.3720
v -3.9173 1.1681 2.3137
v -4.0272 1.1683 2.3498
v -3.9941 1.1661 2.2963
v -3.8899 1.2152 2.3042
v -3.8947 1.2808 2.3484
v -3.8836 1.2472 2.3241
v -4.0574 1.2359 2.3698
v -4.0030 1.2899 2.3844
v -3.9389 1.3049 2.3750
v -4.0587 1.2054 2.3408
v -3.9207 1.1825 2.2871
v -4.0393 1.1814 2.3225
v -4.0022 1.1744 2.2804
v -3.8943 1.2283 2.2772
v -3.9032 1.2958 2.3113
v -3.8924 1.2616 2.2922
v -4.0735 1.2468 2.3438
v -4.0190 1.3082 2.3567
v -3.9491 1.3280 2.3396
v -4.0735 1.2166 2.3164
v -3.9265 1.1913 2.2701
v -4.0505 1.1916 2.3010
v -4.0106 1.1816 2.2636
v -3.9047 1.2377 2.2523
v -3.9134 1.3158 2.2789
v -3.8998 1.2770 2.2628
v -4.0912 1.2560 2.3217
v -4.0364 1.3268 2.3318
v -3.9593 1.3541 2.3035
v -4.0889 1.2236 2.2971
v -3.9375 1.2000 2.2485
v -4.0604 1.1979 2.2821
v -4.0241 1.1894 2.2436
v -3.9183 1.2468 2.2211
v -3.9214 1.3430 2.2381
v -3.9080 1.2927 2.2230
v -4.1151 1.2719 2.3045
v -4.0582 1.3461 2.3043
v -3.9781 1.3845 2.2710
v -4.1093 1.2283 2.2771
v -3.9431 1.2082 2.2305
v -4.0778 1.2050 2.2601
v -4.0628 1.2006 2.2153
v -3.9421 1.2483 2.1672
v -3.9300 1.3801 2.1876
v -3.9246 1.3112 2.1671
v -4.1614 1.2888 2.2882
v -4.0769 1.3751 2.2753
v -3.9778 1.4152 2.2237
v -4.1513 1.2350 2.2752
v -3.9987 1.2073 2.1826
v -4.1115 1.2097 2.2436
v -4.0072 1.3256 1.9098
v -4.0322 1.2627 1.9381
v -4.1097 1.2005 1.9981
v -4.2234 1.1477 2.0810
v -4.1534 1.1997 1.9404
v -4.2724 1.1422 2.0260
v -4.1998 1.1931 1.8891
v -4.3174 1.1346 1.9781
v -4.0815 1.3729 1.7292
v -4.2457 1.1828 1.8415
v -4.3455 1.1049 1.9265
v -4.1163 1.3371 1.6715
v -4.2761 1.1266 1.7833
v -4.3655 1.0566 1.8634
v -4.1586 1.2904 1.6124
v -4.3289 1.0562 1.7285
v -4.3947 0.9930 1.7930
v -4.2221 1.2188 1.5638
v -4.5240 0.8413 1.8504
v -4.5537 1.2399 1.8031
v -4.5207 1.3104 1.8820
v -4.5118 1.0556 1.6575
v -4.5666 1.1498 1.7194
v -4.4204 1.3969 2.0098
v -4.4695 1.3723 1.9653
v -4.5428 1.2803 1.8425
v -4.1661 1.2478 1.6497
v -4.4137 0.9847 1.6786
v -4.4983 1.3422 1.9226
v -4.2825 1.4743 2.0949
v -4.5646 1.1958 1.7721
v -3.9959 1.4577 2.1658
v -4.3649 1.4345 2.0567
v -4.4631 1.0085 1.6586
v -4.5074 0.8745 1.8000
v -4.1298 1.5547 2.0129
v -4.0472 1.3839 1.7921
v -4.2164 1.3027 1.5133
v -4.1456 1.3442 1.5607
v -4.3255 1.2690 1.4956
v -4.1020 1.3801 1.6204
v -4.0673 1.4512 1.7366
v -4.0771 1.4201 1.6795
v -4.0717 1.5392 1.8906
v -0.4226 5.0420 0.4924
v -0.3497 5.1751 0.5009
v -0.3164 5.2782 0.5310
v -0.2959 5.3700 0.5645
v -0.2799 5.4645 0.5847
v -0.2725 5.5826 0.6299
v -0.2866 5.6804 0.6853
v -0.3168 5.7465 0.7521
v -0.3423 5.7741 0.8186
v -0.3602 5.7830 0.8905
v -0.3722 5.7939 0.9586
v -0.3702 5.8159 1.0203
v -0.5564 4.9236 0.5133
v -0.7730 4.8505 0.5450
v -0.9945 4.7730 0.5860
v -1.2375 4.6789 0.6571
v -1.4274 4.5485 0.7084
v -1.5872 4.3876 0.7127
v -1.7135 4.2359 0.6832
v -1.8479 4.0576 0.6647
v -1.9377 3.9421 0.6607
v -2.0320 3.8129 0.6439
v -2.1074 3.7220 0.6312
v -2.1871 3.6243 0.6211
v -2.3157 3.4862 0.6084
v -2.4396 3.3245 0.5994
v -2.5798 3.1462 0.6009
v -2.6755 3.0225 0.5808
v -2.7646 2.9198 0.5600
v -3.8519 1.8448 1.4812
v -3.9484 1.7621 1.5863
v -4.0268 1.6959 1.6571
v -4.0958 1.6158 1.7652
v -4.0481 1.4825 1.8175
v -3.7268 1.9565 1.3405
v -1.1461 4.2810 -0.5069
v -0.9359 4.3239 -0.5928
v -0.7392 4.3133 -0.6307
v -0.5492 4.2896 -0.6345
v -0.3613 4.2653 -0.5964
v -0.1874 4.2473 -0.5358
v 0.0000 4.2373 -0.4738
v -1.4716 4.1148 -0.3986
v -1.6762 3.9035 -0.2498
v -1.7682 3.8198 -0.1932
v -1.8778 3.7027 -0.1719
v -1.9774 3.5836 -0.1575
v -1.5656 4.0324 -0.3438
v -1.3540 4.2013 -0.4643
v -2.1154 3.4326 -0.1585
v -2.2536 3.2798 -0.1563
v -2.3987 3.1412 -0.1555
v -2.5273 3.0113 -0.1495
v -2.6511 2.9050 -0.1490
v -2.7706 2.8044 -0.1526
v -2.8719 2.7199 -0.1300
v -2.9633 2.6351 -0.1064
v -3.0627 2.5429 -0.0484
v -3.1629 2.4389 0.0545
v -3.2811 2.3024 0.1864
v -3.4069 2.1401 0.3773
v -3.5581 1.9801 0.5923
v -3.7350 1.8169 0.8164
v -3.9055 1.6933 1.0118
v -4.0338 1.5956 1.1599
v -4.1267 1.5167 1.2737
v -4.1949 1.4572 1.3557
v -4.2625 1.3669 1.4378
v -4.4466 1.3093 1.5698
v -4.3723 0.9655 2.2314
v -4.4992 0.8675 2.0275
v -4.4673 0.8851 2.0712
v -4.3202 1.0340 2.3520
v -4.4063 0.9361 2.1768
v -4.4356 0.9203 2.1299
v -4.5547 0.8225 1.9235
v -4.5843 0.8081 1.8801
v -4.3102 1.1278 2.4250
v -4.3450 1.0004 2.2967
v -4.5313 0.8460 1.9823
v -4.1985 1.2167 2.2994
v -4.2622 1.2638 2.3228
v -4.2370 1.1886 2.3422
v -4.2066 1.1642 2.2547
v -4.2503 1.4079 2.2039
v -4.3335 1.2878 2.3146
v -4.1649 1.5108 2.1084
v -4.0476 1.5251 1.9887
v -4.2377 1.1648 1.6038
v -4.2648 1.1168 1.6643
v -4.2008 1.1877 1.7024
v -4.1226 1.3035 1.7079
v -4.1576 1.2487 1.7550
v -4.0882 1.3260 1.7619
v -4.1179 1.2680 1.8077
v -4.0457 1.3290 1.8220
v -4.0727 1.2714 1.8667
v -4.2689 1.1504 2.3801
v -1.1153 4.1508 -0.5093
v -0.9131 4.1947 -0.5940
v -0.7220 4.1858 -0.6267
v -0.5347 4.1557 -0.6260
v -0.3592 4.1346 -0.5960
v -0.1876 4.1301 -0.5358
v 0.0000 4.1209 -0.4738
v -1.3939 3.9965 -0.3251
v -1.6190 3.8580 -0.1907
v -1.7069 3.7776 -0.1628
v -1.8137 3.6561 -0.1312
v -1.9307 3.5361 -0.1199
v -1.4957 3.9399 -0.2685
v -2.0615 3.4042 -0.1097
v -2.2005 3.2465 -0.1124
v -2.3473 3.1104 -0.1127
v -2.4686 2.9768 -0.1132
v -4.5079 1.1830 1.6042
v -2.5887 2.8697 -0.1115
v -2.7044 2.7786 -0.1241
v -2.8038 2.7016 -0.1165
v -2.8919 2.6210 -0.0918
v -2.9981 2.5229 -0.0286
v -3.0941 2.4236 0.0777
v -3.1960 2.2890 0.2156
v -3.3295 2.1288 0.4005
v -3.4839 1.9682 0.6120
v -3.6677 1.8011 0.8424
v -3.8309 1.6760 1.0308
v -3.9577 1.5739 1.1760
v -4.0453 1.4903 1.2885
v -4.1078 1.4331 1.3679
v -4.1716 1.3620 1.4471
v -4.5527 1.1137 1.6787
v -1.3009 4.0730 -0.3867
v -4.4217 1.2806 1.5197
v -4.5908 1.0499 1.7392
v -3.4046 2.2787 0.9950
v -3.5825 2.1093 1.1790
v -3.2250 2.4485 0.8352
v -3.0907 2.5921 0.6937
v -3.0306 2.6513 0.6023
v -2.9898 2.6888 0.5540
v -2.9462 2.7305 0.5364
v -2.8968 2.7779 0.5367
v -2.8395 2.8382 0.5468
v -4.2887 1.6448 1.6080
v -4.2579 1.6681 1.6444
v -4.3425 1.5188 1.4619
v -4.3436 1.5513 1.4922
v -4.0132 1.5781 1.6490
v -4.0305 1.6139 1.6835
v -4.3295 1.4841 1.4304
v -4.3090 1.4531 1.4071
v -4.0048 1.5407 1.6146
v -4.0748 1.4093 1.4511
v -4.2195 1.6831 1.6785
v -4.1705 1.6885 1.7085
v -4.0309 1.4491 1.5071
v -4.3145 1.6161 1.5657
v -4.1159 1.6752 1.7253
v -4.0089 1.4980 1.5667
v -4.3346 1.5837 1.5255
v -4.0687 1.6499 1.7126
v -4.2359 1.4128 1.4021
v -4.1422 1.3869 1.4126
v -4.2919 1.3150 1.4649
v -4.3832 1.3397 1.4839
v -4.4048 1.3707 1.5244
v -4.4170 1.4117 1.5672
v -4.4164 1.4480 1.6027
v -4.4066 1.4859 1.6397
v -4.3891 1.5205 1.6764
v -4.3667 1.5525 1.7140
v -4.3368 1.5787 1.7530
v -4.2954 1.6019 1.7928
v -4.2407 1.6166 1.8271
v -4.1777 1.6171 1.8458
v -4.1963 1.3396 1.4783
v -4.1225 1.3693 1.5230
v -4.0801 1.4066 1.5831
v -4.0565 1.4497 1.6418
v -4.0517 1.4886 1.6896
v -4.0628 1.5145 1.7469
v -4.0826 1.5538 1.8001
v -4.1158 1.5934 1.8337
v -1.3387 3.4013 0.5461
v -1.3564 3.4140 0.1849
v -1.3560 3.3892 0.3678
v -0.9608 3.5278 -0.4140
v -0.7647 3.5576 -0.4859
v -0.5905 3.5657 -0.5217
v -0.4473 3.5372 -0.5074
v -0.3119 3.5123 -0.4714
v -0.1681 3.5044 -0.4342
v 0.0000 3.5066 -0.4080
v -1.1627 3.4611 -0.2500
v -1.2823 3.4482 -0.1494
v -1.3483 3.4405 0.0212
v -1.0636 3.4810 -0.3317
v -1.2942 3.2709 0.6196
v -1.3099 3.2755 0.2350
v -1.3080 3.2525 0.4474
v -0.9010 3.3176 -0.3795
v -0.7198 3.3354 -0.4385
v -0.5602 3.3481 -0.4509
v -0.4213 3.3280 -0.4302
v -0.2906 3.3059 -0.4046
v -0.1540 3.2933 -0.3620
v 0.0000 3.2964 -0.3403
v -1.1146 3.2586 -0.1961
v -1.2086 3.2583 -0.0883
v -1.2926 3.2829 0.0745
v -1.0307 3.2756 -0.2930
v -1.2285 3.1320 0.6986
v -1.2636 3.1077 0.3171
v -1.2778 3.1068 0.5353
v -0.8013 3.0904 -0.3135
v -0.6380 3.0975 -0.3382
v -0.4885 3.0937 -0.3426
v -0.3569 3.0781 -0.3358
v -0.2595 3.0775 -0.3195
v -0.1329 3.0742 -0.2709
v 0.0000 3.0780 -0.2502
v -1.0647 3.0674 -0.1649
v -1.1496 3.0674 -0.0213
v -1.2343 3.0839 0.1542
v -0.9534 3.0775 -0.2567
v -1.2017 2.9683 0.7308
v -1.2118 2.8999 0.3522
v -1.2351 2.9303 0.5582
v -0.6976 2.8667 -0.2412
v -0.5601 2.8697 -0.2720
v -0.4363 2.8638 -0.2829
v -0.3212 2.8529 -0.2713
v -0.2076 2.8412 -0.2349
v -0.1007 2.8475 -0.2021
v 0.0000 2.8490 -0.2027
v -0.9837 2.8566 -0.1079
v -1.0964 2.8570 0.0149
v -1.1714 2.8737 0.1706
v -0.8459 2.8603 -0.1891
v -1.1909 2.7737 0.7882
v -1.1820 2.6926 0.3220
v -1.2183 2.7438 0.5711
v -0.6248 2.6513 -0.2209
v -0.4968 2.6512 -0.2445
v -0.3877 2.6465 -0.2421
v -0.2861 2.6373 -0.2239
v -0.1832 2.6262 -0.1968
v -0.0855 2.6180 -0.1774
v 0.0000 2.6097 -0.1698
v -0.9020 2.6449 -0.0866
v -1.0199 2.6485 0.0143
v -1.1157 2.6555 0.1463
v -0.7671 2.6482 -0.1664
v -1.1810 2.5597 0.7936
v -1.1495 2.4882 0.2961
v -1.2001 2.5298 0.5495
v -0.5808 2.4461 -0.2144
v -0.4528 2.4445 -0.2242
v -0.3502 2.4406 -0.2177
v -0.2564 2.4324 -0.2038
v -0.1645 2.4225 -0.1758
v -0.0806 2.4126 -0.1612
v 0.0000 2.4044 -0.1565
v -0.8531 2.4450 -0.0848
v -0.9650 2.4499 0.0159
v -1.0630 2.4605 0.1372
v -0.7216 2.4442 -0.1655
v -1.1763 2.3590 0.7119
v -1.1194 2.3075 0.2884
v -1.1824 2.3363 0.4907
v -0.5752 2.2536 -0.2051
v -0.4415 2.2505 -0.2127
v -0.3384 2.2454 -0.2064
v -0.2464 2.2371 -0.1939
v -0.1573 2.2276 -0.1659
v -0.0774 2.2183 -0.1523
v 0.0000 2.2106 -0.1475
v -0.8339 2.2551 -0.0927
v -0.9369 2.2632 0.0043
v -1.0256 2.2758 0.1239
v -0.7078 2.2543 -0.1619
v -1.1554 2.1763 0.6490
v -1.1068 2.1428 0.2671
v -1.1551 2.1646 0.4597
v -0.5830 2.0726 -0.1989
v -0.4559 2.0674 -0.2006
v -0.3445 2.0597 -0.1966
v -0.2496 2.0506 -0.1892
v -0.1591 2.0403 -0.1651
v -0.0775 2.0303 -0.1485
v 0.0000 2.0236 -0.1412
v -0.8392 2.0825 -0.1062
v -0.9435 2.0950 -0.0190
v -1.0258 2.1138 0.1010
v -0.7172 2.0760 -0.1668
v -1.1791 1.8701 0.6026
v -1.1879 1.8841 0.2423
v -1.1933 1.8821 0.4355
v -0.4475 1.8360 1.3544
v -0.5963 1.9010 -0.1847
v -0.4684 1.8920 -0.1854
v -0.3587 1.8824 -0.1845
v -0.2621 1.8709 -0.1842
v -0.1706 1.8596 -0.1733
v -0.0869 1.8476 -0.1550
v 0.0000 1.8436 -0.1522
v -0.1154 1.8714 1.4082
v -1.0171 1.8145 -0.0468
v -1.1232 1.8596 0.0761
v -0.7530 1.7523 -0.1602
v -1.1987 1.7254 0.6230
v -1.2325 1.7612 0.2621
v -1.2225 1.7517 0.4629
v -0.2723 1.8552 1.3994
v -0.6543 1.5650 -0.2196
v -0.5343 1.5506 -0.2360
v -0.4246 1.5395 -0.2425
v -0.3205 1.5277 -0.2453
v -0.2192 1.5155 -0.2426
v -0.1167 1.5058 -0.2371
v 0.0000 1.5013 -0.2379
v -1.0686 1.6759 -0.0486
v -1.1792 1.7367 0.0879
v -0.7844 1.5872 -0.1894
v -1.3112 3.4480 0.7626
v -1.2694 3.3066 0.7726
v -1.1959 3.1551 0.8246
v -1.1096 2.8060 0.9653
v -1.1273 2.9824 0.9279
v 0.0000 1.8905 1.4127
v 0.0000 2.8586 1.4201
v 0.0000 2.3372 1.4316
v -0.7107 2.8302 1.3139
v -0.8770 2.8157 1.2141
v -1.0557 1.8343 0.9430
v -0.1058 2.3211 1.4385
v -0.1144 2.8351 1.4444
v -0.2541 2.2886 1.4474
v -0.7031 2.6655 1.3485
v -0.8660 2.6441 1.2274
v -1.0421 2.1972 0.9956
v -0.4835 2.2484 1.4106
v -0.1230 3.0517 1.4329
v -0.5120 2.4800 1.4420
v -0.6974 2.4413 1.3664
v -0.8720 2.4214 1.2339
v -1.0341 2.4028 1.0716
v -0.2495 2.5271 1.4652
v 0.0000 3.0723 1.4179
v -0.1097 2.5664 1.4453
v -0.6779 2.2129 1.3386
v -0.8861 2.2021 1.1990
v -1.0121 2.6210 1.0975
v 0.0000 2.5882 1.4309
v -0.5325 2.8800 1.3851
v -0.2451 2.7857 1.4607
v -0.6410 1.8261 1.2761
v -0.8742 1.8287 1.1483
v -1.0082 2.8214 1.0850
v -0.5164 2.7039 1.4286
v -0.2710 2.9830 1.4351
v -1.1148 2.5913 0.9690
v -1.1269 2.3816 0.8997
v -1.1227 2.1889 0.8076
v -1.1413 1.8497 0.7448
v -0.8886 1.7773 -0.1187
v 0.0000 1.7098 1.3837
v -0.1278 1.6659 1.3788
v -0.1778 1.4617 1.4027
v -0.1589 1.1988 1.4403
v 0.0000 1.1289 1.4305
v 0.0000 1.6231 1.3727
v -0.0650 1.5857 1.3714
v -0.1085 1.4695 1.3872
v -0.0908 1.3452 1.3929
v 0.0000 1.2932 1.3846
v 0.0000 1.5520 1.3700
v -0.0400 1.5426 1.3689
v -0.0531 1.4702 1.3773
v -0.0490 1.3903 1.3818
v 0.0000 1.3758 1.3807
v 0.0000 1.4642 1.3772
v -0.4742 1.6351 1.3382
v -0.2982 1.6578 1.3805
v -1.0665 1.6595 0.9587
v -0.6689 1.6325 1.2603
v -0.8801 1.6427 1.1457
v -1.1519 1.6870 0.7699
v -1.2187 1.5703 0.6614
v -1.2800 1.6118 0.2834
v -1.2614 1.6011 0.4895
v -1.1259 1.5154 -0.0583
v -1.2444 1.5859 0.1003
v -0.5076 1.4364 1.3543
v -0.3290 1.4459 1.4048
v -1.0753 1.4774 0.9831
v -0.7144 1.4282 1.2669
v -0.9121 1.4468 1.1518
v -1.1688 1.5249 0.8208
v -1.0695 1.9783 0.0787
v -0.9770 1.9494 -0.0400
v -1.1547 2.0174 0.6102
v -1.1624 2.0158 0.4370
v -1.1371 2.0055 0.2456
v -0.7325 1.9109 -0.1622
v -0.2879 1.6979 -0.2059
v -0.1917 1.6844 -0.1985
v -0.1026 1.6746 -0.1897
v 0.0000 1.6711 -0.1900
v -0.6197 1.7347 -0.1826
v -0.4959 1.7214 -0.1947
v -0.1084 2.0902 1.4314
v -0.3886 1.7106 -0.2024
v -1.1239 2.0115 0.7457
v 0.0000 2.1060 1.4290
v -0.4440 2.0389 1.3862
v -0.2628 2.0603 1.4269
v -0.6419 2.0167 1.3083
v -0.8834 2.0109 1.1552
v -1.0560 2.0123 0.9328
v -0.8620 1.9261 -0.1151
v -1.0945 1.2632 1.0105
v -0.3364 1.1761 1.4364
v -0.5330 1.1673 1.3747
v -1.3025 1.3959 0.0966
v -1.1721 1.3187 -0.0944
v -1.3069 1.4257 0.5042
v -1.3391 1.4269 0.3084
v -1.2615 1.3917 0.6851
v -1.1833 1.3295 0.8561
v -0.9254 1.2162 1.1678
v -0.7426 1.1839 1.2783
v -0.9266 1.6230 -0.1367
v -0.9621 1.4486 -0.1710
v -0.9889 1.2496 -0.2158
v -0.6813 1.3871 -0.2555
v -0.5647 1.3752 -0.2680
v -0.4568 1.3668 -0.2757
v -0.3493 1.3556 -0.2846
v -0.2410 1.3437 -0.2895
v -0.1246 1.3335 -0.2920
v 0.0000 1.3257 -0.2911
v -0.6950 1.1951 -0.2880
v -0.5844 1.1910 -0.2989
v -0.4787 1.1876 -0.3199
v -0.3694 1.1818 -0.3473
v -0.2500 1.1634 -0.3654
v -0.1273 1.1504 -0.3831
v 0.0000 1.1452 -0.3729
v -0.7231 0.9944 -0.3846
v -0.5989 0.9990 -0.4037
v -0.4888 1.0039 -0.4270
v -0.3731 0.9947 -0.4445
v -0.2522 0.9785 -0.4638
v -0.1181 0.9525 -0.4704
v 0.0000 0.9531 -0.4747
v -0.8074 1.4082 -0.2311
v -0.8193 1.2108 -0.2704
v -1.1196 0.8156 -0.3640
v -0.8051 0.5656 -0.6967
v -0.6507 0.5769 -0.7243
v -0.5177 0.5894 -0.7266
v -0.3840 0.5914 -0.7116
v -0.2474 0.5826 -0.7270
v -0.1030 0.5532 -0.7034
v 0.0000 0.5116 -0.6509
v -0.9351 0.7929 -0.4867
v -1.1976 0.5812 -0.4600
v -0.9875 0.5629 -0.6200
v -0.7992 0.3181 -0.8118
v -0.6293 0.3335 -0.8487
v -0.4900 0.3555 -0.8494
v -0.3503 0.3632 -0.8304
v -0.1796 0.3461 -0.8024
v -0.0630 0.3154 -0.7381
v 0.0000 0.2803 -0.6448
v -1.2379 0.3263 -0.5281
v -0.7972 0.0439 -0.8684
v -0.6101 0.0517 -0.9091
v -0.4332 0.0811 -0.9142
v -0.2894 0.1067 -0.8922
v -0.1385 0.1122 -0.8163
v -0.0334 0.1073 -0.7399
v 0.0000 0.0842 -0.6232
v -0.9983 0.3059 -0.7263
v -1.2879 0.0719 -0.5432
v -0.7872 -0.2265 -0.8662
v -0.5735 -0.2042 -0.8960
v -0.3880 -0.1704 -0.8917
v -0.2452 -0.1467 -0.8622
v -0.1141 -0.1335 -0.7888
v -0.0205 -0.1060 -0.7093
v 0.0000 -0.1150 -0.5898
v -1.0216 0.0366 -0.7609
v -1.3349 -0.2126 -0.5557
v -0.7852 -0.5115 -0.7963
v -0.5607 -0.4606 -0.8158
v -0.3612 -0.4294 -0.7867
v -0.2138 -0.3859 -0.7509
v -0.0926 -0.3495 -0.7016
v -0.0103 -0.3087 -0.6487
v 0.0000 -0.2889 -0.5184
v -1.0377 -0.2338 -0.7747
v -1.3931 -0.4946 -0.4900
v -0.8102 -0.7739 -0.6531
v -0.5730 -0.7221 -0.6669
v -0.3584 -0.6480 -0.6359
v -0.2103 -0.5866 -0.6113
v -0.0891 -0.5374 -0.5891
v -0.0236 -0.4821 -0.5491
v 0.0000 -0.4439 -0.4115
v -1.0717 -0.5252 -0.6998
v -1.4032 -0.7472 -0.4020
v -0.8163 -1.0000 -0.4494
v -0.6029 -0.9842 -0.3692
v -0.3415 -0.8190 -0.4296
v -0.2168 -0.7520 -0.4186
v -0.1251 -0.7004 -0.4223
v -0.0600 -0.6117 -0.4404
v 0.0000 -0.5721 -0.3088
v -1.0853 -0.7944 -0.5744
v -1.4040 -0.9216 -0.3306
v -0.8573 -1.2219 -0.2766
v -0.6222 -1.2599 -0.1759
v -0.2038 -0.8571 -0.2030
v -0.1244 -0.7932 -0.2558
v -0.0749 -0.7331 -0.2584
v 0.0000 -0.6733 -0.2008
v -1.0887 -0.9665 -0.4301
v -1.4342 0.9507 0.0988
v -1.2981 0.8708 -0.1647
v -1.4437 0.9594 0.5613
v -1.4749 0.9796 0.3497
v -1.3744 0.9076 0.7284
v -1.2494 0.8327 0.8862
v -1.4968 0.6660 0.0968
v -1.3900 0.6172 -0.2032
v -1.4788 0.6568 0.5618
v -1.5128 0.6849 0.3597
v -1.4119 0.6192 0.7427
v -1.3065 0.5668 0.9082
v -1.5699 0.3884 0.0830
v -1.4571 0.3634 -0.2307
v -1.5307 0.3734 0.5745
v -1.5796 0.3941 0.3596
v -1.4560 0.3449 0.7571
v -1.3408 0.3075 0.9271
v -1.6576 0.1484 0.0887
v -1.5152 0.1208 -0.2459
v -1.5947 0.1211 0.6067
v -1.6723 0.1408 0.3836
v -1.5126 0.0936 0.8041
v -1.3808 0.0455 0.9743
v -1.7351 -0.1146 0.0809
v -1.5828 -0.1713 -0.2321
v -1.6319 -0.1051 0.6363
v -1.7402 -0.1063 0.3857
v -1.5256 -0.1281 0.8436
v -1.3924 -0.1533 1.0023
v -1.7855 -0.3550 0.1005
v -1.6359 -0.4382 -0.2079
v -1.6698 -0.3025 0.6761
v -1.7895 -0.3185 0.4159
v -1.5532 -0.3068 0.8778
v -1.4114 -0.3186 1.0275
v -1.8155 -0.5982 0.1448
v -1.6522 -0.6804 -0.1571
v -1.6976 -0.4989 0.6985
v -1.8154 -0.5419 0.4486
v -1.5786 -0.4858 0.8975
v -1.4319 -0.4837 1.0426
v -1.8150 -0.7925 0.1667
v -1.6599 -0.8660 -0.1199
v -1.7290 -0.6814 0.6987
v -1.8334 -0.7268 0.4595
v -0.8442 -0.9514 1.2917
v -0.8093 -0.7818 1.2663
v 0.0000 0.4646 1.2724
v -1.1263 0.7685 1.0532
v -0.3700 0.5155 1.2857
v -0.5576 0.5648 1.2657
v -0.9566 0.7090 1.1665
v -0.7698 0.6414 1.2240
v 0.0000 0.2037 1.2341
v -1.1709 0.5183 1.0579
v -0.4004 0.2506 1.2212
v -0.5731 0.2954 1.1879
v -0.9723 0.4435 1.1386
v -0.7480 0.3571 1.1562
v 0.0000 -0.0131 1.1934
v -1.1980 0.2704 1.0447
v -0.4178 0.0285 1.1866
v -0.6056 0.0599 1.1652
v -0.9725 0.1756 1.0982
v -0.7542 0.0939 1.1096
v 0.0000 -0.1954 1.1363
v -1.2030 0.0008 1.0815
v -0.3986 -0.1633 1.1195
v -0.5760 -0.1294 1.1280
v -0.9816 -0.0576 1.1584
v -0.7796 -0.1094 1.1589
v 0.0000 -0.3848 1.0297
v -1.2052 -0.1885 1.1065
v -0.3607 -0.3440 0.9955
v -0.5188 -0.3414 1.0827
v -0.9888 -0.2401 1.1748
v -0.7564 -0.3054 1.1730
v 0.0000 -0.6328 0.9460
v -1.2260 -0.3402 1.1376
v -0.2878 -0.5105 0.8762
v -0.4525 -0.5807 1.0722
v -1.0052 -0.4023 1.1997
v -0.7494 -0.4878 1.1916
v -1.2492 -0.4943 1.1605
v -0.5133 -0.7340 1.1535
v -1.0328 -0.5507 1.2302
v -0.7760 -0.6369 1.2370
v -0.1788 0.4857 1.2909
v -0.2198 0.2156 1.2449
v -0.2238 0.0030 1.1946
v -0.2103 -0.1821 1.1275
v -0.1721 -0.3790 1.0116
v -0.1528 -0.5875 0.9263
v -0.9424 0.9602 1.1884
v -0.7527 0.9051 1.2705
v -0.3591 0.8288 1.3762
v -0.1497 0.8129 1.3928
v 0.0000 0.7807 1.3817
v -1.1080 1.0223 1.0376
v -0.5458 0.8530 1.3367
v 0.0000 -0.8109 0.7256
v -0.1269 -0.7501 0.7158
v 0.0000 -0.8366 0.6216
v -0.1020 -0.8091 0.5795
v 0.0000 -0.8207 0.0719
v -0.0300 -0.8372 0.0905
v 0.0000 -0.7377 -0.1074
v -0.0770 -0.7891 -0.1365
v -0.2006 -0.6658 0.7379
v -0.1462 -0.7408 0.5583
v -0.0672 -0.8877 0.1247
v -0.1026 -0.8307 -0.0976
v -0.2679 -0.7564 0.8673
v -0.1923 -0.8362 0.6536
v -0.1046 -0.9750 0.1738
v -0.1653 -0.9301 -0.0369
v -0.1163 0.7691 -0.5489
v 0.0000 0.7438 -0.5502
v -0.7735 0.7910 -0.5405
v -0.6333 0.7997 -0.5595
v -0.5061 0.8077 -0.5652
v -0.8630 1.0027 -0.3522
v -0.3807 0.8075 -0.5640
v -0.2552 0.7931 -0.5610
v -1.0396 1.0352 -0.2738
v -1.4108 1.2220 0.3230
v -1.3740 1.1870 0.0772
v -1.2160 1.1032 0.8792
v -1.3096 1.1711 0.7029
v -1.3785 1.2171 0.5318
v -1.2282 1.1035 -0.1312
v -1.4140 -1.1032 -0.2692
v -1.1379 -1.1661 -0.3086
v -1.8193 -0.9501 0.1699
v -1.6616 -1.0320 -0.0984
v -1.7543 -0.8458 0.6967
v -1.8428 -0.8837 0.4557
v -1.0672 -0.7050 1.2637
v -0.5463 -0.8833 1.2179
v -1.2778 -0.6565 1.1858
v -1.4580 -0.6533 1.0623
v -0.2951 -0.9021 0.9208
v -0.2147 -0.9795 0.7416
v -0.1458 -1.0975 0.2401
v -0.2168 -1.0531 0.0325
v -1.1033 -0.8738 1.2886
v -0.5744 -1.0812 1.2528
v -1.3132 -0.8328 1.2064
v -1.4917 -0.8230 1.0749
v -0.3050 -1.0391 0.9327
v -0.2292 -1.1069 0.7851
v -0.1606 -1.2512 0.2690
v -0.2419 -1.2314 0.0701
v -0.3373 -1.2286 0.9804
v -0.2357 -1.2793 0.7935
v -0.1843 -1.4111 0.2794
v -0.2723 -1.4001 0.0912
v -0.2927 -0.9639 -0.1618
v -1.6115 -0.6572 0.9062
v -1.6428 -0.8255 0.9062
v -0.3542 -1.1275 -0.0717
v -0.3993 -1.3481 -0.0672
v -0.8855 -1.4070 -0.2284
v -0.6747 -1.4999 -0.1516
v -0.8832 -1.1500 1.3148
v -1.4142 -1.2792 -0.2125
v -1.1494 -1.3350 -0.2580
v -1.8083 -1.1151 0.1735
v -1.6538 -1.2008 -0.0834
v -1.7662 -1.0022 0.7103
v -1.8466 -1.0455 0.4466
v -1.1378 -1.0677 1.3030
v -0.6009 -1.2706 1.2366
v -1.3416 -1.0258 1.2172
v -1.5142 -1.0088 1.0797
v -0.3846 -1.3972 1.0087
v -0.2704 -1.5126 0.7725
v -0.2443 -1.6229 0.3103
v -0.3347 -1.6202 0.1202
v -1.6663 -1.0076 0.9058
v -0.4790 -1.5746 -0.0443
v -0.9197 -1.6115 -0.1955
v -0.7142 -1.7338 -0.1314
v -0.9264 -1.3567 1.3294
v -1.4143 -1.4821 -0.1724
v -1.1782 -1.5284 -0.2144
v -1.8039 -1.3273 0.1910
v -1.6440 -1.4117 -0.0463
v -1.7971 -1.2089 0.7096
v -1.8504 -1.2577 0.4600
v -1.1699 -1.2863 1.3232
v -0.6434 -1.5180 1.2474
v -1.3652 -1.2428 1.2244
v -1.5276 -1.2238 1.0830
v -0.4476 -1.6574 1.0247
v -0.3348 -1.7696 0.7730
v -0.3216 -1.8708 0.3237
v -0.4068 -1.8681 0.1316
v -1.6694 -1.2182 0.9127
v -0.5536 -1.8236 -0.0309
v -0.9422 -1.8810 -0.1726
v -0.7284 -2.0133 -0.1059
v -0.9681 -1.6183 1.3513
v -1.4281 -1.7320 -0.1281
v -1.1923 -1.7921 -0.1843
v -1.8028 -1.5805 0.2155
v -1.6446 -1.6623 -0.0125
v -1.7818 -1.4623 0.7285
v -1.8404 -1.5135 0.4787
v -1.2182 -1.5182 1.3496
v -0.6931 -1.7855 1.2642
v -1.3875 -1.4831 1.2315
v -1.5405 -1.4515 1.1005
v -0.5105 -1.9417 1.0425
v -0.4160 -2.0582 0.7813
v -0.4109 -2.1514 0.3466
v -0.4795 -2.1458 0.1624
v -1.6701 -1.4521 0.9384
v -0.6011 -2.1040 -0.0109
v -0.9903 -2.5171 -0.1301
v -0.8136 -2.6486 -0.0373
v -1.0343 -2.1629 1.3244
v -1.4685 -2.3296 -0.0671
v -1.2439 -2.4150 -0.1559
v -1.7564 -2.1927 0.2549
v -1.6439 -2.2583 0.0628
v -1.7344 -2.0549 0.7305
v -1.7816 -2.1175 0.4981
v -1.2574 -2.0618 1.3089
v -0.7963 -2.3402 1.2299
v -1.4187 -2.0159 1.2163
v -1.5403 -2.0024 1.0900
v -0.6345 -2.5060 1.0494
v -0.5526 -2.6276 0.8028
v -0.5492 -2.7399 0.3803
v -0.6048 -2.7528 0.2250
v -1.6458 -2.0149 0.9279
v -0.6919 -2.7277 0.0778
v -1.0615 -2.8404 -0.0730
v -0.8828 -2.9438 -0.0057
v -1.0768 -2.4450 1.2740
v -1.4825 -2.6459 -0.0207
v -1.2778 -2.7459 -0.1020
v -1.7348 -2.5007 0.2704
v -1.6442 -2.5745 0.1102
v -1.7195 -2.3538 0.6872
v -1.7561 -2.4176 0.4760
v -1.2863 -2.3458 1.2616
v -0.8553 -2.6190 1.1960
v -1.4436 -2.3029 1.1738
v -1.5564 -2.2934 1.0473
v -0.7017 -2.7924 1.0206
v -0.6130 -2.9039 0.7941
v -0.6022 -2.9977 0.3584
v -0.6526 -3.0193 0.2128
v -1.6510 -2.3079 0.8805
v -0.7475 -3.0062 0.0944
v -1.1161 -3.1040 -0.0474
v -0.9314 -3.1811 0.0060
v -1.0855 -2.7443 1.2263
v -1.4966 -2.9557 0.0191
v -1.3258 -3.0495 -0.0629
v -1.7222 -2.7889 0.3017
v -1.6459 -2.8730 0.1554
v -1.7040 -2.6462 0.6711
v -1.7391 -2.7094 0.4702
v -1.3111 -2.6335 1.2176
v -0.9038 -2.9071 1.1449
v -1.4710 -2.5780 1.1341
v -1.5738 -2.5707 1.0057
v -0.7640 -3.0515 0.9793
v -0.6719 -3.1609 0.7873
v -0.6482 -3.2196 0.3483
v -0.6918 -3.2363 0.2035
v -1.6545 -2.5983 0.8391
v -0.7869 -3.2265 0.0923
v -1.1491 -3.2782 -0.0344
v -0.9601 -3.3390 0.0092
v -1.1216 -2.9913 1.1850
v -1.5254 -3.1824 0.0531
v -1.3564 -3.2421 -0.0355
v -1.7322 -3.0414 0.3386
v -1.6621 -3.1206 0.1880
v -1.6984 -2.9052 0.6651
v -1.7366 -2.9671 0.4993
v -1.3063 -2.8947 1.1674
v -0.9301 -3.1393 1.0990
v -1.4797 -2.8410 1.0900
v -1.5863 -2.8344 0.9707
v -0.8135 -3.2769 0.9422
v -0.7243 -3.3662 0.7671
v -0.6871 -3.3910 0.3360
v -0.7229 -3.3944 0.1923
v -1.6543 -2.8611 0.8248
v -0.8130 -3.3789 0.0850
v -1.1677 -3.3845 -0.0245
v -0.9770 -3.4391 0.0112
v -1.1591 -3.1996 1.1552
v -1.5450 -3.3206 0.0803
v -1.3792 -3.3520 -0.0184
v -1.7447 -3.2353 0.3671
v -1.6672 -3.2840 0.2233
v -1.6994 -3.1304 0.6644
v -1.7490 -3.1773 0.5086
v -1.3144 -3.1222 1.1076
v -0.9595 -3.3426 1.0643
v -1.4465 -3.0879 1.0364
v -1.5527 -3.0776 0.9364
v -0.8605 -3.4596 0.9024
v -0.7618 -3.5336 0.7187
v -0.7190 -3.5315 0.3241
v -0.7514 -3.5132 0.1865
v -1.6434 -3.0984 0.7986
v -0.8291 -3.4774 0.0789
v -1.1817 -3.4789 -0.0132
v -0.9931 -3.5266 0.0154
v -1.1853 -3.3866 1.1269
v -1.5620 -3.4108 0.0801
v -1.3943 -3.4318 -0.0030
v -1.7575 -3.3742 0.3673
v -1.6810 -3.4016 0.2264
v -1.7032 -3.3267 0.6687
v -1.7647 -3.3430 0.5162
v -1.3189 -3.3359 1.0778
v -0.9981 -3.5246 1.0267
v -1.4337 -3.3174 0.9960
v -1.5261 -3.3067 0.8947
v -0.8907 -3.6189 0.8415
v -0.7959 -3.6806 0.6580
v -0.7540 -3.6530 0.3124
v -0.7710 -3.6083 0.1811
v -1.6091 -3.3190 0.7953
v -0.8438 -3.5575 0.0732
v -1.1950 -3.5804 -0.0076
v -1.0174 -3.6117 0.0204
v -1.1997 -3.5685 1.0993
v -1.5797 -3.5055 0.0552
v -1.4019 -3.5300 -0.0086
v -1.7814 -3.4879 0.3480
v -1.7041 -3.5063 0.2097
v -1.7135 -3.4891 0.6486
v -1.7856 -3.4845 0.5155
v -1.3383 -3.5300 1.0551
v -1.0324 -3.6912 0.9578
v -1.4471 -3.4997 0.9791
v -1.5324 -3.5013 0.8760
v -0.9177 -3.7751 0.7751
v -0.8320 -3.8180 0.5972
v -0.7842 -3.7612 0.2883
v -0.7908 -3.6924 0.1697
v -1.6017 -3.4959 0.7724
v -0.8704 -3.6386 0.0676
v -1.2114 -3.6994 -0.0167
v -1.0533 -3.7152 0.0108
v -1.2259 -3.8095 1.0168
v -1.5911 -3.6288 0.0200
v -1.4050 -3.6646 -0.0291
v -1.8017 -3.6305 0.3028
v -1.7217 -3.6293 0.1568
v -1.7262 -3.6693 0.6324
v -1.8087 -3.6256 0.5040
v -1.3453 -3.7635 0.9853
v -1.0717 -3.8755 0.8749
v -1.4629 -3.7394 0.9318
v -1.5623 -3.7135 0.8677
v -0.9578 -3.9350 0.7084
v -0.8807 -3.9558 0.5307
v -0.8287 -3.8757 0.2350
v -0.8459 -3.7954 0.1440
v -1.6382 -3.6882 0.7549
v -0.9247 -3.7408 0.0553
v -1.2363 -3.8757 -0.0572
v -1.0989 -3.9054 -0.0411
v -1.2556 -4.0040 0.9165
v -1.6162 -3.7847 -0.0236
v -1.4177 -3.8306 -0.0702
v -1.8489 -3.7762 0.2754
v -1.7633 -3.7783 0.1121
v -1.7587 -3.8337 0.6238
v -1.8302 -3.7883 0.4768
v -1.3725 -3.9539 0.9025
v -1.1105 -4.0748 0.7400
v -1.4804 -3.9142 0.8902
v -1.5897 -3.8880 0.8351
v -1.0200 -4.1080 0.6364
v -0.9310 -4.1188 0.4593
v -0.8894 -4.0666 0.1999
v -0.9362 -4.0122 0.1223
v -1.6747 -3.8655 0.7436
v -1.0016 -3.9536 0.0160
v -1.2715 -4.0846 -0.1457
v -1.1473 -4.1399 -0.1328
v -1.2807 -4.2045 0.7370
v -1.6448 -3.9463 -0.0746
v -1.4372 -4.0095 -0.1407
v -1.8955 -3.9327 0.2526
v -1.8218 -3.9310 0.0612
v -1.7953 -4.0094 0.6172
v -1.8635 -3.9550 0.4329
v -1.3888 -4.1472 0.7732
v -1.1736 -4.2730 0.6933
v -1.4952 -4.1066 0.7900
v -1.6004 -4.0743 0.7730
v -1.0767 -4.3182 0.6019
v -0.9962 -4.3462 0.4558
v -0.9497 -4.3303 0.1874
v -0.9870 -4.2797 0.0787
v -1.7004 -4.0494 0.7290
v -1.0542 -4.2081 -0.0439
v -1.3003 -4.2761 -0.2296
v -1.1779 -4.3611 -0.1900
v -1.3151 -4.4416 0.7155
v -1.6809 -4.1067 -0.1518
v -1.4501 -4.1905 -0.2333
v -1.9466 -4.1014 0.2009
v -1.8730 -4.0920 0.0136
v -1.8444 -4.1968 0.5933
v -1.9093 -4.1401 0.4001
v -1.4220 -4.3711 0.7388
v -1.2104 -4.5100 0.6690
v -1.5176 -4.3217 0.7417
v -1.6339 -4.2805 0.7319
v -1.1053 -4.5671 0.5768
v -1.0245 -4.6022 0.4336
v -0.9786 -4.5949 0.1495
v -1.0228 -4.5349 0.0364
v -1.7383 -4.2362 0.7069
v -1.0903 -4.4460 -0.0944
v -1.3267 -4.5008 -0.2984
v -1.1954 -4.6111 -0.2291
v -1.3476 -4.7119 0.7002
v -1.7077 -4.3268 -0.2228
v -1.4795 -4.3754 -0.2972
v -2.0093 -4.3467 0.1421
v -1.9151 -4.3421 -0.0660
v -1.9042 -4.4292 0.5724
v -1.9823 -4.3739 0.3479
v -1.4484 -4.6412 0.7388
v -1.2458 -4.7723 0.6470
v -1.5543 -4.5856 0.7506
v -1.6801 -4.5275 0.7392
v -1.1473 -4.8190 0.5558
v -1.0596 -4.8554 0.4151
v -1.0071 -4.8595 0.1327
v -1.0508 -4.7976 0.0099
v -1.8073 -4.4724 0.6935
v -1.1152 -4.7065 -0.1216
v -1.3632 -4.8072 -0.3506
v -1.2253 -4.9298 -0.2493
v -1.3736 -5.0282 0.6704
v -1.7490 -4.6447 -0.2915
v -1.5342 -4.7092 -0.3471
v -2.0519 -4.6725 0.0466
v -1.9442 -4.6567 -0.1395
v -1.9664 -4.7526 0.5152
v -2.0530 -4.6859 0.2943
v -1.4634 -4.9669 0.7128
v -1.2670 -5.0723 0.6163
v -1.5796 -4.9028 0.7372
v -1.7200 -4.8378 0.7303
v -1.1812 -5.1114 0.5328
v -1.0903 -5.1519 0.4006
v -1.0299 -5.1663 0.1311
v -1.0791 -5.1158 -0.0053
v -1.8674 -4.7819 0.6618
v -1.1471 -5.0352 -0.1289
v -1.4195 -5.1698 -0.3656
v -1.2922 -5.2682 -0.2728
v -1.4106 -5.3863 0.6322
v -1.7896 -5.0349 -0.3490
v -1.5872 -5.0878 -0.3822
v -2.0658 -5.0748 -0.0251
v -1.9278 -5.0603 -0.2043
v -2.0037 -5.1404 0.4541
v -2.0974 -5.0781 0.2405
v -1.5029 -5.3394 0.6750
v -1.3110 -5.4126 0.5823
v -1.6061 -5.2813 0.7094
v -1.7562 -5.2245 0.7017
v -1.2295 -5.4472 0.5179
v -1.1457 -5.4776 0.4162
v -1.0856 -5.4854 0.1516
v -1.1358 -5.4383 -0.0272
v -1.9069 -5.1675 0.6080
v -1.2090 -5.3611 -0.1577
v -1.4977 -5.5613 -0.3369
v -1.3841 -5.6288 -0.2706
v -1.4782 -5.7681 0.6164
v -1.8048 -5.4784 -0.3304
v -1.6372 -5.5102 -0.3540
v -2.0371 -5.5158 0.0081
v -1.9086 -5.4942 -0.1813
v -2.0129 -5.5746 0.4056
v -2.0668 -5.5069 0.2030
v -1.5573 -5.7326 0.6463
v -1.3961 -5.7996 0.5741
v -1.6531 -5.6926 0.6599
v -1.7947 -5.6430 0.6471
v -1.3093 -5.8123 0.5135
v -1.2335 -5.8268 0.4283
v -1.1727 -5.8151 0.1677
v -1.2209 -5.7685 -0.0247
v -1.9209 -5.6096 0.5582
v -1.2980 -5.7021 -0.1565
v -1.5727 -5.9955 -0.2568
v -1.4680 -6.0263 -0.1939
v -1.5463 -6.1401 0.5942
v -1.8182 -5.9386 -0.2603
v -1.6878 -5.9673 -0.2766
v -2.0177 -5.9594 0.0539
v -1.9050 -5.9447 -0.1289
v -2.0000 -6.0166 0.3755
v -2.0328 -5.9847 0.2260
v -1.6124 -6.1208 0.6164
v -1.4876 -6.1539 0.5653
v -1.7012 -6.1011 0.6219
v -1.8240 -6.0667 0.5989
v -1.4192 -6.1602 0.5224
v -1.3457 -6.1638 0.4506
v -1.2728 -6.1460 0.1982
v -1.3151 -6.1117 0.0142
v -1.9373 -6.0488 0.5175
v -1.3892 -6.0670 -0.1112
v -1.7587 -8.1367 0.5859
v -1.6937 -8.1212 0.6453
v -1.6277 -8.0989 0.6955
v -1.5610 -8.0767 0.7467
v -1.5566 -8.1064 0.9617
v -1.9379 -6.8042 0.2520
v -1.9159 -6.8035 0.1391
v -1.8981 -7.0635 0.1611
v -1.9127 -7.0648 0.2634
v -1.8932 -7.2542 0.2792
v -1.5974 -6.4235 -0.1513
v -1.5088 -6.4264 -0.1232
v -1.5985 -6.4952 0.5654
v -1.8000 -6.4012 -0.1258
v -1.6948 -6.4121 -0.1515
v -1.9517 -6.4101 0.1060
v -1.8883 -6.4039 -0.0389
v -1.9187 -6.4692 0.4735
v -1.9597 -6.4418 0.3697
v -1.6600 -6.4902 0.5715
v -1.5427 -6.4975 0.5469
v -1.7379 -6.4866 0.5636
v -1.4844 -6.4925 0.5177
v -1.4214 -6.4859 0.4578
v -1.3523 -6.4650 0.2184
v -1.3818 -6.4485 0.0651
v -1.8376 -6.4781 0.5334
v -1.4448 -6.4332 -0.0589
v -1.6275 -6.7802 -0.0822
v -1.5490 -6.7641 -0.0559
v -1.6609 -6.7826 0.5386
v -1.7835 -6.7898 -0.0480
v -1.7030 -6.7892 -0.0809
v -1.9021 -7.3948 0.1954
v -1.8601 -6.7950 0.0272
v -1.8952 -6.8097 0.4516
v -1.9308 -6.8020 0.3616
v -1.7165 -6.7846 0.5392
v -1.6008 -6.7805 0.5303
v -1.7763 -6.7929 0.5285
v -1.5391 -6.7746 0.5060
v -1.4832 -6.7657 0.4572
v -1.4108 -6.7387 0.2473
v -1.4270 -6.7437 0.1179
v -1.8405 -6.8025 0.4996
v -1.4818 -6.7546 0.0057
v -1.6796 -7.0223 0.5588
v -1.8670 -7.0576 0.4596
v -1.8993 -7.0589 0.3739
v -1.7294 -7.0284 0.5546
v -1.6218 -7.0176 0.5581
v -1.7782 -7.0365 0.5384
v -1.5587 -7.0116 0.5450
v -1.8241 -7.0469 0.5081
v -1.4963 -7.9515 1.6836
v -1.3794 -7.9629 1.6740
v -1.3345 -8.0359 1.6721
v -1.5484 -8.0172 1.7052
v -1.3886 -8.0078 1.8569
v -1.3687 -8.0395 1.9324
v -1.5380 -7.9989 1.9295
v -1.5165 -7.9832 1.8536
v -1.3878 -8.0162 1.9474
v -1.5164 -7.9852 1.9521
v -1.5089 -7.9863 1.8678
v -1.3907 -8.0063 1.8704
v -1.3445 -8.0504 1.8331
v -1.5653 -8.0200 1.8845
v -1.5145 -7.9727 1.8154
v -1.3830 -8.0027 1.8104
v -1.3839 -7.9853 1.7730
v -1.5076 -7.9676 1.7781
v -1.5759 -8.0190 1.8235
v -1.3420 -8.0462 1.7868
v -1.3821 -7.9727 1.7126
v -1.5576 -8.0187 1.7407
v -1.5013 -7.9581 1.7247
v -1.3372 -8.0405 1.7135
v -1.3857 -7.9776 1.7425
v -1.5717 -8.0196 1.7759
v -1.5054 -7.9630 1.7459
v -1.3356 -8.0425 1.7486
v -1.3491 -8.0542 1.8791
v -1.5182 -7.9758 1.8331
v -1.5469 -8.0133 1.9263
v -1.3843 -8.0082 1.8387
v -1.3682 -8.1501 1.6957
v -1.4238 -8.0570 1.9942
v -1.4234 -8.0160 1.9987
v -1.3708 -8.1394 1.8912
v -1.3626 -8.1521 1.8303
v -1.3662 -8.1559 1.7351
v -1.3632 -8.1594 1.7798
v -1.3883 -8.1134 1.9530
v -1.5276 -8.1376 1.7912
v -1.5179 -8.1456 1.7579
v -1.5426 -8.1055 1.9412
v -1.4874 -8.0048 1.9990
v -1.5477 -8.1301 1.8399
v -1.5520 -8.1221 1.8902
v -1.4944 -8.1347 1.7169
v -1.5045 -8.0424 1.9921
v -1.4060 -8.0017 1.9556
v -1.4996 -7.9816 1.9567
v -1.4985 -7.9850 1.8778
v -1.4057 -8.0003 1.8817
v -1.4226 -8.0032 1.9957
v -1.4810 -7.9913 1.9953
v -1.3556 -7.9913 1.6687
v -1.5296 -7.9822 1.6874
v -1.3724 -8.0216 1.8917
v -1.5334 -7.9830 1.8931
v -1.3795 -8.0180 1.9090
v -1.5222 -7.9833 1.9062
v -1.3653 -8.0211 1.8136
v -1.5461 -7.9763 1.7904
v -1.3582 -8.0102 1.7767
v -1.5500 -7.9773 1.8335
v -1.3547 -8.0027 1.7140
v -1.5404 -7.9706 1.7307
v -1.3546 -8.0046 1.7449
v -1.5433 -7.9798 1.7561
v -1.5452 -7.9818 1.8661
v -1.3669 -8.0231 1.8414
v -1.5070 -7.9820 1.9063
v -1.3998 -8.0002 1.9114
v -1.3280 -8.0984 1.6820
v -1.5290 -8.0307 1.9819
v -1.4003 -8.0181 1.9821
v -1.5206 -8.0693 1.7089
v -1.3297 -8.0932 1.8708
v -1.3201 -8.1086 1.8121
v -1.3299 -8.1062 1.7252
v -1.3239 -8.1106 1.7626
v -1.5472 -8.0497 1.9412
v -1.3789 -8.0489 1.9724
v -1.3521 -8.0815 1.9273
v -1.5580 -8.0710 1.7858
v -1.5470 -8.0676 1.7489
v -1.5124 -7.9903 1.9798
v -1.5711 -8.0687 1.8328
v -1.5651 -8.0610 1.8881
v -1.4080 -7.9968 1.9835
v -1.4952 -7.9806 1.9819
v -1.6153 -8.0154 1.9103
v -1.5984 -8.0637 1.9498
v -1.7122 -8.0499 1.9615
v -1.6965 -8.0168 1.9109
v -1.6068 -8.0552 1.9607
v -1.7002 -8.0406 1.9682
v -1.6912 -8.0271 1.9255
v -1.6215 -8.0259 1.9214
v -1.5930 -8.0704 1.8637
v -1.7310 -8.0759 1.8790
v -1.6997 -7.9987 1.8743
v -1.6150 -7.9957 1.8685
v -1.5928 -8.0723 1.9129
v -1.6991 -8.0100 1.8959
v -1.7231 -8.0650 1.9353
v -1.6142 -8.0051 1.8919
v -1.6277 -8.0902 1.9780
v -1.6296 -8.0684 1.9875
v -1.6374 -8.1469 1.8594
v -1.6341 -8.1248 1.9374
v -1.6989 -8.1214 1.9507
v -1.6809 -8.0616 1.9904
v -1.6937 -8.1410 1.8720
v -1.6890 -8.0829 1.9845
v -1.6199 -8.0413 1.9593
v -1.6885 -8.0376 1.9677
v -1.6829 -8.0321 1.9325
v -1.6270 -8.0310 1.9277
v -1.6344 -8.0562 1.9817
v -1.6749 -8.0514 1.9847
v -1.7251 -8.0757 1.8267
v -1.6133 -7.9878 1.8409
v -1.6967 -7.9867 1.8434
v -1.6002 -8.0663 1.8103
v -1.6386 -8.1471 1.7978
v -1.6838 -8.1407 1.8035
v -1.6056 -8.0303 1.9279
v -1.7075 -8.0362 1.9439
v -1.6142 -8.0331 1.9348
v -1.6950 -8.0359 1.9505
v -1.5956 -8.0220 1.8666
v -1.7206 -8.0240 1.8795
v -1.7193 -8.0400 1.9164
v -1.6004 -8.0257 1.9002
v -1.6861 -8.0359 1.9554
v -1.6224 -8.0394 1.9452
v -1.7105 -8.0283 1.8433
v -1.5992 -8.0163 1.8310
v -1.7129 -8.0678 1.9766
v -1.6145 -8.0627 1.9793
v -1.6048 -8.1215 1.8568
v -1.7240 -8.0955 1.9491
v -1.6091 -8.0828 1.9674
v -1.6028 -8.1077 1.9227
v -1.6996 -8.0491 1.9831
v -1.7227 -8.1156 1.8785
v -1.6224 -8.0500 1.9739
v -1.6858 -8.0423 1.9787
v -1.6139 -8.1191 1.8011
v -1.7095 -8.1143 1.8116
v -0.0633 5.8068 1.3321
v -0.1225 5.8209 1.3162
v -0.1747 5.8411 1.2913
v -0.2290 5.8685 1.2625
v 0.0000 5.8031 1.3367
v -0.2459 5.7974 1.2150
v -0.1908 5.7597 1.2482
v -0.1292 5.7330 1.2758
v -0.0662 5.7197 1.2871
v 0.0000 5.7160 1.2881
v -0.2974 5.8408 1.1802
v -0.2370 5.8285 1.2393
v 0.0000 5.7511 1.3181
v -0.1827 5.7949 1.2712
v -0.0651 5.7550 1.3136
v -0.1290 5.7706 1.3000
v -0.0637 5.6995 1.2646
v -0.1303 5.7120 1.2504
v -0.1927 5.7360 1.2225
v -0.2515 5.7733 1.1865
v -0.3047 5.8155 1.1486
v 0.0000 5.6953 1.2651
v -0.3500 5.8649 1.1208
v -0.0608 5.6823 1.2301
v -0.1309 5.6930 1.2191
v -0.1956 5.7139 1.1896
v -0.2572 5.7519 1.1477
v -0.3126 5.7936 1.1092
v 0.0000 5.6786 1.2343
v -0.3619 5.8422 1.0757
v -1.4859 -7.9412 1.6467
v -1.3710 -7.9591 1.6161
v -1.3259 -8.0296 1.6044
v -1.5297 -8.0176 1.6523
v -1.3593 -8.1277 1.6139
v -1.4717 -8.1228 1.6497
v -1.3504 -7.9861 1.6076
v -1.5122 -7.9767 1.6455
v -1.3159 -8.0808 1.6037
v -1.4924 -8.0736 1.6543
v -1.4840 -7.9303 1.6030
v -1.3691 -7.9492 1.5555
v -1.3161 -8.0295 1.5446
v -1.5228 -8.0121 1.6295
v -1.3576 -8.1263 1.5547
v -1.4866 -8.1199 1.6123
v -1.3447 -7.9779 1.5453
v -1.5123 -7.9568 1.6091
v -1.3069 -8.0786 1.5474
v -1.5007 -8.0796 1.6285
v -1.5018 -7.9125 1.5457
v -1.3654 -7.9320 1.5083
v -1.3069 -8.0275 1.4977
v -1.5253 -8.0728 1.6241
v -1.3639 -8.1322 1.5132
v -1.5308 -8.1289 1.5739
v -1.3361 -7.9727 1.4976
v -1.5213 -7.9680 1.5898
v -1.3026 -8.0826 1.5075
v -1.5283 -8.1094 1.6213
v -1.6890 -7.9581 1.7676
v -1.6085 -7.9642 1.7593
v -1.5792 -8.0626 1.7226
v -1.7209 -8.0685 1.7410
v -1.6313 -8.1380 1.7162
v -1.6876 -8.1358 1.7203
v -1.5860 -8.0053 1.7471
v -1.7074 -8.0153 1.7549
v -1.6065 -8.1095 1.7177
v -1.7114 -8.1127 1.7279
v -1.6881 -7.9509 1.7228
v -1.6055 -7.9575 1.7222
v -1.5706 -8.0616 1.6975
v -1.7153 -8.0701 1.7159
v -1.6272 -8.1406 1.6947
v -1.6849 -8.1383 1.7014
v -1.5842 -7.9998 1.7106
v -1.7068 -8.0129 1.7211
v -1.5992 -8.1141 1.6945
v -1.7133 -8.1141 1.7071
v -1.6864 -7.9437 1.6800
v -1.6026 -7.9498 1.6830
v -1.5606 -8.0619 1.6742
v -1.7139 -8.0722 1.6839
v -1.6213 -8.1491 1.6729
v -1.6811 -8.1422 1.6803
v -1.5788 -7.9973 1.6741
v -1.7031 -8.0153 1.6801
v -1.5924 -8.1216 1.6695
v -1.7053 -8.1159 1.6821
v -1.6816 -7.9389 1.6332
v -1.5935 -7.9548 1.6330
v -1.5503 -8.0699 1.6499
v -1.7152 -8.0809 1.6527
v -1.6141 -8.1562 1.6438
v -1.6773 -8.1393 1.6555
v -1.5657 -7.9988 1.6343
v -1.7069 -8.0181 1.6381
v -1.5812 -8.1328 1.6467
v -1.7008 -8.1196 1.6611
v -1.6874 -8.1363 1.7486
v -1.7105 -8.1123 1.7540
v -1.7185 -8.0705 1.7706
v -1.6900 -7.9697 1.8021
v -1.6760 -7.9344 -0.0875
v -1.6386 -8.1378 1.7484
v -1.6104 -7.9747 1.7986
v -1.5912 -8.0086 1.7821
v -1.5931 -8.0619 1.7583
v -1.7087 -8.0182 1.7893
v -1.6143 -8.1165 1.7450
v -1.6763 -7.9268 1.5826
v -1.5820 -7.9564 1.5892
v -1.5421 -8.0894 1.6376
v -1.7101 -8.0834 1.6366
v -1.6709 -7.8321 -0.0973
v -1.6095 -8.1562 1.6157
v -1.6787 -8.1376 1.6311
v -1.5598 -8.0197 1.6083
v -1.7082 -8.0168 1.6106
v -1.5711 -8.1392 1.6296
v -1.7007 -8.1189 1.6416
v -1.6791 -7.9131 1.5391
v -1.5641 -7.9365 1.5490
v -1.5312 -8.0797 1.6243
v -1.7107 -8.0623 1.6149
v -1.6680 -7.7272 -0.0870
v -1.6073 -8.1405 1.5731
v -1.7064 -8.1256 1.6074
v -1.5397 -7.9893 1.5861
v -1.7035 -7.9776 1.5676
v -1.5572 -8.1269 1.6155
v -1.7120 -8.1182 1.6194
v -1.7728 -8.0259 1.8457
v -1.7566 -8.0712 1.8893
v -1.8438 -8.0529 1.8643
v -1.8155 -8.0277 1.8432
v -1.7661 -8.0437 1.8924
v -1.8311 -8.0492 1.8773
v -1.8122 -8.0306 1.8481
v -1.7782 -8.0287 1.8530
v -1.7435 -8.1044 1.8399
v -1.8762 -8.0854 1.8279
v -1.8196 -8.0122 1.8112
v -1.7703 -8.0074 1.8175
v -1.7475 -8.0948 1.8729
v -1.8180 -8.0211 1.8289
v -1.8681 -8.0710 1.8544
v -1.7705 -8.0203 1.8379
v -1.7916 -8.0897 1.9108
v -1.7905 -8.0692 1.9099
v -1.7804 -8.1484 1.8339
v -1.7862 -8.1268 1.8866
v -1.8413 -8.1127 1.8859
v -1.8213 -8.0609 1.9021
v -1.8526 -8.1405 1.8407
v -1.8246 -8.0767 1.9009
v -1.7735 -8.0373 1.8901
v -1.8201 -8.0300 1.8776
v -1.8079 -8.0302 1.8586
v -1.7830 -8.0280 1.8603
v -1.7882 -8.0442 1.9050
v -1.8192 -8.0450 1.8971
v -1.8813 -8.0843 1.8012
v -1.7706 -7.9984 1.7929
v -1.8250 -8.0044 1.7831
v -1.7448 -8.1011 1.8095
v -1.7809 -8.1553 1.7859
v -1.8578 -8.1469 1.7863
v -1.7567 -8.0332 1.8643
v -1.8337 -8.0308 1.8511
v -1.7617 -8.0356 1.8700
v -1.8268 -8.0346 1.8598
v -1.7484 -8.0142 1.8293
v -1.8478 -8.0367 1.8154
v -1.8416 -8.0356 1.8381
v -1.7513 -8.0308 1.8530
v -1.8162 -8.0308 1.8638
v -1.7710 -8.0318 1.8720
v -1.8508 -8.0408 1.7849
v -1.7458 -7.9990 1.7979
v -1.8417 -8.0669 1.8868
v -1.7753 -8.0722 1.9078
v -1.7548 -8.1323 1.8336
v -1.8574 -8.0949 1.8685
v -1.7673 -8.0870 1.9094
v -1.7622 -8.1153 1.8875
v -1.8335 -8.0622 1.8924
v -1.8700 -8.1174 1.8352
v -1.7799 -8.0399 1.9036
v -1.8216 -8.0367 1.8911
v -1.7550 -8.1373 1.7929
v -1.8736 -8.1235 1.7886
v -1.8267 -7.9866 1.7158
v -1.7687 -7.9715 1.7222
v -1.7444 -8.0822 1.7383
v -1.8734 -8.0736 1.7353
v -1.7884 -8.1394 1.7222
v -1.8441 -8.1370 1.7278
v -1.7444 -7.9709 1.7306
v -1.8549 -8.0258 1.7104
v -1.7639 -8.1171 1.7324
v -1.8662 -8.1155 1.7354
v -1.8274 -7.9738 1.6776
v -1.7676 -7.9628 1.6872
v -1.7370 -8.0799 1.7228
v -1.8697 -8.0648 1.7033
v -1.7893 -8.1326 1.7056
v -1.8448 -8.1296 1.7088
v -1.7411 -7.9692 1.7036
v -1.8535 -8.0240 1.6792
v -1.7593 -8.1114 1.7167
v -1.8656 -8.1119 1.7166
v -1.8263 -7.9700 1.6283
v -1.7628 -7.9539 1.6481
v -1.7323 -8.0746 1.7039
v -1.8618 -8.0495 1.6489
v -1.7839 -8.1273 1.6874
v -1.8438 -8.1254 1.6856
v -1.7390 -7.9619 1.6694
v -1.8520 -8.0225 1.6326
v -1.7575 -8.1073 1.6983
v -1.8630 -8.1087 1.6813
v -1.8229 -7.9653 1.5843
v -1.7601 -7.9474 1.6030
v -1.7213 -8.0621 1.6718
v -1.8594 -8.0519 1.6170
v -1.7781 -8.1221 1.6531
v -1.8363 -8.1163 1.6415
v -1.7336 -7.9556 1.6356
v -1.8473 -8.0149 1.5961
v -1.7452 -8.1120 1.6621
v -1.8597 -8.0928 1.6347
v -1.8525 -8.1439 1.7522
v -1.8657 -8.1164 1.7579
v -1.8769 -8.0767 1.7648
v -1.8277 -7.9958 1.7540
v -1.7894 -8.1452 1.7441
v -1.7700 -7.9813 1.7566
v -1.7483 -7.9763 1.7592
v -1.7494 -8.0908 1.7602
v -1.8561 -8.0323 1.7494
v -1.7663 -8.1257 1.7491
v -1.8243 -7.9742 1.5483
v -1.7511 -7.9370 1.5670
v -1.7123 -8.0546 1.6483
v -1.8566 -8.0462 1.5896
v -1.7658 -8.1096 1.6243
v -1.8355 -8.0989 1.5925
v -1.7271 -7.9722 1.5876
v -1.8467 -8.0089 1.5656
v -1.7395 -8.1076 1.6505
v -1.8520 -8.0771 1.5944
v -1.8288 -7.9310 1.4966
v -1.7295 -7.9214 1.5342
v -1.7070 -8.0528 1.6212
v -1.8574 -8.0375 1.5654
v -1.7470 -8.1079 1.5975
v -1.8460 -8.0954 1.5330
v -1.7164 -7.9753 1.5741
v -1.8469 -7.9955 1.5296
v -1.7259 -8.0986 1.6233
v -1.8531 -8.0672 1.5537
v -1.9145 -7.9945 1.7454
v -1.8954 -8.0270 1.7659
v -1.9828 -8.0111 1.7685
v -1.9631 -7.9906 1.7476
v -1.9028 -8.0107 1.7751
v -1.9731 -8.0023 1.7734
v -1.9569 -7.9959 1.7547
v -1.9179 -8.0007 1.7493
v -1.8811 -8.0612 1.7278
v -2.0092 -8.0442 1.7251
v -1.9674 -7.9846 1.7308
v -1.9116 -7.9901 1.7274
v -1.8855 -8.0500 1.7500
v -1.9641 -7.9870 1.7419
v -1.9960 -8.0288 1.7509
v -1.9125 -7.9918 1.7377
v -1.9206 -8.0457 1.7884
v -1.9178 -8.0189 1.7931
v -1.9301 -8.1221 1.7222
v -1.9276 -8.0890 1.7647
v -1.9835 -8.0789 1.7662
v -1.9590 -8.0167 1.7938
v -1.9972 -8.1091 1.7256
v -1.9684 -8.0398 1.7832
v -1.9116 -8.0045 1.7756
v -1.9603 -8.0001 1.7797
v -1.9531 -7.9941 1.7627
v -1.9199 -7.9980 1.7593
v -1.9224 -8.0098 1.7910
v -1.9547 -8.0056 1.7915
v -2.0171 -8.0516 1.7008
v -1.9143 -7.9858 1.7098
v -1.9692 -7.9828 1.7145
v -1.8817 -8.0664 1.7042
v -1.9310 -8.1303 1.6869
v -2.0044 -8.1176 1.6827
v -1.8972 -8.0099 1.7532
v -1.9752 -7.9983 1.7564
v -1.9048 -8.0037 1.7589
v -1.9671 -7.9971 1.7648
v -1.8858 -8.0199 1.7283
v -1.9921 -8.0127 1.7299
v -1.9884 -8.0060 1.7465
v -1.8898 -8.0180 1.7419
v -1.9577 -7.9972 1.7692
v -1.9138 -8.0030 1.7646
v -1.9940 -8.0125 1.7110
v -1.8894 -8.0184 1.7105
v -1.9807 -8.0237 1.7755
v -1.9060 -8.0154 1.7866
v -1.9028 -8.0981 1.7232
v -1.9974 -8.0534 1.7590
v -1.9019 -8.0366 1.7817
v -1.9029 -8.0724 1.7579
v -1.9718 -8.0098 1.7851
v -2.0079 -8.0801 1.7237
v -1.9148 -8.0075 1.7847
v -1.9581 -8.0028 1.7866
v -1.9028 -8.1081 1.6930
v -2.0220 -8.0852 1.6908
v -1.9797 -7.9672 1.6627
v -1.9103 -7.9704 1.6555
v -1.8786 -8.0645 1.6523
v -2.0218 -8.0409 1.6462
v -1.9372 -8.1277 1.6395
v -1.9964 -8.1150 1.6377
v -1.8875 -8.0115 1.6509
v -2.0044 -7.9988 1.6552
v -1.9033 -8.1058 1.6439
v -2.0192 -8.0791 1.6425
v -1.9805 -7.9636 1.6247
v -1.9109 -7.9648 1.6324
v -1.8784 -8.0658 1.6359
v -2.0184 -8.0392 1.6183
v -1.9377 -8.1297 1.6281
v -1.9936 -8.1164 1.6264
v -1.8885 -8.0087 1.6313
v -1.9973 -7.9991 1.6230
v -1.9025 -8.1060 1.6305
v -2.0165 -8.0791 1.6285
v -1.9698 -7.9712 1.5884
v -1.9088 -7.9657 1.6064
v -1.8788 -8.0671 1.6241
v -2.0044 -8.0482 1.5833
v -1.9395 -8.1319 1.5989
v -1.9852 -8.1200 1.5936
v -1.8881 -8.0071 1.6116
v -1.9883 -8.0037 1.5821
v -1.9039 -8.1131 1.6156
v -2.0063 -8.0869 1.5956
v -1.9598 -7.9593 1.5400
v -1.9028 -7.9599 1.5696
v -1.8754 -8.0633 1.6029
v -1.9913 -8.0454 1.5280
v -1.9284 -8.1226 1.5711
v -1.9806 -8.1092 1.5493
v -1.8856 -8.0003 1.5891
v -1.9813 -8.0010 1.5312
v -1.9030 -8.1131 1.5927
v -1.9986 -8.0899 1.5417
v -2.0038 -8.1164 1.6586
v -2.0243 -8.0836 1.6645
v -2.0223 -8.0476 1.6749
v -1.9728 -7.9754 1.6891
v -1.9302 -8.1316 1.6598
v -1.9139 -7.9775 1.6812
v -1.8895 -8.0143 1.6801
v -1.8819 -8.0677 1.6751
v -1.9983 -8.0038 1.6831
v -1.9034 -8.1090 1.6668
v -1.9474 -7.9455 1.4743
v -1.8905 -7.9533 1.5239
v -1.8714 -8.0558 1.5851
v -1.9899 -8.0312 1.4817
v -1.9119 -8.1104 1.5326
v -1.9747 -8.1023 1.4890
v -1.8789 -7.9881 1.5655
v -1.9722 -7.9823 1.4727
v -1.8954 -8.1070 1.5596
v -1.9906 -8.0810 1.4854
v -1.9472 -7.9290 1.4087
v -1.8637 -7.9322 1.4835
v -1.8658 -8.0418 1.5514
v -1.9786 -8.0305 1.4183
v -1.8925 -8.1002 1.4981
v -1.9845 -8.1068 1.4157
v -1.8614 -7.9841 1.5231
v -1.9610 -7.9449 1.4086
v -1.8724 -8.0670 1.5381
v -1.9865 -8.0781 1.4165
v -2.0006 -7.9703 1.4271
v -2.0902 -7.9691 1.4091
v -2.0208 -8.0761 1.4291
v -2.0920 -8.0540 1.4171
v -2.0136 -7.9334 1.4170
v -2.0648 -7.9427 1.4073
v -1.9880 -8.0241 1.4296
v -2.1109 -8.0121 1.4147
v -1.9959 -7.9656 1.4076
v -2.0936 -7.9680 1.3734
v -2.0124 -8.0798 1.4172
v -2.0930 -8.0592 1.3893
v -2.0066 -7.9258 1.3975
v -2.0677 -7.9361 1.3721
v -1.9891 -8.0264 1.4168
v -2.1085 -8.0194 1.3756
v -1.9829 -7.9356 1.3951
v -2.0975 -7.9646 1.3273
v -1.9993 -8.0739 1.4132
v -2.0997 -8.0670 1.3598
v -1.9862 -7.9197 1.3672
v -2.0649 -7.9303 1.3255
v -1.9859 -8.0311 1.4154
v -2.1258 -8.0118 1.3365
v -1.7955 -7.9960 1.7889
v -1.4582 -8.0107 1.9994
v -1.4692 -8.0576 1.9977
v -1.4653 -8.1252 1.9440
v -1.4687 -8.1617 1.8947
v -1.4527 -8.1736 1.8341
v -1.4474 -8.1818 1.7843
v -1.4450 -8.1829 1.7517
v -1.4317 -8.1591 1.7023
v -1.4286 -8.1425 1.6361
v -1.4423 -8.1366 1.5803
v -1.4618 -8.1406 1.5381
v -1.4435 -7.9527 1.7394
v -1.4423 -7.9603 1.7692
v -1.4429 -7.9719 1.8102
v -1.4542 -7.9930 1.9945
v -1.4504 -7.9760 1.8471
v -1.4491 -7.9760 1.8330
v -1.4496 -7.9856 1.8583
v -1.4512 -7.9853 1.9818
v -1.4498 -7.9856 1.8707
v -1.4534 -7.9863 1.9095
v -1.4514 -7.9823 1.9580
v -1.4371 -7.8906 1.5218
v -1.4309 -7.9149 1.5863
v -1.4383 -7.9377 1.6856
v -1.4329 -7.9330 1.6411
v -1.4371 -7.9515 1.7189
v -1.4581 -7.8224 1.3418
v -1.3862 -7.8520 1.3253
v -1.7236 -7.8265 1.3192
v -1.6660 -7.8197 1.3218
v -1.9077 -7.8585 1.2462
v -1.8627 -7.8537 1.2745
v -2.0422 -7.8972 1.1448
v -2.0100 -7.8742 1.1523
v -1.9778 -7.8586 1.1649
v -2.0870 -7.9378 1.1520
v -2.1471 -7.9939 1.1749
v -1.9452 -7.8556 1.2012
v -1.8173 -7.8481 1.2966
v -1.7704 -7.8392 1.3077
v -1.6002 -7.8141 1.3237
v -1.5310 -7.8097 1.3286
v -1.4288 -7.8053 1.1848
v -1.3857 -7.8464 1.1755
v -1.6815 -7.7466 1.1751
v -1.6187 -7.7365 1.1779
v -1.8913 -7.7850 1.0818
v -1.8420 -7.7767 1.1202
v -2.0217 -7.8599 0.9707
v -1.9846 -7.8265 0.9648
v -1.9565 -7.8041 0.9810
v -2.0597 -7.8991 0.9942
v -2.1084 -7.9508 1.0277
v -1.9236 -7.7868 1.0219
v -1.7882 -7.7672 1.1520
v -1.7345 -7.7547 1.1677
v -1.5512 -7.7322 1.1851
v -1.4851 -7.7567 1.1948
v -1.6785 -8.0373 -0.0896
v -1.4235 -7.7530 0.9956
v -1.3976 -7.8112 0.9821
v -1.6480 -7.6211 0.9741
v -1.5920 -7.6171 0.9673
v -1.7116 -8.1106 -0.0616
v -1.8520 -7.6454 0.8708
v -1.8104 -7.6364 0.9107
v -1.9856 -7.7882 0.7535
v -1.9259 -7.6785 0.7641
v -2.0653 -7.8852 0.7613
v -1.8891 -7.6538 0.8194
v -1.7582 -7.6301 0.9397
v -1.7044 -7.6225 0.9575
v -1.5227 -7.6421 0.9595
v -1.4828 -7.6962 0.9709
v -1.4304 -7.6739 0.7707
v -1.6285 -7.4426 0.7644
v -1.5694 -7.4423 0.7514
v -1.8187 -7.4640 0.6983
v -1.7769 -7.4584 0.7311
v -1.9332 -7.5128 0.2051
v -1.8493 -7.4026 0.1183
v -1.9020 -7.4973 0.5298
v -2.0205 -7.8394 0.7650
v -2.0001 -7.8365 0.5734
v -1.8590 -7.4760 0.6370
v -1.7296 -7.4538 0.7503
v -1.6813 -7.4480 0.7599
v -1.4957 -7.4515 0.7056
v -1.4700 -7.5901 0.7383
v -1.3192 -7.9230 1.3197
v -1.2848 -7.9853 1.3248
v -1.3017 -8.1087 1.3604
v -1.2737 -8.0546 1.3453
v -1.3520 -7.9079 1.1669
v -1.3296 -7.9797 1.1758
v -1.3668 -8.1082 1.2070
v -1.3255 -8.0528 1.1936
v -1.3816 -7.8747 0.9777
v -1.3718 -7.9430 0.9871
v -1.4221 -8.0582 0.9972
v -1.3826 -8.0128 0.9999
v -1.4045 -7.8959 0.7973
v -1.4442 -8.0081 0.7922
v -1.4133 -7.9620 0.8020
v -2.1624 -8.0536 1.2145
v -1.9872 -8.1436 1.2787
v -2.1175 -8.1107 1.2356
v -2.0407 -8.1300 1.2650
v -2.1488 -8.0172 1.0533
v -2.0356 -8.1299 1.0663
v -2.1342 -8.0915 1.0547
v -2.0937 -8.1002 1.0592
v -2.1157 -7.9306 0.7713
v -2.0398 -8.0760 0.7512
v -2.0999 -8.0105 0.7626
v -2.0812 -8.0288 0.7468
v -2.0532 -7.8827 0.5780
v -2.0233 -8.0583 0.4972
v -2.0770 -7.9708 0.5840
v -2.0622 -8.0079 0.5436
v -1.5042 -8.1714 1.3868
v -1.6102 -8.1581 1.3912
v -1.6931 -8.1438 1.3891
v -1.7610 -8.1405 1.3744
v -1.8269 -8.1421 1.3569
v -1.8821 -8.1537 1.3426
v -1.9309 -8.1477 1.2990
v -1.3843 -8.1615 1.3786
v -1.8785 -7.2473 0.1760
v -1.6330 -8.1154 0.9371
v -1.7081 -8.1232 0.9084
v -1.7748 -8.1303 0.8672
v -1.8425 -8.1369 0.8209
v -1.4829 -8.0906 0.9798
v -1.5426 -8.1520 1.2049
v -1.6276 -8.1502 1.1977
v -1.7040 -8.1464 1.1829
v -1.7727 -8.1443 1.1535
v -1.8383 -8.1513 1.1247
v -1.4439 -8.1393 1.2071
v -1.9822 -8.0954 0.0724
v -1.9799 -7.9781 0.0673
v -1.9474 -7.9009 0.0670
v -1.9878 -8.0432 0.0675
v -1.5402 -7.8976 0.1593
v -1.5252 -7.9924 0.1614
v -1.5012 -8.0805 0.1730
v -1.5014 -7.8727 0.2861
v -1.4968 -7.9581 0.3001
v -1.4714 -8.0419 0.3111
v -1.4541 -7.9372 0.4752
v -1.4485 -8.0093 0.4697
v -1.5829 -7.9249 0.0117
v -1.8145 -8.0939 -0.0865
v -1.7923 -8.0238 -0.0975
v -1.7797 -7.9326 -0.1008
v -1.5684 -8.1061 0.0302
v -1.5647 -8.0241 0.0064
v -1.8950 -8.0009 -0.0390
v -1.8738 -7.9168 -0.0459
v -1.9033 -8.0656 -0.0332
v -1.4548 -7.8614 0.4707
v -1.4189 -7.7502 0.7786
v -1.4073 -7.8238 0.7833
v -1.7505 -7.6320 -0.0669
v -1.7365 -7.3971 -0.0282
v -1.7414 -7.5133 -0.0372
v -1.7580 -7.7342 -0.0859
v -1.7746 -7.8351 -0.1032
v -1.8249 -7.6383 0.0029
v -1.4372 -6.9756 0.2648
v -1.8086 -7.5227 0.0405
v -1.8333 -7.7355 -0.0442
v -1.8554 -7.8262 -0.0578
v -1.8664 -7.6378 0.1059
v -0.0979 -0.8421 0.3759
v -1.8906 -7.7268 0.0918
v -1.9157 -7.8195 0.0789
v -1.4412 -7.3169 0.3432
v -1.4514 -7.7620 0.4443
v -1.4442 -7.6727 0.4072
v -1.4327 -7.5723 0.3831
v -1.4407 -7.4510 0.3538
v -1.4597 -7.4405 0.2094
v -1.4988 -7.7807 0.2663
v -1.4559 -7.3140 0.1940
v -1.4707 -7.5656 0.2039
v -1.4731 -7.6737 0.2438
v -1.5024 -7.3273 0.0950
v -1.5136 -7.4541 0.1122
v -1.5398 -7.7977 0.1564
v -1.5398 -7.6897 0.1494
v -1.5254 -7.5796 0.1331
v -1.6594 -7.4963 -0.0484
v -1.5900 -7.6044 0.0395
v -1.5951 -7.7155 0.0137
v -1.5887 -7.8222 0.0163
v -1.5806 -7.4754 0.0225
v -1.5698 -7.3518 0.0092
v -1.6555 -7.3793 -0.0477
v -1.5070 -7.0042 0.4995
v -1.8533 -7.0544 0.0753
v -1.8001 -7.4078 0.0459
v -1.7134 -7.0501 -0.0292
v -1.5713 -7.0139 -0.0300
v -1.5017 -6.9927 0.0455
v -1.6523 -7.0379 -0.0408
v -1.4503 -6.9774 0.1531
v -1.7900 -7.0482 0.0142
v -1.8022 -7.2559 0.5712
v -1.6119 -7.2341 0.6292
v -1.6692 -7.6218 -0.0799
v -1.8751 -7.2693 0.4120
v -1.9512 -7.5393 0.3381
v -1.4516 -7.1703 0.1681
v -1.6516 -7.2282 -0.0415
v -1.8402 -7.2461 0.0939
v -1.7949 -7.2474 0.0232
v -1.7289 -7.2434 -0.0332
v -1.5660 -7.2035 -0.0059
v -1.9623 -7.6356 0.3564
v -1.4898 -7.2172 0.5746
v -1.5500 -7.2303 0.6200
v -1.4415 -7.1684 0.3173
v -1.6654 -7.2424 0.6269
v -1.7117 -7.2467 0.6207
v -1.7588 -7.2504 0.6038
v -1.4958 -7.1812 0.0693
v -1.8413 -7.2641 0.5099
v -1.9377 -7.6265 0.5331
v -0.0454 -0.8105 0.3398
v -1.8652 -7.5227 0.1244
v -0.1387 -0.9308 0.4196
v -0.1272 -1.0648 0.4696
v -0.1535 -1.1804 0.5328
v -0.1825 -1.3640 0.5519
v -0.2376 -1.5837 0.5435
v -0.2987 -1.8372 0.5350
v -0.3876 -2.1221 0.5446
v -0.5283 -2.6974 0.5763
v -0.5924 -2.9582 0.5612
v -0.6449 -3.1931 0.5518
v -0.6873 -3.3887 0.5418
v -0.7214 -3.5461 0.5142
v -0.7523 -3.6853 0.4769
v -0.7944 -3.8074 0.4323
v -0.8379 -3.9318 0.3640
v -0.8852 -4.0978 0.2995
v -0.9478 -4.3488 0.3003
v -0.9771 -4.6095 0.2693
v -1.0082 -4.8711 0.2585
v -1.0353 -5.1728 0.2597
v -1.0966 -5.4945 0.2993
v -1.1871 -5.8320 0.3245
v -1.2902 -6.1594 0.3485
v -1.9712 -6.4250 0.2494
v -1.3704 -6.4777 0.3588
v -1.4369 -6.7489 0.3672
v -2.0353 -8.0819 0.3096
v -2.0574 -8.0225 0.3439
v -2.0408 -7.9466 0.3850
v -1.9834 -7.7894 0.3725
v -2.0128 -7.8732 0.3906
v -1.4413 -7.9343 0.6411
v -1.4575 -7.9877 0.6365
v -1.4306 -7.8668 0.6340
v -1.4370 -7.7741 0.6053
v -1.4438 -7.6972 0.5873
v -1.4491 -7.6083 0.5699
v -1.4510 -7.3498 0.5135
v -1.4506 -7.4987 0.5321
v 0.0000 -0.7984 0.3250
v -1.4612 -6.9860 0.3955
v -1.4498 -7.1805 0.4608
v -1.9586 -7.7125 0.5472
v -1.9471 -8.1488 1.0847
v -1.8956 -8.1577 1.1009
v -1.9454 -7.6228 0.2061
v -1.9817 -7.7784 0.5603
v -1.9564 -7.7310 0.7477
v -1.9178 -7.4134 0.3186
v -1.9431 -7.7187 0.2101
v -1.9661 -7.7159 0.3624
v -1.9645 -7.8012 0.2047
v -1.9921 -7.8826 0.2162
v -2.0222 -7.9571 0.2132
v -2.0325 -8.0269 0.1866
v -2.0141 -8.0970 0.1634
v -1.9671 -8.1107 0.7628
v -1.9045 -8.1313 0.7873
v -1.9800 -8.1013 0.4782
v -1.8347 -8.1399 0.5296
v -1.4938 -8.0494 0.7705
v -1.9117 -8.1316 0.4905
v -1.7471 -8.1598 0.0011
v -1.5331 -8.1482 0.2054
v -1.4732 -8.0688 0.4678
v -1.8440 -8.1406 -0.0246
v -1.6162 -8.1709 0.0850
v -1.9223 -8.1158 0.0102
v -1.4972 -8.0373 0.6257
v -1.6956 -8.1795 0.2002
v -1.6098 -8.1612 0.2850
v -1.4855 -8.1040 0.3217
v -1.9649 -8.1414 0.1285
v -1.7991 -8.1775 0.1335
v -1.8891 -8.1679 0.1149
v -1.9088 -8.1520 0.2849
v -1.9798 -8.1215 0.2829
v -1.6588 -8.1408 0.4416
v -1.7394 -8.1615 0.3739
v -1.8250 -8.1646 0.3128
v -1.5648 -8.1053 0.5052
v -1.5457 -8.0667 0.6203
v -1.6559 -7.9828 1.8427
v -1.6572 -7.9953 1.8696
v -1.6558 -8.0011 1.8896
v -1.8132 -8.1217 1.8886
v -1.8122 -8.1495 1.8358
v -1.8118 -8.0870 1.9092
v -1.9657 -8.1311 1.6418
v -1.9689 -8.1303 1.6607
v -1.9689 -8.1301 1.6853
v -1.9355 -7.9985 1.7683
v -1.6651 -8.1484 1.8004
v -1.6643 -8.1426 1.7491
v -1.6611 -8.1429 1.7194
v -1.6576 -8.1490 1.6979
v -1.6610 -8.0899 1.9828
v -1.6672 -8.1257 1.9449
v -1.6653 -8.1511 1.8647
v -1.9664 -8.1235 1.7211
v -1.7949 -8.0059 1.8123
v -1.7929 -8.0174 1.8306
v -1.9449 -7.9583 1.6611
v -1.9450 -7.9520 1.6318
v -1.9436 -7.9565 1.5962
v -1.9574 -8.0889 1.7681
v -1.9455 -8.0446 1.7860
v -1.8165 -8.1309 1.6814
v -1.7877 -7.9228 1.5007
v -1.7889 -7.9412 1.5463
v -1.7939 -7.9477 1.5851
v -1.9235 -7.9422 1.4924
v -1.9126 -7.9270 1.4404
v -1.9407 -8.1119 1.4507
v -1.7951 -7.9564 1.6330
v -1.9377 -7.9813 1.7361
v -1.9381 -7.9766 1.7289
v -1.9394 -7.9734 1.7147
v -1.9351 -7.9393 1.5481
v -1.9384 -8.0191 1.7951
v -1.6402 -7.9378 1.6850
v -1.6435 -7.9480 1.7281
v -1.6447 -7.9562 1.7687
v -1.6475 -7.9642 1.8007
v -1.6564 -8.0112 1.9046
v -1.6569 -8.0176 1.9160
v -1.6563 -8.0244 1.9234
v -1.6541 -8.0300 1.9485
v -2.0409 -8.0978 1.3875
v -2.0559 -8.0851 1.4022
v -1.9670 -8.1347 1.6275
v -1.7927 -8.0263 1.8421
v -1.6216 -7.9196 1.5317
v -1.6309 -7.9312 1.5763
v -1.6370 -7.9335 1.6305
v -1.8143 -8.1577 1.7896
v -1.9384 -8.0078 1.7933
v -1.9352 -8.0030 1.7856
v -1.9359 -8.0017 1.7779
v -1.7970 -7.9659 1.6826
v -1.7985 -7.9760 1.7220
v -1.7980 -7.9862 1.7571
v -1.6549 -8.0323 1.9642
v -1.6533 -8.0392 1.9803
v -1.6540 -8.0487 1.9843
v -1.6551 -8.0672 1.9895
v -1.6522 -8.1536 1.6759
v -1.6475 -8.1525 1.6488
v -1.6535 -8.1472 1.6195
v -1.6938 -8.1321 1.5676
v -1.9357 -7.9927 1.7595
v -1.9364 -7.9964 1.7486
v -1.9366 -7.9875 1.7425
v -1.8192 -8.1506 1.7431
v -1.8195 -8.1429 1.7203
v -1.8189 -8.1361 1.7047
v -2.0388 -7.9292 1.3849
v -1.7945 -8.0311 1.8804
v -1.8056 -8.0423 1.9055
v -1.8085 -8.0679 1.9088
v -1.9420 -7.9654 1.6882
v -2.0387 -7.9316 1.4126
v -2.0589 -8.0816 1.4195
v -1.9665 -8.1368 1.5954
v -1.9612 -8.1263 1.5532
v -1.9450 -8.1101 1.5023
v -1.7821 -8.1071 1.5470
v -1.8001 -8.1104 1.5963
v -1.8044 -8.1229 1.6419
v -1.7996 -8.0338 1.8968
v -1.7935 -8.0286 1.8672
v -1.7937 -8.0289 1.8583
v -1.7947 -8.0292 1.8487
v -2.0298 -8.0092 1.5611
v -2.0108 -8.0314 1.5853
v -2.0896 -8.0208 1.5894
v -2.0734 -8.0058 1.5635
v -2.0170 -8.0226 1.5964
v -2.0817 -8.0138 1.5972
v -2.0730 -8.0099 1.5678
v -2.0315 -8.0115 1.5668
v -1.9977 -8.0423 1.5376
v -2.1096 -8.0294 1.5475
v -2.0773 -7.9937 1.5522
v -2.0293 -7.9987 1.5486
v -2.0011 -8.0428 1.5637
v -2.0749 -7.9998 1.5592
v -2.1009 -8.0289 1.5673
v -2.0278 -8.0031 1.5548
v -2.0296 -8.0516 1.6094
v -2.0324 -8.0338 1.6187
v -2.0337 -8.0963 1.5215
v -2.0324 -8.0815 1.5687
v -2.0875 -8.0729 1.5725
v -2.0674 -8.0314 1.6185
v -2.0924 -8.0850 1.5322
v -2.0738 -8.0481 1.6083
v -2.0263 -8.0174 1.5982
v -2.0709 -8.0131 1.5977
v -2.0689 -8.0095 1.5734
v -2.0341 -8.0122 1.5710
v -2.0350 -8.0265 1.6141
v -2.0634 -8.0254 1.6150
v -2.1130 -8.0280 1.5354
v -2.0294 -7.9943 1.5384
v -2.0795 -7.9924 1.5453
v -1.9957 -8.0413 1.5186
v -2.0336 -8.1032 1.5030
v -2.0961 -8.0873 1.5155
v -2.0159 -8.0166 1.5735
v -2.0875 -8.0083 1.5764
v -2.0215 -8.0158 1.5797
v -2.0801 -8.0079 1.5832
v -2.0086 -8.0155 1.5453
v -2.0998 -8.0068 1.5532
v -2.0938 -8.0091 1.5655
v -2.0109 -8.0180 1.5599
v -2.0708 -8.0091 1.5847
v -2.0290 -8.0141 1.5837
v -2.0997 -8.0036 1.5428
v -2.0052 -8.0087 1.5294
v -2.0867 -8.0325 1.6004
v -2.0208 -8.0287 1.6071
v -2.0082 -8.0734 1.5272
v -2.1008 -8.0516 1.5715
v -2.0162 -8.0417 1.5992
v -2.0108 -8.0637 1.5685
v -2.0793 -8.0248 1.6080
v -2.1095 -8.0580 1.5418
v -2.0276 -8.0232 1.6083
v -2.0670 -8.0187 1.6092
v -2.0082 -8.0740 1.5114
v -2.1119 -8.0598 1.5288
v -2.0819 -7.9780 1.5264
v -2.0313 -7.9795 1.5181
v -1.9916 -8.0271 1.4877
v -2.1154 -8.0138 1.5149
v -2.0358 -8.0961 1.4769
v -2.0939 -8.0726 1.4872
v -2.0073 -7.9989 1.5026
v -2.1003 -7.9899 1.5224
v -2.0097 -8.0666 1.4823
v -2.1157 -8.0415 1.5021
v -2.0809 -7.9696 1.5148
v -2.0275 -7.9698 1.5028
v -1.9916 -8.0247 1.4758
v -2.1155 -8.0057 1.4988
v -2.0369 -8.0881 1.4611
v -2.0896 -8.0670 1.4697
v -2.0114 -7.9898 1.4885
v -2.1004 -7.9840 1.5085
v -2.0092 -8.0613 1.4646
v -2.1142 -8.0364 1.4869
v -2.0735 -7.9485 1.4863
v -2.0219 -7.9517 1.4752
v -1.9870 -8.0189 1.4628
v -2.1151 -8.0025 1.4849
v -2.0362 -8.0853 1.4505
v -2.0868 -8.0639 1.4610
v -2.0091 -7.9817 1.4711
v -2.0985 -7.9681 1.4853
v -2.0107 -8.0585 1.4568
v -2.1134 -8.0329 1.4746
v -2.0684 -7.9451 1.4457
v -2.0179 -7.9387 1.4412
v -1.9868 -8.0186 1.4465
v -2.1159 -7.9933 1.4570
v -2.0364 -8.0806 1.4421
v -2.0798 -8.0663 1.4476
v -2.0034 -7.9703 1.4522
v -2.0920 -7.9617 1.4466
v -2.0142 -8.0597 1.4462
v -2.1075 -8.0353 1.4528
v -2.0946 -8.0833 1.5055
v -2.1133 -8.0530 1.5156
v -2.1152 -8.0220 1.5264
v -2.0816 -7.9837 1.5362
v -2.0345 -8.1010 1.4934
v -2.0327 -7.9868 1.5282
v -2.0071 -8.0036 1.5159
v -1.9919 -8.0343 1.5060
v -2.1010 -7.9982 1.5338
v -2.0099 -8.0740 1.4994
v -2.0622 -8.0970 1.4760
v -2.0626 -8.1033 1.4920
v -2.0633 -8.1062 1.5038
v -2.0494 -8.0106 1.5858
v -2.0620 -8.1004 1.5208
v -2.0549 -7.9749 1.5254
v -2.0548 -7.9666 1.5115
v -2.0477 -7.9439 1.4804
v -2.0573 -8.0847 1.5718
v -2.0534 -8.0540 1.6125
v -2.0528 -7.9956 1.5565
v -2.0537 -7.9910 1.5501
v -2.0547 -7.9893 1.5446
v -2.0426 -7.9384 1.4425
v -2.0498 -8.0369 1.6216
v -2.0596 -8.0895 1.4581
v -2.0478 -8.0269 1.6157
v -2.0473 -8.0219 1.6085
v -2.0470 -8.0138 1.5999
v -2.0499 -8.0097 1.5717
v -2.0506 -8.0081 1.5649
v -2.0513 -8.0052 1.5604
v -2.0552 -7.9833 1.5328
v -2.0582 -8.0853 1.4515
v -2.0567 -8.0831 1.4394
v -2.0325 -7.9153 1.3400
v -2.0363 -8.0812 1.4380
v -2.0486 -8.0897 1.4308
v -1.2780 -8.0426 1.4388
v -1.2917 -7.9772 1.4369
v -2.1406 -8.0073 1.2984
v -2.0963 -7.9533 1.2680
v -2.0531 -7.9163 1.2546
v -1.3411 -7.9260 1.4333
v -1.4099 -7.8594 1.4365
v -1.4974 -7.8607 1.4571
v -1.5804 -7.8794 1.4472
v -1.6367 -7.8813 1.4414
v -1.6986 -7.8763 1.4282
v -1.7472 -7.8882 1.4199
v -1.7920 -7.8927 1.4076
v -1.8306 -7.8916 1.3837
v -1.8725 -7.8905 1.3545
v -1.9091 -7.8856 1.3243
v -1.9398 -7.8869 1.2977
v -2.1156 -8.0655 1.3165
v -2.0606 -8.1101 1.3440
v -1.2954 -8.0875 1.4648
v -1.3651 -8.1401 1.4759
v -1.4802 -8.1489 1.4779
v -1.5752 -8.1424 1.4888
v -1.6547 -8.1343 1.4891
v -2.0051 -8.1272 1.3654
v -1.9550 -8.1306 1.3891
v -1.9092 -8.1248 1.4154
v -1.8623 -8.1203 1.4444
v -1.8051 -8.1207 1.4612
v -1.7307 -8.1264 1.4792
v -1.9758 -7.8885 1.2749
v -2.0148 -7.8948 1.2561
v -1.5480 -8.1304 0.3538
v -0.7518 -2.0579 1.2613
v -0.5788 -2.2228 1.0596
v -0.4875 -2.3411 0.7934
v -0.4646 -2.4149 0.5585
v -0.4877 -2.4524 0.3691
v -0.5458 -2.4471 0.2014
v -0.6440 -2.4117 0.0410
v -0.7709 -2.3256 -0.0734
v -0.9540 -2.1846 -0.1610
v -1.2117 -2.0952 -0.1727
v -1.4387 -2.0259 -0.0903
v -1.6415 -1.9569 0.0303
v -1.7837 -1.8733 0.2417
v -1.8183 -1.8084 0.4992
v -1.7636 -1.7524 0.7491
v -1.6554 -1.7234 0.9503
v -1.5402 -1.7249 1.1094
v -1.4091 -1.7401 1.2427
v -1.2303 -1.7924 1.3417
v -0.9992 -1.8786 1.3525
v 0.0741 5.8654 0.8570
v 0.1495 5.8828 0.8559
v 0.2135 5.9024 0.8537
v 0.0797 5.7320 0.5346
v 0.1697 5.7893 0.5514
v 0.2452 5.8327 0.5912
v 0.0649 5.8486 0.4628
v 0.1129 5.8640 0.4569
v 0.1663 5.8992 0.4617
v 0.0568 5.6750 1.1457
v 0.1256 5.6812 1.1328
v 0.4056 5.8253 0.8399
v 0.3108 5.7485 0.9378
v 0.0590 5.6728 1.0694
v 0.1264 5.6820 1.0471
v 0.4469 5.8519 0.4860
v 0.4587 5.8888 0.4205
v 0.4296 5.7428 0.4284
v 0.4431 5.7788 0.3662
v 0.4304 5.6307 0.3738
v 0.4392 5.6665 0.3148
v 0.4359 5.5351 0.3403
v 0.4447 5.5705 0.2746
v 0.4512 5.4332 0.3076
v 0.4628 5.4682 0.2347
v 0.4931 5.3212 0.2665
v 0.5050 5.3552 0.1917
v 0.4193 5.8493 0.6362
v 0.4464 5.8953 0.5910
v 0.3907 5.7759 0.5825
v 0.4262 5.8133 0.5398
v 0.3819 5.6730 0.5286
v 0.4125 5.7067 0.4830
v 0.3846 5.5519 0.4764
v 0.4112 5.5902 0.4323
v 0.3987 5.4582 0.4472
v 0.4198 5.4958 0.4031
v 0.4179 5.3633 0.4155
v 0.4362 5.3961 0.3697
v 0.4639 5.2573 0.3756
v 0.4818 5.2870 0.3305
v 0.3884 5.8093 0.6782
v 0.3511 5.5170 0.5189
v 0.3685 5.4231 0.4887
v 0.3912 5.3304 0.4542
v 0.4351 5.2250 0.4204
v 0.0529 5.6704 0.8544
v 0.1138 5.6766 0.8440
v 0.2745 5.7194 0.7845
v 0.0500 5.6194 0.7880
v 0.1016 5.6220 0.7773
v 0.2464 5.6553 0.7125
v 0.0498 5.5252 0.7391
v 0.0995 5.5273 0.7258
v 0.2314 5.5586 0.6581
v 0.0513 5.4269 0.7017
v 0.1932 5.4326 0.6386
v 0.1003 5.4267 0.6865
v 0.1792 5.1364 0.6061
v 0.2371 5.4456 0.6128
v 0.0516 5.3310 0.6707
v 0.2006 5.3411 0.6208
v 0.1023 5.3319 0.6593
v 0.1588 5.2395 0.6238
v 0.2481 5.3530 0.5943
v 0.0509 5.2356 0.6415
v 0.2131 5.2470 0.6037
v 0.1051 5.2376 0.6354
v 0.1522 5.3333 0.6423
v 0.2645 5.2602 0.5737
v 0.0562 5.1320 0.6194
v 0.2399 5.1430 0.5792
v 0.1167 5.1341 0.6182
v 0.1481 5.4287 0.6671
v 0.2946 5.1563 0.5433
v 0.4598 5.9562 0.3379
v 0.4482 5.8120 0.2914
v 0.4473 5.6988 0.2505
v 0.4535 5.5992 0.2124
v 0.4719 5.4971 0.1703
v 0.5171 5.3827 0.1263
v 0.4248 5.8479 0.2103
v 0.4282 5.7241 0.1762
v 0.4404 5.6240 0.1435
v 0.4635 5.5184 0.1031
v 0.5140 5.4045 0.0657
v 0.3838 5.8753 0.1137
v 0.3934 5.7400 0.0940
v 0.4133 5.6384 0.0682
v 0.4430 5.5334 0.0405
v 0.4993 5.4231 0.0092
v 0.3325 5.8881 0.0463
v 0.3445 5.7372 0.0285
v 0.3714 5.6459 0.0042
v 0.4087 5.5390 -0.0254
v 0.4684 5.4331 -0.0576
v 0.2768 5.8893 0.0077
v 0.2863 5.7383 -0.0165
v 0.3148 5.6413 -0.0442
v 0.3563 5.5317 -0.0871
v 0.4247 5.4281 -0.1290
v 0.2086 5.8931 -0.0344
v 0.2132 5.7398 -0.0549
v 0.2389 5.6336 -0.0867
v 0.2804 5.5082 -0.1463
v 0.3294 5.3896 -0.1969
v 0.3196 5.7578 1.0043
v 0.4214 5.8418 0.9079
v 0.1955 5.6999 1.0153
v 0.1978 5.7032 1.1511
v 0.4242 5.8700 0.9811
v 0.2594 5.7366 1.1047
v 0.3171 5.7729 1.0605
v 0.1295 5.6826 1.1776
v 0.0599 5.6774 1.1923
v 0.2567 5.7227 0.9774
v 0.1964 5.6984 1.0993
v 0.2613 5.7271 1.0515
v 0.2266 5.7008 0.8042
v 0.2028 5.6377 0.7378
v 0.1527 5.6278 0.7601
v 0.1724 5.6868 0.8239
v 0.3566 5.7768 0.7156
v 0.3180 5.4877 0.5531
v 0.3356 5.3932 0.5267
v 0.3599 5.3019 0.4907
v 0.4001 5.1965 0.4615
v 0.0570 5.6763 0.9683
v 0.1237 5.6849 0.9478
v 0.1894 5.6996 0.9182
v 0.2455 5.7162 0.8931
v 0.2960 5.7407 0.8612
v 0.4198 5.8514 0.7277
v 0.3834 5.8093 0.7742
v 0.1040 5.3453 -0.2380
v 0.0633 5.8888 -0.0894
v 0.0742 5.6273 -0.1374
v 0.0644 5.7492 -0.1074
v 0.0886 5.4893 -0.1809
v 0.3567 5.7395 0.6220
v 0.3244 5.7095 0.6543
v 0.3458 5.6383 0.5685
v 0.3111 5.6087 0.5992
v 0.1912 5.5405 0.6834
v 0.1466 5.5302 0.7070
v 0.1747 5.4897 -0.1764
v 0.1352 5.7427 -0.0908
v 0.2043 5.3536 -0.2280
v 0.1464 5.6289 -0.1234
v 0.1359 5.8930 -0.0747
v 2.0429 4.6228 0.2299
v 1.8815 4.5496 0.5497
v 1.7210 4.4594 0.6488
v 1.4775 4.3387 0.7707
v 1.3949 4.2665 0.8318
v 1.3446 4.1919 0.9055
v 1.2986 4.1049 0.9591
v 1.2530 4.0126 1.0153
v 1.2257 3.9043 1.0769
v 1.2194 3.7907 1.1336
v 1.5557 4.6000 0.6366
v 1.7407 4.6940 0.5415
v 1.8768 4.7756 0.2637
v 1.3158 4.4902 0.7569
v 1.2243 4.4212 0.8251
v 1.1609 4.3423 0.9034
v 1.1144 4.2548 0.9779
v 1.0831 4.1577 1.0506
v 1.0782 4.0494 1.1413
v 1.0903 3.9287 1.2186
v 1.3792 4.7447 0.5909
v 1.5633 4.8233 0.5128
v 1.6916 4.8938 0.2847
v 1.1126 4.6246 0.7100
v 0.9996 4.5690 0.7695
v 0.9442 4.4949 0.8498
v 0.9025 4.3999 0.9451
v 0.8795 4.2867 1.0373
v 0.8791 4.1674 1.1274
v 0.9059 4.0316 1.2279
v 1.0965 4.8195 0.5220
v 1.2307 4.8733 0.4570
v 1.4049 4.9738 0.2962
v 0.8651 4.7278 0.6496
v 0.7116 4.6843 0.7253
v 0.7019 4.5775 0.8197
v 0.6743 4.4862 0.9125
v 0.6689 4.3572 1.0272
v 0.6739 4.2275 1.1214
v 0.6979 4.0816 1.2312
v 0.8606 4.8736 0.4843
v 0.9400 4.9029 0.4254
v 1.0800 4.9877 0.2925
v 0.6586 4.8210 0.6160
v 0.5307 4.8098 0.6889
v 2.3817 4.1282 0.2450
v 2.2464 4.0493 0.5530
v 2.0856 3.9919 0.6317
v 1.8023 3.9065 0.6233
v 1.6271 3.9129 0.5688
v 1.5088 3.8822 0.5549
v 1.4582 3.8462 0.5202
v 1.4272 3.7531 0.4906
v 1.3952 3.6189 0.4852
v 1.3673 3.5124 0.5112
v 2.5220 3.9180 0.2754
v 2.3741 3.8502 0.5441
v 2.2386 3.7905 0.6217
v 1.9768 3.6718 0.5744
v 1.8553 3.6363 0.4280
v 1.7929 3.6229 0.2748
v 1.4855 3.8162 0.2342
v 1.4580 3.7166 0.1668
v 1.4221 3.6160 0.1339
v 1.3874 3.5100 0.1511
v 2.5958 3.8029 0.2917
v 2.4634 3.7533 0.5589
v 2.3149 3.6870 0.6147
v 2.0580 3.5744 0.5628
v 1.9427 3.5398 0.4174
v 1.9087 3.4960 0.2449
v 2.1702 4.4451 0.2230
v 2.0000 4.3771 0.5601
v 1.8465 4.3018 0.6412
v 1.6127 4.1647 0.7264
v 1.5085 4.1005 0.7800
v 1.4504 4.0371 0.8151
v 1.3898 3.9661 0.8294
v 1.3448 3.8773 0.8511
v 1.3097 3.7655 0.8950
v 1.2905 3.6485 0.9437
v 2.4518 4.0227 0.2567
v 2.3131 3.9467 0.5513
v 2.1726 3.8782 0.6293
v 1.8864 3.7847 0.5983
v 1.7148 3.8098 0.4854
v 1.5206 3.8540 0.4168
v 1.4786 3.8185 0.3556
v 1.4456 3.7130 0.3017
v 1.4201 3.6012 0.2785
v 1.3925 3.4891 0.3179
v 1.9879 4.6057 0.4038
v 1.8364 4.7533 0.4086
v 1.6596 4.8717 0.4124
v 1.3494 4.9409 0.3807
v 1.0178 4.9434 0.3558
v 2.3371 4.0938 0.3924
v 2.4706 3.8936 0.4068
v 2.5517 3.7866 0.4311
v 2.1170 4.4224 0.3887
v 2.4037 3.9906 0.3949
v 0.2919 5.0271 0.5852
v 0.2195 5.0265 0.6194
v 0.4726 5.0586 0.4467
v 0.5164 5.0872 0.3973
v 0.5552 5.1203 0.3455
v 0.3285 5.0761 -0.3783
v 0.1601 5.0531 -0.3658
v 0.5036 5.1051 -0.3779
v 0.6814 5.1303 -0.3614
v 0.8408 5.1218 -0.3231
v 0.4591 4.7083 0.8009
v 0.1376 4.0410 1.2230
v 0.1348 4.2055 1.1453
v 0.2326 4.8154 0.7711
v 0.1250 4.3640 1.0654
v 0.1337 4.4926 0.9944
v 0.9656 5.1074 -0.2646
v 1.0438 5.0903 -0.1438
v 1.0831 5.0756 -0.0406
v 1.1018 5.0631 0.0680
v 1.1023 5.0359 0.1861
v 0.7914 5.0693 0.1860
v 0.7988 5.1022 0.0875
v 0.7964 5.1305 0.0252
v 0.7846 5.1630 -0.0497
v 0.7619 5.1948 -0.1400
v 0.6976 5.2193 -0.2166
v 0.6018 5.2295 -0.2818
v 0.4511 5.1986 -0.3177
v 0.1342 5.1430 -0.3194
v 0.2873 5.1658 -0.3228
v 0.2403 5.2512 -0.2744
v 0.1197 5.2351 -0.2804
v 0.3931 5.2897 -0.2574
v 0.5197 5.3315 -0.2016
v 0.5629 5.3245 -0.1166
v 0.6007 5.2995 -0.0494
v 0.6162 5.2723 0.0140
v 0.1326 4.6036 0.9271
v 0.6166 5.2449 0.0783
v 0.6077 5.2233 0.1415
v 0.5895 5.1956 0.2201
v 0.2898 4.6097 0.9096
v 0.2934 4.5015 0.9791
v 0.2727 4.7107 0.8451
v 0.3756 4.8167 0.7449
v 0.1444 5.0256 0.6359
v 0.3597 5.0305 0.5410
v 0.5790 5.1549 0.2938
v 0.4747 4.9176 0.5766
v 0.1838 4.9187 0.6912
v 0.3838 4.9180 0.6309
v 0.2842 4.9202 0.6713
v 0.6195 4.9366 0.4579
v 0.6758 4.9607 0.3991
v 0.7318 4.9974 0.3346
v 0.7706 5.0363 0.2798
v 0.0688 5.0229 0.6368
v 0.0883 4.9154 0.6912
v 0.1085 4.8113 0.7747
v 0.1242 4.7079 0.8586
v 0.2900 4.3704 1.0616
v 0.2948 4.2182 1.1505
v 0.3083 4.0413 1.2104
v 0.5001 4.0655 1.2116
v 0.4764 4.2318 1.1425
v 0.4700 4.3780 1.0417
v 0.4734 4.5096 0.9422
v 0.4775 4.6106 0.8659
v 0.3513 4.9632 -0.4411
v 0.1747 4.9353 -0.4202
v 0.5387 4.9949 -0.4403
v 0.7340 5.0122 -0.4294
v 0.9467 5.0278 -0.3972
v 1.1294 5.0201 -0.3133
v 1.2556 5.0208 -0.2224
v 1.3785 5.0208 -0.0925
v 1.4299 5.0058 0.0452
v 1.4290 4.9905 0.1693
v 0.3659 4.8373 -0.5079
v 0.1806 4.8064 -0.4621
v 0.5711 4.8565 -0.5137
v 0.7795 4.8800 -0.5004
v 0.9974 4.8922 -0.4705
v 1.2161 4.8986 -0.3640
v 1.3987 4.9176 -0.2594
v 1.5403 4.9198 -0.1297
v 1.6425 4.9097 0.0060
v 1.6786 4.8995 0.1439
v 1.3210 4.7164 -0.4060
v 1.2562 4.5566 -0.4767
v 1.2054 4.4146 -0.5126
v 1.0837 4.0158 -0.4928
v 1.0492 3.8724 -0.4652
v 1.0083 3.7180 -0.4408
v 1.0096 4.7279 -0.5301
v 1.0010 4.5746 -0.5687
v 0.9694 4.4485 -0.5942
v 0.8855 4.0649 -0.5893
v 0.8557 3.9132 -0.5683
v 0.8153 3.7374 -0.5297
v 0.8001 4.7232 -0.5664
v 0.8034 4.5806 -0.6063
v 0.7712 4.4394 -0.6254
v 0.6937 4.0551 -0.6182
v 0.6669 3.9061 -0.5942
v 0.6279 3.7488 -0.5608
v 0.5929 4.7175 -0.5780
v 0.6016 4.5585 -0.6332
v 0.5840 4.4158 -0.6415
v 0.5193 4.0294 -0.6155
v 0.4956 3.8869 -0.5949
v 0.4733 3.7283 -0.5621
v 0.3678 4.6856 -0.5620
v 0.3724 4.5388 -0.5914
v 0.3677 4.3931 -0.5959
v 0.3503 4.0074 -0.5883
v 0.3272 3.8663 -0.5634
v 0.3187 3.7000 -0.5240
v 0.1858 4.6684 -0.4930
v 0.1800 4.5203 -0.5120
v 0.1837 4.3743 -0.5270
v 0.1769 4.0110 -0.5248
v 0.1768 3.8622 -0.5066
v 0.1703 3.6922 -0.4774
v 1.5554 4.7785 -0.2921
v 1.7035 4.7937 -0.1674
v 1.8086 4.7913 -0.0259
v 1.8630 4.7901 0.0964
v 1.7235 4.6337 -0.3128
v 1.8489 4.6584 -0.2027
v 1.9652 4.6520 -0.0854
v 2.0340 4.6424 0.0594
v 1.5778 4.5782 -0.4130
v 1.4755 4.4763 -0.4554
v 1.5463 4.2451 -0.4287
v 1.3484 3.8698 -0.2843
v 1.2569 3.7715 -0.2667
v 1.2090 3.6436 -0.2625
v 1.9063 4.4536 -0.3055
v 2.0169 4.4774 -0.2264
v 2.1103 4.4864 -0.1082
v 2.1637 4.4616 0.0529
v 1.7601 4.4390 -0.3885
v 1.6446 4.3723 -0.4270
v 1.4003 4.3453 -0.4656
v 1.4182 3.7715 -0.1107
v 1.3693 3.7008 -0.1534
v 1.3247 3.5878 -0.1584
v 2.1082 4.1333 -0.2380
v 2.2302 4.1488 -0.1656
v 2.3218 4.1559 -0.0531
v 2.3756 4.1502 0.0889
v 1.9855 4.1036 -0.2803
v 1.8729 4.0598 -0.2853
v 1.5923 3.8119 -0.0866
v 1.5552 3.8168 0.0089
v 1.4442 3.7202 0.0392
v 1.4174 3.6327 -0.0084
v 2.1734 4.0098 -0.1966
v 2.2960 4.0312 -0.1435
v 2.3909 4.0409 -0.0344
v 2.4459 4.0382 0.1038
v 2.0542 3.9746 -0.2412
v 1.9506 3.9312 -0.2483
v 1.6631 3.7406 -0.0818
v 1.6382 3.7514 0.0158
v 1.6409 3.7753 0.1615
v 2.2382 3.8889 -0.1837
v 2.3530 3.9207 -0.1313
v 2.4560 3.9302 -0.0234
v 2.5120 3.9269 0.1154
v 2.1194 3.8509 -0.2071
v 2.0176 3.8117 -0.2108
v 1.7711 3.6174 -0.0748
v 1.7607 3.6028 0.0195
v 1.7675 3.6054 0.1327
v 1.5346 3.8309 0.2591
v 2.3238 3.7478 -0.1606
v 2.4365 3.7832 -0.1054
v 2.5339 3.8072 -0.0036
v 2.5874 3.8093 0.1378
v 2.2194 3.7047 -0.1937
v 2.1307 3.6661 -0.1845
v 1.8977 3.5000 -0.0653
v 1.8782 3.4979 0.0169
v 1.8811 3.4884 0.1269
v 1.6694 3.7742 0.3022
v 1.5544 3.8082 0.1363
v 1.4844 3.8197 0.1136
v 1.4734 3.8515 -0.1875
v 1.7963 4.1866 -0.3454
v 1.4792 3.8232 -0.0362
v 2.2298 4.2981 -0.0788
v 2.2833 4.2853 0.0695
v 2.1446 4.2914 -0.1978
v 2.0259 4.2783 -0.2714
v 1.9131 4.2430 -0.3348
v 1.9868 4.1143 0.6228
v 2.1474 4.1864 0.5601
v 2.2908 4.2628 0.2328
v 1.4397 3.8835 0.6739
v 1.4870 3.9390 0.6773
v 1.5806 3.9832 0.6810
v 1.7092 4.0182 0.6643
v 2.2468 4.2303 0.3875
v 1.3268 3.5733 0.7395
v 1.3423 3.6744 0.6943
v 1.3881 3.7965 0.6781
v 1.7559 3.9972 -0.2777
v 1.8595 3.8784 -0.2312
v 1.9488 3.7548 -0.1921
v 2.0483 3.6311 -0.1741
v 1.6651 4.1266 -0.3686
v 1.3895 3.5438 0.0001
v 1.1198 3.6740 -0.3437
v 1.1860 3.8423 -0.3632
v 1.2440 3.9480 -0.3754
v 2.6838 3.6706 0.3151
v 2.5562 3.6127 0.5625
v 2.4377 3.5471 0.6035
v 2.1869 3.4226 0.5393
v 2.0810 3.3901 0.4127
v 2.0272 3.3683 0.2512
v 2.6505 3.6522 0.4625
v 2.4340 3.5977 -0.1507
v 2.5351 3.6445 -0.0867
v 2.6291 3.6702 0.0259
v 2.6777 3.6773 0.1684
v 2.3395 3.5514 -0.1899
v 2.2569 3.5113 -0.1878
v 2.0075 3.3850 -0.0627
v 1.9822 3.3786 0.0187
v 1.9860 3.3715 0.1228
v 2.1806 3.4706 -0.1827
v 2.7886 3.5345 0.3341
v 2.6665 3.4621 0.5815
v 2.5547 3.3783 0.6193
v 2.3241 3.2816 0.5295
v 2.2533 3.2392 0.4020
v 2.1863 3.2100 0.2357
v 2.7550 3.5105 0.4876
v 2.5626 3.4423 -0.1554
v 2.6594 3.4911 -0.0823
v 2.7474 3.5281 0.0361
v 2.7880 3.5387 0.1850
v 2.4736 3.3966 -0.1953
v 2.3949 3.3568 -0.1943
v 2.1602 3.2171 -0.0674
v 2.1467 3.2073 0.0112
v 2.1425 3.1951 0.1025
v 2.3176 3.3169 -0.1881
v 2.8913 3.4081 0.3542
v 2.7754 3.3016 0.5858
v 2.6811 3.2094 0.6197
v 2.4682 3.1137 0.5110
v 2.3797 3.1009 0.3898
v 2.3229 3.0713 0.2419
v 2.8624 3.3773 0.4958
v 2.6995 3.3013 -0.1451
v 2.7801 3.3496 -0.0700
v 2.8663 3.3851 0.0512
v 2.8989 3.4016 0.2092
v 2.6157 3.2516 -0.1905
v 2.5408 3.2139 -0.1919
v 2.3159 3.0863 -0.0596
v 2.2966 3.0687 0.0100
v 2.2890 3.0526 0.1038
v 2.4643 3.1735 -0.1866
v 2.9867 3.2898 0.3721
v 2.8559 3.1742 0.5907
v 2.7672 3.0980 0.6105
v 2.5881 2.9649 0.5023
v 2.5139 2.9362 0.3795
v 2.4462 2.9229 0.2376
v 2.9464 3.2567 0.5013
v 2.8339 3.1741 -0.1212
v 2.9014 3.2234 -0.0384
v 2.9757 3.2641 0.0906
v 2.9961 3.2798 0.2357
v 2.7596 3.1256 -0.1708
v 2.6882 3.0838 -0.1847
v 2.4380 2.9513 -0.0657
v 2.4170 2.9337 -0.0017
v 2.4045 2.9133 0.0985
v 2.6047 3.0444 -0.1807
v 1.0397 3.4824 1.5249
v 1.0163 3.4791 1.5312
v 0.9944 3.4704 1.5367
v 0.9747 3.4603 1.5462
v 0.9635 3.4351 1.5557
v 0.9618 3.4022 1.5589
v 0.9659 3.3671 1.5545
v 0.9774 3.3393 1.5418
v 0.9978 3.3230 1.5237
v 1.0210 3.3199 1.5066
v 1.0449 3.3305 1.4944
v 1.0651 3.3530 1.4905
v 1.0782 3.3843 1.4928
v 1.0835 3.4178 1.4993
v 1.0770 3.4516 1.5098
v 1.0613 3.4751 1.5180
v 1.0494 3.4464 1.5718
v 1.0400 3.4420 1.5776
v 1.0309 3.4340 1.5803
v 1.0222 3.4265 1.5835
v 1.0160 3.4145 1.5848
v 1.0145 3.4021 1.5821
v 1.0116 3.3891 1.5804
v 1.0141 3.3771 1.5767
v 1.0246 3.3710 1.5698
v 1.0346 3.3733 1.5650
v 1.0460 3.3779 1.5609
v 1.0547 3.3869 1.5593
v 1.0606 3.3969 1.5583
v 1.0662 3.4103 1.5583
v 1.0644 3.4258 1.5602
v 1.0590 3.4393 1.5653
v 1.0344 3.5371 1.4928
v 0.9945 3.5356 1.5071
v 0.9549 3.5160 1.5249
v 0.9244 3.4929 1.5403
v 0.9023 3.4551 1.5607
v 0.9013 3.3973 1.5666
v 0.9124 3.3394 1.5531
v 0.9361 3.2917 1.5294
v 0.9718 3.2625 1.5009
v 1.0118 3.2553 1.4718
v 1.0553 3.2705 1.4486
v 1.0869 3.3076 1.4430
v 1.1069 3.3612 1.4451
v 1.1130 3.4199 1.4511
v 1.1017 3.4798 1.4637
v 1.0738 3.5216 1.4782
v 1.0323 3.5808 1.4713
v 0.9655 3.5727 1.4911
v 0.9016 3.5470 1.5123
v 0.8525 3.5119 1.5402
v 0.8243 3.4654 1.5704
v 0.8212 3.3849 1.5763
v 0.8426 3.3026 1.5590
v 0.8858 3.2399 1.5205
v 0.9439 3.2069 1.4760
v 1.0065 3.2022 1.4357
v 1.0676 3.2283 1.4086
v 1.1160 3.2797 1.3974
v 1.1443 3.3506 1.3992
v 1.1496 3.4310 1.4113
v 1.1296 3.4976 1.4267
v 1.0898 3.5570 1.4503
v 0.9996 3.7044 1.3990
v 0.8614 3.7063 1.4233
v 0.7273 3.6773 1.4441
v 0.6250 3.6288 1.4783
v 0.5747 3.5200 1.5321
v 0.5803 3.3764 1.5634
v 0.6411 3.2342 1.5326
v 0.7408 3.1401 1.4541
v 0.8550 3.0747 1.3774
v 0.9795 3.0689 1.2990
v 1.0961 3.1145 1.2434
v 1.1880 3.2087 1.2129
v 1.2379 3.3346 1.2191
v 1.2392 3.4705 1.2710
v 1.1912 3.5849 1.3255
v 1.1087 3.6656 1.3669
v 0.9810 3.7920 1.3558
v 0.8079 3.8023 1.3695
v 0.6367 3.7800 1.3782
v 0.4972 3.7121 1.4151
v 0.4354 3.5611 1.4771
v 0.4264 3.3928 1.5076
v 0.5054 3.2106 1.4565
v 0.6382 3.0802 1.3852
v 0.7751 3.0171 1.2912
v 0.9246 3.0134 1.2004
v 1.0721 3.0650 1.1267
v 1.1923 3.1824 1.0854
v 1.2556 3.3307 1.0900
v 1.2666 3.4837 1.1589
v 1.2092 3.6407 1.2581
v 1.1129 3.7357 1.3233
v 0.9512 3.9027 1.3031
v 0.7496 3.9295 1.3080
v 0.5531 3.8994 1.3151
v 0.3466 3.8406 1.3148
v 0.2736 3.6263 1.3745
v 0.2736 3.4054 1.3641
v 0.3164 3.1745 1.4194
v 0.5110 3.0189 1.3917
v 0.7343 2.9448 1.2882
v 0.8974 2.9415 1.1936
v 1.0498 2.9949 1.0524
v 1.1812 3.1682 0.9550
v 1.2508 3.3316 0.9363
v 1.2727 3.5196 1.0016
v 1.2178 3.6931 1.1922
v 1.1082 3.8213 1.2782
v 1.1025 3.6052 1.4136
v 1.1596 3.5354 1.3844
v 0.9997 3.1405 1.3849
v 0.9090 3.1447 1.4403
v 1.0199 3.6345 1.4395
v 1.0855 3.1772 1.3496
v 0.9187 3.6294 1.4628
v 1.1513 3.2477 1.3332
v 0.7104 3.3786 1.5776
v 0.7086 3.4856 1.5562
v 0.8193 3.6003 1.4893
v 1.1898 3.3439 1.3348
v 0.7493 3.2670 1.5566
v 0.7453 3.5574 1.5191
v 1.1922 3.4493 1.3580
v 0.8228 3.1858 1.5021
v 0.1422 3.8522 1.2757
v 0.1349 3.6290 1.3444
v 0.1288 3.4387 1.3865
v 0.1321 3.2360 1.4165
v 4.3999 0.9097 2.7159
v 4.4887 0.8279 2.6234
v 4.5130 0.8763 2.6709
v 4.4647 0.9201 2.7130
v 4.4648 1.0196 2.6224
v 4.5235 0.9745 2.5708
v 4.5043 0.9143 2.5300
v 4.4051 1.0019 2.6311
v 4.3839 1.0667 2.5488
v 4.4859 0.9828 2.4360
v 4.5022 1.0331 2.4787
v 4.4510 1.1077 2.4978
v 4.4971 1.0628 2.4354
v 4.4723 0.9795 2.3895
v 4.3734 1.1026 2.5060
v 4.4535 1.0740 2.5415
v 4.3824 0.9920 2.6267
v 4.3793 0.8953 2.7079
v 4.4462 0.9658 2.3691
v 4.4581 0.9660 2.4281
v 4.4669 0.8918 2.5181
v 4.4628 0.8144 2.6091
v 4.3409 1.0814 2.4929
v 4.3574 1.0508 2.5402
v 4.4194 0.7280 2.8850
v 4.4607 0.7747 2.8429
v 4.4166 0.6889 2.9065
v 4.5045 0.6732 2.8276
v 4.5017 0.6416 2.8498
v 4.4491 0.6295 2.9018
v 4.5025 0.7448 2.8114
v 4.4863 0.7675 2.8274
v 4.4624 0.6373 2.9050
v 4.4809 0.7572 2.8311
v 4.4309 0.6852 2.9130
v 4.5019 0.6422 2.8625
v 4.4947 0.7324 2.8170
v 4.5004 0.6710 2.8408
v 4.4305 0.7195 2.8916
v 4.4990 0.9073 2.6977
v 4.5097 1.0052 2.5983
v 4.4842 1.0910 2.4719
v 4.4899 1.0610 2.5158
v 4.4547 0.7607 2.8479
v 4.3730 0.8314 2.6304
v 4.3810 0.9054 2.5603
v 4.3530 1.0066 2.3954
v 4.3557 0.9711 2.4584
v 4.4623 0.7913 2.8330
v 4.4060 0.7523 2.8589
v 4.4969 0.6789 2.7947
v 4.5057 0.7530 2.8028
v 4.4846 0.6491 2.8083
v 4.3971 0.7281 2.8687
v 4.4897 0.7803 2.8182
v 4.4096 0.6298 2.8720
v 4.3853 0.7014 2.7774
v 4.4946 0.8093 2.7956
v 4.3823 0.7831 2.8092
v 4.4638 0.7015 2.7352
v 4.5087 0.7826 2.7751
v 4.4870 0.7210 2.7372
v 4.3918 0.7988 2.8101
v 4.4594 0.8201 2.8120
v 4.4931 0.9649 2.4696
v 4.5044 1.0132 2.5147
v 4.4543 1.0567 2.5649
v 4.4628 0.9450 2.4641
v 4.3692 1.0315 2.5709
v 4.3914 1.0457 2.5756
v 4.4956 1.0448 2.5439
v 4.3633 0.9452 2.5008
v 4.5093 0.9858 2.6185
v 4.4660 0.8811 2.5328
v 4.5314 0.9514 2.5861
v 4.5039 0.9005 2.5432
v 4.3772 0.8810 2.5801
v 4.5082 0.9636 2.6394
v 4.3813 0.9593 2.6549
v 4.4643 0.8690 2.5464
v 4.4606 0.8453 2.7895
v 4.3945 0.8338 2.7778
v 4.4868 0.7606 2.7009
v 4.5125 0.8086 2.7520
v 4.4600 0.7498 2.6913
v 4.3833 0.8257 2.7696
v 4.4957 0.8336 2.7750
v 4.3865 0.7645 2.7170
v 4.3764 0.8679 2.5900
v 4.3793 0.9398 2.6696
v 4.4677 0.9557 2.6866
v 4.3973 0.9467 2.6815
v 4.5289 0.9305 2.6058
v 4.4680 0.9794 2.6663
v 4.5015 0.8856 2.5576
v 4.4027 0.9693 2.6641
v 4.4980 0.8685 2.5778
v 4.5211 0.9090 2.6294
v 4.5063 0.9406 2.6666
v 4.4623 0.8505 2.5651
v 4.3808 1.0039 2.6125
v 4.4022 1.0156 2.6155
v 4.5047 1.0209 2.5784
v 4.3750 0.9125 2.5434
v 4.3786 0.8955 2.5714
v 4.3811 0.9730 2.6419
v 4.4058 0.9864 2.6488
v 4.4654 1.0035 2.6476
v 4.5022 0.9337 2.5068
v 4.5137 0.9899 2.5480
v 4.4620 1.0319 2.6040
v 4.4682 0.9092 2.4967
v 4.4606 0.8727 2.7584
v 4.4904 0.7850 2.6766
v 4.4606 0.7677 2.6692
v 4.4944 0.8606 2.7436
v 4.3864 0.7836 2.6925
v 4.3988 0.8592 2.7577
v 4.5108 0.8352 2.7195
v 4.3844 0.8487 2.7512
v 4.4606 0.8572 2.7763
v 4.4893 0.7717 2.6889
v 4.4614 0.7582 2.6786
v 4.4954 0.8446 2.7627
v 4.3880 0.7764 2.7052
v 4.3973 0.8466 2.7684
v 4.5113 0.8226 2.7386
v 4.3843 0.8359 2.7615
v 4.3898 0.6533 2.8307
v 4.3862 0.7592 2.8311
v 4.5075 0.7652 2.7875
v 4.4704 0.6750 2.7687
v 4.4917 0.6991 2.7645
v 4.4929 0.7944 2.8064
v 4.4610 0.8056 2.8226
v 4.3939 0.7752 2.8308
v 4.3580 0.8522 2.6581
v 4.3613 0.9400 2.5921
v 4.3310 1.0257 2.4397
v 4.3355 0.9979 2.4950
v 4.4299 0.6503 2.9125
v 4.4399 0.6562 2.9186
v 4.3931 0.6614 2.8835
v 4.3717 0.7268 2.7916
v 4.3448 0.9788 2.5365
v 4.3590 0.9140 2.6137
v 4.3565 0.8953 2.6271
v 4.3730 0.7844 2.7368
v 4.3565 0.9487 2.5778
v 4.3610 0.9284 2.6042
v 4.3703 0.8078 2.7120
v 4.3744 0.7996 2.7264
v 4.3768 0.6919 2.8364
v 4.4144 0.7611 2.6879
v 4.4127 0.7688 2.6754
v 4.4174 0.8818 2.5466
v 4.4062 0.9013 2.5158
v 4.4244 0.6420 2.8032
v 4.4017 0.9309 2.4764
v 4.4516 0.6183 2.8459
v 4.4825 0.6290 2.8851
v 4.3912 0.9598 2.4372
v 4.4128 0.7500 2.6997
v 4.4146 0.8679 2.5573
v 4.4148 0.6870 2.7559
v 4.4144 0.8520 2.5697
v 4.3828 0.9726 2.3448
v 4.4144 0.8910 2.5346
v 4.4103 0.8091 2.6121
v 4.4790 0.6208 2.8788
v 4.4720 0.7524 2.8280
v 4.4665 0.6467 2.9060
v 4.4374 0.6812 2.9087
v 4.4917 0.6442 2.8666
v 4.4887 0.7292 2.8181
v 4.4912 0.6689 2.8462
v 4.4336 0.7107 2.8876
v 4.4544 0.7525 2.8453
v 4.4474 0.6605 2.9121
v 4.4859 0.6385 2.8848
v 4.4750 0.6908 2.8778
v 4.4712 0.6654 2.8958
v 4.4616 0.7304 2.7078
v 4.4861 0.7459 2.7144
v 4.3846 0.7449 2.7338
v 4.4597 0.8336 2.7994
v 4.5099 0.7980 2.7626
v 4.4950 0.8223 2.7849
v 4.3812 0.8080 2.7833
v 4.3921 0.8207 2.7883
v 4.3720 0.7604 2.7524
v 4.4114 0.7287 2.7167
v 4.6034 0.6696 2.5788
v 4.6792 0.6103 2.4686
v 4.7027 0.6565 2.5145
v 4.6555 0.6767 2.5725
v 4.6421 0.8217 2.4897
v 4.6974 0.7928 2.4203
v 4.6712 0.7407 2.3673
v 4.5869 0.8061 2.4943
v 4.5279 0.9001 2.4069
v 4.6261 0.8361 2.2853
v 4.6603 0.9054 2.3299
v 4.5788 0.9945 2.3474
v 4.6523 0.9636 2.2694
v 4.5881 0.8957 2.2286
v 4.4840 0.9657 2.3646
v 4.6020 0.9244 2.3927
v 4.5646 0.7973 2.4861
v 4.5812 0.6561 2.5742
v 4.5632 0.8675 2.2170
v 4.5941 0.8138 2.2723
v 4.6446 0.7214 2.3569
v 4.6454 0.5892 2.4560
v 4.4605 0.9499 2.3484
v 4.5026 0.8827 2.3902
v 4.6730 0.4872 2.7128
v 4.6883 0.5250 2.6719
v 4.6760 0.4567 2.7305
v 4.7279 0.4514 2.6261
v 4.7304 0.4095 2.6458
v 4.7057 0.3876 2.7107
v 4.7224 0.5028 2.6221
v 4.7086 0.5241 2.6433
v 4.7163 0.3992 2.7111
v 4.7037 0.5118 2.6468
v 4.6871 0.4544 2.7296
v 4.7325 0.4148 2.6588
v 4.7157 0.4965 2.6296
v 4.7294 0.4457 2.6388
v 4.6776 0.4824 2.7132
v 4.6928 0.6763 2.5452
v 4.6824 0.8154 2.4580
v 4.6309 0.9811 2.3207
v 4.6416 0.9275 2.3662
v 4.6859 0.5133 2.6728
v 4.5730 0.6013 2.5029
v 4.5462 0.7334 2.4095
v 4.4426 0.8704 2.2439
v 4.4974 0.8166 2.3171
v 4.6883 0.5405 2.6652
v 4.6576 0.5073 2.7006
v 4.7247 0.4598 2.6056
v 4.7236 0.5120 2.6145
v 4.7164 0.4233 2.6164
v 4.6494 0.4695 2.7203
v 4.7113 0.5339 2.6388
v 4.6621 0.3787 2.6907
v 4.6060 0.4671 2.6039
v 4.7105 0.5592 2.6239
v 4.6242 0.5416 2.6617
v 4.6792 0.4798 2.5545
v 4.7226 0.5413 2.5957
v 4.7054 0.5014 2.5573
v 4.6411 0.5542 2.6632
v 4.6822 0.5685 2.6490
v 4.6354 0.8158 2.3024
v 4.6688 0.8764 2.3552
v 4.6089 0.8957 2.4168
v 4.6059 0.7909 2.2912
v 4.5183 0.8606 2.4174
v 4.5437 0.8796 2.4275
v 4.6510 0.8959 2.3915
v 4.5081 0.7962 2.3433
v 4.6833 0.7888 2.4770
v 4.6464 0.7058 2.3690
v 4.6979 0.7629 2.4425
v 4.6742 0.7222 2.3841
v 4.5463 0.6978 2.4371
v 4.6835 0.7467 2.5014
v 4.5733 0.7520 2.5207
v 4.6476 0.6784 2.3901
v 4.6721 0.5927 2.6347
v 4.6316 0.5891 2.6379
v 4.6979 0.5358 2.5311
v 4.7182 0.5670 2.5725
v 4.6680 0.5183 2.5201
v 4.6132 0.5826 2.6321
v 4.7082 0.5879 2.6074
v 4.5926 0.5258 2.5615
v 4.5595 0.6468 2.4708
v 4.5739 0.7067 2.5430
v 4.6472 0.7232 2.5416
v 4.5935 0.7138 2.5492
v 4.6967 0.7287 2.4673
v 4.6467 0.7548 2.5208
v 4.6745 0.6957 2.4086
v 4.5941 0.7557 2.5245
v 4.6745 0.6586 2.4349
v 4.6977 0.6978 2.4892
v 4.6867 0.7176 2.5192
v 4.6402 0.6334 2.4229
v 4.5594 0.8119 2.4748
v 4.5816 0.8241 2.4789
v 4.6735 0.8408 2.4386
v 4.5398 0.7449 2.3976
v 4.5463 0.7174 2.4213
v 4.5685 0.7807 2.4980
v 4.5916 0.7869 2.5066
v 4.6421 0.7935 2.5034
v 4.6657 0.7600 2.3528
v 4.6885 0.8160 2.4008
v 4.6317 0.8401 2.4691
v 4.6379 0.7372 2.3439
v 4.6653 0.6296 2.6118
v 4.6921 0.5661 2.5078
v 4.6636 0.5458 2.4967
v 4.7031 0.6269 2.5817
v 4.5939 0.5591 2.5431
v 4.6214 0.6212 2.6151
v 4.7126 0.6053 2.5479
v 4.6050 0.6093 2.6119
v 4.6683 0.6101 2.6247
v 4.6952 0.5509 2.5206
v 4.6660 0.5330 2.5093
v 4.7082 0.6088 2.5939
v 4.5929 0.5425 2.5530
v 4.6266 0.6066 2.6258
v 4.7178 0.5865 2.5592
v 4.6085 0.5966 2.6211
v 4.6220 0.4113 2.6481
v 4.6345 0.5057 2.6899
v 4.7226 0.5209 2.6065
v 4.6962 0.4430 2.5888
v 4.7168 0.4742 2.5838
v 4.7096 0.5403 2.6335
v 4.6850 0.5495 2.6597
v 4.6501 0.5300 2.6834
v 4.5637 0.6158 2.5332
v 4.5425 0.7578 2.4472
v 4.4111 0.9287 2.2895
v 4.4875 0.8435 2.3520
v 4.6893 0.4121 2.7328
v 4.7008 0.4158 2.7298
v 4.6451 0.4085 2.7197
v 4.5958 0.4922 2.6350
v 4.4988 0.8220 2.3808
v 4.5402 0.7216 2.4713
v 4.5483 0.6683 2.5037
v 4.5836 0.5468 2.5943
v 4.5342 0.7718 2.4378
v 4.5413 0.7430 2.4613
v 4.5849 0.5806 2.5741
v 4.5840 0.5621 2.5827
v 4.6116 0.4373 2.6764
v 4.6159 0.5300 2.5277
v 4.6160 0.5457 2.5184
v 4.5745 0.7022 2.3888
v 4.5683 0.7289 2.3674
v 4.6482 0.4102 2.6143
v 4.5420 0.7823 2.3126
v 4.6843 0.3736 2.6558
v 4.7265 0.3954 2.6864
v 4.5280 0.8088 2.2902
v 4.6163 0.5134 2.5363
v 4.5747 0.6767 2.4053
v 4.6318 0.4594 2.5761
v 4.5837 0.6307 2.4405
v 4.5031 0.8680 2.1983
v 4.5759 0.7172 2.3786
v 4.5940 0.5880 2.4764
v 4.7190 0.3825 2.6809
v 4.7003 0.5062 2.6497
v 4.7186 0.4094 2.7089
v 4.6908 0.4441 2.7250
v 4.7298 0.4157 2.6653
v 4.7114 0.4935 2.6309
v 4.7246 0.4442 2.6487
v 4.6836 0.4730 2.7076
v 4.6851 0.5086 2.6708
v 4.7059 0.4177 2.7215
v 4.7237 0.4013 2.6890
v 4.7101 0.4587 2.6795
v 4.7158 0.4320 2.6982
v 4.6718 0.5040 2.5320
v 4.6996 0.5219 2.5414
v 4.5947 0.5059 2.5758
v 4.6772 0.5813 2.6407
v 4.7198 0.5555 2.5830
v 4.7086 0.5731 2.6157
v 4.6198 0.5689 2.6438
v 4.6355 0.5758 2.6481
v 4.5864 0.5272 2.6071
v 4.6186 0.4950 2.5503
v 4.7206 0.6445 2.3252
v 4.7784 0.6008 2.2138
v 4.7989 0.6260 2.2452
v 4.7673 0.6514 2.3071
v 4.7397 0.7831 2.2501
v 4.7752 0.7565 2.1834
v 4.7569 0.7232 2.1459
v 4.6892 0.7695 2.2715
v 4.6333 0.8502 2.2238
v 4.7059 0.8100 2.0836
v 4.7326 0.8624 2.1303
v 4.6660 0.9250 2.1800
v 4.7233 0.9147 2.0968
v 4.6431 0.8507 2.0284
v 4.6020 0.8862 2.1984
v 4.6873 0.8761 2.1971
v 4.6637 0.7550 2.2637
v 4.6934 0.6323 2.3211
v 4.6243 0.8135 2.0262
v 4.6811 0.7841 2.0772
v 4.7306 0.7015 2.1304
v 4.7508 0.5815 2.2002
v 4.5760 0.8643 2.2010
v 4.6130 0.8282 2.2164
v 4.8046 0.4034 2.4467
v 4.8117 0.4574 2.3976
v 4.8011 0.3684 2.4586
v 4.8442 0.3682 2.3516
v 4.8462 0.3369 2.3661
v 4.8151 0.3181 2.4209
v 4.8341 0.4362 2.3455
v 4.8281 0.4568 2.3683
v 4.8328 0.3230 2.4285
v 4.8254 0.4476 2.3722
v 4.8159 0.3625 2.4559
v 4.8537 0.3412 2.3788
v 4.8330 0.4288 2.3520
v 4.8532 0.3633 2.3628
v 4.8135 0.3953 2.4477
v 4.7971 0.6453 2.2769
v 4.7695 0.7756 2.2155
v 4.7059 0.9238 2.1420
v 4.7191 0.8767 2.1674
v 4.8097 0.4473 2.3996
v 4.6730 0.5856 2.2394
v 4.6382 0.6989 2.1763
v 4.5460 0.8225 2.0901
v 4.5867 0.7750 2.1293
v 4.8106 0.4700 2.3932
v 4.7811 0.4236 2.4349
v 4.8334 0.3871 2.3312
v 4.8357 0.4467 2.3393
v 4.8251 0.3586 2.3359
v 4.7700 0.3954 2.4447
v 4.8287 0.4704 2.3636
v 4.7741 0.3293 2.3968
v 4.7200 0.4244 2.3273
v 4.8254 0.5037 2.3444
v 4.7317 0.4791 2.3974
v 4.7897 0.4365 2.2859
v 4.8274 0.4845 2.3176
v 4.8112 0.4533 2.2915
v 4.7530 0.4965 2.3981
v 4.8008 0.5111 2.3703
v 4.7210 0.7900 2.1052
v 4.7429 0.8328 2.1456
v 4.7003 0.8505 2.2088
v 4.6949 0.7678 2.0920
v 4.6273 0.8161 2.2276
v 4.6524 0.8337 2.2368
v 4.7301 0.8517 2.1772
v 4.5972 0.7572 2.1374
v 4.7783 0.7555 2.2254
v 4.7331 0.6860 2.1372
v 4.7842 0.7358 2.1947
v 4.7631 0.7030 2.1532
v 4.6489 0.6760 2.1894
v 4.7803 0.7330 2.2332
v 4.6721 0.7261 2.2796
v 4.7351 0.6681 2.1466
v 4.7923 0.5460 2.3580
v 4.7447 0.5374 2.3767
v 4.7997 0.4993 2.2660
v 4.8231 0.5222 2.2991
v 4.7709 0.4856 2.2560
v 4.7185 0.5274 2.3724
v 4.8197 0.5368 2.3269
v 4.7095 0.4968 2.2888
v 4.6505 0.6651 2.1963
v 4.6743 0.7075 2.2870
v 4.7561 0.7213 2.2740
v 4.6992 0.7183 2.2941
v 4.7851 0.7150 2.2057
v 4.7552 0.7450 2.2649
v 4.7656 0.6841 2.1645
v 4.6970 0.7390 2.2856
v 4.7654 0.6654 2.1740
v 4.7863 0.6929 2.2146
v 4.7832 0.7109 2.2437
v 4.7381 0.6539 2.1536
v 4.6582 0.7717 2.2567
v 4.6837 0.7877 2.2621
v 4.7590 0.7958 2.2070
v 4.6308 0.7079 2.1658
v 4.6441 0.6935 2.1834
v 4.6681 0.7439 2.2699
v 4.6927 0.7562 2.2787
v 4.7492 0.7676 2.2580
v 4.7468 0.7464 2.1369
v 4.7663 0.7763 2.1745
v 4.7290 0.7985 2.2385
v 4.7220 0.7213 2.1219
v 4.7792 0.5849 2.3386
v 4.7927 0.5414 2.2447
v 4.7687 0.5217 2.2357
v 4.8096 0.5802 2.3020
v 4.6958 0.5248 2.2695
v 4.7379 0.5780 2.3572
v 4.8087 0.5666 2.2724
v 4.7115 0.5692 2.3548
v 4.7852 0.5634 2.3496
v 4.7969 0.5193 2.2567
v 4.7705 0.5018 2.2466
v 4.8137 0.5570 2.3166
v 4.7045 0.5075 2.2815
v 4.7423 0.5554 2.3690
v 4.8153 0.5395 2.2860
v 4.7160 0.5458 2.3649
v 4.7406 0.3682 2.3637
v 4.7488 0.4341 2.4197
v 4.8333 0.4656 2.3315
v 4.8105 0.3906 2.3147
v 4.8269 0.4172 2.3138
v 4.8273 0.4860 2.3545
v 4.8064 0.4904 2.3825
v 4.7693 0.4598 2.4177
v 4.6658 0.6003 2.2742
v 4.6347 0.7202 2.2188
v 4.5426 0.8521 2.1526
v 4.5820 0.7917 2.1713
v 4.8023 0.3309 2.4430
v 4.8229 0.3326 2.4447
v 4.7646 0.3456 2.4238
v 4.7100 0.4404 2.3589
v 4.5940 0.7747 2.1799
v 4.6453 0.6957 2.2313
v 4.6455 0.6808 2.2391
v 4.6981 0.5075 2.3240
v 4.6250 0.7304 2.2094
v 4.6415 0.7122 2.2257
v 4.6851 0.5375 2.3028
v 4.6948 0.5214 2.3172
v 4.7311 0.3875 2.3917
v 4.7258 0.5004 2.2573
v 4.7200 0.5148 2.2440
v 4.6723 0.6848 2.1456
v 4.6600 0.7022 2.1325
v 4.7641 0.3612 2.3371
v 4.6305 0.7488 2.1046
v 4.7912 0.3234 2.3691
v 4.8459 0.3185 2.4099
v 4.6184 0.7662 2.0936
v 4.7331 0.4861 2.2654
v 4.6791 0.6711 2.1543
v 4.7438 0.4176 2.3018
v 4.6800 0.6568 2.1629
v 4.5668 0.8146 2.0270
v 4.6679 0.6936 2.1401
v 4.7011 0.5753 2.2073
v 4.8323 0.3136 2.3999
v 4.8172 0.4401 2.3732
v 4.8357 0.3339 2.4257
v 4.8193 0.3693 2.4472
v 4.8526 0.3452 2.3874
v 4.8300 0.4232 2.3556
v 4.8512 0.3664 2.3712
v 4.8150 0.3922 2.4398
v 4.8078 0.4419 2.3998
v 4.8271 0.3403 2.4393
v 4.8437 0.3294 2.4099
v 4.8395 0.3786 2.4097
v 4.8426 0.3608 2.4184
v 4.7754 0.4696 2.2650
v 4.8029 0.4805 2.2752
v 4.7102 0.4746 2.2974
v 4.7966 0.5289 2.3647
v 4.8250 0.5047 2.3082
v 4.8228 0.5205 2.3364
v 4.7220 0.5101 2.3812
v 4.7476 0.5208 2.3862
v 4.6989 0.4876 2.3341
v 4.7368 0.4688 2.2718
v 4.7126 0.6506 2.0553
v 4.7452 0.6189 1.9513
v 4.7744 0.6426 1.9843
v 4.7618 0.6525 2.0288
v 4.7519 0.7548 1.9971
v 4.7661 0.7388 1.9486
v 4.7305 0.6989 1.9174
v 4.6957 0.7418 2.0361
v 4.6650 0.8185 2.0100
v 4.7002 0.7709 1.8859
v 4.7339 0.8182 1.9197
v 4.7058 0.9019 1.9507
v 4.7130 0.8800 1.8981
v 4.6772 0.8130 1.8602
v 4.6506 0.8545 2.0030
v 4.7199 0.8417 1.9678
v 4.6709 0.7284 2.0288
v 4.6910 0.6445 2.0532
v 4.6479 0.7849 1.8620
v 4.6731 0.7513 1.8821
v 4.7024 0.6841 1.9110
v 4.7234 0.6081 1.9443
v 4.6316 0.8216 2.0068
v 4.6418 0.8040 2.0099
v 4.7584 0.4793 2.1080
v 4.7729 0.5038 2.0797
v 4.7575 0.4601 2.1132
v 4.7850 0.4444 2.0335
v 4.7842 0.4276 2.0388
v 4.7750 0.4111 2.0861
v 4.7839 0.4832 2.0403
v 4.7802 0.4987 2.0577
v 4.7843 0.4170 2.0866
v 4.7802 0.4931 2.0601
v 4.7662 0.4574 2.1125
v 4.7898 0.4289 2.0459
v 4.7849 0.4800 2.0407
v 4.7902 0.4443 2.0403
v 4.7674 0.4740 2.1068
v 4.7753 0.6510 2.0084
v 4.7655 0.7515 1.9730
v 4.7177 0.8951 1.9228
v 4.7308 0.8348 1.9436
v 4.7732 0.4980 2.0806
v 4.6678 0.6103 1.9818
v 4.6449 0.6894 1.9581
v 4.6015 0.7884 1.9299
v 4.6185 0.7583 1.9385
v 4.7722 0.5153 2.0767
v 4.7459 0.4953 2.1028
v 4.7785 0.4534 2.0208
v 4.7835 0.4943 2.0341
v 4.7739 0.4350 2.0246
v 4.7394 0.4756 2.1074
v 4.7808 0.5078 2.0539
v 4.7420 0.4080 2.0751
v 4.6894 0.4944 2.0279
v 4.7861 0.5464 2.0417
v 4.7153 0.5355 2.0859
v 4.7489 0.5019 1.9844
v 4.7871 0.5330 2.0170
v 4.7662 0.5116 1.9875
v 4.7329 0.5465 2.0866
v 4.7738 0.5514 2.0658
v 4.7084 0.7532 1.8948
v 4.7397 0.7933 1.9264
v 4.7282 0.8133 1.9755
v 4.6822 0.7376 1.8897
v 4.6463 0.7846 2.0110
v 4.6707 0.7991 2.0142
v 4.7402 0.8085 1.9534
v 4.6260 0.7426 1.9397
v 4.7684 0.7302 1.9803
v 4.7088 0.6671 1.9187
v 4.7686 0.7189 1.9567
v 4.7349 0.6824 1.9259
v 4.6544 0.6548 1.9695
v 4.7693 0.7066 1.9900
v 4.6786 0.6912 2.0389
v 4.7123 0.6516 1.9254
v 4.7701 0.5961 2.0498
v 4.7258 0.5895 2.0727
v 4.7596 0.5583 1.9702
v 4.7852 0.5835 2.0026
v 4.7400 0.5491 1.9644
v 4.7070 0.5825 2.0704
v 4.7837 0.5946 2.0272
v 4.6813 0.5495 2.0054
v 4.6599 0.6367 1.9730
v 4.6837 0.6685 2.0448
v 4.7578 0.6840 2.0192
v 4.7074 0.6777 2.0470
v 4.7690 0.6963 1.9672
v 4.7551 0.7091 2.0123
v 4.7379 0.6657 1.9344
v 4.7018 0.7013 2.0437
v 4.7396 0.6450 1.9407
v 4.7705 0.6688 1.9730
v 4.7711 0.6827 1.9987
v 4.7150 0.6351 1.9345
v 4.6675 0.7467 2.0258
v 4.6910 0.7623 2.0308
v 4.7586 0.7685 1.9674
v 4.6404 0.7055 1.9516
v 4.6488 0.6703 1.9641
v 4.6741 0.7087 2.0346
v 4.6987 0.7215 2.0405
v 4.7546 0.7328 2.0047
v 4.7257 0.7176 1.9093
v 4.7595 0.7536 1.9422
v 4.7448 0.7723 1.9917
v 4.6976 0.6996 1.9027
v 4.7641 0.6247 2.0411
v 4.7527 0.5881 1.9616
v 4.7340 0.5784 1.9545
v 4.7777 0.6234 2.0178
v 4.6799 0.5781 1.9959
v 4.7192 0.6201 2.0655
v 4.7783 0.6121 1.9940
v 4.6982 0.6135 2.0624
v 4.7667 0.6101 2.0438
v 4.7561 0.5745 1.9650
v 4.7366 0.5648 1.9594
v 4.7802 0.6099 2.0224
v 4.6820 0.5632 1.9999
v 4.7233 0.6033 2.0681
v 4.7818 0.5991 1.9986
v 4.7044 0.5975 2.0657
v 4.7044 0.4385 2.0521
v 4.7252 0.5024 2.0977
v 4.7870 0.5103 2.0259
v 4.7632 0.4581 2.0051
v 4.7738 0.4750 2.0036
v 4.7863 0.5257 2.0483
v 4.7753 0.5338 2.0750
v 4.7390 0.5209 2.0947
v 4.6617 0.6175 2.0086
v 4.6420 0.6962 1.9783
v 4.5952 0.8182 1.9735
v 4.6176 0.7698 1.9612
v 4.7650 0.4233 2.1037
v 4.7751 0.4280 2.1036
v 4.7310 0.4245 2.0983
v 4.6870 0.5038 2.0519
v 4.6247 0.7513 1.9622
v 4.6495 0.6628 1.9927
v 4.6552 0.6436 1.9964
v 4.6787 0.5591 2.0331
v 4.6387 0.7147 1.9735
v 4.6451 0.6789 1.9866
v 4.6752 0.5861 2.0185
v 4.6784 0.5724 2.0252
v 4.7000 0.4538 2.0748
v 4.6960 0.5585 1.9773
v 4.6925 0.5724 1.9743
v 4.6600 0.6647 1.9440
v 4.6494 0.6984 1.9310
v 4.7225 0.4324 2.0269
v 4.6348 0.7341 1.9182
v 4.7540 0.4041 2.0485
v 4.7898 0.4158 2.0658
v 4.6259 0.7485 1.9152
v 4.6966 0.5422 1.9814
v 4.6656 0.6494 1.9486
v 4.7051 0.4880 2.0027
v 4.6716 0.6338 1.9538
v 4.6106 0.7735 1.9069
v 4.6549 0.6829 1.9378
v 4.6813 0.6031 1.9615
v 4.7817 0.4100 2.0625
v 4.7794 0.4868 2.0604
v 4.7890 0.4251 2.0864
v 4.7726 0.4518 2.1061
v 4.7897 0.4341 2.0514
v 4.7828 0.4750 2.0441
v 4.7885 0.4448 2.0456
v 4.7675 0.4697 2.1036
v 4.7722 0.4932 2.0817
v 4.7795 0.4340 2.1015
v 4.7921 0.4223 2.0685
v 4.7829 0.4573 2.0750
v 4.7859 0.4458 2.0790
v 4.7439 0.5336 1.9704
v 4.7621 0.5415 1.9761
v 4.6819 0.5334 2.0115
v 4.7714 0.5777 2.0555
v 4.7860 0.5616 2.0091
v 4.7847 0.5740 2.0336
v 4.7087 0.5656 2.0762
v 4.7286 0.5733 2.0772
v 4.6795 0.5440 2.0400
v 4.6977 0.5286 1.9854
v 3.8521 1.1925 2.4132
v 4.0152 1.1810 2.4695
v 3.9589 1.2275 2.4725
v 3.8618 1.2278 2.4405
v 3.8616 1.1574 2.3914
v 4.0146 1.1530 2.4384
v 3.8096 1.0829 2.5504
v 3.8410 1.1275 2.5346
v 3.7974 1.0490 2.5731
v 3.9351 1.1216 2.6053
v 3.9294 1.0821 2.6270
v 3.8715 1.0268 2.6263
v 3.9118 1.1463 2.5726
v 3.8774 1.1504 2.5460
v 3.8548 1.0443 2.6491
v 3.8757 1.1411 2.5516
v 3.7997 1.0581 2.6034
v 3.9047 1.0849 2.6476
v 3.9064 1.1398 2.5836
v 3.9167 1.1240 2.6156
v 3.8117 1.0837 2.5661
v 3.9004 1.2469 2.4662
v 3.8395 1.1228 2.5418
v 3.9605 1.1171 2.3884
v 3.8430 1.1357 2.5239
v 3.8117 1.0946 2.5315
v 3.9501 1.1230 2.5915
v 3.9187 1.1512 2.5625
v 3.9501 1.0848 2.6015
v 3.8047 1.0541 2.5408
v 3.8801 1.1588 2.5374
v 3.8862 1.0229 2.5939
v 3.9236 1.0464 2.5024
v 3.8868 1.1791 2.5229
v 3.8293 1.0791 2.4812
v 3.9809 1.0988 2.5403
v 3.9327 1.1656 2.5388
v 3.9759 1.1335 2.5504
v 3.8246 1.1214 2.4903
v 3.8500 1.1614 2.5023
v 3.8545 1.1838 2.4829
v 3.8364 1.1465 2.4602
v 3.9928 1.1494 2.5163
v 3.9443 1.1847 2.5164
v 4.0014 1.1201 2.4927
v 3.8433 1.1099 2.4417
v 3.8922 1.2008 2.5082
v 3.9457 1.0750 2.4427
v 3.9702 1.1343 2.3588
v 3.8695 1.1775 2.3662
v 3.8707 1.2476 2.4106
v 3.8604 1.2124 2.3875
v 4.0263 1.2025 2.4392
v 3.9696 1.2467 2.4451
v 3.9114 1.2642 2.4400
v 4.0287 1.1729 2.4091
v 3.8553 1.2112 2.4605
v 4.0023 1.1669 2.4854
v 4.0092 1.1396 2.4600
v 3.8946 1.2301 2.4873
v 3.9522 1.0937 2.4108
v 3.8449 1.1748 2.4328
v 3.9525 1.2083 2.4906
v 3.8543 1.1364 2.4120
v 3.8531 1.1960 2.4743
v 3.9985 1.1560 2.5028
v 4.0060 1.1292 2.4779
v 3.8917 1.2152 2.5009
v 3.9484 1.0844 2.4246
v 3.8405 1.1587 2.4498
v 3.9473 1.1940 2.5071
v 3.8481 1.1207 2.4291
v 3.9060 1.0299 2.5450
v 3.8159 1.0624 2.5071
v 3.9251 1.1580 2.5516
v 3.9661 1.0898 2.5744
v 3.9639 1.1276 2.5729
v 3.8832 1.1668 2.5304
v 3.8465 1.1481 2.5130
v 3.8179 1.1076 2.5097
v 3.8982 1.1218 2.3776
v 3.8232 1.0236 2.6019
v 3.8149 1.0449 2.6261
v 3.8349 1.0192 2.5681
v 3.8685 1.0436 2.4802
v 3.9090 1.1463 2.3498
v 3.8866 1.0731 2.4273
v 3.8946 1.0960 2.3996
v 3.8900 1.0817 2.4151
v 3.8520 1.0259 2.5244
v 3.9904 1.1069 2.4536
v 3.9941 1.1170 2.4389
v 3.9476 1.0605 2.5651
v 3.9294 1.0529 2.6019
v 3.8892 1.0590 2.6550
v 3.9861 1.0984 2.4680
v 3.9649 1.0745 2.5241
v 4.0126 1.1491 2.3867
v 4.0047 1.1377 2.4217
v 3.9079 1.0501 2.6320
v 3.8755 1.1337 2.5543
v 3.8487 1.0642 2.6430
v 3.8107 1.0613 2.6082
v 3.8940 1.0917 2.6422
v 3.9074 1.1363 2.5832
v 3.9086 1.1164 2.6105
v 3.8161 1.0843 2.5746
v 3.8400 1.1190 2.5429
v 3.8207 1.0577 2.6275
v 3.8826 1.0755 2.6503
v 3.8552 1.1049 2.6035
v 3.8488 1.0813 2.6315
v 3.9940 1.1105 2.5115
v 3.9850 1.1405 2.5324
v 3.9406 1.0687 2.4553
v 3.8521 1.1737 2.4930
v 3.9391 1.1755 2.5294
v 3.8894 1.1909 2.5164
v 3.8384 1.0963 2.4573
v 3.8309 1.1356 2.4737
v 3.8821 1.0628 2.4440
v 3.9787 1.0892 2.4882
v 4.4230 0.9181 2.7178
v 4.5069 0.8477 2.6465
v 4.5193 0.9434 2.5482
v 4.4283 1.0119 2.6328
v 4.4893 1.0228 2.3984
v 4.4148 1.1092 2.5077
v 4.4145 1.0760 2.5486
v 4.4999 1.0121 2.4585
v 4.4349 0.7650 2.8605
v 4.5057 0.7068 2.8120
v 4.4386 0.7469 2.8666
v 4.4978 0.7010 2.8241
v 4.5092 0.7144 2.7967
v 4.4243 0.7807 2.8467
v 4.4191 1.0531 2.5729
v 4.5043 0.9916 2.4927
v 4.5174 0.9040 2.5782
v 4.4298 0.9777 2.6710
v 4.4115 0.8132 2.8119
v 4.5079 0.7805 2.7188
v 4.4126 0.8429 2.7863
v 4.5147 0.8868 2.5984
v 4.4260 0.9544 2.6903
v 4.5063 0.7519 2.7500
v 4.5194 0.9245 2.5615
v 4.4318 0.9947 2.6533
v 4.4250 1.0247 2.6145
v 4.5143 0.9641 2.5287
v 4.4207 0.8681 2.7649
v 4.5079 0.8065 2.6932
v 4.4155 0.8543 2.7758
v 4.5087 0.7932 2.7065
v 4.5066 0.7289 2.7699
v 4.4145 0.7963 2.8303
v 4.4919 0.6980 2.8250
v 4.4390 0.7421 2.8653
v 4.4765 0.7125 2.8615
v 4.5073 0.7683 2.7319
v 4.4104 0.8312 2.7947
v 4.6266 0.6739 2.5799
v 4.6943 0.6298 2.4869
v 4.6935 0.7706 2.3919
v 4.6138 0.8150 2.4946
v 4.6081 0.9342 2.2233
v 4.5088 0.9949 2.3525
v 4.5615 0.9125 2.4082
v 4.6477 0.8707 2.3033
v 4.6741 0.5133 2.6940
v 4.7258 0.4768 2.6171
v 4.6755 0.5026 2.6934
v 4.7229 0.4762 2.6258
v 4.7272 0.4865 2.6041
v 4.6714 0.5295 2.6851
v 4.5750 0.8909 2.4256
v 4.6619 0.8469 2.3224
v 4.6905 0.7101 2.4353
v 4.6193 0.7542 2.5271
v 4.6614 0.5661 2.6581
v 4.7118 0.5501 2.5480
v 4.6554 0.5955 2.6379
v 4.6899 0.6753 2.4565
v 4.6195 0.7205 2.5478
v 4.7171 0.5191 2.5721
v 4.6970 0.7483 2.4109
v 4.6177 0.7905 2.5075
v 4.6079 0.8343 2.4774
v 4.6832 0.7875 2.3741
v 4.6467 0.6282 2.6154
v 4.7056 0.5839 2.5251
v 4.6489 0.6097 2.6287
v 4.7092 0.5658 2.5357
v 4.7235 0.4981 2.5908
v 4.6674 0.5461 2.6736
v 4.7205 0.4727 2.6307
v 4.6792 0.4979 2.6910
v 4.7052 0.4830 2.6649
v 4.7136 0.5362 2.5573
v 4.6573 0.5797 2.6475
v 4.7446 0.6518 2.3183
v 4.7909 0.6143 2.2281
v 4.7703 0.7399 2.1622
v 4.7109 0.7786 2.2641
v 4.7001 0.9177 2.0472
v 4.6140 0.9155 2.1883
v 4.6603 0.8687 2.2173
v 4.7224 0.8363 2.0997
v 4.8037 0.4374 2.4240
v 4.8408 0.4010 2.3441
v 4.8066 0.4264 2.4246
v 4.8455 0.3978 2.3515
v 4.8377 0.4134 2.3338
v 4.7980 0.4539 2.4182
v 4.6755 0.8475 2.2266
v 4.7328 0.8064 2.1182
v 4.7798 0.6993 2.1826
v 4.7173 0.7485 2.2825
v 4.7766 0.5081 2.3889
v 4.8133 0.5080 2.2781
v 4.7684 0.5451 2.3713
v 4.7786 0.6776 2.1943
v 4.7232 0.7238 2.2898
v 4.8234 0.4689 2.3020
v 4.7783 0.7215 2.1709
v 4.7133 0.7659 2.2739
v 4.7036 0.7951 2.2532
v 4.7573 0.7621 2.1523
v 4.7590 0.5833 2.3503
v 4.8020 0.5537 2.2569
v 4.7639 0.5618 2.3619
v 4.8083 0.5303 2.2676
v 4.8319 0.4431 2.3193
v 4.7862 0.4816 2.4029
v 4.8436 0.3968 2.3584
v 4.8109 0.4229 2.4205
v 4.8301 0.4051 2.3930
v 4.8165 0.4908 2.2869
v 4.7733 0.5282 2.3784
v 4.7383 0.6527 2.0462
v 4.7639 0.6341 1.9665
v 4.7582 0.7243 1.9330
v 4.7283 0.7523 2.0247
v 4.7042 0.8558 1.8794
v 4.6835 0.8997 1.9898
v 4.6995 0.8366 1.9930
v 4.7234 0.7962 1.9017
v 4.7638 0.4977 2.0950
v 4.7845 0.4661 2.0321
v 4.7675 0.4916 2.0957
v 4.7869 0.4619 2.0391
v 4.7817 0.4763 2.0231
v 4.7588 0.5112 2.0914
v 4.7082 0.8128 1.9989
v 4.7292 0.7750 1.9078
v 4.7574 0.6844 1.9481
v 4.7315 0.7067 2.0318
v 4.7553 0.5549 2.0817
v 4.7783 0.5724 1.9880
v 4.7506 0.5943 2.0657
v 4.7592 0.6595 1.9569
v 4.7340 0.6823 2.0381
v 4.7794 0.5224 1.9997
v 4.7587 0.7033 1.9430
v 4.7311 0.7310 2.0283
v 4.7235 0.7713 2.0163
v 4.7529 0.7407 1.9263
v 4.7448 0.6239 2.0561
v 4.7706 0.6019 1.9777
v 4.7480 0.6093 2.0611
v 4.7744 0.5844 1.9822
v 4.7815 0.4924 2.0065
v 4.7549 0.5319 2.0875
v 4.7861 0.4613 2.0420
v 4.7672 0.4843 2.0928
v 4.7795 0.4743 2.0682
v 4.7790 0.5552 1.9928
v 4.7538 0.5765 2.0709
v 4.3612 0.8785 2.6889
v 4.3650 0.9715 2.6167
v 4.3305 1.0589 2.4672
v 4.3392 1.0304 2.5206
v 4.4909 0.6235 2.8666
v 4.4332 0.6670 2.9197
v 4.4364 0.8100 2.6040
v 4.4417 0.8887 2.5241
v 4.4100 0.9595 2.3547
v 4.4252 0.9615 2.4259
v 4.3905 0.6888 2.8802
v 4.3740 0.7629 2.8056
v 4.3512 1.0071 2.5582
v 4.3644 0.9453 2.6421
v 4.3637 0.9270 2.6541
v 4.3742 0.8120 2.7584
v 4.3628 0.9821 2.6029
v 4.3643 0.9589 2.6298
v 4.3735 0.8356 2.7398
v 4.3749 0.8238 2.7498
v 4.4498 0.6575 2.7799
v 4.4187 0.6675 2.9110
v 4.3801 0.7378 2.8335
v 4.4356 0.7568 2.6801
v 4.4405 0.8802 2.5384
v 4.4395 0.9050 2.5034
v 4.4346 0.7627 2.6689
v 4.4370 0.9340 2.4649
v 4.4936 0.6314 2.8698
v 4.4728 0.6289 2.8242
v 4.4355 0.7470 2.6908
v 4.4357 0.6892 2.7454
v 4.4397 0.8510 2.5671
v 4.4405 0.8676 2.5500
v 4.4417 0.6704 2.9143
v 4.4906 0.6388 2.8744
v 4.4674 0.6560 2.8976
v 4.3724 0.7953 2.7723
v 4.4341 0.7286 2.7066
v 4.5656 0.6356 2.5571
v 4.5466 0.7756 2.4686
v 4.4287 0.9325 2.3269
v 4.4893 0.8628 2.3698
v 4.7271 0.3938 2.6583
v 4.6912 0.4320 2.7371
v 4.6204 0.5769 2.4570
v 4.6112 0.7121 2.3614
v 4.5391 0.8663 2.2099
v 4.5653 0.8045 2.2745
v 4.6418 0.4389 2.7249
v 4.6058 0.5200 2.6541
v 4.5047 0.8408 2.4007
v 4.5482 0.7371 2.4998
v 4.5543 0.6892 2.5277
v 4.5936 0.5665 2.6192
v 4.5409 0.7898 2.4579
v 4.5483 0.7618 2.4819
v 4.5896 0.5981 2.5967
v 4.5919 0.5830 2.6068
v 4.6709 0.4165 2.6016
v 4.6820 0.4271 2.7388
v 4.6165 0.4694 2.6883
v 4.6431 0.5289 2.5127
v 4.6115 0.6973 2.3723
v 4.6057 0.7276 2.3471
v 4.6412 0.5418 2.5011
v 4.5777 0.7771 2.2923
v 4.7301 0.4020 2.6734
v 4.7051 0.3897 2.6367
v 4.6452 0.5121 2.5234
v 4.6581 0.4659 2.5606
v 4.6135 0.6242 2.4209
v 4.6146 0.6689 2.3905
v 4.6971 0.4317 2.7290
v 4.7270 0.4045 2.6775
v 4.7179 0.4180 2.7043
v 4.5963 0.5508 2.6319
v 4.6474 0.4958 2.5352
v 4.6758 0.6185 2.3071
v 4.6458 0.7383 2.2470
v 4.5590 0.8546 2.1792
v 4.5940 0.8084 2.1999
v 4.8436 0.3200 2.3816
v 4.8191 0.3416 2.4522
v 4.7291 0.5757 2.1980
v 4.7010 0.6923 2.1280
v 4.6002 0.8113 2.0316
v 4.6491 0.7713 2.0802
v 4.7646 0.3655 2.4374
v 4.7177 0.4621 2.3866
v 4.6055 0.7935 2.2094
v 4.6563 0.7115 2.2615
v 4.6585 0.6937 2.2698
v 4.7038 0.5176 2.3549
v 4.6384 0.7513 2.2384
v 4.6515 0.7283 2.2525
v 4.6937 0.5559 2.3408
v 4.7003 0.5352 2.3469
v 4.7842 0.3668 2.3256
v 4.7993 0.3443 2.4525
v 4.7366 0.4098 2.4123
v 4.7489 0.4978 2.2483
v 4.7010 0.6814 2.1337
v 4.6922 0.7067 2.1207
v 4.7487 0.5166 2.2329
v 4.6647 0.7523 2.0934
v 4.8528 0.3235 2.3971
v 4.8042 0.3301 2.3542
v 4.7494 0.4837 2.2590
v 4.7629 0.4204 2.2915
v 4.7082 0.6554 2.1496
v 4.7033 0.6689 2.1423
v 4.8232 0.3519 2.4434
v 4.8496 0.3343 2.4022
v 4.8403 0.3457 2.4238
v 4.7066 0.4988 2.3665
v 4.7547 0.4666 2.2658
v 4.6691 0.6281 2.0359
v 4.6483 0.7097 2.0053
v 4.6123 0.8208 1.9880
v 4.6199 0.7844 1.9827
v 4.7824 0.4177 2.0470
v 4.7689 0.4394 2.1094
v 4.7007 0.6013 1.9482
v 4.6753 0.6784 1.9179
v 4.6242 0.7748 1.8775
v 4.6453 0.7434 1.8917
v 4.7346 0.4517 2.1062
v 4.6940 0.5187 2.0724
v 4.6263 0.7613 1.9843
v 4.6568 0.6788 2.0189
v 4.6622 0.6570 2.0259
v 4.6881 0.5711 2.0563
v 4.6458 0.7263 1.9975
v 4.6535 0.6943 2.0136
v 4.6810 0.5995 2.0435
v 4.6859 0.5849 2.0482
v 4.7483 0.4474 2.0163
v 4.7588 0.4407 2.1098
v 4.7106 0.4766 2.0893
v 4.7159 0.5590 1.9626
v 4.6822 0.6632 1.9247
v 4.6701 0.6948 1.9120
v 4.7118 0.5719 1.9584
v 4.6483 0.7270 1.8954
v 4.7892 0.4216 2.0528
v 4.7674 0.4231 2.0331
v 4.7192 0.5445 1.9669
v 4.7305 0.4936 1.9870
v 4.6926 0.6300 1.9397
v 4.6874 0.6478 1.9318
v 4.7753 0.4436 2.1060
v 4.7917 0.4276 2.0572
v 4.7872 0.4385 2.0798
v 4.6878 0.5538 2.0619
v 4.7225 0.5299 1.9713
v 4.4441 1.1335 2.4786
v 4.5032 1.0861 2.4056
v 4.3692 1.1201 2.4850
v 4.3331 1.0988 2.4691
v 4.4815 1.1156 2.4464
v 4.3422 1.0157 2.3779
v 4.3355 1.0358 2.4038
v 4.3653 0.9864 2.3208
v 4.5795 1.0359 2.3224
v 4.6459 1.0071 2.2413
v 4.6273 1.0195 2.2898
v 4.4174 0.9030 2.2042
v 4.3896 0.9372 2.2560
v 4.4574 0.8916 2.1646
v 4.6529 0.9697 2.1574
v 4.7142 0.9607 2.0683
v 4.6991 0.9638 2.1187
v 4.5219 0.8399 2.0625
v 4.4946 0.8626 2.1079
v 4.5542 0.8218 2.0103
v 4.6846 0.9454 1.9459
v 4.6973 0.9120 1.8746
v 4.6612 0.8351 1.8438
v 4.6271 0.8079 1.8480
v 4.6999 0.9298 1.9095
v 4.5893 0.8045 1.9161
v 4.5767 0.8202 1.9567
v 4.5989 0.7900 1.9005
v 4.4167 1.1286 2.4836
v 4.6872 0.8888 1.8634
v 4.3217 1.0672 2.4085
v 4.5984 0.7969 1.8771
v 4.4475 1.1555 2.4406
v 4.4965 1.1202 2.3915
v 4.3437 1.1515 2.4400
v 4.4787 1.1512 2.4114
v 4.3005 1.0566 2.3249
v 4.2970 1.0949 2.3892
v 4.3159 1.0254 2.2641
v 4.5845 1.0718 2.2834
v 4.6329 1.0472 2.2282
v 4.6136 1.0806 2.2458
v 4.3802 0.9771 2.1506
v 4.3488 0.9982 2.2008
v 4.4178 0.9554 2.0978
v 4.6503 1.0072 2.1121
v 4.6902 1.0009 2.0541
v 4.6730 1.0176 2.0782
v 4.4771 0.8864 1.9939
v 4.4451 0.9230 2.0426
v 4.5076 0.8555 1.9417
v 4.6706 0.9775 1.9182
v 4.6780 0.9412 1.8691
v 4.6457 0.8743 1.8272
v 4.6718 0.9733 1.8872
v 4.5945 0.8259 1.8390
v 4.5404 0.8289 1.8781
v 4.4171 1.1735 2.4312
v 4.6591 0.9413 1.8371
v 4.4818 0.8757 1.9038
v 4.3204 1.1964 2.3924
v 4.4727 1.1837 2.3788
v 4.2829 1.1106 2.3635
v 4.2756 1.0909 2.3082
v 4.2901 1.0587 2.2363
v 4.5977 1.1127 2.2154
v 4.3683 1.0136 2.1229
v 4.3283 1.0359 2.1777
v 4.4036 0.9959 2.0690
v 4.4280 0.9677 2.0132
v 4.5166 0.9646 1.6998
v 3.9337 1.4098 2.1225
v 3.9413 1.3251 2.0955
v 4.6182 1.0337 2.1267
v 4.5046 1.1216 2.3472
v 4.5133 1.2874 2.0477
v 4.3796 1.2231 2.3778
v 4.2350 1.1303 2.2746
v 4.4566 0.9392 1.7206
v 4.2116 1.2846 2.2948
v 4.2580 1.1155 2.2025
v 4.3438 1.0708 2.0908
v 4.3045 1.0912 2.1403
v 4.3832 1.0465 2.0427
v 4.4275 0.9747 1.9272
v 4.4103 1.0173 1.9898
v 4.4494 0.9198 1.8574
v 4.6354 1.0434 1.9015
v 4.6366 0.9658 1.8089
v 4.5651 0.8904 1.7698
v 4.5820 0.8521 1.8155
v 4.6424 1.0228 1.8452
v 3.9670 1.2500 2.0982
v 4.0322 1.2113 2.1293
v 4.6275 0.9800 2.1655
v 4.3429 1.3815 2.1846
v 4.5986 0.9524 1.7673
v 4.5557 1.2084 2.1298
v 4.4640 1.2557 2.2262
v 4.6168 1.1079 1.9146
v 3.9497 1.4278 2.0270
v 3.9697 1.3257 1.9992
v 3.9978 1.2511 2.0135
v 4.0745 1.2035 2.0645
v 4.1776 1.1642 2.1546
v 4.4101 1.2855 2.2800
v 4.6172 1.0831 1.8653
v 4.6155 1.0038 1.7788
v 4.6239 0.9137 1.7993
v 4.6228 1.0560 1.8163
v 4.1029 1.1963 2.1813
v 4.1592 1.1903 2.2298
v 4.6698 1.0136 2.0010
v 4.5686 1.1685 2.0787
v 4.5128 1.2291 2.1788
v 4.6173 1.1343 1.9685
v 4.0274 1.5020 2.0918
v 4.1660 1.4210 2.2158
v 4.5960 1.1282 1.8236
v 4.6030 1.0929 1.7772
v 4.4549 0.9245 1.9526
v 4.6201 1.0538 2.1839
v 4.3201 1.5138 1.9733
v 4.5887 1.1437 2.0227
v 4.6070 1.0820 2.0801
v 4.6361 1.0862 2.0230
v 4.5071 1.3234 1.7320
v 4.4553 1.4279 1.8446
v 4.3787 1.4829 1.9303
v 4.4959 1.3604 1.7672
v 4.4773 1.3965 1.8051
v 4.2352 1.5443 2.0105
v 4.5137 1.2874 1.6994
v 4.3866 1.1557 1.5534
v 4.3438 1.0610 1.6426
v 4.5153 1.2228 1.6443
v 4.1224 1.4057 2.2387
v 4.6328 1.0054 2.2033
v 4.4242 1.4561 1.8861
v 4.5594 1.2212 1.9552
v 4.3728 1.0844 1.5881
v 4.5578 1.0066 1.7112
v 4.5325 1.1556 2.2386
v 4.5902 1.0979 2.1431
v 4.6425 1.0610 1.9617
v 4.5855 1.1990 1.9087
v 4.4648 1.3114 2.0941
v 4.5364 1.2521 2.0014
v 4.4924 1.1811 2.2858
v 4.5845 1.1383 2.1952
v 4.4532 1.2218 2.3455
v 4.5901 1.1628 1.8653
v 4.4135 1.3439 2.1405
v 4.5452 1.0946 2.2884
v 4.6900 0.9565 2.0233
v 4.3780 1.0832 2.5285
v 4.4529 1.0893 2.5197
v 4.4989 1.0426 2.4570
v 4.4798 0.9864 2.4172
v 4.4509 0.9741 2.4079
v 4.3493 1.0661 2.5185
v 4.4859 1.0748 2.4947
v 4.3553 0.9877 2.4385
v 4.3331 1.0142 2.4661
v 4.3923 0.9791 2.4129
v 4.4142 1.0928 2.5270
v 4.4961 1.0134 2.4358
v 4.3339 1.0473 2.4961
v 4.4202 0.9700 2.4037
v 4.4692 0.8513 2.2721
v 4.6336 0.9626 2.3370
v 4.4871 0.9131 2.3672
v 4.5736 0.8494 2.2413
v 4.6324 0.8968 2.2752
v 4.5423 0.9487 2.3830
v 4.5113 0.8419 2.2425
v 4.4556 0.8755 2.3055
v 4.6934 0.7912 1.8751
v 4.7243 0.8474 1.9100
v 4.5440 0.8457 2.2404
v 4.4677 0.8910 2.3402
v 4.5819 0.8258 2.1894
v 4.6352 0.7932 2.0635
v 4.6547 0.8089 2.0551
v 4.5903 0.8377 2.2064
v 4.6132 0.8604 2.2133
v 4.6814 0.8936 2.1882
v 4.5693 0.8056 2.1661
v 4.6091 0.7852 2.0759
v 4.6464 0.8828 2.2069
v 4.7137 0.8655 2.0823
v 4.7143 0.8739 1.9567
v 4.6673 0.8357 2.0084
v 4.7136 0.8980 2.1539
v 4.5740 0.7884 2.1188
v 4.7250 0.8882 2.1176
v 4.6824 0.8320 2.0569
v 4.6390 0.7566 1.8852
v 4.6207 0.8026 1.9854
v 4.6122 0.7708 1.9365
v 4.7232 0.8644 1.9325
v 4.7163 0.8231 1.8901
v 4.6917 0.8682 1.9882
v 4.6087 0.8698 2.2551
v 4.6529 0.9368 2.3035
v 4.5865 0.9593 2.3685
v 4.5075 0.9295 2.3821
v 4.6666 0.7672 1.8737
v 4.6420 0.8127 2.0104
v 4.6196 0.7590 1.9098
v 4.6112 0.7876 1.9631
v 3.0673 3.1764 0.3847
v 2.9435 3.0759 0.5765
v 2.8529 3.0012 0.5887
v 2.6825 2.8464 0.4843
v 2.6105 2.8080 0.3663
v 2.5400 2.7954 0.2363
v 3.0242 3.1428 0.4992
v 2.9592 3.0549 -0.1027
v 3.0124 3.1081 -0.0120
v 3.0649 3.1487 0.1141
v 3.0791 3.1700 0.2541
v 2.8917 3.0032 -0.1458
v 2.8241 2.9684 -0.1726
v 2.5509 2.8412 -0.0691
v 2.5196 2.8188 -0.0039
v 2.5031 2.7946 0.0943
v 2.7376 2.9362 -0.1788
v 3.1444 3.0878 0.3990
v 3.0160 2.9976 0.5747
v 2.9283 2.9219 0.5847
v 2.7532 2.7676 0.4671
v 2.6761 2.7261 0.3576
v 2.6101 2.7079 0.2328
v 3.0964 3.0588 0.5065
v 3.0736 2.9439 -0.0791
v 3.1201 2.9993 0.0049
v 3.1637 3.0476 0.1308
v 3.1637 3.0769 0.2678
v 3.0137 2.8884 -0.1215
v 2.9445 2.8369 -0.1332
v 2.6588 2.7544 -0.0774
v 2.6143 2.7311 -0.0117
v 2.5892 2.7086 0.0896
v 2.8704 2.8136 -0.1545
v 3.2043 3.0224 0.4184
v 3.0697 2.9404 0.5766
v 2.9858 2.8617 0.5840
v 2.8056 2.7092 0.4589
v 2.7247 2.6689 0.3616
v 2.6666 2.6482 0.2371
v 3.1517 2.9981 0.5164
v 3.1591 2.8562 -0.0508
v 3.1975 2.9168 0.0312
v 3.2343 2.9743 0.1534
v 3.2299 3.0073 0.2904
v 3.1107 2.8030 -0.1011
v 3.0537 2.7591 -0.1408
v 2.7448 2.6821 -0.0782
v 2.6929 2.6658 -0.0101
v 2.6581 2.6491 0.0948
v 2.9666 2.7300 -0.1342
v 3.2627 2.9650 0.4468
v 3.1202 2.8877 0.5855
v 3.0366 2.8116 0.5882
v 2.8564 2.6589 0.4640
v 2.7732 2.6137 0.3701
v 2.7242 2.5884 0.2495
v 3.2015 2.9436 0.5344
v 3.2333 2.7788 -0.0119
v 3.2698 2.8448 0.0691
v 3.2956 2.9093 0.1825
v 3.2919 2.9474 0.3188
v 3.1864 2.7252 -0.0679
v 3.1277 2.6820 -0.1202
v 2.8261 2.6120 -0.0638
v 2.7730 2.5977 0.0063
v 2.7305 2.5886 0.1093
v 3.0483 2.6508 -0.1138
v 3.3174 2.9139 0.4741
v 3.1728 2.8434 0.6099
v 3.0854 2.7713 0.6031
v 2.9063 2.6060 0.4832
v 2.8351 2.5432 0.3855
v 2.7986 2.5097 0.2705
v 3.2581 2.8909 0.5617
v 3.3105 2.7008 0.0467
v 3.3428 2.7715 0.1205
v 3.3573 2.8402 0.2251
v 3.3495 2.8914 0.3516
v 3.2671 2.6406 -0.0075
v 3.2108 2.5902 -0.0613
v 2.9317 2.5121 -0.0012
v 2.8678 2.5092 0.0556
v 2.8182 2.5089 0.1415
v 3.1401 2.5600 -0.0528
v 3.3964 2.8443 0.5220
v 3.2349 2.7997 0.6472
v 3.1329 2.7440 0.6482
v 2.9465 2.5539 0.5325
v 2.8944 2.4683 0.4341
v 2.8779 2.4161 0.3195
v 3.3278 2.8326 0.6029
v 3.4121 2.5982 0.1329
v 3.4480 2.6751 0.1995
v 3.4578 2.7477 0.3043
v 3.4376 2.8101 0.4186
v 3.3663 2.5345 0.0836
v 3.3072 2.4817 0.0442
v 3.0288 2.4125 0.1111
v 2.9626 2.4104 0.1495
v 2.9103 2.4103 0.2181
v 3.2354 2.4596 0.0517
v 3.4920 2.7464 0.5970
v 3.3068 2.7484 0.7144
v 3.2021 2.6941 0.7269
v 3.0018 2.4756 0.6350
v 2.9570 2.3830 0.5409
v 2.9510 2.3134 0.4379
v 3.4099 2.7515 0.6714
v 3.5352 2.4629 0.2592
v 3.5720 2.5430 0.3173
v 3.5787 2.6236 0.4125
v 3.5498 2.6970 0.5096
v 3.4863 2.4007 0.2114
v 3.4214 2.3559 0.1873
v 3.1242 2.2811 0.2524
v 3.0591 2.2839 0.2987
v 3.0024 2.2922 0.3586
v 3.3494 2.3285 0.1789
v 3.6134 2.5939 0.7334
v 3.4225 2.6050 0.8383
v 3.3237 2.5504 0.8529
v 3.1311 2.3238 0.7924
v 3.0936 2.2307 0.7194
v 3.0911 2.1654 0.6372
v 3.5260 2.6121 0.7959
v 3.6841 2.3037 0.4227
v 3.7154 2.3758 0.4846
v 3.7080 2.4656 0.5741
v 3.6762 2.5391 0.6602
v 3.6321 2.2421 0.3807
v 3.5516 2.2039 0.3674
v 3.2599 2.1237 0.4408
v 3.1960 2.1257 0.4860
v 3.1398 2.1421 0.5598
v 3.4796 2.1710 0.3669
v 3.7650 2.3922 0.9130
v 3.5796 2.3997 0.9916
v 3.4896 2.3516 0.9993
v 3.3157 2.1691 0.9659
v 3.2820 2.0865 0.9083
v 3.2846 2.0294 0.8337
v 3.6736 2.4132 0.9629
v 3.8292 2.1414 0.6336
v 3.8565 2.2111 0.6956
v 3.8546 2.2867 0.7711
v 3.8259 2.3457 0.8475
v 3.7882 2.0761 0.5796
v 3.7006 2.0427 0.5758
v 3.4173 1.9678 0.6536
v 3.3606 1.9772 0.6982
v 3.3153 1.9979 0.7662
v 3.6287 2.0152 0.5805
v 3.9098 2.1926 1.1169
v 3.7403 2.1961 1.1884
v 3.6583 2.1571 1.1871
v 3.4974 2.0130 1.1512
v 3.4686 1.9466 1.1027
v 3.4731 1.8940 1.0386
v 3.8311 2.2010 1.1612
v 3.9841 1.9869 0.8462
v 4.0053 2.0491 0.9133
v 4.0025 2.1124 0.9819
v 3.9683 2.1623 1.0554
v 3.9470 1.9325 0.8088
v 3.8901 1.8883 0.7894
v 3.5969 1.8068 0.8717
v 3.5405 1.8309 0.9207
v 3.4918 1.8532 0.9805
v 3.8096 1.8558 0.7999
v 4.0128 2.0335 1.2639
v 3.8685 2.0413 1.3339
v 3.7978 2.0066 1.3481
v 3.6647 1.8889 1.3141
v 3.6381 1.8308 1.2699
v 3.6392 1.7793 1.2148
v 3.9444 2.0470 1.3072
v 4.1037 1.8794 1.0524
v 4.1108 1.9278 1.0993
v 4.1011 1.9701 1.1527
v 4.0679 2.0054 1.2098
v 4.0809 1.8292 1.0171
v 4.0484 1.7730 1.0025
v 3.7639 1.6805 1.0590
v 3.7063 1.7041 1.1023
v 3.6617 1.7345 1.1554
v 3.9805 1.7293 1.0005
v 4.0933 1.9021 1.3956
v 3.9720 1.9143 1.4624
v 3.9140 1.8903 1.4858
v 3.8031 1.7888 1.4555
v 3.7824 1.7372 1.4141
v 3.7810 1.6877 1.3658
v 4.0354 1.9155 1.4344
v 4.1978 1.7839 1.2125
v 4.1927 1.8206 1.2536
v 4.1733 1.8541 1.3008
v 4.1393 1.8796 1.3498
v 4.1852 1.7394 1.1791
v 4.1523 1.6892 1.1576
v 3.8944 1.5773 1.2073
v 3.8401 1.6025 1.2529
v 3.7989 1.6382 1.3069
v 4.1065 1.6356 1.1536
v 4.1521 1.8020 1.4972
v 4.0531 1.8146 1.5626
v 3.9980 1.7969 1.5889
v 3.9113 1.7182 1.5597
v 3.8958 1.6765 1.5211
v 3.8949 1.6296 1.4795
v 4.1049 1.8145 1.5336
v 4.2618 1.7020 1.3315
v 4.2501 1.7346 1.3692
v 4.2269 1.7633 1.4114
v 4.1943 1.7828 1.4558
v 4.2568 1.6617 1.2994
v 4.2311 1.6148 1.2758
v 3.9817 1.4972 1.3203
v 3.9355 1.5279 1.3692
v 3.9059 1.5750 1.4255
v 4.1908 1.5638 1.2674
v 4.2091 1.7248 1.5800
v 4.1206 1.7423 1.6448
v 4.0751 1.7286 1.6674
v 3.9893 1.6589 1.6290
v 3.9712 1.6222 1.5952
v 3.9670 1.5787 1.5585
v 4.1675 1.7389 1.6165
v 4.3089 1.6191 1.4217
v 4.2973 1.6530 1.4561
v 4.2746 1.6831 1.4991
v 4.2433 1.7076 1.5421
v 4.3061 1.5852 1.3924
v 4.2860 1.5446 1.3670
v 4.0418 1.4440 1.4014
v 3.9976 1.4798 1.4521
v 3.9725 1.5284 1.5099
v 4.2570 1.5016 1.3535
v 4.2996 1.6215 1.6968
v 4.2070 1.6519 1.7658
v 4.1490 1.6480 1.7854
v 4.0589 1.5809 1.7314
v 4.0378 1.5492 1.6929
v 4.0286 1.5176 1.6509
v 4.2593 1.6422 1.7346
v 4.3788 1.4981 1.5474
v 4.3685 1.5314 1.5828
v 4.3518 1.5660 1.6217
v 4.3292 1.5968 1.6603
v 4.3786 1.4645 1.5152
v 4.3644 1.4291 1.4801
v 4.0997 1.3892 1.4887
v 4.0554 1.4289 1.5444
v 4.0329 1.4768 1.6042
v 4.3397 1.4012 1.4490
v 4.2761 1.5728 1.8971
v 4.1205 1.5841 1.9222
v 3.9923 1.4261 1.9058
v 4.2027 1.5856 1.9219
v 4.4309 1.4643 1.7367
v 4.4080 1.4961 1.7751
v 4.3774 1.5248 1.8149
v 4.3340 1.5500 1.8597
v 4.4475 1.4304 1.6987
v 4.4603 1.3641 1.6213
v 4.5241 1.0407 2.3292
v 4.4999 1.0639 2.3740
v 4.6465 1.0575 2.0560
v 4.6774 0.9448 1.9724
v 4.6532 1.0049 1.9319
v 4.6550 1.0039 1.8742
v 4.4586 1.3932 1.6632
v 3.9848 1.1540 2.3210
v 3.8802 1.1991 2.3354
v 3.8815 1.2642 2.3842
v 3.8706 1.2297 2.3574
v 4.0421 1.2226 2.4020
v 3.9838 1.2742 2.4161
v 3.9238 1.2836 2.4098
v 4.0452 1.1915 2.3720
v 3.9173 1.1681 2.3137
v 4.0272 1.1683 2.3498
v 3.9941 1.1661 2.2963
v 3.8899 1.2152 2.3042
v 3.8947 1.2808 2.3484
v 3.8836 1.2472 2.3241
v 4.0574 1.2359 2.3698
v 4.0030 1.2899 2.3844
v 3.9389 1.3049 2.3750
v 4.0587 1.2054 2.3408
v 3.9207 1.1825 2.2871
v 4.0393 1.1814 2.3225
v 4.0022 1.1744 2.2804
v 3.8943 1.2283 2.2772
v 3.9032 1.2958 2.3113
v 3.8924 1.2616 2.2922
v 4.0735 1.2468 2.3438
v 4.0190 1.3082 2.3567
v 3.9491 1.3280 2.3396
v 4.0735 1.2166 2.3164
v 3.9265 1.1913 2.2701
v 4.0505 1.1916 2.3010
v 4.0106 1.1816 2.2636
v 3.9047 1.2377 2.2523
v 3.9134 1.3158 2.2789
v 3.8998 1.2770 2.2628
v 4.0912 1.2560 2.3217
v 4.0364 1.3268 2.3318
v 3.9593 1.3541 2.3035
v 4.0889 1.2236 2.2971
v 3.9375 1.2000 2.2485
v 4.0604 1.1979 2.2821
v 4.0241 1.1894 2.2436
v 3.9183 1.2468 2.2211
v 3.9214 1.3430 2.2381
v 3.9080 1.2927 2.2230
v 4.1151 1.2719 2.3045
v 4.0582 1.3461 2.3043
v 3.9781 1.3845 2.2710
v 4.1093 1.2283 2.2771
v 3.9431 1.2082 2.2305
v 4.0778 1.2050 2.2601
v 4.0628 1.2006 2.2153
v 3.9421 1.2483 2.1672
v 3.9300 1.3801 2.1876
v 3.9246 1.3112 2.1671
v 4.1614 1.2888 2.2882
v 4.0769 1.3751 2.2753
v 3.9778 1.4152 2.2237
v 4.1513 1.2350 2.2752
v 3.9987 1.2073 2.1826
v 4.1115 1.2097 2.2436
v 4.0072 1.3256 1.9098
v 4.0322 1.2627 1.9381
v 4.1097 1.2005 1.9981
v 4.2234 1.1477 2.0810
v 4.1534 1.1997 1.9404
v 4.2724 1.1422 2.0260
v 4.1998 1.1931 1.8891
v 4.3174 1.1346 1.9781
v 4.0815 1.3729 1.7292
v 4.2457 1.1828 1.8415
v 4.3455 1.1049 1.9265
v 4.1163 1.3371 1.6715
v 4.2761 1.1266 1.7833
v 4.3655 1.0566 1.8634
v 4.1586 1.2904 1.6124
v 4.3289 1.0562 1.7285
v 4.3947 0.9930 1.7930
v 4.2221 1.2188 1.5638
v 4.5240 0.8413 1.8504
v 4.5537 1.2399 1.8031
v 4.5207 1.3104 1.8820
v 4.5118 1.0556 1.6575
v 4.5666 1.1498 1.7194
v 4.4204 1.3969 2.0098
v 4.4695 1.3723 1.9653
v 4.5428 1.2803 1.8425
v 4.1661 1.2478 1.6497
v 4.4137 0.9847 1.6786
v 4.4983 1.3422 1.9226
v 4.2825 1.4743 2.0949
v 4.5646 1.1958 1.7721
v 3.9959 1.4577 2.1658
v 4.3649 1.4345 2.0567
v 4.4631 1.0085 1.6586
v 4.5074 0.8745 1.8000
v 4.1298 1.5547 2.0129
v 4.0472 1.3839 1.7921
v 4.2164 1.3027 1.5133
v 4.1456 1.3442 1.5607
v 4.3255 1.2690 1.4956
v 4.1020 1.3801 1.6204
v 4.0673 1.4512 1.7366
v 4.0771 1.4201 1.6795
v 4.0717 1.5392 1.8906
v 0.4226 5.0420 0.4924
v 0.3497 5.1751 0.5009
v 0.3164 5.2782 0.5310
v 0.2959 5.3700 0.5645
v 0.2799 5.4645 0.5847
v 0.2725 5.5826 0.6299
v 0.2866 5.6804 0.6853
v 0.3168 5.7465 0.7521
v 0.3423 5.7741 0.8186
v 0.3602 5.7830 0.8905
v 0.3722 5.7939 0.9586
v 0.3702 5.8159 1.0203
v 0.5564 4.9236 0.5133
v 0.7730 4.8505 0.5450
v 0.9945 4.7730 0.5860
v 1.2375 4.6789 0.6571
v 1.4274 4.5485 0.7084
v 1.5872 4.3876 0.7127
v 1.7135 4.2359 0.6832
v 1.8479 4.0576 0.6647
v 1.9377 3.9421 0.6607
v 2.0320 3.8129 0.6439
v 2.1074 3.7220 0.6312
v 2.1871 3.6243 0.6211
v 2.3157 3.4862 0.6084
v 2.4396 3.3245 0.5994
v 2.5798 3.1462 0.6009
v 2.6755 3.0225 0.5808
v 2.7646 2.9198 0.5600
v 3.8519 1.8448 1.4812
v 3.9484 1.7621 1.5863
v 4.0268 1.6959 1.6571
v 4.0958 1.6158 1.7652
v 4.0481 1.4825 1.8175
v 3.7268 1.9565 1.3405
v 1.1461 4.2810 -0.5069
v 0.9359 4.3239 -0.5928
v 0.7392 4.3133 -0.6307
v 0.5492 4.2896 -0.6345
v 0.3613 4.2653 -0.5964
v 0.1874 4.2473 -0.5358
v 1.4716 4.1148 -0.3986
v 1.6762 3.9035 -0.2498
v 1.7682 3.8198 -0.1932
v 1.8778 3.7027 -0.1719
v 1.9774 3.5836 -0.1575
v 1.5656 4.0324 -0.3438
v 1.3540 4.2013 -0.4643
v 2.1154 3.4326 -0.1585
v 2.2536 3.2798 -0.1563
v 2.3987 3.1412 -0.1555
v 2.5273 3.0113 -0.1495
v 2.6511 2.9050 -0.1490
v 2.7706 2.8044 -0.1526
v 2.8719 2.7199 -0.1300
v 2.9633 2.6351 -0.1064
v 3.0627 2.5429 -0.0484
v 3.1629 2.4389 0.0545
v 3.2811 2.3024 0.1864
v 3.4069 2.1401 0.3773
v 3.5581 1.9801 0.5923
v 3.7350 1.8169 0.8164
v 3.9055 1.6933 1.0118
v 4.0338 1.5956 1.1599
v 4.1267 1.5167 1.2737
v 4.1949 1.4572 1.3557
v 4.2625 1.3669 1.4378
v 4.4466 1.3093 1.5698
v 4.3723 0.9655 2.2314
v 4.4992 0.8675 2.0275
v 4.4673 0.8851 2.0712
v 4.3202 1.0340 2.3520
v 4.4063 0.9361 2.1768
v 4.4356 0.9203 2.1299
v 4.5547 0.8225 1.9235
v 4.5843 0.8081 1.8801
v 4.3102 1.1278 2.4250
v 4.3450 1.0004 2.2967
v 4.5313 0.8460 1.9823
v 4.1985 1.2167 2.2994
v 4.2622 1.2638 2.3228
v 4.2370 1.1886 2.3422
v 4.2066 1.1642 2.2547
v 4.2503 1.4079 2.2039
v 4.3335 1.2878 2.3146
v 4.1649 1.5108 2.1084
v 4.0476 1.5251 1.9887
v 4.2377 1.1648 1.6038
v 4.2648 1.1168 1.6643
v 4.2008 1.1877 1.7024
v 4.1226 1.3035 1.7079
v 4.1576 1.2487 1.7550
v 4.0882 1.3260 1.7619
v 4.1179 1.2680 1.8077
v 4.0457 1.3290 1.8220
v 4.0727 1.2714 1.8667
v 4.2689 1.1504 2.3801
v 1.1153 4.1508 -0.5093
v 0.9131 4.1947 -0.5940
v 0.7220 4.1858 -0.6267
v 0.5347 4.1557 -0.6260
v 0.3592 4.1346 -0.5960
v 0.1876 4.1301 -0.5358
v 1.3939 3.9965 -0.3251
v 1.6190 3.8580 -0.1907
v 1.7069 3.7776 -0.1628
v 1.8137 3.6561 -0.1312
v 1.9307 3.5361 -0.1199
v 1.4957 3.9399 -0.2685
v 2.0615 3.4042 -0.1097
v 2.2005 3.2465 -0.1124
v 2.3473 3.1104 -0.1127
v 2.4686 2.9768 -0.1132
v 4.5079 1.1830 1.6042
v 2.5887 2.8697 -0.1115
v 2.7044 2.7786 -0.1241
v 2.8038 2.7016 -0.1165
v 2.8919 2.6210 -0.0918
v 2.9981 2.5229 -0.0286
v 3.0941 2.4236 0.0777
v 3.1960 2.2890 0.2156
v 3.3295 2.1288 0.4005
v 3.4839 1.9682 0.6120
v 3.6677 1.8011 0.8424
v 3.8309 1.6760 1.0308
v 3.9577 1.5739 1.1760
v 4.0453 1.4903 1.2885
v 4.1078 1.4331 1.3679
v 4.1716 1.3620 1.4471
v 4.5527 1.1137 1.6787
v 1.3009 4.0730 -0.3867
v 4.4217 1.2806 1.5197
v 4.5908 1.0499 1.7392
v 3.4046 2.2787 0.9950
v 3.5825 2.1093 1.1790
v 3.2250 2.4485 0.8352
v 3.0907 2.5921 0.6937
v 3.0306 2.6513 0.6023
v 2.9898 2.6888 0.5540
v 2.9462 2.7305 0.5364
v 2.8968 2.7779 0.5367
v 2.8395 2.8382 0.5468
v 4.2887 1.6448 1.6080
v 4.2579 1.6681 1.6444
v 4.3425 1.5188 1.4619
v 4.3436 1.5513 1.4922
v 4.0132 1.5781 1.6490
v 4.0305 1.6139 1.6835
v 4.3295 1.4841 1.4304
v 4.3090 1.4531 1.4071
v 4.0048 1.5407 1.6146
v 4.0748 1.4093 1.4511
v 4.2195 1.6831 1.6785
v 4.1705 1.6885 1.7085
v 4.0309 1.4491 1.5071
v 4.3145 1.6161 1.5657
v 4.1159 1.6752 1.7253
v 4.0089 1.4980 1.5667
v 4.3346 1.5837 1.5255
v 4.0687 1.6499 1.7126
v 4.2359 1.4128 1.4021
v 4.1422 1.3869 1.4126
v 4.2919 1.3150 1.4649
v 4.3832 1.3397 1.4839
v 4.4048 1.3707 1.5244
v 4.4170 1.4117 1.5672
v 4.4164 1.4480 1.6027
v 4.4066 1.4859 1.6397
v 4.3891 1.5205 1.6764
v 4.3667 1.5525 1.7140
v 4.3368 1.5787 1.7530
v 4.2954 1.6019 1.7928
v 4.2407 1.6166 1.8271
v 4.1777 1.6171 1.8458
v 4.1963 1.3396 1.4783
v 4.1225 1.3693 1.5230
v 4.0801 1.4066 1.5831
v 4.0565 1.4497 1.6418
v 4.0517 1.4886 1.6896
v 4.0628 1.5145 1.7469
v 4.0826 1.5538 1.8001
v 4.1158 1.5934 1.8337
v 1.3387 3.4013 0.5461
v 1.3564 3.4140 0.1849
v 1.3560 3.3892 0.3678
v 0.9608 3.5278 -0.4140
v 0.7647 3.5576 -0.4859
v 0.5905 3.5657 -0.5217
v 0.4473 3.5372 -0.5074
v 0.3119 3.5123 -0.4714
v 0.1681 3.5044 -0.4342
v 1.1627 3.4611 -0.2500
v 1.2823 3.4482 -0.1494
v 1.3483 3.4405 0.0212
v 1.0636 3.4810 -0.3317
v 1.2942 3.2709 0.6196
v 1.3099 3.2755 0.2350
v 1.3080 3.2525 0.4474
v 0.9010 3.3176 -0.3795
v 0.7198 3.3354 -0.4385
v 0.5602 3.3481 -0.4509
v 0.4213 3.3280 -0.4302
v 0.2906 3.3059 -0.4046
v 0.1540 3.2933 -0.3620
v 1.1146 3.2586 -0.1961
v 1.2086 3.2583 -0.0883
v 1.2926 3.2829 0.0745
v 1.0307 3.2756 -0.2930
v 1.2285 3.1320 0.6986
v 1.2636 3.1077 0.3171
v 1.2778 3.1068 0.5353
v 0.8013 3.0904 -0.3135
v 0.6380 3.0975 -0.3382
v 0.4885 3.0937 -0.3426
v 0.3569 3.0781 -0.3358
v 0.2595 3.0775 -0.3195
v 0.1329 3.0742 -0.2709
v 1.0647 3.0674 -0.1649
v 1.1496 3.0674 -0.0213
v 1.2343 3.0839 0.1542
v 0.9534 3.0775 -0.2567
v 1.2017 2.9683 0.7308
v 1.2118 2.8999 0.3522
v 1.2351 2.9303 0.5582
v 0.6976 2.8667 -0.2412
v 0.5601 2.8697 -0.2720
v 0.4363 2.8638 -0.2829
v 0.3212 2.8529 -0.2713
v 0.2076 2.8412 -0.2349
v 0.1007 2.8475 -0.2021
v 0.9837 2.8566 -0.1079
v 1.0964 2.8570 0.0149
v 1.1714 2.8737 0.1706
v 0.8459 2.8603 -0.1891
v 1.1909 2.7737 0.7882
v 1.1820 2.6926 0.3220
v 1.2183 2.7438 0.5711
v 0.6248 2.6513 -0.2209
v 0.4968 2.6512 -0.2445
v 0.3877 2.6465 -0.2421
v 0.2861 2.6373 -0.2239
v 0.1832 2.6262 -0.1968
v 0.0855 2.6180 -0.1774
v 0.9020 2.6449 -0.0866
v 1.0199 2.6485 0.0143
v 1.1157 2.6555 0.1463
v 0.7671 2.6482 -0.1664
v 1.1810 2.5597 0.7936
v 1.1495 2.4882 0.2961
v 1.2001 2.5298 0.5495
v 0.5808 2.4461 -0.2144
v 0.4528 2.4445 -0.2242
v 0.3502 2.4406 -0.2177
v 0.2564 2.4324 -0.2038
v 0.1645 2.4225 -0.1758
v 0.0806 2.4126 -0.1612
v 0.8531 2.4450 -0.0848
v 0.9650 2.4499 0.0159
v 1.0630 2.4605 0.1372
v 0.7216 2.4442 -0.1655
v 1.1763 2.3590 0.7119
v 1.1194 2.3075 0.2884
v 1.1824 2.3363 0.4907
v 0.5752 2.2536 -0.2051
v 0.4415 2.2505 -0.2127
v 0.3384 2.2454 -0.2064
v 0.2464 2.2371 -0.1939
v 0.1573 2.2276 -0.1659
v 0.0774 2.2183 -0.1523
v 0.8339 2.2551 -0.0927
v 0.9369 2.2632 0.0043
v 1.0256 2.2758 0.1239
v 0.7078 2.2543 -0.1619
v 1.1554 2.1763 0.6490
v 1.1068 2.1428 0.2671
v 1.1551 2.1646 0.4597
v 0.5830 2.0726 -0.1989
v 0.4559 2.0674 -0.2006
v 0.3445 2.0597 -0.1966
v 0.2496 2.0506 -0.1892
v 0.1591 2.0403 -0.1651
v 0.0775 2.0303 -0.1485
v 0.8392 2.0825 -0.1062
v 0.9435 2.0950 -0.0190
v 1.0258 2.1138 0.1010
v 0.7172 2.0760 -0.1668
v 1.1791 1.8701 0.6026
v 1.1879 1.8841 0.2423
v 1.1933 1.8821 0.4355
v 0.4475 1.8360 1.3544
v 0.5963 1.9010 -0.1847
v 0.4684 1.8920 -0.1854
v 0.3587 1.8824 -0.1845
v 0.2621 1.8709 -0.1842
v 0.1706 1.8596 -0.1733
v 0.0869 1.8476 -0.1550
v 0.1154 1.8714 1.4082
v 1.0171 1.8145 -0.0468
v 1.1232 1.8596 0.0761
v 0.7530 1.7523 -0.1602
v 1.1987 1.7254 0.6230
v 1.2325 1.7612 0.2621
v 1.2225 1.7517 0.4629
v 0.2723 1.8552 1.3994
v 0.6543 1.5650 -0.2196
v 0.5343 1.5506 -0.2360
v 0.4246 1.5395 -0.2425
v 0.3205 1.5277 -0.2453
v 0.2192 1.5155 -0.2426
v 0.1167 1.5058 -0.2371
v 1.0686 1.6759 -0.0486
v 1.1792 1.7367 0.0879
v 0.7844 1.5872 -0.1894
v 1.3112 3.4480 0.7626
v 1.2694 3.3066 0.7726
v 1.1959 3.1551 0.8246
v 1.1096 2.8060 0.9653
v 1.1273 2.9824 0.9279
v 0.7107 2.8302 1.3139
v 0.8770 2.8157 1.2141
v 1.0557 1.8343 0.9430
v 0.1058 2.3211 1.4385
v 0.1144 2.8351 1.4444
v 0.2541 2.2886 1.4474
v 0.7031 2.6655 1.3485
v 0.8660 2.6441 1.2274
v 1.0421 2.1972 0.9956
v 0.4835 2.2484 1.4106
v 0.1230 3.0517 1.4329
v 0.5120 2.4800 1.4420
v 0.6974 2.4413 1.3664
v 0.8720 2.4214 1.2339
v 1.0341 2.4028 1.0716
v 0.2495 2.5271 1.4652
v 0.1097 2.5664 1.4453
v 0.6779 2.2129 1.3386
v 0.8861 2.2021 1.1990
v 1.0121 2.6210 1.0975
v 0.5325 2.8800 1.3851
v 0.2451 2.7857 1.4607
v 0.6410 1.8261 1.2761
v 0.8742 1.8287 1.1483
v 1.0082 2.8214 1.0850
v 0.5164 2.7039 1.4286
v 0.2710 2.9830 1.4351
v 1.1148 2.5913 0.9690
v 1.1269 2.3816 0.8997
v 1.1227 2.1889 0.8076
v 1.1413 1.8497 0.7448
v 0.8886 1.7773 -0.1187
v 0.1278 1.6659 1.3788
v 0.1778 1.4617 1.4027
v 0.1589 1.1988 1.4403
v 0.0650 1.5857 1.3714
v 0.1085 1.4695 1.3872
v 0.0908 1.3452 1.3929
v 0.0400 1.5426 1.3689
v 0.0531 1.4702 1.3773
v 0.0490 1.3903 1.3818
v 0.4742 1.6351 1.3382
v 0.2982 1.6578 1.3805
v 1.0665 1.6595 0.9587
v 0.6689 1.6325 1.2603
v 0.8801 1.6427 1.1457
v 1.1519 1.6870 0.7699
v 1.2187 1.5703 0.6614
v 1.2800 1.6118 0.2834
v 1.2614 1.6011 0.4895
v 1.1259 1.5154 -0.0583
v 1.2444 1.5859 0.1003
v 0.5076 1.4364 1.3543
v 0.3290 1.4459 1.4048
v 1.0753 1.4774 0.9831
v 0.7144 1.4282 1.2669
v 0.9121 1.4468 1.1518
v 1.1688 1.5249 0.8208
v 1.0695 1.9783 0.0787
v 0.9770 1.9494 -0.0400
v 1.1547 2.0174 0.6102
v 1.1624 2.0158 0.4370
v 1.1371 2.0055 0.2456
v 0.7325 1.9109 -0.1622
v 0.2879 1.6979 -0.2059
v 0.1917 1.6844 -0.1985
v 0.1026 1.6746 -0.1897
v 0.6197 1.7347 -0.1826
v 0.4959 1.7214 -0.1947
v 0.1084 2.0902 1.4314
v 0.3886 1.7106 -0.2024
v 1.1239 2.0115 0.7457
v 0.4440 2.0389 1.3862
v 0.2628 2.0603 1.4269
v 0.6419 2.0167 1.3083
v 0.8834 2.0109 1.1552
v 1.0560 2.0123 0.9328
v 0.8620 1.9261 -0.1151
v 1.0945 1.2632 1.0105
v 0.3364 1.1761 1.4364
v 0.5330 1.1673 1.3747
v 1.3025 1.3959 0.0966
v 1.1721 1.3187 -0.0944
v 1.3069 1.4257 0.5042
v 1.3391 1.4269 0.3084
v 1.2615 1.3917 0.6851
v 1.1833 1.3295 0.8561
v 0.9254 1.2162 1.1678
v 0.7426 1.1839 1.2783
v 0.9266 1.6230 -0.1367
v 0.9621 1.4486 -0.1710
v 0.9889 1.2496 -0.2158
v 0.6813 1.3871 -0.2555
v 0.5647 1.3752 -0.2680
v 0.4568 1.3668 -0.2757
v 0.3493 1.3556 -0.2846
v 0.2410 1.3437 -0.2895
v 0.1246 1.3335 -0.2920
v 0.6950 1.1951 -0.2880
v 0.5844 1.1910 -0.2989
v 0.4787 1.1876 -0.3199
v 0.3694 1.1818 -0.3473
v 0.2500 1.1634 -0.3654
v 0.1273 1.1504 -0.3831
v 0.7231 0.9944 -0.3846
v 0.5989 0.9990 -0.4037
v 0.4888 1.0039 -0.4270
v 0.3731 0.9947 -0.4445
v 0.2522 0.9785 -0.4638
v 0.1181 0.9525 -0.4704
v 0.8074 1.4082 -0.2311
v 0.8193 1.2108 -0.2704
v 1.1196 0.8156 -0.3640
v 0.8051 0.5656 -0.6967
v 0.6507 0.5769 -0.7243
v 0.5177 0.5894 -0.7266
v 0.3840 0.5914 -0.7116
v 0.2474 0.5826 -0.7270
v 0.1030 0.5532 -0.7034
v 0.9351 0.7929 -0.4867
v 1.1976 0.5812 -0.4600
v 0.9875 0.5629 -0.6200
v 0.7992 0.3181 -0.8118
v 0.6293 0.3335 -0.8487
v 0.4900 0.3555 -0.8494
v 0.3503 0.3632 -0.8304
v 0.1796 0.3461 -0.8024
v 0.0630 0.3154 -0.7381
v 1.2379 0.3263 -0.5281
v 0.7972 0.0439 -0.8684
v 0.6101 0.0517 -0.9091
v 0.4332 0.0811 -0.9142
v 0.2894 0.1067 -0.8922
v 0.1385 0.1122 -0.8163
v 0.0334 0.1073 -0.7399
v 0.9983 0.3059 -0.7263
v 1.2879 0.0719 -0.5432
v 0.7872 -0.2265 -0.8662
v 0.5735 -0.2042 -0.8960
v 0.3880 -0.1704 -0.8917
v 0.2452 -0.1467 -0.8622
v 0.1141 -0.1335 -0.7888
v 0.0205 -0.1060 -0.7093
v 1.0216 0.0366 -0.7609
v 1.3349 -0.2126 -0.5557
v 0.7852 -0.5115 -0.7963
v 0.5607 -0.4606 -0.8158
v 0.3612 -0.4294 -0.7867
v 0.2138 -0.3859 -0.7509
v 0.0926 -0.3495 -0.7016
v 0.0103 -0.3087 -0.6487
v 1.0377 -0.2338 -0.7747
v 1.3931 -0.4946 -0.4900
v 0.8102 -0.7739 -0.6531
v 0.5730 -0.7221 -0.6669
v 0.3584 -0.6480 -0.6359
v 0.2103 -0.5866 -0.6113
v 0.0891 -0.5374 -0.5891
v 0.0236 -0.4821 -0.5491
v 1.0717 -0.5252 -0.6998
v 1.4032 -0.7472 -0.4020
v 0.8163 -1.0000 -0.4494
v 0.6029 -0.9842 -0.3692
v 0.3415 -0.8190 -0.4296
v 0.2168 -0.7520 -0.4186
v 0.1251 -0.7004 -0.4223
v 0.0600 -0.6117 -0.4404
v 1.0853 -0.7944 -0.5744
v 1.4040 -0.9216 -0.3306
v 0.8573 -1.2219 -0.2766
v 0.6222 -1.2599 -0.1759
v 0.2038 -0.8571 -0.2030
v 0.1244 -0.7932 -0.2558
v 0.0749 -0.7331 -0.2584
v 1.0887 -0.9665 -0.4301
v 1.4342 0.9507 0.0988
v 1.2981 0.8708 -0.1647
v 1.4437 0.9594 0.5613
v 1.4749 0.9796 0.3497
v 1.3744 0.9076 0.7284
v 1.2494 0.8327 0.8862
v 1.4968 0.6660 0.0968
v 1.3900 0.6172 -0.2032
v 1.4788 0.6568 0.5618
v 1.5128 0.6849 0.3597
v 1.4119 0.6192 0.7427
v 1.3065 0.5668 0.9082
v 1.5699 0.3884 0.0830
v 1.4571 0.3634 -0.2307
v 1.5307 0.3734 0.5745
v 1.5796 0.3941 0.3596
v 1.4560 0.3449 0.7571
v 1.3408 0.3075 0.9271
v 1.6576 0.1484 0.0887
v 1.5152 0.1208 -0.2459
v 1.5947 0.1211 0.6067
v 1.6723 0.1408 0.3836
v 1.5126 0.0936 0.8041
v 1.3808 0.0455 0.9743
v 1.7351 -0.1146 0.0809
v 1.5828 -0.1713 -0.2321
v 1.6319 -0.1051 0.6363
v 1.7402 -0.1063 0.3857
v 1.5256 -0.1281 0.8436
v 1.3924 -0.1533 1.0023
v 1.7855 -0.3550 0.1005
v 1.6359 -0.4382 -0.2079
v 1.6698 -0.3025 0.6761
v 1.7895 -0.3185 0.4159
v 1.5532 -0.3068 0.8778
v 1.4114 -0.3186 1.0275
v 1.8155 -0.5982 0.1448
v 1.6522 -0.6804 -0.1571
v 1.6976 -0.4989 0.6985
v 1.8154 -0.5419 0.4486
v 1.5786 -0.4858 0.8975
v 1.4319 -0.4837 1.0426
v 1.8150 -0.7925 0.1667
v 1.6599 -0.8660 -0.1199
v 1.7290 -0.6814 0.6987
v 1.8334 -0.7268 0.4595
v 0.8442 -0.9514 1.2917
v 0.8093 -0.7818 1.2663
v 1.1263 0.7685 1.0532
v 0.3700 0.5155 1.2857
v 0.5576 0.5648 1.2657
v 0.9566 0.7090 1.1665
v 0.7698 0.6414 1.2240
v 1.1709 0.5183 1.0579
v 0.4004 0.2506 1.2212
v 0.5731 0.2954 1.1879
v 0.9723 0.4435 1.1386
v 0.7480 0.3571 1.1562
v 1.1980 0.2704 1.0447
v 0.4178 0.0285 1.1866
v 0.6056 0.0599 1.1652
v 0.9725 0.1756 1.0982
v 0.7542 0.0939 1.1096
v 1.2030 0.0008 1.0815
v 0.3986 -0.1633 1.1195
v 0.5760 -0.1294 1.1280
v 0.9816 -0.0576 1.1584
v 0.7796 -0.1094 1.1589
v 1.2052 -0.1885 1.1065
v 0.3607 -0.3440 0.9955
v 0.5188 -0.3414 1.0827
v 0.9888 -0.2401 1.1748
v 0.7564 -0.3054 1.1730
v 1.2260 -0.3402 1.1376
v 0.2878 -0.5105 0.8762
v 0.4525 -0.5807 1.0722
v 1.0052 -0.4023 1.1997
v 0.7494 -0.4878 1.1916
v 1.2492 -0.4943 1.1605
v 0.5133 -0.7340 1.1535
v 1.0328 -0.5507 1.2302
v 0.7760 -0.6369 1.2370
v 0.1788 0.4857 1.2909
v 0.2198 0.2156 1.2449
v 0.2238 0.0030 1.1946
v 0.2103 -0.1821 1.1275
v 0.1721 -0.3790 1.0116
v 0.1528 -0.5875 0.9263
v 0.9424 0.9602 1.1884
v 0.7527 0.9051 1.2705
v 0.3591 0.8288 1.3762
v 0.1497 0.8129 1.3928
v 1.1080 1.0223 1.0376
v 0.5458 0.8530 1.3367
v 0.1269 -0.7501 0.7158
v 0.1020 -0.8091 0.5795
v 0.0300 -0.8372 0.0905
v 0.0770 -0.7891 -0.1365
v 0.2006 -0.6658 0.7379
v 0.1462 -0.7408 0.5583
v 0.0672 -0.8877 0.1247
v 0.1026 -0.8307 -0.0976
v 0.2679 -0.7564 0.8673
v 0.1923 -0.8362 0.6536
v 0.1046 -0.9750 0.1738
v 0.1653 -0.9301 -0.0369
v 0.1163 0.7691 -0.5489
v 0.7735 0.7910 -0.5405
v 0.6333 0.7997 -0.5595
v 0.5061 0.8077 -0.5652
v 0.8630 1.0027 -0.3522
v 0.3807 0.8075 -0.5640
v 0.2552 0.7931 -0.5610
v 1.0396 1.0352 -0.2738
v 1.4108 1.2220 0.3230
v 1.3740 1.1870 0.0772
v 1.2160 1.1032 0.8792
v 1.3096 1.1711 0.7029
v 1.3785 1.2171 0.5318
v 1.2282 1.1035 -0.1312
v 1.4140 -1.1032 -0.2692
v 1.1379 -1.1661 -0.3086
v 1.8193 -0.9501 0.1699
v 1.6616 -1.0320 -0.0984
v 1.7543 -0.8458 0.6967
v 1.8428 -0.8837 0.4557
v 1.0672 -0.7050 1.2637
v 0.5463 -0.8833 1.2179
v 1.2778 -0.6565 1.1858
v 1.4580 -0.6533 1.0623
v 0.2951 -0.9021 0.9208
v 0.2147 -0.9795 0.7416
v 0.1458 -1.0975 0.2401
v 0.2168 -1.0531 0.0325
v 1.1033 -0.8738 1.2886
v 0.5744 -1.0812 1.2528
v 1.3132 -0.8328 1.2064
v 1.4917 -0.8230 1.0749
v 0.3050 -1.0391 0.9327
v 0.2292 -1.1069 0.7851
v 0.1606 -1.2512 0.2690
v 0.2419 -1.2314 0.0701
v 0.3373 -1.2286 0.9804
v 0.2357 -1.2793 0.7935
v 0.1843 -1.4111 0.2794
v 0.2723 -1.4001 0.0912
v 0.2927 -0.9639 -0.1618
v 1.6115 -0.6572 0.9062
v 1.6428 -0.8255 0.9062
v 0.3542 -1.1275 -0.0717
v 0.3993 -1.3481 -0.0672
v 0.8855 -1.4070 -0.2284
v 0.6747 -1.4999 -0.1516
v 0.8832 -1.1500 1.3148
v 1.4142 -1.2792 -0.2125
v 1.1494 -1.3350 -0.2580
v 1.8083 -1.1151 0.1735
v 1.6538 -1.2008 -0.0834
v 1.7662 -1.0022 0.7103
v 1.8466 -1.0455 0.4466
v 1.1378 -1.0677 1.3030
v 0.6009 -1.2706 1.2366
v 1.3416 -1.0258 1.2172
v 1.5142 -1.0088 1.0797
v 0.3846 -1.3972 1.0087
v 0.2704 -1.5126 0.7725
v 0.2443 -1.6229 0.3103
v 0.3347 -1.6202 0.1202
v 1.6663 -1.0076 0.9058
v 0.4790 -1.5746 -0.0443
v 0.9197 -1.6115 -0.1955
v 0.7142 -1.7338 -0.1314
v 0.9264 -1.3567 1.3294
v 1.4143 -1.4821 -0.1724
v 1.1782 -1.5284 -0.2144
v 1.8039 -1.3273 0.1910
v 1.6440 -1.4117 -0.0463
v 1.7971 -1.2089 0.7096
v 1.8504 -1.2577 0.4600
v 1.1699 -1.2863 1.3232
v 0.6434 -1.5180 1.2474
v 1.3652 -1.2428 1.2244
v 1.5276 -1.2238 1.0830
v 0.4476 -1.6574 1.0247
v 0.3348 -1.7696 0.7730
v 0.3216 -1.8708 0.3237
v 0.4068 -1.8681 0.1316
v 1.6694 -1.2182 0.9127
v 0.5536 -1.8236 -0.0309
v 0.9422 -1.8810 -0.1726
v 0.7284 -2.0133 -0.1059
v 0.9681 -1.6183 1.3513
v 1.4281 -1.7320 -0.1281
v 1.1923 -1.7921 -0.1843
v 1.8028 -1.5805 0.2155
v 1.6446 -1.6623 -0.0125
v 1.7818 -1.4623 0.7285
v 1.8404 -1.5135 0.4787
v 1.2182 -1.5182 1.3496
v 0.6931 -1.7855 1.2642
v 1.3875 -1.4831 1.2315
v 1.5405 -1.4515 1.1005
v 0.5105 -1.9417 1.0425
v 0.4160 -2.0582 0.7813
v 0.4109 -2.1514 0.3466
v 0.4795 -2.1458 0.1624
v 1.6701 -1.4521 0.9384
v 0.6011 -2.1040 -0.0109
v 0.9903 -2.5171 -0.1301
v 0.8136 -2.6486 -0.0373
v 1.0343 -2.1629 1.3244
v 1.4685 -2.3296 -0.0671
v 1.2439 -2.4150 -0.1559
v 1.7564 -2.1927 0.2549
v 1.6439 -2.2583 0.0628
v 1.7344 -2.0549 0.7305
v 1.7816 -2.1175 0.4981
v 1.2574 -2.0618 1.3089
v 0.7963 -2.3402 1.2299
v 1.4187 -2.0159 1.2163
v 1.5403 -2.0024 1.0900
v 0.6345 -2.5060 1.0494
v 0.5526 -2.6276 0.8028
v 0.5492 -2.7399 0.3803
v 0.6048 -2.7528 0.2250
v 1.6458 -2.0149 0.9279
v 0.6919 -2.7277 0.0778
v 1.0615 -2.8404 -0.0730
v 0.8828 -2.9438 -0.0057
v 1.0768 -2.4450 1.2740
v 1.4825 -2.6459 -0.0207
v 1.2778 -2.7459 -0.1020
v 1.7348 -2.5007 0.2704
v 1.6442 -2.5745 0.1102
v 1.7195 -2.3538 0.6872
v 1.7561 -2.4176 0.4760
v 1.2863 -2.3458 1.2616
v 0.8553 -2.6190 1.1960
v 1.4436 -2.3029 1.1738
v 1.5564 -2.2934 1.0473
v 0.7017 -2.7924 1.0206
v 0.6130 -2.9039 0.7941
v 0.6022 -2.9977 0.3584
v 0.6526 -3.0193 0.2128
v 1.6510 -2.3079 0.8805
v 0.7475 -3.0062 0.0944
v 1.1161 -3.1040 -0.0474
v 0.9314 -3.1811 0.0060
v 1.0855 -2.7443 1.2263
v 1.4966 -2.9557 0.0191
v 1.3258 -3.0495 -0.0629
v 1.7222 -2.7889 0.3017
v 1.6459 -2.8730 0.1554
v 1.7040 -2.6462 0.6711
v 1.7391 -2.7094 0.4702
v 1.3111 -2.6335 1.2176
v 0.9038 -2.9071 1.1449
v 1.4710 -2.5780 1.1341
v 1.5738 -2.5707 1.0057
v 0.7640 -3.0515 0.9793
v 0.6719 -3.1609 0.7873
v 0.6482 -3.2196 0.3483
v 0.6918 -3.2363 0.2035
v 1.6545 -2.5983 0.8391
v 0.7869 -3.2265 0.0923
v 1.1491 -3.2782 -0.0344
v 0.9601 -3.3390 0.0092
v 1.1216 -2.9913 1.1850
v 1.5254 -3.1824 0.0531
v 1.3564 -3.2421 -0.0355
v 1.7322 -3.0414 0.3386
v 1.6621 -3.1206 0.1880
v 1.6984 -2.9052 0.6651
v 1.7366 -2.9671 0.4993
v 1.3063 -2.8947 1.1674
v 0.9301 -3.1393 1.0990
v 1.4797 -2.8410 1.0900
v 1.5863 -2.8344 0.9707
v 0.8135 -3.2769 0.9422
v 0.7243 -3.3662 0.7671
v 0.6871 -3.3910 0.3360
v 0.7229 -3.3944 0.1923
v 1.6543 -2.8611 0.8248
v 0.8130 -3.3789 0.0850
v 1.1677 -3.3845 -0.0245
v 0.9770 -3.4391 0.0112
v 1.1591 -3.1996 1.1552
v 1.5450 -3.3206 0.0803
v 1.3792 -3.3520 -0.0184
v 1.7447 -3.2353 0.3671
v 1.6672 -3.2840 0.2233
v 1.6994 -3.1304 0.6644
v 1.7490 -3.1773 0.5086
v 1.3144 -3.1222 1.1076
v 0.9595 -3.3426 1.0643
v 1.4465 -3.0879 1.0364
v 1.5527 -3.0776 0.9364
v 0.8605 -3.4596 0.9024
v 0.7618 -3.5336 0.7187
v 0.7190 -3.5315 0.3241
v 0.7514 -3.5132 0.1865
v 1.6434 -3.0984 0.7986
v 0.8291 -3.4774 0.0789
v 1.1817 -3.4789 -0.0132
v 0.9931 -3.5266 0.0154
v 1.1853 -3.3866 1.1269
v 1.5620 -3.4108 0.0801
v 1.3943 -3.4318 -0.0030
v 1.7575 -3.3742 0.3673
v 1.6810 -3.4016 0.2264
v 1.7032 -3.3267 0.6687
v 1.7647 -3.3430 0.5162
v 1.3189 -3.3359 1.0778
v 0.9981 -3.5246 1.0267
v 1.4337 -3.3174 0.9960
v 1.5261 -3.3067 0.8947
v 0.8907 -3.6189 0.8415
v 0.7959 -3.6806 0.6580
v 0.7540 -3.6530 0.3124
v 0.7710 -3.6083 0.1811
v 1.6091 -3.3190 0.7953
v 0.8438 -3.5575 0.0732
v 1.1950 -3.5804 -0.0076
v 1.0174 -3.6117 0.0204
v 1.1997 -3.5685 1.0993
v 1.5797 -3.5055 0.0552
v 1.4019 -3.5300 -0.0086
v 1.7814 -3.4879 0.3480
v 1.7041 -3.5063 0.2097
v 1.7135 -3.4891 0.6486
v 1.7856 -3.4845 0.5155
v 1.3383 -3.5300 1.0551
v 1.0324 -3.6912 0.9578
v 1.4471 -3.4997 0.9791
v 1.5324 -3.5013 0.8760
v 0.9177 -3.7751 0.7751
v 0.8320 -3.8180 0.5972
v 0.7842 -3.7612 0.2883
v 0.7908 -3.6924 0.1697
v 1.6017 -3.4959 0.7724
v 0.8704 -3.6386 0.0676
v 1.2114 -3.6994 -0.0167
v 1.0533 -3.7152 0.0108
v 1.2259 -3.8095 1.0168
v 1.5911 -3.6288 0.0200
v 1.4050 -3.6646 -0.0291
v 1.8017 -3.6305 0.3028
v 1.7217 -3.6293 0.1568
v 1.7262 -3.6693 0.6324
v 1.8087 -3.6256 0.5040
v 1.3453 -3.7635 0.9853
v 1.0717 -3.8755 0.8749
v 1.4629 -3.7394 0.9318
v 1.5623 -3.7135 0.8677
v 0.9578 -3.9350 0.7084
v 0.8807 -3.9558 0.5307
v 0.8287 -3.8757 0.2350
v 0.8459 -3.7954 0.1440
v 1.6382 -3.6882 0.7549
v 0.9247 -3.7408 0.0553
v 1.2363 -3.8757 -0.0572
v 1.0989 -3.9054 -0.0411
v 1.2556 -4.0040 0.9165
v 1.6162 -3.7847 -0.0236
v 1.4177 -3.8306 -0.0702
v 1.8489 -3.7762 0.2754
v 1.7633 -3.7783 0.1121
v 1.7587 -3.8337 0.6238
v 1.8302 -3.7883 0.4768
v 1.3725 -3.9539 0.9025
v 1.1105 -4.0748 0.7400
v 1.4804 -3.9142 0.8902
v 1.5897 -3.8880 0.8351
v 1.0200 -4.1080 0.6364
v 0.9310 -4.1188 0.4593
v 0.8894 -4.0666 0.1999
v 0.9362 -4.0122 0.1223
v 1.6747 -3.8655 0.7436
v 1.0016 -3.9536 0.0160
v 1.2715 -4.0846 -0.1457
v 1.1473 -4.1399 -0.1328
v 1.2807 -4.2045 0.7370
v 1.6448 -3.9463 -0.0746
v 1.4372 -4.0095 -0.1407
v 1.8955 -3.9327 0.2526
v 1.8218 -3.9310 0.0612
v 1.7953 -4.0094 0.6172
v 1.8635 -3.9550 0.4329
v 1.3888 -4.1472 0.7732
v 1.1736 -4.2730 0.6933
v 1.4952 -4.1066 0.7900
v 1.6004 -4.0743 0.7730
v 1.0767 -4.3182 0.6019
v 0.9962 -4.3462 0.4558
v 0.9497 -4.3303 0.1874
v 0.9870 -4.2797 0.0787
v 1.7004 -4.0494 0.7290
v 1.0542 -4.2081 -0.0439
v 1.3003 -4.2761 -0.2296
v 1.1779 -4.3611 -0.1900
v 1.3151 -4.4416 0.7155
v 1.6809 -4.1067 -0.1518
v 1.4501 -4.1905 -0.2333
v 1.9466 -4.1014 0.2009
v 1.8730 -4.0920 0.0136
v 1.8444 -4.1968 0.5933
v 1.9093 -4.1401 0.4001
v 1.4220 -4.3711 0.7388
v 1.2104 -4.5100 0.6690
v 1.5176 -4.3217 0.7417
v 1.6339 -4.2805 0.7319
v 1.1053 -4.5671 0.5768
v 1.0245 -4.6022 0.4336
v 0.9786 -4.5949 0.1495
v 1.0228 -4.5349 0.0364
v 1.7383 -4.2362 0.7069
v 1.0903 -4.4460 -0.0944
v 1.3267 -4.5008 -0.2984
v 1.1954 -4.6111 -0.2291
v 1.3476 -4.7119 0.7002
v 1.7077 -4.3268 -0.2228
v 1.4795 -4.3754 -0.2972
v 2.0093 -4.3467 0.1421
v 1.9151 -4.3421 -0.0660
v 1.9042 -4.4292 0.5724
v 1.9823 -4.3739 0.3479
v 1.4484 -4.6412 0.7388
v 1.2458 -4.7723 0.6470
v 1.5543 -4.5856 0.7506
v 1.6801 -4.5275 0.7392
v 1.1473 -4.8190 0.5558
v 1.0596 -4.8554 0.4151
v 1.0071 -4.8595 0.1327
v 1.0508 -4.7976 0.0099
v 1.8073 -4.4724 0.6935
v 1.1152 -4.7065 -0.1216
v 1.3632 -4.8072 -0.3506
v 1.2253 -4.9298 -0.2493
v 1.3736 -5.0282 0.6704
v 1.7490 -4.6447 -0.2915
v 1.5342 -4.7092 -0.3471
v 2.0519 -4.6725 0.0466
v 1.9442 -4.6567 -0.1395
v 1.9664 -4.7526 0.5152
v 2.0530 -4.6859 0.2943
v 1.4634 -4.9669 0.7128
v 1.2670 -5.0723 0.6163
v 1.5796 -4.9028 0.7372
v 1.7200 -4.8378 0.7303
v 1.1812 -5.1114 0.5328
v 1.0903 -5.1519 0.4006
v 1.0299 -5.1663 0.1311
v 1.0791 -5.1158 -0.0053
v 1.8674 -4.7819 0.6618
v 1.1471 -5.0352 -0.1289
v 1.4195 -5.1698 -0.3656
v 1.2922 -5.2682 -0.2728
v 1.4106 -5.3863 0.6322
v 1.7896 -5.0349 -0.3490
v 1.5872 -5.0878 -0.3822
v 2.0658 -5.0748 -0.0251
v 1.9278 -5.0603 -0.2043
v 2.0037 -5.1404 0.4541
v 2.0974 -5.0781 0.2405
v 1.5029 -5.3394 0.6750
v 1.3110 -5.4126 0.5823
v 1.6061 -5.2813 0.7094
v 1.7562 -5.2245 0.7017
v 1.2295 -5.4472 0.5179
v 1.1457 -5.4776 0.4162
v 1.0856 -5.4854 0.1516
v 1.1358 -5.4383 -0.0272
v 1.9069 -5.1675 0.6080
v 1.2090 -5.3611 -0.1577
v 1.4977 -5.5613 -0.3369
v 1.3841 -5.6288 -0.2706
v 1.4782 -5.7681 0.6164
v 1.8048 -5.4784 -0.3304
v 1.6372 -5.5102 -0.3540
v 2.0371 -5.5158 0.0081
v 1.9086 -5.4942 -0.1813
v 2.0129 -5.5746 0.4056
v 2.0668 -5.5069 0.2030
v 1.5573 -5.7326 0.6463
v 1.3961 -5.7996 0.5741
v 1.6531 -5.6926 0.6599
v 1.7947 -5.6430 0.6471
v 1.3093 -5.8123 0.5135
v 1.2335 -5.8268 0.4283
v 1.1727 -5.8151 0.1677
v 1.2209 -5.7685 -0.0247
v 1.9209 -5.6096 0.5582
v 1.2980 -5.7021 -0.1565
v 1.5727 -5.9955 -0.2568
v 1.4680 -6.0263 -0.1939
v 1.5463 -6.1401 0.5942
v 1.8182 -5.9386 -0.2603
v 1.6878 -5.9673 -0.2766
v 2.0177 -5.9594 0.0539
v 1.9050 -5.9447 -0.1289
v 2.0000 -6.0166 0.3755
v 2.0328 -5.9847 0.2260
v 1.6124 -6.1208 0.6164
v 1.4876 -6.1539 0.5653
v 1.7012 -6.1011 0.6219
v 1.8240 -6.0667 0.5989
v 1.4192 -6.1602 0.5224
v 1.3457 -6.1638 0.4506
v 1.2728 -6.1460 0.1982
v 1.3151 -6.1117 0.0142
v 1.9373 -6.0488 0.5175
v 1.3892 -6.0670 -0.1112
v 1.7587 -8.1367 0.5859
v 1.6937 -8.1212 0.6453
v 1.6277 -8.0989 0.6955
v 1.5610 -8.0767 0.7467
v 1.5566 -8.1064 0.9617
v 1.9379 -6.8042 0.2520
v 1.9159 -6.8035 0.1391
v 1.8981 -7.0635 0.1611
v 1.9127 -7.0648 0.2634
v 1.8932 -7.2542 0.2792
v 1.5974 -6.4235 -0.1513
v 1.5088 -6.4264 -0.1232
v 1.5985 -6.4952 0.5654
v 1.8000 -6.4012 -0.1258
v 1.6948 -6.4121 -0.1515
v 1.9517 -6.4101 0.1060
v 1.8883 -6.4039 -0.0389
v 1.9187 -6.4692 0.4735
v 1.9597 -6.4418 0.3697
v 1.6600 -6.4902 0.5715
v 1.5427 -6.4975 0.5469
v 1.7379 -6.4866 0.5636
v 1.4844 -6.4925 0.5177
v 1.4214 -6.4859 0.4578
v 1.3523 -6.4650 0.2184
v 1.3818 -6.4485 0.0651
v 1.8376 -6.4781 0.5334
v 1.4448 -6.4332 -0.0589
v 1.6275 -6.7802 -0.0822
v 1.5490 -6.7641 -0.0559
v 1.6609 -6.7826 0.5386
v 1.7835 -6.7898 -0.0480
v 1.7030 -6.7892 -0.0809
v 1.9021 -7.3948 0.1954
v 1.8601 -6.7950 0.0272
v 1.8952 -6.8097 0.4516
v 1.9308 -6.8020 0.3616
v 1.7165 -6.7846 0.5392
v 1.6008 -6.7805 0.5303
v 1.7763 -6.7929 0.5285
v 1.5391 -6.7746 0.5060
v 1.4832 -6.7657 0.4572
v 1.4108 -6.7387 0.2473
v 1.4270 -6.7437 0.1179
v 1.8405 -6.8025 0.4996
v 1.4818 -6.7546 0.0057
v 1.6796 -7.0223 0.5588
v 1.8670 -7.0576 0.4596
v 1.8993 -7.0589 0.3739
v 1.7294 -7.0284 0.5546
v 1.6218 -7.0176 0.5581
v 1.7782 -7.0365 0.5384
v 1.5587 -7.0116 0.5450
v 1.8241 -7.0469 0.5081
v 1.4963 -7.9515 1.6836
v 1.3794 -7.9629 1.6740
v 1.3345 -8.0359 1.6721
v 1.5484 -8.0172 1.7052
v 1.3886 -8.0078 1.8569
v 1.3687 -8.0395 1.9324
v 1.5380 -7.9989 1.9295
v 1.5165 -7.9832 1.8536
v 1.3878 -8.0162 1.9474
v 1.5164 -7.9852 1.9521
v 1.5089 -7.9863 1.8678
v 1.3907 -8.0063 1.8704
v 1.3445 -8.0504 1.8331
v 1.5653 -8.0200 1.8845
v 1.5145 -7.9727 1.8154
v 1.3830 -8.0027 1.8104
v 1.3839 -7.9853 1.7730
v 1.5076 -7.9676 1.7781
v 1.5759 -8.0190 1.8235
v 1.3420 -8.0462 1.7868
v 1.3821 -7.9727 1.7126
v 1.5576 -8.0187 1.7407
v 1.5013 -7.9581 1.7247
v 1.3372 -8.0405 1.7135
v 1.3857 -7.9776 1.7425
v 1.5717 -8.0196 1.7759
v 1.5054 -7.9630 1.7459
v 1.3356 -8.0425 1.7486
v 1.3491 -8.0542 1.8791
v 1.5182 -7.9758 1.8331
v 1.5469 -8.0133 1.9263
v 1.3843 -8.0082 1.8387
v 1.3682 -8.1501 1.6957
v 1.4238 -8.0570 1.9942
v 1.4234 -8.0160 1.9987
v 1.3708 -8.1394 1.8912
v 1.3626 -8.1521 1.8303
v 1.3662 -8.1559 1.7351
v 1.3632 -8.1594 1.7798
v 1.3883 -8.1134 1.9530
v 1.5276 -8.1376 1.7912
v 1.5179 -8.1456 1.7579
v 1.5426 -8.1055 1.9412
v 1.4874 -8.0048 1.9990
v 1.5477 -8.1301 1.8399
v 1.5520 -8.1221 1.8902
v 1.4944 -8.1347 1.7169
v 1.5045 -8.0424 1.9921
v 1.4060 -8.0017 1.9556
v 1.4996 -7.9816 1.9567
v 1.4985 -7.9850 1.8778
v 1.4057 -8.0003 1.8817
v 1.4226 -8.0032 1.9957
v 1.4810 -7.9913 1.9953
v 1.3556 -7.9913 1.6687
v 1.5296 -7.9822 1.6874
v 1.3724 -8.0216 1.8917
v 1.5334 -7.9830 1.8931
v 1.3795 -8.0180 1.9090
v 1.5222 -7.9833 1.9062
v 1.3653 -8.0211 1.8136
v 1.5461 -7.9763 1.7904
v 1.3582 -8.0102 1.7767
v 1.5500 -7.9773 1.8335
v 1.3547 -8.0027 1.7140
v 1.5404 -7.9706 1.7307
v 1.3546 -8.0046 1.7449
v 1.5433 -7.9798 1.7561
v 1.5452 -7.9818 1.8661
v 1.3669 -8.0231 1.8414
v 1.5070 -7.9820 1.9063
v 1.3998 -8.0002 1.9114
v 1.3280 -8.0984 1.6820
v 1.5290 -8.0307 1.9819
v 1.4003 -8.0181 1.9821
v 1.5206 -8.0693 1.7089
v 1.3297 -8.0932 1.8708
v 1.3201 -8.1086 1.8121
v 1.3299 -8.1062 1.7252
v 1.3239 -8.1106 1.7626
v 1.5472 -8.0497 1.9412
v 1.3789 -8.0489 1.9724
v 1.3521 -8.0815 1.9273
v 1.5580 -8.0710 1.7858
v 1.5470 -8.0676 1.7489
v 1.5124 -7.9903 1.9798
v 1.5711 -8.0687 1.8328
v 1.5651 -8.0610 1.8881
v 1.4080 -7.9968 1.9835
v 1.4952 -7.9806 1.9819
v 1.6153 -8.0154 1.9103
v 1.5984 -8.0637 1.9498
v 1.7122 -8.0499 1.9615
v 1.6965 -8.0168 1.9109
v 1.6068 -8.0552 1.9607
v 1.7002 -8.0406 1.9682
v 1.6912 -8.0271 1.9255
v 1.6215 -8.0259 1.9214
v 1.5930 -8.0704 1.8637
v 1.7310 -8.0759 1.8790
v 1.6997 -7.9987 1.8743
v 1.6150 -7.9957 1.8685
v 1.5928 -8.0723 1.9129
v 1.6991 -8.0100 1.8959
v 1.7231 -8.0650 1.9353
v 1.6142 -8.0051 1.8919
v 1.6277 -8.0902 1.9780
v 1.6296 -8.0684 1.9875
v 1.6374 -8.1469 1.8594
v 1.6341 -8.1248 1.9374
v 1.6989 -8.1214 1.9507
v 1.6809 -8.0616 1.9904
v 1.6937 -8.1410 1.8720
v 1.6890 -8.0829 1.9845
v 1.6199 -8.0413 1.9593
v 1.6885 -8.0376 1.9677
v 1.6829 -8.0321 1.9325
v 1.6270 -8.0310 1.9277
v 1.6344 -8.0562 1.9817
v 1.6749 -8.0514 1.9847
v 1.7251 -8.0757 1.8267
v 1.6133 -7.9878 1.8409
v 1.6967 -7.9867 1.8434
v 1.6002 -8.0663 1.8103
v 1.6386 -8.1471 1.7978
v 1.6838 -8.1407 1.8035
v 1.6056 -8.0303 1.9279
v 1.7075 -8.0362 1.9439
v 1.6142 -8.0331 1.9348
v 1.6950 -8.0359 1.9505
v 1.5956 -8.0220 1.8666
v 1.7206 -8.0240 1.8795
v 1.7193 -8.0400 1.9164
v 1.6004 -8.0257 1.9002
v 1.6861 -8.0359 1.9554
v 1.6224 -8.0394 1.9452
v 1.7105 -8.0283 1.8433
v 1.5992 -8.0163 1.8310
v 1.7129 -8.0678 1.9766
v 1.6145 -8.0627 1.9793
v 1.6048 -8.1215 1.8568
v 1.7240 -8.0955 1.9491
v 1.6091 -8.0828 1.9674
v 1.6028 -8.1077 1.9227
v 1.6996 -8.0491 1.9831
v 1.7227 -8.1156 1.8785
v 1.6224 -8.0500 1.9739
v 1.6858 -8.0423 1.9787
v 1.6139 -8.1191 1.8011
v 1.7095 -8.1143 1.8116
v 0.0633 5.8068 1.3321
v 0.1225 5.8209 1.3162
v 0.1747 5.8411 1.2913
v 0.2290 5.8685 1.2625
v 0.2459 5.7974 1.2150
v 0.1908 5.7597 1.2482
v 0.1292 5.7330 1.2758
v 0.0662 5.7197 1.2871
v 0.2974 5.8408 1.1802
v 0.2370 5.8285 1.2393
v 0.1827 5.7949 1.2712
v 0.0651 5.7550 1.3136
v 0.1290 5.7706 1.3000
v 0.0637 5.6995 1.2646
v 0.1303 5.7120 1.2504
v 0.1927 5.7360 1.2225
v 0.2515 5.7733 1.1865
v 0.3047 5.8155 1.1486
v 0.3500 5.8649 1.1208
v 0.0608 5.6823 1.2301
v 0.1309 5.6930 1.2191
v 0.1956 5.7139 1.1896
v 0.2572 5.7519 1.1477
v 0.3126 5.7936 1.1092
v 0.3619 5.8422 1.0757
v 1.4859 -7.9412 1.6467
v 1.3710 -7.9591 1.6161
v 1.3259 -8.0296 1.6044
v 1.5297 -8.0176 1.6523
v 1.3593 -8.1277 1.6139
v 1.4717 -8.1228 1.6497
v 1.3504 -7.9861 1.6076
v 1.5122 -7.9767 1.6455
v 1.3159 -8.0808 1.6037
v 1.4924 -8.0736 1.6543
v 1.4840 -7.9303 1.6030
v 1.3691 -7.9492 1.5555
v 1.3161 -8.0295 1.5446
v 1.5228 -8.0121 1.6295
v 1.3576 -8.1263 1.5547
v 1.4866 -8.1199 1.6123
v 1.3447 -7.9779 1.5453
v 1.5123 -7.9568 1.6091
v 1.3069 -8.0786 1.5474
v 1.5007 -8.0796 1.6285
v 1.5018 -7.9125 1.5457
v 1.3654 -7.9320 1.5083
v 1.3069 -8.0275 1.4977
v 1.5253 -8.0728 1.6241
v 1.3639 -8.1322 1.5132
v 1.5308 -8.1289 1.5739
v 1.3361 -7.9727 1.4976
v 1.5213 -7.9680 1.5898
v 1.3026 -8.0826 1.5075
v 1.5283 -8.1094 1.6213
v 1.6890 -7.9581 1.7676
v 1.6085 -7.9642 1.7593
v 1.5792 -8.0626 1.7226
v 1.7209 -8.0685 1.7410
v 1.6313 -8.1380 1.7162
v 1.6876 -8.1358 1.7203
v 1.5860 -8.0053 1.7471
v 1.7074 -8.0153 1.7549
v 1.6065 -8.1095 1.7177
v 1.7114 -8.1127 1.7279
v 1.6881 -7.9509 1.7228
v 1.6055 -7.9575 1.7222
v 1.5706 -8.0616 1.6975
v 1.7153 -8.0701 1.7159
v 1.6272 -8.1406 1.6947
v 1.6849 -8.1383 1.7014
v 1.5842 -7.9998 1.7106
v 1.7068 -8.0129 1.7211
v 1.5992 -8.1141 1.6945
v 1.7133 -8.1141 1.7071
v 1.6864 -7.9437 1.6800
v 1.6026 -7.9498 1.6830
v 1.5606 -8.0619 1.6742
v 1.7139 -8.0722 1.6839
v 1.6213 -8.1491 1.6729
v 1.6811 -8.1422 1.6803
v 1.5788 -7.9973 1.6741
v 1.7031 -8.0153 1.6801
v 1.5924 -8.1216 1.6695
v 1.7053 -8.1159 1.6821
v 1.6816 -7.9389 1.6332
v 1.5935 -7.9548 1.6330
v 1.5503 -8.0699 1.6499
v 1.7152 -8.0809 1.6527
v 1.6141 -8.1562 1.6438
v 1.6773 -8.1393 1.6555
v 1.5657 -7.9988 1.6343
v 1.7069 -8.0181 1.6381
v 1.5812 -8.1328 1.6467
v 1.7008 -8.1196 1.6611
v 1.6874 -8.1363 1.7486
v 1.7105 -8.1123 1.7540
v 1.7185 -8.0705 1.7706
v 1.6900 -7.9697 1.8021
v 1.6760 -7.9344 -0.0875
v 1.6386 -8.1378 1.7484
v 1.6104 -7.9747 1.7986
v 1.5912 -8.0086 1.7821
v 1.5931 -8.0619 1.7583
v 1.7087 -8.0182 1.7893
v 1.6143 -8.1165 1.7450
v 1.6763 -7.9268 1.5826
v 1.5820 -7.9564 1.5892
v 1.5421 -8.0894 1.6376
v 1.7101 -8.0834 1.6366
v 1.6709 -7.8321 -0.0973
v 1.6095 -8.1562 1.6157
v 1.6787 -8.1376 1.6311
v 1.5598 -8.0197 1.6083
v 1.7082 -8.0168 1.6106
v 1.5711 -8.1392 1.6296
v 1.7007 -8.1189 1.6416
v 1.6791 -7.9131 1.5391
v 1.5641 -7.9365 1.5490
v 1.5312 -8.0797 1.6243
v 1.7107 -8.0623 1.6149
v 1.6680 -7.7272 -0.0870
v 1.6073 -8.1405 1.5731
v 1.7064 -8.1256 1.6074
v 1.5397 -7.9893 1.5861
v 1.7035 -7.9776 1.5676
v 1.5572 -8.1269 1.6155
v 1.7120 -8.1182 1.6194
v 1.7728 -8.0259 1.8457
v 1.7566 -8.0712 1.8893
v 1.8438 -8.0529 1.8643
v 1.8155 -8.0277 1.8432
v 1.7661 -8.0437 1.8924
v 1.8311 -8.0492 1.8773
v 1.8122 -8.0306 1.8481
v 1.7782 -8.0287 1.8530
v 1.7435 -8.1044 1.8399
v 1.8762 -8.0854 1.8279
v 1.8196 -8.0122 1.8112
v 1.7703 -8.0074 1.8175
v 1.7475 -8.0948 1.8729
v 1.8180 -8.0211 1.8289
v 1.8681 -8.0710 1.8544
v 1.7705 -8.0203 1.8379
v 1.7916 -8.0897 1.9108
v 1.7905 -8.0692 1.9099
v 1.7804 -8.1484 1.8339
v 1.7862 -8.1268 1.8866
v 1.8413 -8.1127 1.8859
v 1.8213 -8.0609 1.9021
v 1.8526 -8.1405 1.8407
v 1.8246 -8.0767 1.9009
v 1.7735 -8.0373 1.8901
v 1.8201 -8.0300 1.8776
v 1.8079 -8.0302 1.8586
v 1.7830 -8.0280 1.8603
v 1.7882 -8.0442 1.9050
v 1.8192 -8.0450 1.8971
v 1.8813 -8.0843 1.8012
v 1.7706 -7.9984 1.7929
v 1.8250 -8.0044 1.7831
v 1.7448 -8.1011 1.8095
v 1.7809 -8.1553 1.7859
v 1.8578 -8.1469 1.7863
v 1.7567 -8.0332 1.8643
v 1.8337 -8.0308 1.8511
v 1.7617 -8.0356 1.8700
v 1.8268 -8.0346 1.8598
v 1.7484 -8.0142 1.8293
v 1.8478 -8.0367 1.8154
v 1.8416 -8.0356 1.8381
v 1.7513 -8.0308 1.8530
v 1.8162 -8.0308 1.8638
v 1.7710 -8.0318 1.8720
v 1.8508 -8.0408 1.7849
v 1.7458 -7.9990 1.7979
v 1.8417 -8.0669 1.8868
v 1.7753 -8.0722 1.9078
v 1.7548 -8.1323 1.8336
v 1.8574 -8.0949 1.8685
v 1.7673 -8.0870 1.9094
v 1.7622 -8.1153 1.8875
v 1.8335 -8.0622 1.8924
v 1.8700 -8.1174 1.8352
v 1.7799 -8.0399 1.9036
v 1.8216 -8.0367 1.8911
v 1.7550 -8.1373 1.7929
v 1.8736 -8.1235 1.7886
v 1.8267 -7.9866 1.7158
v 1.7687 -7.9715 1.7222
v 1.7444 -8.0822 1.7383
v 1.8734 -8.0736 1.7353
v 1.7884 -8.1394 1.7222
v 1.8441 -8.1370 1.7278
v 1.7444 -7.9709 1.7306
v 1.8549 -8.0258 1.7104
v 1.7639 -8.1171 1.7324
v 1.8662 -8.1155 1.7354
v 1.8274 -7.9738 1.6776
v 1.7676 -7.9628 1.6872
v 1.7370 -8.0799 1.7228
v 1.8697 -8.0648 1.7033
v 1.7893 -8.1326 1.7056
v 1.8448 -8.1296 1.7088
v 1.7411 -7.9692 1.7036
v 1.8535 -8.0240 1.6792
v 1.7593 -8.1114 1.7167
v 1.8656 -8.1119 1.7166
v 1.8263 -7.9700 1.6283
v 1.7628 -7.9539 1.6481
v 1.7323 -8.0746 1.7039
v 1.8618 -8.0495 1.6489
v 1.7839 -8.1273 1.6874
v 1.8438 -8.1254 1.6856
v 1.7390 -7.9619 1.6694
v 1.8520 -8.0225 1.6326
v 1.7575 -8.1073 1.6983
v 1.8630 -8.1087 1.6813
v 1.8229 -7.9653 1.5843
v 1.7601 -7.9474 1.6030
v 1.7213 -8.0621 1.6718
v 1.8594 -8.0519 1.6170
v 1.7781 -8.1221 1.6531
v 1.8363 -8.1163 1.6415
v 1.7336 -7.9556 1.6356
v 1.8473 -8.0149 1.5961
v 1.7452 -8.1120 1.6621
v 1.8597 -8.0928 1.6347
v 1.8525 -8.1439 1.7522
v 1.8657 -8.1164 1.7579
v 1.8769 -8.0767 1.7648
v 1.8277 -7.9958 1.7540
v 1.7894 -8.1452 1.7441
v 1.7700 -7.9813 1.7566
v 1.7483 -7.9763 1.7592
v 1.7494 -8.0908 1.7602
v 1.8561 -8.0323 1.7494
v 1.7663 -8.1257 1.7491
v 1.8243 -7.9742 1.5483
v 1.7511 -7.9370 1.5670
v 1.7123 -8.0546 1.6483
v 1.8566 -8.0462 1.5896
v 1.7658 -8.1096 1.6243
v 1.8355 -8.0989 1.5925
v 1.7271 -7.9722 1.5876
v 1.8467 -8.0089 1.5656
v 1.7395 -8.1076 1.6505
v 1.8520 -8.0771 1.5944
v 1.8288 -7.9310 1.4966
v 1.7295 -7.9214 1.5342
v 1.7070 -8.0528 1.6212
v 1.8574 -8.0375 1.5654
v 1.7470 -8.1079 1.5975
v 1.8460 -8.0954 1.5330
v 1.7164 -7.9753 1.5741
v 1.8469 -7.9955 1.5296
v 1.7259 -8.0986 1.6233
v 1.8531 -8.0672 1.5537
v 1.9145 -7.9945 1.7454
v 1.8954 -8.0270 1.7659
v 1.9828 -8.0111 1.7685
v 1.9631 -7.9906 1.7476
v 1.9028 -8.0107 1.7751
v 1.9731 -8.0023 1.7734
v 1.9569 -7.9959 1.7547
v 1.9179 -8.0007 1.7493
v 1.8811 -8.0612 1.7278
v 2.0092 -8.0442 1.7251
v 1.9674 -7.9846 1.7308
v 1.9116 -7.9901 1.7274
v 1.8855 -8.0500 1.7500
v 1.9641 -7.9870 1.7419
v 1.9960 -8.0288 1.7509
v 1.9125 -7.9918 1.7377
v 1.9206 -8.0457 1.7884
v 1.9178 -8.0189 1.7931
v 1.9301 -8.1221 1.7222
v 1.9276 -8.0890 1.7647
v 1.9835 -8.0789 1.7662
v 1.9590 -8.0167 1.7938
v 1.9972 -8.1091 1.7256
v 1.9684 -8.0398 1.7832
v 1.9116 -8.0045 1.7756
v 1.9603 -8.0001 1.7797
v 1.9531 -7.9941 1.7627
v 1.9199 -7.9980 1.7593
v 1.9224 -8.0098 1.7910
v 1.9547 -8.0056 1.7915
v 2.0171 -8.0516 1.7008
v 1.9143 -7.9858 1.7098
v 1.9692 -7.9828 1.7145
v 1.8817 -8.0664 1.7042
v 1.9310 -8.1303 1.6869
v 2.0044 -8.1176 1.6827
v 1.8972 -8.0099 1.7532
v 1.9752 -7.9983 1.7564
v 1.9048 -8.0037 1.7589
v 1.9671 -7.9971 1.7648
v 1.8858 -8.0199 1.7283
v 1.9921 -8.0127 1.7299
v 1.9884 -8.0060 1.7465
v 1.8898 -8.0180 1.7419
v 1.9577 -7.9972 1.7692
v 1.9138 -8.0030 1.7646
v 1.9940 -8.0125 1.7110
v 1.8894 -8.0184 1.7105
v 1.9807 -8.0237 1.7755
v 1.9060 -8.0154 1.7866
v 1.9028 -8.0981 1.7232
v 1.9974 -8.0534 1.7590
v 1.9019 -8.0366 1.7817
v 1.9029 -8.0724 1.7579
v 1.9718 -8.0098 1.7851
v 2.0079 -8.0801 1.7237
v 1.9148 -8.0075 1.7847
v 1.9581 -8.0028 1.7866
v 1.9028 -8.1081 1.6930
v 2.0220 -8.0852 1.6908
v 1.9797 -7.9672 1.6627
v 1.9103 -7.9704 1.6555
v 1.8786 -8.0645 1.6523
v 2.0218 -8.0409 1.6462
v 1.9372 -8.1277 1.6395
v 1.9964 -8.1150 1.6377
v 1.8875 -8.0115 1.6509
v 2.0044 -7.9988 1.6552
v 1.9033 -8.1058 1.6439
v 2.0192 -8.0791 1.6425
v 1.9805 -7.9636 1.6247
v 1.9109 -7.9648 1.6324
v 1.8784 -8.0658 1.6359
v 2.0184 -8.0392 1.6183
v 1.9377 -8.1297 1.6281
v 1.9936 -8.1164 1.6264
v 1.8885 -8.0087 1.6313
v 1.9973 -7.9991 1.6230
v 1.9025 -8.1060 1.6305
v 2.0165 -8.0791 1.6285
v 1.9698 -7.9712 1.5884
v 1.9088 -7.9657 1.6064
v 1.8788 -8.0671 1.6241
v 2.0044 -8.0482 1.5833
v 1.9395 -8.1319 1.5989
v 1.9852 -8.1200 1.5936
v 1.8881 -8.0071 1.6116
v 1.9883 -8.0037 1.5821
v 1.9039 -8.1131 1.6156
v 2.0063 -8.0869 1.5956
v 1.9598 -7.9593 1.5400
v 1.9028 -7.9599 1.5696
v 1.8754 -8.0633 1.6029
v 1.9913 -8.0454 1.5280
v 1.9284 -8.1226 1.5711
v 1.9806 -8.1092 1.5493
v 1.8856 -8.0003 1.5891
v 1.9813 -8.0010 1.5312
v 1.9030 -8.1131 1.5927
v 1.9986 -8.0899 1.5417
v 2.0038 -8.1164 1.6586
v 2.0243 -8.0836 1.6645
v 2.0223 -8.0476 1.6749
v 1.9728 -7.9754 1.6891
v 1.9302 -8.1316 1.6598
v 1.9139 -7.9775 1.6812
v 1.8895 -8.0143 1.6801
v 1.8819 -8.0677 1.6751
v 1.9983 -8.0038 1.6831
v 1.9034 -8.1090 1.6668
v 1.9474 -7.9455 1.4743
v 1.8905 -7.9533 1.5239
v 1.8714 -8.0558 1.5851
v 1.9899 -8.0312 1.4817
v 1.9119 -8.1104 1.5326
v 1.9747 -8.1023 1.4890
v 1.8789 -7.9881 1.5655
v 1.9722 -7.9823 1.4727
v 1.8954 -8.1070 1.5596
v 1.9906 -8.0810 1.4854
v 1.9472 -7.9290 1.4087
v 1.8637 -7.9322 1.4835
v 1.8658 -8.0418 1.5514
v 1.9786 -8.0305 1.4183
v 1.8925 -8.1002 1.4981
v 1.9845 -8.1068 1.4157
v 1.8614 -7.9841 1.5231
v 1.9610 -7.9449 1.4086
v 1.8724 -8.0670 1.5381
v 1.9865 -8.0781 1.4165
v 2.0006 -7.9703 1.4271
v 2.0902 -7.9691 1.4091
v 2.0208 -8.0761 1.4291
v 2.0920 -8.0540 1.4171
v 2.0136 -7.9334 1.4170
v 2.0648 -7.9427 1.4073
v 1.9880 -8.0241 1.4296
v 2.1109 -8.0121 1.4147
v 1.9959 -7.9656 1.4076
v 2.0936 -7.9680 1.3734
v 2.0124 -8.0798 1.4172
v 2.0930 -8.0592 1.3893
v 2.0066 -7.9258 1.3975
v 2.0677 -7.9361 1.3721
v 1.9891 -8.0264 1.4168
v 2.1085 -8.0194 1.3756
v 1.9829 -7.9356 1.3951
v 2.0975 -7.9646 1.3273
v 1.9993 -8.0739 1.4132
v 2.0997 -8.0670 1.3598
v 1.9862 -7.9197 1.3672
v 2.0649 -7.9303 1.3255
v 1.9859 -8.0311 1.4154
v 2.1258 -8.0118 1.3365
v 1.7955 -7.9960 1.7889
v 1.4582 -8.0107 1.9994
v 1.4692 -8.0576 1.9977
v 1.4653 -8.1252 1.9440
v 1.4687 -8.1617 1.8947
v 1.4527 -8.1736 1.8341
v 1.4474 -8.1818 1.7843
v 1.4450 -8.1829 1.7517
v 1.4317 -8.1591 1.7023
v 1.4286 -8.1425 1.6361
v 1.4423 -8.1366 1.5803
v 1.4618 -8.1406 1.5381
v 1.4435 -7.9527 1.7394
v 1.4423 -7.9603 1.7692
v 1.4429 -7.9719 1.8102
v 1.4542 -7.9930 1.9945
v 1.4504 -7.9760 1.8471
v 1.4491 -7.9760 1.8330
v 1.4496 -7.9856 1.8583
v 1.4512 -7.9853 1.9818
v 1.4498 -7.9856 1.8707
v 1.4534 -7.9863 1.9095
v 1.4514 -7.9823 1.9580
v 1.4371 -7.8906 1.5218
v 1.4309 -7.9149 1.5863
v 1.4383 -7.9377 1.6856
v 1.4329 -7.9330 1.6411
v 1.4371 -7.9515 1.7189
v 1.4581 -7.8224 1.3418
v 1.3862 -7.8520 1.3253
v 1.7236 -7.8265 1.3192
v 1.6660 -7.8197 1.3218
v 1.9077 -7.8585 1.2462
v 1.8627 -7.8537 1.2745
v 2.0422 -7.8972 1.1448
v 2.0100 -7.8742 1.1523
v 1.9778 -7.8586 1.1649
v 2.0870 -7.9378 1.1520
v 2.1471 -7.9939 1.1749
v 1.9452 -7.8556 1.2012
v 1.8173 -7.8481 1.2966
v 1.7704 -7.8392 1.3077
v 1.6002 -7.8141 1.3237
v 1.5310 -7.8097 1.3286
v 1.4288 -7.8053 1.1848
v 1.3857 -7.8464 1.1755
v 1.6815 -7.7466 1.1751
v 1.6187 -7.7365 1.1779
v 1.8913 -7.7850 1.0818
v 1.8420 -7.7767 1.1202
v 2.0217 -7.8599 0.9707
v 1.9846 -7.8265 0.9648
v 1.9565 -7.8041 0.9810
v 2.0597 -7.8991 0.9942
v 2.1084 -7.9508 1.0277
v 1.9236 -7.7868 1.0219
v 1.7882 -7.7672 1.1520
v 1.7345 -7.7547 1.1677
v 1.5512 -7.7322 1.1851
v 1.4851 -7.7567 1.1948
v 1.6785 -8.0373 -0.0896
v 1.4235 -7.7530 0.9956
v 1.3976 -7.8112 0.9821
v 1.6480 -7.6211 0.9741
v 1.5920 -7.6171 0.9673
v 1.7116 -8.1106 -0.0616
v 1.8520 -7.6454 0.8708
v 1.8104 -7.6364 0.9107
v 1.9856 -7.7882 0.7535
v 1.9259 -7.6785 0.7641
v 2.0653 -7.8852 0.7613
v 1.8891 -7.6538 0.8194
v 1.7582 -7.6301 0.9397
v 1.7044 -7.6225 0.9575
v 1.5227 -7.6421 0.9595
v 1.4828 -7.6962 0.9709
v 1.4304 -7.6739 0.7707
v 1.6285 -7.4426 0.7644
v 1.5694 -7.4423 0.7514
v 1.8187 -7.4640 0.6983
v 1.7769 -7.4584 0.7311
v 1.9332 -7.5128 0.2051
v 1.8493 -7.4026 0.1183
v 1.9020 -7.4973 0.5298
v 2.0205 -7.8394 0.7650
v 2.0001 -7.8365 0.5734
v 1.8590 -7.4760 0.6370
v 1.7296 -7.4538 0.7503
v 1.6813 -7.4480 0.7599
v 1.4957 -7.4515 0.7056
v 1.4700 -7.5901 0.7383
v 1.3192 -7.9230 1.3197
v 1.2848 -7.9853 1.3248
v 1.3017 -8.1087 1.3604
v 1.2737 -8.0546 1.3453
v 1.3520 -7.9079 1.1669
v 1.3296 -7.9797 1.1758
v 1.3668 -8.1082 1.2070
v 1.3255 -8.0528 1.1936
v 1.3816 -7.8747 0.9777
v 1.3718 -7.9430 0.9871
v 1.4221 -8.0582 0.9972
v 1.3826 -8.0128 0.9999
v 1.4045 -7.8959 0.7973
v 1.4442 -8.0081 0.7922
v 1.4133 -7.9620 0.8020
v 2.1624 -8.0536 1.2145
v 1.9872 -8.1436 1.2787
v 2.1175 -8.1107 1.2356
v 2.0407 -8.1300 1.2650
v 2.1488 -8.0172 1.0533
v 2.0356 -8.1299 1.0663
v 2.1342 -8.0915 1.0547
v 2.0937 -8.1002 1.0592
v 2.1157 -7.9306 0.7713
v 2.0398 -8.0760 0.7512
v 2.0999 -8.0105 0.7626
v 2.0812 -8.0288 0.7468
v 2.0532 -7.8827 0.5780
v 2.0233 -8.0583 0.4972
v 2.0770 -7.9708 0.5840
v 2.0622 -8.0079 0.5436
v 1.5042 -8.1714 1.3868
v 1.6102 -8.1581 1.3912
v 1.6931 -8.1438 1.3891
v 1.7610 -8.1405 1.3744
v 1.8269 -8.1421 1.3569
v 1.8821 -8.1537 1.3426
v 1.9309 -8.1477 1.2990
v 1.3843 -8.1615 1.3786
v 1.8785 -7.2473 0.1760
v 1.6330 -8.1154 0.9371
v 1.7081 -8.1232 0.9084
v 1.7748 -8.1303 0.8672
v 1.8425 -8.1369 0.8209
v 1.4829 -8.0906 0.9798
v 1.5426 -8.1520 1.2049
v 1.6276 -8.1502 1.1977
v 1.7040 -8.1464 1.1829
v 1.7727 -8.1443 1.1535
v 1.8383 -8.1513 1.1247
v 1.4439 -8.1393 1.2071
v 1.9822 -8.0954 0.0724
v 1.9799 -7.9781 0.0673
v 1.9474 -7.9009 0.0670
v 1.9878 -8.0432 0.0675
v 1.5402 -7.8976 0.1593
v 1.5252 -7.9924 0.1614
v 1.5012 -8.0805 0.1730
v 1.5014 -7.8727 0.2861
v 1.4968 -7.9581 0.3001
v 1.4714 -8.0419 0.3111
v 1.4541 -7.9372 0.4752
v 1.4485 -8.0093 0.4697
v 1.5829 -7.9249 0.0117
v 1.8145 -8.0939 -0.0865
v 1.7923 -8.0238 -0.0975
v 1.7797 -7.9326 -0.1008
v 1.5684 -8.1061 0.0302
v 1.5647 -8.0241 0.0064
v 1.8950 -8.0009 -0.0390
v 1.8738 -7.9168 -0.0459
v 1.9033 -8.0656 -0.0332
v 1.4548 -7.8614 0.4707
v 1.4189 -7.7502 0.7786
v 1.4073 -7.8238 0.7833
v 1.7505 -7.6320 -0.0669
v 1.7365 -7.3971 -0.0282
v 1.7414 -7.5133 -0.0372
v 1.7580 -7.7342 -0.0859
v 1.7746 -7.8351 -0.1032
v 1.8249 -7.6383 0.0029
v 1.4372 -6.9756 0.2648
v 1.8086 -7.5227 0.0405
v 1.8333 -7.7355 -0.0442
v 1.8554 -7.8262 -0.0578
v 1.8664 -7.6378 0.1059
v 0.0979 -0.8421 0.3759
v 1.8906 -7.7268 0.0918
v 1.9157 -7.8195 0.0789
v 1.4412 -7.3169 0.3432
v 1.4514 -7.7620 0.4443
v 1.4442 -7.6727 0.4072
v 1.4327 -7.5723 0.3831
v 1.4407 -7.4510 0.3538
v 1.4597 -7.4405 0.2094
v 1.4988 -7.7807 0.2663
v 1.4559 -7.3140 0.1940
v 1.4707 -7.5656 0.2039
v 1.4731 -7.6737 0.2438
v 1.5024 -7.3273 0.0950
v 1.5136 -7.4541 0.1122
v 1.5398 -7.7977 0.1564
v 1.5398 -7.6897 0.1494
v 1.5254 -7.5796 0.1331
v 1.6594 -7.4963 -0.0484
v 1.5900 -7.6044 0.0395
v 1.5951 -7.7155 0.0137
v 1.5887 -7.8222 0.0163
v 1.5806 -7.4754 0.0225
v 1.5698 -7.3518 0.0092
v 1.6555 -7.3793 -0.0477
v 1.5070 -7.0042 0.4995
v 1.8533 -7.0544 0.0753
v 1.8001 -7.4078 0.0459
v 1.7134 -7.0501 -0.0292
v 1.5713 -7.0139 -0.0300
v 1.5017 -6.9927 0.0455
v 1.6523 -7.0379 -0.0408
v 1.4503 -6.9774 0.1531
v 1.7900 -7.0482 0.0142
v 1.8022 -7.2559 0.5712
v 1.6119 -7.2341 0.6292
v 1.6692 -7.6218 -0.0799
v 1.8751 -7.2693 0.4120
v 1.9512 -7.5393 0.3381
v 1.4516 -7.1703 0.1681
v 1.6516 -7.2282 -0.0415
v 1.8402 -7.2461 0.0939
v 1.7949 -7.2474 0.0232
v 1.7289 -7.2434 -0.0332
v 1.5660 -7.2035 -0.0059
v 1.9623 -7.6356 0.3564
v 1.4898 -7.2172 0.5746
v 1.5500 -7.2303 0.6200
v 1.4415 -7.1684 0.3173
v 1.6654 -7.2424 0.6269
v 1.7117 -7.2467 0.6207
v 1.7588 -7.2504 0.6038
v 1.4958 -7.1812 0.0693
v 1.8413 -7.2641 0.5099
v 1.9377 -7.6265 0.5331
v 0.0454 -0.8105 0.3398
v 1.8652 -7.5227 0.1244
v 0.1387 -0.9308 0.4196
v 0.1272 -1.0648 0.4696
v 0.1535 -1.1804 0.5328
v 0.1825 -1.3640 0.5519
v 0.2376 -1.5837 0.5435
v 0.2987 -1.8372 0.5350
v 0.3876 -2.1221 0.5446
v 0.5283 -2.6974 0.5763
v 0.5924 -2.9582 0.5612
v 0.6449 -3.1931 0.5518
v 0.6873 -3.3887 0.5418
v 0.7214 -3.5461 0.5142
v 0.7523 -3.6853 0.4769
v 0.7944 -3.8074 0.4323
v 0.8379 -3.9318 0.3640
v 0.8852 -4.0978 0.2995
v 0.9478 -4.3488 0.3003
v 0.9771 -4.6095 0.2693
v 1.0082 -4.8711 0.2585
v 1.0353 -5.1728 0.2597
v 1.0966 -5.4945 0.2993
v 1.1871 -5.8320 0.3245
v 1.2902 -6.1594 0.3485
v 1.9712 -6.4250 0.2494
v 1.3704 -6.4777 0.3588
v 1.4369 -6.7489 0.3672
v 2.0353 -8.0819 0.3096
v 2.0574 -8.0225 0.3439
v 2.0408 -7.9466 0.3850
v 1.9834 -7.7894 0.3725
v 2.0128 -7.8732 0.3906
v 1.4413 -7.9343 0.6411
v 1.4575 -7.9877 0.6365
v 1.4306 -7.8668 0.6340
v 1.4370 -7.7741 0.6053
v 1.4438 -7.6972 0.5873
v 1.4491 -7.6083 0.5699
v 1.4510 -7.3498 0.5135
v 1.4506 -7.4987 0.5321
v 1.4612 -6.9860 0.3955
v 1.4498 -7.1805 0.4608
v 1.9586 -7.7125 0.5472
v 1.9471 -8.1488 1.0847
v 1.8956 -8.1577 1.1009
v 1.9454 -7.6228 0.2061
v 1.9817 -7.7784 0.5603
v 1.9564 -7.7310 0.7477
v 1.9178 -7.4134 0.3186
v 1.9431 -7.7187 0.2101
v 1.9661 -7.7159 0.3624
v 1.9645 -7.8012 0.2047
v 1.9921 -7.8826 0.2162
v 2.0222 -7.9571 0.2132
v 2.0325 -8.0269 0.1866
v 2.0141 -8.0970 0.1634
v 1.9671 -8.1107 0.7628
v 1.9045 -8.1313 0.7873
v 1.9800 -8.1013 0.4782
v 1.8347 -8.1399 0.5296
v 1.4938 -8.0494 0.7705
v 1.9117 -8.1316 0.4905
v 1.7471 -8.1598 0.0011
v 1.5331 -8.1482 0.2054
v 1.4732 -8.0688 0.4678
v 1.8440 -8.1406 -0.0246
v 1.6162 -8.1709 0.0850
v 1.9223 -8.1158 0.0102
v 1.4972 -8.0373 0.6257
v 1.6956 -8.1795 0.2002
v 1.6098 -8.1612 0.2850
v 1.4855 -8.1040 0.3217
v 1.9649 -8.1414 0.1285
v 1.7991 -8.1775 0.1335
v 1.8891 -8.1679 0.1149
v 1.9088 -8.1520 0.2849
v 1.9798 -8.1215 0.2829
v 1.6588 -8.1408 0.4416
v 1.7394 -8.1615 0.3739
v 1.8250 -8.1646 0.3128
v 1.5648 -8.1053 0.5052
v 1.5457 -8.0667 0.6203
v 1.6559 -7.9828 1.8427
v 1.6572 -7.9953 1.8696
v 1.6558 -8.0011 1.8896
v 1.8132 -8.1217 1.8886
v 1.8122 -8.1495 1.8358
v 1.8118 -8.0870 1.9092
v 1.9657 -8.1311 1.6418
v 1.9689 -8.1303 1.6607
v 1.9689 -8.1301 1.6853
v 1.9355 -7.9985 1.7683
v 1.6651 -8.1484 1.8004
v 1.6643 -8.1426 1.7491
v 1.6611 -8.1429 1.7194
v 1.6576 -8.1490 1.6979
v 1.6610 -8.0899 1.9828
v 1.6672 -8.1257 1.9449
v 1.6653 -8.1511 1.8647
v 1.9664 -8.1235 1.7211
v 1.7949 -8.0059 1.8123
v 1.7929 -8.0174 1.8306
v 1.9449 -7.9583 1.6611
v 1.9450 -7.9520 1.6318
v 1.9436 -7.9565 1.5962
v 1.9574 -8.0889 1.7681
v 1.9455 -8.0446 1.7860
v 1.8165 -8.1309 1.6814
v 1.7877 -7.9228 1.5007
v 1.7889 -7.9412 1.5463
v 1.7939 -7.9477 1.5851
v 1.9235 -7.9422 1.4924
v 1.9126 -7.9270 1.4404
v 1.9407 -8.1119 1.4507
v 1.7951 -7.9564 1.6330
v 1.9377 -7.9813 1.7361
v 1.9381 -7.9766 1.7289
v 1.9394 -7.9734 1.7147
v 1.9351 -7.9393 1.5481
v 1.9384 -8.0191 1.7951
v 1.6402 -7.9378 1.6850
v 1.6435 -7.9480 1.7281
v 1.6447 -7.9562 1.7687
v 1.6475 -7.9642 1.8007
v 1.6564 -8.0112 1.9046
v 1.6569 -8.0176 1.9160
v 1.6563 -8.0244 1.9234
v 1.6541 -8.0300 1.9485
v 2.0409 -8.0978 1.3875
v 2.0559 -8.0851 1.4022
v 1.9670 -8.1347 1.6275
v 1.7927 -8.0263 1.8421
v 1.6216 -7.9196 1.5317
v 1.6309 -7.9312 1.5763
v 1.6370 -7.9335 1.6305
v 1.8143 -8.1577 1.7896
v 1.9384 -8.0078 1.7933
v 1.9352 -8.0030 1.7856
v 1.9359 -8.0017 1.7779
v 1.7970 -7.9659 1.6826
v 1.7985 -7.9760 1.7220
v 1.7980 -7.9862 1.7571
v 1.6549 -8.0323 1.9642
v 1.6533 -8.0392 1.9803
v 1.6540 -8.0487 1.9843
v 1.6551 -8.0672 1.9895
v 1.6522 -8.1536 1.6759
v 1.6475 -8.1525 1.6488
v 1.6535 -8.1472 1.6195
v 1.6938 -8.1321 1.5676
v 1.9357 -7.9927 1.7595
v 1.9364 -7.9964 1.7486
v 1.9366 -7.9875 1.7425
v 1.8192 -8.1506 1.7431
v 1.8195 -8.1429 1.7203
v 1.8189 -8.1361 1.7047
v 2.0388 -7.9292 1.3849
v 1.7945 -8.0311 1.8804
v 1.8056 -8.0423 1.9055
v 1.8085 -8.0679 1.9088
v 1.9420 -7.9654 1.6882
v 2.0387 -7.9316 1.4126
v 2.0589 -8.0816 1.4195
v 1.9665 -8.1368 1.5954
v 1.9612 -8.1263 1.5532
v 1.9450 -8.1101 1.5023
v 1.7821 -8.1071 1.5470
v 1.8001 -8.1104 1.5963
v 1.8044 -8.1229 1.6419
v 1.7996 -8.0338 1.8968
v 1.7935 -8.0286 1.8672
v 1.7937 -8.0289 1.8583
v 1.7947 -8.0292 1.8487
v 2.0298 -8.0092 1.5611
v 2.0108 -8.0314 1.5853
v 2.0896 -8.0208 1.5894
v 2.0734 -8.0058 1.5635
v 2.0170 -8.0226 1.5964
v 2.0817 -8.0138 1.5972
v 2.0730 -8.0099 1.5678
v 2.0315 -8.0115 1.5668
v 1.9977 -8.0423 1.5376
v 2.1096 -8.0294 1.5475
v 2.0773 -7.9937 1.5522
v 2.0293 -7.9987 1.5486
v 2.0011 -8.0428 1.5637
v 2.0749 -7.9998 1.5592
v 2.1009 -8.0289 1.5673
v 2.0278 -8.0031 1.5548
v 2.0296 -8.0516 1.6094
v 2.0324 -8.0338 1.6187
v 2.0337 -8.0963 1.5215
v 2.0324 -8.0815 1.5687
v 2.0875 -8.0729 1.5725
v 2.0674 -8.0314 1.6185
v 2.0924 -8.0850 1.5322
v 2.0738 -8.0481 1.6083
v 2.0263 -8.0174 1.5982
v 2.0709 -8.0131 1.5977
v 2.0689 -8.0095 1.5734
v 2.0341 -8.0122 1.5710
v 2.0350 -8.0265 1.6141
v 2.0634 -8.0254 1.6150
v 2.1130 -8.0280 1.5354
v 2.0294 -7.9943 1.5384
v 2.0795 -7.9924 1.5453
v 1.9957 -8.0413 1.5186
v 2.0336 -8.1032 1.5030
v 2.0961 -8.0873 1.5155
v 2.0159 -8.0166 1.5735
v 2.0875 -8.0083 1.5764
v 2.0215 -8.0158 1.5797
v 2.0801 -8.0079 1.5832
v 2.0086 -8.0155 1.5453
v 2.0998 -8.0068 1.5532
v 2.0938 -8.0091 1.5655
v 2.0109 -8.0180 1.5599
v 2.0708 -8.0091 1.5847
v 2.0290 -8.0141 1.5837
v 2.0997 -8.0036 1.5428
v 2.0052 -8.0087 1.5294
v 2.0867 -8.0325 1.6004
v 2.0208 -8.0287 1.6071
v 2.0082 -8.0734 1.5272
v 2.1008 -8.0516 1.5715
v 2.0162 -8.0417 1.5992
v 2.0108 -8.0637 1.5685
v 2.0793 -8.0248 1.6080
v 2.1095 -8.0580 1.5418
v 2.0276 -8.0232 1.6083
v 2.0670 -8.0187 1.6092
v 2.0082 -8.0740 1.5114
v 2.1119 -8.0598 1.5288
v 2.0819 -7.9780 1.5264
v 2.0313 -7.9795 1.5181
v 1.9916 -8.0271 1.4877
v 2.1154 -8.0138 1.5149
v 2.0358 -8.0961 1.4769
v 2.0939 -8.0726 1.4872
v 2.0073 -7.9989 1.5026
v 2.1003 -7.9899 1.5224
v 2.0097 -8.0666 1.4823
v 2.1157 -8.0415 1.5021
v 2.0809 -7.9696 1.5148
v 2.0275 -7.9698 1.5028
v 1.9916 -8.0247 1.4758
v 2.1155 -8.0057 1.4988
v 2.0369 -8.0881 1.4611
v 2.0896 -8.0670 1.4697
v 2.0114 -7.9898 1.4885
v 2.1004 -7.9840 1.5085
v 2.0092 -8.0613 1.4646
v 2.1142 -8.0364 1.4869
v 2.0735 -7.9485 1.4863
v 2.0219 -7.9517 1.4752
v 1.9870 -8.0189 1.4628
v 2.1151 -8.0025 1.4849
v 2.0362 -8.0853 1.4505
v 2.0868 -8.0639 1.4610
v 2.0091 -7.9817 1.4711
v 2.0985 -7.9681 1.4853
v 2.0107 -8.0585 1.4568
v 2.1134 -8.0329 1.4746
v 2.0684 -7.9451 1.4457
v 2.0179 -7.9387 1.4412
v 1.9868 -8.0186 1.4465
v 2.1159 -7.9933 1.4570
v 2.0364 -8.0806 1.4421
v 2.0798 -8.0663 1.4476
v 2.0034 -7.9703 1.4522
v 2.0920 -7.9617 1.4466
v 2.0142 -8.0597 1.4462
v 2.1075 -8.0353 1.4528
v 2.0946 -8.0833 1.5055
v 2.1133 -8.0530 1.5156
v 2.1152 -8.0220 1.5264
v 2.0816 -7.9837 1.5362
v 2.0345 -8.1010 1.4934
v 2.0327 -7.9868 1.5282
v 2.0071 -8.0036 1.5159
v 1.9919 -8.0343 1.5060
v 2.1010 -7.9982 1.5338
v 2.0099 -8.0740 1.4994
v 2.0622 -8.0970 1.4760
v 2.0626 -8.1033 1.4920
v 2.0633 -8.1062 1.5038
v 2.0494 -8.0106 1.5858
v 2.0620 -8.1004 1.5208
v 2.0549 -7.9749 1.5254
v 2.0548 -7.9666 1.5115
v 2.0477 -7.9439 1.4804
v 2.0573 -8.0847 1.5718
v 2.0534 -8.0540 1.6125
v 2.0528 -7.9956 1.5565
v 2.0537 -7.9910 1.5501
v 2.0547 -7.9893 1.5446
v 2.0426 -7.9384 1.4425
v 2.0498 -8.0369 1.6216
v 2.0596 -8.0895 1.4581
v 2.0478 -8.0269 1.6157
v 2.0473 -8.0219 1.6085
v 2.0470 -8.0138 1.5999
v 2.0499 -8.0097 1.5717
v 2.0506 -8.0081 1.5649
v 2.0513 -8.0052 1.5604
v 2.0552 -7.9833 1.5328
v 2.0582 -8.0853 1.4515
v 2.0567 -8.0831 1.4394
v 2.0325 -7.9153 1.3400
v 2.0363 -8.0812 1.4380
v 2.0486 -8.0897 1.4308
v 1.2780 -8.0426 1.4388
v 1.2917 -7.9772 1.4369
v 2.1406 -8.0073 1.2984
v 2.0963 -7.9533 1.2680
v 2.0531 -7.9163 1.2546
v 1.3411 -7.9260 1.4333
v 1.4099 -7.8594 1.4365
v 1.4974 -7.8607 1.4571
v 1.5804 -7.8794 1.4472
v 1.6367 -7.8813 1.4414
v 1.6986 -7.8763 1.4282
v 1.7472 -7.8882 1.4199
v 1.7920 -7.8927 1.4076
v 1.8306 -7.8916 1.3837
v 1.8725 -7.8905 1.3545
v 1.9091 -7.8856 1.3243
v 1.9398 -7.8869 1.2977
v 2.1156 -8.0655 1.3165
v 2.0606 -8.1101 1.3440
v 1.2954 -8.0875 1.4648
v 1.3651 -8.1401 1.4759
v 1.4802 -8.1489 1.4779
v 1.5752 -8.1424 1.4888
v 1.6547 -8.1343 1.4891
v 2.0051 -8.1272 1.3654
v 1.9550 -8.1306 1.3891
v 1.9092 -8.1248 1.4154
v 1.8623 -8.1203 1.4444
v 1.8051 -8.1207 1.4612
v 1.7307 -8.1264 1.4792
v 1.9758 -7.8885 1.2749
v 2.0148 -7.8948 1.2561
v 1.5480 -8.1304 0.3538
v 0.7518 -2.0579 1.2613
v 0.5788 -2.2228 1.0596
v 0.4875 -2.3411 0.7934
v 0.4646 -2.4149 0.5585
v 0.4877 -2.4524 0.3691
v 0.5458 -2.4471 0.2014
v 0.6440 -2.4117 0.0410
v 0.7709 -2.3256 -0.0734
v 0.9540 -2.1846 -0.1610
v 1.2117 -2.0952 -0.1727
v 1.4387 -2.0259 -0.0903
v 1.6415 -1.9569 0.0303
v 1.7837 -1.8733 0.2417
v 1.8183 -1.8084 0.4992
v 1.7636 -1.7524 0.7491
v 1.6554 -1.7234 0.9503
v 1.5402 -1.7249 1.1094
v 1.4091 -1.7401 1.2427
v 1.2303 -1.7924 1.3417
v 0.9992 -1.8786 1.3525
vn 0.274 0.897 -0.348
vn 0.252 0.920 -0.299
vn 0.328 0.899 -0.289
vn 0.000 0.935 -0.355
vn 0.324 0.939 0.116
vn 0.428 0.895 -0.125
vn 0.524 0.828 0.199
vn 0.000 0.982 -0.190
vn 0.051 0.519 0.853
vn 0.451 0.533 0.716
vn 0.472 0.634 0.613
vn 0.000 0.540 0.842
vn -0.089 -0.996 0.023
vn -0.178 -0.984 0.018
vn -0.000 -0.996 0.092
vn -0.657 -0.754 -0.026
vn -0.528 -0.849 0.019
vn -0.082 -0.997 -0.013
vn -0.170 -0.985 -0.017
vn 0.000 -1.000 0.028
vn -0.967 -0.217 0.137
vn -0.990 -0.137 0.023
vn -0.976 -0.151 0.159
vn -0.992 -0.098 0.085
vn -0.979 -0.054 0.198
vn -0.992 -0.026 0.122
vn -0.977 0.033 0.209
vn -0.983 0.066 0.172
vn -0.949 0.170 0.266
vn -0.948 0.207 0.243
vn -0.878 0.356 0.320
vn -0.850 0.412 0.327
vn -0.863 -0.478 0.164
vn -0.878 -0.425 0.221
vn -0.857 -0.379 0.350
vn -0.890 -0.310 0.334
vn -0.848 -0.247 0.468
vn -0.932 -0.206 0.298
vn -0.859 -0.123 0.497
vn -0.939 -0.086 0.334
vn -0.860 -0.020 0.511
vn -0.942 0.008 0.337
vn -0.847 0.084 0.524
vn -0.918 0.135 0.373
vn -0.763 0.260 0.592
vn -0.824 0.363 0.435
vn -0.799 -0.584 0.141
vn -0.791 -0.145 0.594
vn -0.796 -0.042 0.604
vn -0.774 0.040 0.632
vn -0.705 0.205 0.679
vn -0.000 -1.000 0.000
vn -0.092 -0.953 0.290
vn -0.214 -0.927 0.308
vn -0.000 -0.982 0.188
vn -0.556 -0.797 0.236
vn -0.138 -0.621 0.771
vn -0.268 -0.613 0.743
vn 0.000 -0.659 0.752
vn -0.637 -0.597 0.487
vn -0.181 -0.405 0.896
vn -0.306 -0.405 0.862
vn 0.000 -0.420 0.907
vn -0.622 -0.374 0.688
vn -0.196 -0.328 0.924
vn -0.552 -0.239 0.799
vn -0.315 -0.307 0.898
vn -0.270 0.067 0.961
vn 0.000 -0.344 0.939
vn -0.575 -0.198 0.794
vn -0.159 -0.295 0.942
vn -0.486 -0.127 0.864
vn -0.260 -0.249 0.933
vn -0.320 -0.128 0.939
vn 0.000 -0.316 0.949
vn -0.533 -0.094 0.841
vn -0.088 -0.243 0.966
vn -0.449 -0.107 0.887
vn -0.168 -0.179 0.969
vn -0.345 -0.183 0.920
vn -0.000 -0.280 0.960
vn -0.579 -0.081 0.811
vn -0.013 0.022 1.000
vn -0.453 0.076 0.888
vn -0.106 0.022 0.994
vn -0.440 -0.258 0.860
vn 0.000 -0.095 0.995
vn -0.562 0.124 0.817
vn -0.997 -0.067 -0.042
vn -0.996 -0.017 -0.090
vn -0.998 0.045 -0.050
vn -0.993 0.118 0.022
vn -0.963 0.246 0.110
vn -0.876 0.416 0.243
vn -0.939 0.113 -0.325
vn -0.948 0.153 -0.278
vn -0.951 0.232 -0.205
vn -0.932 0.348 -0.103
vn -0.866 0.495 0.076
vn -0.852 0.131 -0.507
vn -0.871 0.202 -0.448
vn -0.873 0.309 -0.379
vn -0.858 0.423 -0.292
vn -0.810 0.575 -0.116
vn -0.674 0.146 -0.724
vn -0.706 0.233 -0.668
vn -0.699 0.392 -0.599
vn -0.726 0.485 -0.488
vn -0.711 0.630 -0.313
vn -0.515 0.153 -0.843
vn -0.516 0.249 -0.819
vn -0.484 0.437 -0.759
vn -0.487 0.508 -0.711
vn -0.481 0.677 -0.557
vn -0.475 0.118 -0.872
vn -0.436 0.227 -0.871
vn -0.330 0.414 -0.848
vn -0.270 0.458 -0.847
vn -0.204 0.560 -0.803
vn 0.000 0.111 -0.994
vn 0.000 0.158 -0.987
vn 0.000 0.244 -0.970
vn -0.000 0.337 -0.942
vn 0.000 0.377 -0.926
vn -0.594 -0.792 0.138
vn -0.730 -0.679 0.075
vn -0.275 -0.961 -0.013
vn -0.463 -0.872 0.158
vn -0.775 -0.593 0.216
vn -0.626 -0.740 0.244
vn -0.709 -0.640 0.296
vn -0.252 -0.957 0.146
vn -0.100 -0.990 0.097
vn -0.418 -0.908 0.018
vn -0.320 -0.947 0.015
vn -0.490 -0.868 0.081
vn -0.386 -0.866 0.317
vn -0.517 -0.596 0.615
vn -0.393 -0.579 0.714
vn -0.305 -0.874 0.379
vn -0.740 -0.643 0.198
vn -0.722 -0.123 0.680
vn -0.736 -0.068 0.674
vn -0.708 -0.010 0.706
vn -0.636 0.170 0.753
vn -0.089 -0.996 0.007
vn -0.178 -0.984 0.016
vn -0.000 -1.000 -0.006
vn -0.254 -0.966 0.049
vn -0.378 -0.925 0.049
vn -0.519 -0.855 0.019
vn -0.777 -0.628 0.041
vn -0.701 -0.712 0.041
vn -0.045 0.376 -0.926
vn -0.085 0.123 -0.989
vn -0.079 0.275 -0.958
vn -0.123 0.178 -0.976
vn -0.024 0.364 -0.931
vn -0.827 -0.435 0.357
vn -0.775 -0.487 0.402
vn -0.803 -0.280 0.526
vn -0.749 -0.279 0.601
vn -0.530 -0.383 0.756
vn -0.419 -0.380 0.825
vn -0.145 0.395 -0.907
vn -0.345 0.183 -0.921
vn -0.076 0.430 -0.900
vn -0.246 0.341 -0.907
vn -0.316 0.107 -0.943
vn -0.744 0.646 0.170
vn -0.469 0.421 0.777
vn -0.308 0.290 0.906
vn -0.372 0.230 0.899
vn -0.470 0.287 0.835
vn -0.535 0.251 0.807
vn -0.600 0.173 0.781
vn -0.705 0.166 0.690
vn -0.810 0.206 0.549
vn -0.879 0.201 0.432
vn -0.236 0.435 0.869
vn -0.351 0.509 0.786
vn -0.616 0.774 0.147
vn -0.214 0.455 0.864
vn -0.272 0.521 0.809
vn -0.294 0.526 0.798
vn -0.340 0.496 0.799
vn -0.423 0.497 0.757
vn -0.500 0.503 0.705
vn -0.549 0.490 0.677
vn -0.091 0.627 0.774
vn -0.134 0.660 0.740
vn -0.410 0.898 0.157
vn -0.119 0.604 0.788
vn -0.169 0.631 0.757
vn -0.196 0.634 0.748
vn -0.210 0.615 0.760
vn -0.229 0.602 0.765
vn -0.230 0.587 0.776
vn -0.247 0.580 0.777
vn -0.045 0.746 0.664
vn -0.001 0.760 0.650
vn -0.157 0.943 0.294
vn -0.142 0.679 0.720
vn -0.215 0.645 0.734
vn -0.180 0.658 0.731
vn -0.177 0.641 0.747
vn -0.154 0.612 0.776
vn -0.130 0.595 0.793
vn -0.039 0.509 0.860
vn -0.130 0.812 0.570
vn -0.077 0.812 0.579
vn -0.062 0.888 0.455
vn -0.244 0.728 0.640
vn 0.000 0.536 0.844
vn 0.000 0.489 0.872
vn -0.000 0.441 0.898
vn 0.000 0.402 0.915
vn -0.294 0.680 0.671
vn -0.807 0.557 0.199
vn -0.569 0.376 0.732
vn -0.241 0.170 0.956
vn 0.250 -0.464 0.850
vn 0.095 -0.784 0.614
vn -0.302 -0.879 0.370
vn -0.806 -0.546 0.230
vn -0.930 -0.309 0.197
vn -0.950 -0.229 0.214
vn -0.965 -0.165 0.202
vn -0.807 0.564 0.174
vn -0.508 0.402 0.762
vn -0.256 0.106 0.961
vn 0.442 -0.488 0.753
vn 0.628 -0.636 0.448
vn 0.718 -0.649 0.251
vn -0.824 -0.566 0.017
vn -0.952 -0.304 -0.011
vn -0.952 -0.305 -0.019
vn -0.947 -0.317 -0.054
vn -0.813 0.566 0.136
vn -0.442 0.393 0.806
vn -0.184 0.110 0.977
vn 0.461 -0.484 0.744
vn 0.646 -0.614 0.455
vn 0.695 -0.668 0.267
vn -0.809 0.560 0.179
vn -0.515 0.366 0.775
vn -0.318 0.187 0.930
vn -0.406 -0.045 0.913
vn -0.517 -0.133 0.846
vn -0.665 -0.215 0.715
vn -0.740 -0.281 0.611
vn -0.869 -0.188 0.458
vn -0.938 -0.061 0.340
vn -0.962 -0.013 0.271
vn -0.802 0.560 0.207
vn -0.587 0.353 0.728
vn -0.250 0.129 0.960
vn 0.410 -0.485 0.773
vn 0.469 -0.748 0.470
vn 0.091 -0.949 0.301
vn -0.775 -0.615 0.144
vn -0.943 -0.314 0.109
vn -0.968 -0.242 0.069
vn -0.965 -0.250 0.079
vn -0.683 0.560 0.469
vn -0.559 0.679 0.476
vn -0.317 0.821 0.475
vn -0.043 0.836 0.548
vn -0.036 0.804 0.594
vn -0.742 0.501 0.445
vn -0.654 0.573 0.494
vn -0.670 0.561 0.486
vn -0.734 0.504 0.455
vn -0.723 0.500 0.476
vn -0.415 0.449 0.792
vn -0.278 0.401 0.873
vn -0.531 0.450 0.718
vn -0.547 0.456 0.702
vn -0.564 0.494 0.661
vn 0.095 0.471 -0.877
vn 0.130 0.409 -0.903
vn 0.000 0.331 -0.944
vn 0.033 0.503 -0.864
vn -0.089 0.609 -0.788
vn -0.274 0.806 -0.524
vn -0.245 0.583 0.775
vn 0.000 0.330 0.944
vn 0.065 0.371 0.926
vn 0.033 0.411 0.911
vn -0.080 0.623 0.778
vn 0.018 0.473 0.881
vn -0.020 0.509 0.860
vn -0.329 0.918 -0.220
vn -0.282 0.959 -0.020
vn -0.213 0.972 0.094
vn -0.166 0.971 0.174
vn -0.112 0.950 0.293
vn -0.294 0.879 0.375
vn -0.302 0.900 0.315
vn -0.356 0.894 0.273
vn -0.415 0.889 0.193
vn -0.439 0.898 0.013
vn -0.410 0.870 -0.273
vn -0.197 0.724 -0.661
vn 0.008 0.553 -0.833
vn 0.000 0.359 -0.933
vn 0.069 0.414 -0.908
vn 0.071 0.474 -0.878
vn 0.017 0.451 -0.892
vn 0.006 0.383 -0.924
vn 0.000 0.346 -0.938
vn -0.060 0.561 -0.826
vn -0.331 0.750 -0.573
vn -0.573 0.799 -0.184
vn -0.650 0.760 0.023
vn -0.684 0.704 0.191
vn -0.045 0.537 0.842
vn -0.691 0.664 0.285
vn -0.667 0.662 0.342
vn -0.661 0.635 0.399
vn -0.146 0.557 0.818
vn -0.090 0.545 0.833
vn -0.129 0.569 0.812
vn -0.219 0.641 0.735
vn -0.078 0.328 0.941
vn -0.475 0.467 0.746
vn -0.573 0.591 0.567
vn -0.357 0.715 0.601
vn -0.069 0.570 0.818
vn -0.327 0.679 0.657
vn -0.221 0.623 0.750
vn -0.304 0.745 0.594
vn -0.278 0.728 0.626
vn -0.251 0.724 0.642
vn -0.282 0.801 0.529
vn 0.028 0.343 0.939
vn 0.000 0.258 0.966
vn 0.033 0.549 0.835
vn -0.000 0.515 0.857
vn 0.019 0.626 0.779
vn 0.000 0.630 0.776
vn -0.018 0.586 0.810
vn -0.000 0.611 0.792
vn -0.032 0.522 0.852
vn 0.025 0.411 0.911
vn 0.035 0.421 0.906
vn 0.067 0.424 0.903
vn -0.026 0.505 0.863
vn -0.103 0.575 0.811
vn -0.158 0.597 0.786
vn -0.226 0.603 0.765
vn 0.112 0.450 -0.886
vn 0.206 0.349 -0.914
vn 0.000 0.264 -0.965
vn 0.032 0.473 -0.881
vn -0.053 0.499 -0.865
vn -0.239 0.605 -0.759
vn -0.346 0.716 -0.606
vn -0.347 0.872 -0.344
vn -0.312 0.941 -0.133
vn -0.277 0.960 0.047
vn -0.235 0.963 0.136
vn 0.158 0.377 -0.913
vn 0.288 0.252 -0.924
vn 0.000 0.205 -0.979
vn 0.023 0.434 -0.900
vn -0.065 0.427 -0.902
vn -0.258 0.435 -0.863
vn -0.381 0.493 -0.782
vn -0.397 0.617 -0.680
vn -0.466 0.791 -0.397
vn -0.469 0.868 -0.163
vn -0.441 0.897 0.007
vn -0.306 0.387 -0.870
vn -0.286 0.189 -0.939
vn -0.277 0.001 -0.961
vn -0.435 -0.235 -0.869
vn -0.466 -0.260 -0.846
vn -0.466 -0.249 -0.849
vn -0.271 0.298 -0.915
vn -0.273 0.180 -0.945
vn -0.260 -0.004 -0.966
vn -0.297 -0.162 -0.941
vn -0.289 -0.227 -0.930
vn -0.258 -0.263 -0.930
vn -0.099 0.336 -0.937
vn -0.128 0.212 -0.969
vn -0.131 0.039 -0.991
vn -0.083 -0.130 -0.988
vn -0.087 -0.202 -0.976
vn -0.103 -0.235 -0.967
vn 0.024 0.349 -0.937
vn 0.045 0.193 -0.980
vn 0.085 0.026 -0.996
vn 0.069 -0.106 -0.992
vn 0.064 -0.170 -0.983
vn 0.089 -0.224 -0.970
vn 0.227 0.261 -0.938
vn 0.285 0.109 -0.952
vn 0.287 0.035 -0.957
vn 0.249 -0.087 -0.964
vn 0.260 -0.162 -0.952
vn 0.250 -0.222 -0.943
vn 0.336 0.166 -0.927
vn 0.340 0.103 -0.935
vn 0.326 0.066 -0.943
vn 0.318 -0.080 -0.945
vn 0.285 -0.134 -0.949
vn 0.229 -0.183 -0.956
vn 0.000 0.156 -0.988
vn -0.000 0.107 -0.994
vn 0.000 0.063 -0.998
vn -0.000 -0.068 -0.998
vn 0.000 -0.110 -0.994
vn -0.000 -0.179 -0.984
vn -0.357 0.569 -0.740
vn -0.490 0.715 -0.499
vn -0.548 0.779 -0.304
vn -0.593 0.803 -0.063
vn -0.433 0.499 -0.750
vn -0.518 0.619 -0.590
vn -0.636 0.686 -0.353
vn -0.726 0.678 -0.111
vn -0.298 0.396 -0.868
vn -0.178 0.166 -0.970
vn -0.169 -0.249 -0.954
vn -0.508 -0.490 -0.708
vn -0.537 -0.362 -0.762
vn -0.608 -0.243 -0.756
vn -0.467 0.311 -0.828
vn -0.594 0.455 -0.663
vn -0.733 0.564 -0.380
vn -0.807 0.584 -0.093
vn -0.367 0.155 -0.917
vn -0.237 -0.102 -0.966
vn -0.194 -0.055 -0.979
vn -0.867 -0.359 -0.346
vn -0.764 -0.327 -0.557
vn -0.756 -0.291 -0.587
vn -0.437 -0.018 -0.899
vn -0.622 0.206 -0.756
vn -0.791 0.410 -0.454
vn -0.838 0.531 -0.124
vn -0.268 -0.203 -0.942
vn -0.112 -0.285 -0.952
vn 0.322 -0.867 -0.381
vn 0.324 -0.939 -0.111
vn -0.941 -0.246 -0.234
vn -0.931 -0.276 -0.238
vn -0.373 -0.007 -0.928
vn -0.582 0.176 -0.794
vn -0.784 0.394 -0.480
vn -0.849 0.506 -0.151
vn -0.232 -0.125 -0.965
vn -0.068 -0.250 -0.966
vn 0.674 -0.659 -0.335
vn 0.706 -0.709 0.007
vn 0.661 -0.736 0.145
vn -0.331 0.031 -0.943
vn -0.551 0.199 -0.811
vn -0.772 0.400 -0.495
vn -0.849 0.502 -0.166
vn -0.177 -0.083 -0.981
vn -0.007 -0.192 -0.981
vn 0.619 -0.656 -0.432
vn 0.727 -0.684 -0.060
vn 0.746 -0.649 0.149
vn 0.234 -0.961 0.145
vn -0.332 0.121 -0.936
vn -0.549 0.226 -0.805
vn -0.761 0.404 -0.508
vn -0.838 0.520 -0.165
vn -0.143 0.026 -0.989
vn 0.053 -0.088 -0.995
vn 0.622 -0.638 -0.454
vn 0.707 -0.700 -0.103
vn 0.717 -0.689 0.111
vn 0.636 -0.730 0.251
vn 0.331 -0.942 0.048
vn -0.739 -0.669 -0.086
vn -0.154 -0.850 -0.504
vn -0.226 -0.288 -0.931
vn -0.323 -0.916 -0.237
vn -0.787 0.447 -0.425
vn -0.833 0.545 -0.099
vn -0.637 0.283 -0.717
vn -0.486 0.124 -0.865
vn -0.341 -0.077 -0.937
vn -0.268 0.184 0.946
vn -0.536 0.390 0.748
vn -0.812 0.554 0.181
vn -0.780 -0.495 0.384
vn -0.525 -0.647 0.553
vn -0.319 -0.578 0.751
vn -0.125 -0.326 0.937
vn -0.745 0.506 0.435
vn -0.977 -0.095 0.192
vn -0.946 -0.186 0.265
vn -0.880 -0.336 0.336
vn -0.155 -0.390 -0.908
vn 0.035 -0.330 -0.943
vn 0.055 -0.263 -0.963
vn 0.123 -0.155 -0.980
vn -0.240 -0.331 -0.913
vn -0.903 -0.358 -0.238
vn -0.578 -0.256 -0.775
vn -0.549 -0.316 -0.774
vn -0.470 -0.326 -0.820
vn -0.797 0.591 0.126
vn -0.397 0.365 0.842
vn -0.117 0.090 0.989
vn 0.439 -0.501 0.746
vn 0.607 -0.644 0.466
vn 0.693 -0.669 0.269
vn -0.657 0.566 0.498
vn -0.353 0.260 -0.899
vn -0.542 0.362 -0.759
vn -0.731 0.493 -0.471
vn -0.809 0.569 -0.151
vn -0.135 0.123 -0.983
vn 0.043 -0.005 -0.999
vn 0.639 -0.606 -0.474
vn 0.731 -0.668 -0.137
vn 0.726 -0.674 0.136
vn 0.168 -0.115 -0.979
vn -0.767 0.626 0.141
vn -0.363 0.325 0.873
vn -0.033 0.076 0.997
vn 0.493 -0.499 0.713
vn 0.608 -0.646 0.463
vn 0.662 -0.679 0.316
vn -0.659 0.549 0.514
vn -0.376 0.315 -0.871
vn -0.546 0.419 -0.726
vn -0.711 0.551 -0.437
vn -0.778 0.614 -0.130
vn -0.158 0.145 -0.977
vn 0.027 -0.024 -0.999
vn 0.605 -0.618 -0.501
vn 0.697 -0.693 -0.184
vn 0.714 -0.687 0.133
vn 0.173 -0.154 -0.973
vn -0.765 0.625 0.159
vn -0.371 0.278 0.886
vn -0.068 0.011 0.998
vn 0.554 -0.498 0.667
vn 0.659 -0.598 0.457
vn 0.690 -0.643 0.334
vn -0.649 0.521 0.555
vn -0.432 0.324 -0.842
vn -0.589 0.422 -0.690
vn -0.727 0.546 -0.417
vn -0.781 0.613 -0.121
vn -0.213 0.135 -0.968
vn -0.021 -0.032 -0.999
vn 0.605 -0.614 -0.507
vn 0.695 -0.678 -0.239
vn 0.728 -0.678 0.096
vn 0.150 -0.183 -0.972
vn -0.774 0.602 0.197
vn -0.360 0.218 0.907
vn -0.053 -0.085 0.995
vn 0.552 -0.509 0.660
vn 0.681 -0.564 0.467
vn 0.734 -0.600 0.319
vn -0.648 0.475 0.595
vn -0.487 0.369 -0.792
vn -0.634 0.454 -0.626
vn -0.750 0.536 -0.389
vn -0.792 0.603 -0.095
vn -0.275 0.155 -0.949
vn -0.110 0.022 -0.994
vn 0.598 -0.566 -0.568
vn 0.705 -0.626 -0.333
vn 0.763 -0.646 -0.019
vn 0.079 -0.139 -0.987
vn -0.322 0.577 0.750
vn -0.089 0.570 0.817
vn -0.032 0.545 0.838
vn -0.012 0.479 0.878
vn 0.075 0.206 0.976
vn 0.098 -0.085 0.992
vn 0.056 -0.301 0.952
vn -0.121 -0.503 0.856
vn -0.340 -0.583 0.737
vn -0.503 -0.564 0.654
vn -0.606 -0.526 0.597
vn -0.741 -0.419 0.525
vn -0.848 -0.270 0.455
vn -0.905 -0.066 0.420
vn -0.855 0.213 0.474
vn -0.689 0.488 0.535
vn -0.327 0.719 0.613
vn -0.055 0.543 0.838
vn -0.068 0.419 0.906
vn 0.042 0.261 0.964
vn 0.141 -0.004 0.990
vn 0.191 -0.173 0.966
vn 0.191 -0.353 0.916
vn 0.015 -0.649 0.760
vn -0.311 -0.699 0.644
vn -0.506 -0.617 0.603
vn -0.616 -0.539 0.575
vn -0.741 -0.387 0.548
vn -0.812 -0.274 0.515
vn -0.870 -0.060 0.489
vn -0.859 0.231 0.457
vn -0.834 0.388 0.391
vn -0.354 0.466 0.811
vn -0.177 0.489 0.854
vn -0.132 0.460 0.878
vn -0.149 0.429 0.891
vn -0.136 0.190 0.972
vn -0.138 -0.071 0.988
vn -0.189 -0.287 0.939
vn -0.253 -0.432 0.866
vn -0.375 -0.504 0.778
vn -0.499 -0.493 0.712
vn -0.582 -0.445 0.681
vn -0.672 -0.350 0.653
vn -0.750 -0.216 0.625
vn -0.798 -0.049 0.601
vn -0.787 0.146 0.599
vn -0.612 0.373 0.697
vn -0.302 0.504 0.809
vn -0.130 0.502 0.855
vn -0.086 0.511 0.855
vn -0.054 0.505 0.861
vn -0.022 0.261 0.965
vn -0.065 -0.075 0.995
vn -0.149 -0.324 0.934
vn -0.250 -0.486 0.837
vn -0.354 -0.566 0.745
vn -0.474 -0.563 0.677
vn -0.593 -0.494 0.636
vn -0.703 -0.371 0.607
vn -0.766 -0.213 0.607
vn -0.768 -0.026 0.640
vn -0.737 0.166 0.655
vn -0.612 0.336 0.716
vn -0.248 0.506 0.826
vn -0.068 0.521 0.851
vn -0.009 0.540 0.842
vn 0.073 0.502 0.862
vn 0.192 0.321 0.927
vn 0.272 -0.116 0.955
vn 0.194 -0.510 0.838
vn 0.022 -0.727 0.686
vn -0.143 -0.828 0.542
vn -0.380 -0.830 0.407
vn -0.630 -0.713 0.308
vn -0.833 -0.489 0.259
vn -0.932 -0.242 0.271
vn -0.933 0.024 0.359
vn -0.795 0.266 0.545
vn -0.558 0.441 0.703
vn -0.215 0.467 0.858
vn -0.036 0.468 0.883
vn 0.045 0.496 0.867
vn 0.178 0.477 0.861
vn 0.418 0.265 0.869
vn 0.457 -0.038 0.889
vn 0.182 -0.399 0.898
vn -0.073 -0.572 0.817
vn -0.248 -0.668 0.702
vn -0.431 -0.750 0.502
vn -0.639 -0.734 0.231
vn -0.838 -0.544 0.055
vn -0.971 -0.235 0.046
vn -0.987 0.059 0.147
vn -0.871 0.283 0.401
vn -0.570 0.424 0.703
vn -0.199 0.505 0.840
vn -0.000 0.461 0.887
vn 0.074 0.462 0.884
vn 0.132 0.398 0.908
vn 0.303 0.237 0.923
vn 0.365 0.099 0.926
vn 0.087 -0.003 0.996
vn -0.203 -0.125 0.971
vn -0.428 -0.144 0.892
vn -0.607 -0.072 0.792
vn -0.811 -0.253 0.527
vn -0.864 -0.490 0.115
vn -0.957 -0.277 0.086
vn -0.988 -0.017 0.153
vn -0.915 0.259 0.309
vn -0.555 0.473 0.685
vn -0.588 0.412 0.696
vn -0.741 0.233 0.629
vn -0.447 -0.691 0.568
vn -0.284 -0.696 0.659
vn -0.274 0.540 0.796
vn -0.631 -0.594 0.499
vn -0.098 0.524 0.846
vn -0.782 -0.422 0.459
vn 0.078 -0.056 0.995
vn 0.071 0.315 0.947
vn -0.054 0.524 0.850
vn -0.854 -0.226 0.469
vn 0.009 -0.418 0.909
vn -0.009 0.487 0.874
vn -0.840 0.000 0.543
vn -0.088 -0.626 0.775
vn -0.000 0.302 0.953
vn -0.000 0.224 0.975
vn 0.000 0.177 0.984
vn 0.000 0.134 0.991
vn 0.126 0.298 0.946
vn 0.077 0.206 0.976
vn -0.023 0.199 0.980
vn 0.050 0.124 0.991
vn 0.467 0.573 0.674
vn -0.721 -0.551 -0.420
vn -0.989 0.020 0.144
vn -0.278 0.619 0.735
vn -0.191 0.817 0.545
vn -0.957 0.288 -0.042
vn -0.779 -0.431 -0.456
vn 0.388 0.674 0.629
vn 0.346 0.682 0.644
vn -0.732 -0.535 -0.422
vn -0.988 0.155 -0.029
vn -0.494 0.648 0.579
vn -0.996 0.039 0.083
vn -0.726 -0.624 0.288
vn 0.319 0.698 0.641
vn -0.426 0.769 0.476
vn 0.622 0.546 0.561
vn 0.724 0.438 0.533
vn -0.099 -0.925 0.368
vn -0.356 -0.789 -0.500
vn -0.391 -0.728 -0.563
vn -0.417 -0.722 -0.552
vn 0.729 0.429 0.534
vn 0.713 0.442 0.544
vn 0.296 0.537 0.790
vn -0.528 0.305 0.793
vn 0.554 0.353 0.754
vn -0.967 -0.212 -0.144
vn -0.822 -0.488 -0.294
vn 0.290 -0.788 0.544
vn -0.805 0.045 0.592
vn -0.677 0.146 0.721
vn -0.284 -0.495 0.821
vn -0.508 -0.268 0.818
vn -0.034 0.485 0.874
vn -0.812 0.227 0.537
vn -0.487 -0.041 0.872
vn -0.743 0.381 0.549
vn -0.491 0.466 0.736
vn -0.780 0.371 0.503
vn -0.677 0.613 0.408
vn -0.841 0.422 0.339
vn -0.859 0.489 0.152
vn -0.643 -0.076 0.762
vn 0.755 -0.532 -0.383
vn 0.776 -0.579 -0.251
vn 0.831 -0.544 -0.117
vn 0.758 -0.589 -0.282
vn -0.350 0.551 0.758
vn 0.490 0.509 0.707
vn -0.828 -0.421 -0.370
vn -0.963 0.124 0.240
vn -0.619 -0.602 -0.505
vn 0.692 0.339 0.638
vn -0.741 0.319 0.591
vn 0.572 -0.805 0.158
vn 0.755 -0.504 -0.420
vn -0.733 0.389 0.558
vn 0.818 0.359 0.450
vn -0.303 -0.679 -0.669
vn -0.985 0.050 0.167
vn -0.710 -0.468 -0.526
vn 0.615 0.517 0.595
vn -0.167 0.655 0.737
vn -0.773 -0.413 -0.482
vn -0.975 0.219 -0.049
vn -0.306 0.801 0.515
vn -0.371 -0.705 -0.604
vn 0.689 0.482 0.540
vn 0.360 0.702 0.615
vn -0.787 0.581 0.208
vn 0.764 -0.600 -0.236
vn -0.778 0.446 0.442
vn -0.313 -0.723 -0.616
vn -0.987 0.143 0.075
vn -0.698 -0.534 -0.477
vn 0.796 -0.287 -0.532
vn -0.777 0.419 0.470
vn 0.649 0.515 0.560
vn -0.288 -0.707 -0.645
vn -0.174 0.678 0.714
vn 0.641 0.546 0.539
vn -0.686 -0.551 -0.475
vn -0.988 0.073 0.139
vn -0.387 -0.673 -0.630
vn 0.843 0.383 0.378
vn -0.718 0.482 0.502
vn 0.741 -0.406 -0.536
vn 0.796 -0.393 -0.460
vn 0.686 0.472 0.554
vn -0.326 0.593 0.736
vn 0.464 0.592 0.659
vn -0.988 -0.019 0.152
vn -0.389 0.595 0.703
vn -0.669 -0.592 -0.449
vn 0.436 0.633 0.640
vn -0.705 -0.589 -0.394
vn -0.981 -0.059 0.183
vn -0.787 0.347 0.511
vn -0.334 -0.708 -0.623
vn 0.679 0.515 0.522
vn 0.398 0.684 0.612
vn -0.719 0.648 0.250
vn 0.749 -0.623 -0.226
vn 0.805 -0.337 -0.489
vn 0.632 0.535 0.561
vn 0.404 0.655 0.638
vn -0.355 0.692 0.629
vn -0.803 -0.380 -0.460
vn -0.960 0.251 -0.124
vn -0.254 0.826 0.504
vn -0.347 -0.663 -0.664
vn -0.307 0.654 0.691
vn -0.693 -0.535 -0.484
vn -0.426 -0.708 -0.563
vn -0.785 0.433 0.443
vn 0.727 -0.614 -0.308
vn 0.497 0.573 0.651
vn -0.992 0.094 0.080
vn 0.771 0.387 0.506
vn -0.212 0.730 0.649
vn -0.679 -0.575 -0.456
vn -0.326 -0.718 -0.615
vn -0.719 0.544 0.433
vn 0.801 -0.466 -0.376
vn 0.572 0.569 0.590
vn -0.984 0.160 0.084
vn 0.790 0.400 0.465
vn 0.735 -0.634 -0.241
vn 0.802 0.324 0.502
vn -0.980 0.078 0.180
vn -0.404 -0.674 -0.618
vn -0.739 -0.483 -0.470
vn -0.753 0.341 0.563
vn -0.244 0.610 0.754
vn 0.604 0.495 0.624
vn 0.982 -0.184 -0.050
vn 0.969 -0.245 0.017
vn 0.965 -0.261 -0.039
vn 0.967 -0.255 0.026
vn 0.542 -0.446 0.712
vn -0.042 -0.271 0.962
vn 0.848 -0.307 0.431
vn 0.984 -0.159 -0.075
vn 0.961 -0.265 0.073
vn 0.985 -0.003 -0.173
vn 0.993 -0.048 -0.104
vn 0.959 -0.126 -0.256
vn 0.955 -0.290 0.058
vn 0.985 -0.057 -0.162
vn 0.951 -0.309 -0.023
vn 0.976 -0.202 -0.081
vn 0.974 -0.168 0.152
vn 0.550 -0.654 -0.519
vn 0.442 -0.760 -0.477
vn 0.482 -0.599 -0.640
vn 0.342 -0.814 -0.469
vn 0.383 -0.783 -0.490
vn 0.381 -0.781 -0.496
vn 0.204 -0.960 -0.190
vn -0.538 -0.542 0.645
vn 0.402 -0.784 -0.472
vn 0.490 -0.561 -0.668
vn 0.459 -0.525 -0.716
vn 0.496 -0.648 -0.578
vn 0.456 -0.605 -0.652
vn 0.608 -0.783 0.130
vn 0.408 -0.788 -0.460
vn 0.467 -0.696 -0.546
vn 0.015 -0.975 0.221
vn -0.648 0.382 0.659
vn -0.619 0.139 0.773
vn -0.541 0.499 0.677
vn -0.799 0.378 0.468
vn -0.808 0.286 0.515
vn -0.832 0.311 0.459
vn -0.534 0.479 0.697
vn -0.666 -0.274 0.694
vn -0.561 0.319 0.764
vn -0.775 0.061 0.629
vn -0.727 0.374 0.576
vn -0.770 0.288 0.570
vn -0.331 -0.621 -0.710
vn -0.693 -0.490 -0.529
vn 0.757 -0.445 -0.479
vn -0.131 0.661 0.739
vn -0.985 0.036 0.169
vn -0.704 0.438 0.559
vn 0.839 0.380 0.391
vn 0.663 0.527 0.532
vn 0.972 -0.152 -0.179
vn 0.506 -0.582 -0.637
vn 0.280 0.498 0.821
vn -0.699 -0.350 -0.624
vn -0.991 0.121 -0.059
vn -0.354 0.595 0.722
vn -0.310 0.602 0.735
vn -0.968 0.238 0.082
vn -0.767 -0.289 -0.573
vn 0.334 0.503 0.797
vn 0.415 0.409 0.813
vn -0.661 -0.276 -0.697
vn -0.965 0.145 -0.220
vn -0.281 0.525 0.804
vn -0.988 -0.030 -0.150
vn -0.830 -0.449 -0.330
vn -0.018 -0.277 0.961
vn -0.312 0.642 0.700
vn 0.648 0.306 0.697
vn 0.645 0.290 0.707
vn -0.522 -0.836 -0.167
vn -0.396 -0.454 -0.798
vn -0.343 -0.519 -0.783
vn -0.422 -0.534 -0.733
vn 0.384 -0.378 0.842
vn 0.749 0.146 0.647
vn -0.157 0.533 0.831
vn -0.814 0.086 0.575
vn 0.068 0.405 0.912
vn -0.964 -0.090 -0.251
vn -0.845 -0.320 -0.429
vn -0.074 -0.807 0.586
vn -0.890 0.021 0.455
vn -0.840 -0.037 0.541
vn -0.674 -0.368 0.640
vn -0.783 -0.155 0.602
vn -0.614 0.477 0.629
vn -0.995 0.047 0.088
vn -0.760 -0.066 0.646
vn -0.971 0.198 0.133
vn -0.876 0.385 0.291
vn -0.750 0.469 0.465
vn -0.687 0.514 0.513
vn -0.730 0.468 0.497
vn -0.762 0.519 0.388
vn -0.849 -0.131 0.512
vn 0.847 -0.497 -0.190
vn 0.904 -0.378 -0.202
vn 0.650 -0.759 -0.039
vn 0.712 -0.684 -0.163
vn -0.669 0.434 0.604
vn 0.090 0.524 0.847
vn -0.830 -0.298 -0.471
vn -0.972 0.142 0.187
vn -0.582 -0.484 -0.653
vn 0.354 0.363 0.862
vn -0.860 0.248 0.446
vn 0.449 -0.862 0.234
vn 0.838 -0.465 -0.286
vn -0.838 0.321 0.441
vn 0.594 0.372 0.713
vn -0.358 -0.552 -0.753
vn -0.994 0.095 0.049
vn -0.675 -0.352 -0.649
vn 0.296 0.527 0.797
vn -0.531 0.533 0.658
vn -0.650 -0.282 -0.706
vn -0.965 0.256 -0.064
vn -0.285 0.694 0.661
vn -0.393 -0.515 -0.762
vn 0.673 0.271 0.688
vn 0.372 0.499 0.783
vn -0.709 0.580 0.402
vn 0.803 -0.588 -0.093
vn -0.769 0.343 0.539
vn -0.357 -0.544 -0.759
vn -0.985 0.104 0.141
vn -0.775 -0.404 -0.487
vn 0.910 -0.322 -0.261
vn -0.769 0.351 0.534
vn 0.567 0.412 0.713
vn -0.450 -0.554 -0.700
vn -0.481 0.509 0.714
vn 0.300 0.497 0.814
vn -0.701 -0.342 -0.626
vn -0.998 0.067 0.001
vn -0.423 -0.500 -0.756
vn 0.627 0.373 0.683
vn -0.844 0.307 0.440
vn 0.858 -0.308 -0.411
vn 0.874 -0.412 -0.259
vn 0.606 0.349 0.715
vn -0.336 0.545 0.768
vn 0.213 0.492 0.844
vn -0.995 0.043 0.089
vn -0.387 0.464 0.796
vn -0.760 -0.407 -0.506
vn 0.178 0.498 0.849
vn -0.708 -0.374 -0.598
vn -0.996 0.084 0.007
vn -0.732 0.429 0.529
vn -0.469 -0.526 -0.709
vn 0.679 0.262 0.686
vn 0.374 0.505 0.778
vn -0.657 0.624 0.422
vn 0.788 -0.600 -0.136
vn 0.926 -0.210 -0.315
vn 0.596 0.410 0.690
vn 0.263 0.464 0.846
vn -0.407 0.439 0.801
vn -0.715 -0.251 -0.653
vn -0.945 0.326 -0.035
vn -0.280 0.719 0.636
vn -0.410 -0.491 -0.768
vn -0.426 0.601 0.676
vn -0.712 -0.345 -0.611
vn -0.413 -0.541 -0.733
vn -0.813 0.442 0.381
vn 0.849 -0.480 -0.219
vn 0.298 0.498 0.815
vn -0.984 0.135 -0.119
vn 0.676 0.241 0.696
vn -0.448 0.548 0.706
vn -0.676 -0.368 -0.639
vn -0.364 -0.548 -0.753
vn -0.800 0.412 0.437
vn 0.899 -0.199 -0.391
vn 0.299 0.495 0.816
vn -0.994 0.099 -0.039
vn 0.615 0.350 0.707
vn 0.768 -0.620 -0.160
vn 0.588 0.370 0.720
vn -0.989 0.140 0.045
vn -0.401 -0.545 -0.736
vn -0.678 -0.375 -0.632
vn -0.862 0.291 0.416
vn -0.623 0.458 0.634
vn 0.283 0.535 0.796
vn 0.944 -0.317 0.085
vn 0.977 -0.164 0.133
vn 0.717 -0.629 0.301
vn 0.884 -0.422 0.203
vn 0.103 -0.499 0.861
vn -0.573 -0.154 0.805
vn 0.596 -0.510 0.620
vn 0.975 -0.176 0.135
vn 0.918 -0.318 0.235
vn 0.996 -0.044 0.079
vn 0.980 -0.190 0.058
vn 0.996 -0.079 -0.031
vn 0.905 -0.367 0.215
vn 0.998 0.055 0.021
vn 0.950 -0.300 0.084
vn 1.000 0.018 -0.015
vn 0.909 -0.307 0.282
vn 0.650 -0.397 -0.648
vn 0.633 -0.642 -0.433
vn 0.643 -0.428 -0.636
vn 0.506 -0.737 -0.449
vn 0.424 -0.728 -0.539
vn 0.555 -0.706 -0.439
vn 0.152 -0.945 -0.289
vn -0.829 -0.436 0.351
vn 0.392 -0.765 -0.511
vn 0.537 -0.497 -0.682
vn 0.642 -0.507 -0.575
vn 0.506 -0.623 -0.597
vn 0.655 -0.538 -0.530
vn 0.321 -0.920 -0.225
vn 0.594 -0.575 -0.563
vn 0.672 -0.614 -0.414
vn -0.331 -0.936 0.121
vn -0.815 0.334 0.474
vn -0.880 0.101 0.465
vn -0.786 0.469 0.402
vn -0.922 0.262 0.286
vn -0.870 0.302 0.391
vn -0.896 0.337 0.288
vn -0.773 0.447 0.450
vn -0.856 0.097 0.507
vn -0.791 0.255 0.556
vn -0.955 0.093 0.281
vn -0.828 0.411 0.382
vn -0.867 0.360 0.344
vn -0.353 -0.546 -0.760
vn -0.682 -0.353 -0.641
vn 0.855 -0.423 -0.301
vn -0.479 0.554 0.681
vn -0.989 0.149 -0.005
vn -0.831 0.365 0.419
vn 0.568 0.373 0.734
vn 0.259 0.511 0.820
vn 0.983 -0.158 0.097
vn 0.536 -0.593 -0.600
vn 0.123 0.374 0.919
vn -0.675 -0.242 -0.697
vn -0.977 0.088 -0.194
vn -0.607 0.431 0.668
vn -0.446 0.659 0.605
vn -0.925 0.349 -0.147
vn -0.669 -0.037 -0.742
vn 0.245 0.375 0.894
vn 0.238 0.350 0.906
vn -0.651 -0.215 -0.727
vn -0.960 0.191 -0.207
vn -0.394 0.465 0.793
vn -0.990 0.138 -0.032
vn -0.748 -0.434 -0.502
vn -0.461 -0.226 0.858
vn -0.538 0.536 0.650
vn 0.589 0.178 0.789
vn 0.508 0.270 0.818
vn -0.592 -0.685 -0.425
vn -0.341 -0.437 -0.832
vn -0.435 -0.226 -0.872
vn -0.475 -0.381 -0.793
vn 0.213 -0.426 0.879
vn 0.540 -0.005 0.842
vn -0.092 0.413 0.906
vn -0.893 0.122 0.434
vn 0.143 0.144 0.979
vn -0.756 -0.186 -0.628
vn -0.527 -0.528 -0.666
vn 0.271 -0.926 0.261
vn -0.973 0.058 0.226
vn -0.924 -0.000 0.384
vn -0.381 -0.722 0.577
vn -0.846 -0.281 0.453
vn -0.508 0.161 0.846
vn -0.956 -0.209 -0.204
vn -0.904 0.032 0.426
vn -0.950 -0.021 -0.311
vn -0.786 0.348 0.510
vn -0.887 0.324 0.328
vn -0.768 0.565 0.302
vn -0.787 0.416 0.456
vn -0.829 0.451 0.331
vn -0.938 -0.061 0.341
vn 0.842 -0.431 -0.325
vn 0.704 -0.707 -0.066
vn 0.700 -0.707 0.098
vn 0.744 -0.648 -0.164
vn -0.755 0.379 0.535
vn 0.047 0.424 0.905
vn -0.717 -0.225 -0.660
vn -0.996 0.077 0.050
vn -0.347 -0.504 -0.791
vn 0.434 0.142 0.890
vn -0.928 0.193 0.319
vn 0.597 -0.800 0.057
vn 0.835 -0.442 -0.328
vn -0.905 0.302 0.300
vn 0.527 0.228 0.819
vn -0.278 -0.413 -0.867
vn -0.982 0.112 -0.152
vn -0.602 -0.243 -0.761
vn 0.137 0.409 0.902
vn -0.614 0.461 0.641
vn -0.674 -0.155 -0.722
vn -0.942 0.282 -0.182
vn -0.527 0.601 0.601
vn -0.392 -0.357 -0.848
vn 0.534 0.139 0.834
vn 0.170 0.394 0.903
vn -0.793 0.525 0.311
vn 0.796 -0.595 -0.112
vn -0.887 0.363 0.286
vn -0.401 -0.337 -0.852
vn -0.979 0.172 -0.110
vn -0.695 -0.215 -0.686
vn 0.897 -0.343 -0.279
vn -0.906 0.225 0.359
vn 0.604 0.241 0.760
vn -0.405 -0.379 -0.832
vn -0.622 0.477 0.621
vn 0.150 0.418 0.896
vn -0.583 -0.274 -0.765
vn -0.971 0.129 -0.201
vn -0.350 -0.398 -0.848
vn 0.633 0.244 0.734
vn -0.883 0.383 0.273
vn 0.810 -0.386 -0.442
vn 0.899 -0.362 -0.244
vn 0.523 0.238 0.818
vn -0.597 0.397 0.697
vn 0.171 0.337 0.926
vn -0.998 0.041 -0.052
vn -0.628 0.329 0.705
vn -0.738 -0.288 -0.610
vn 0.241 0.356 0.903
vn -0.724 -0.263 -0.638
vn -0.988 0.099 -0.121
vn -0.860 0.336 0.385
vn -0.390 -0.431 -0.814
vn 0.573 0.129 0.809
vn 0.228 0.374 0.899
vn -0.758 0.566 0.324
vn 0.745 -0.640 -0.189
vn 0.873 -0.459 -0.165
vn 0.590 0.210 0.780
vn 0.245 0.390 0.888
vn -0.576 0.501 0.646
vn -0.696 -0.068 -0.715
vn -0.923 0.354 -0.151
vn -0.499 0.624 0.601
vn -0.465 -0.257 -0.847
vn -0.641 0.423 0.640
vn -0.659 -0.232 -0.716
vn -0.454 -0.361 -0.814
vn -0.918 0.296 0.263
vn 0.799 -0.504 -0.328
vn 0.072 0.427 0.902
vn -0.970 0.071 -0.231
vn 0.508 0.283 0.813
vn -0.614 0.501 0.610
vn -0.607 -0.286 -0.741
vn -0.353 -0.440 -0.826
vn -0.897 0.366 0.247
vn 0.806 -0.534 -0.255
vn 0.071 0.421 0.904
vn -0.961 0.185 -0.207
vn 0.521 0.228 0.822
vn 0.797 -0.575 -0.182
vn 0.520 0.205 0.829
vn -0.983 0.154 -0.095
vn -0.258 -0.442 -0.859
vn -0.633 -0.229 -0.740
vn -0.909 0.305 0.284
vn -0.635 0.489 0.598
vn 0.118 0.424 0.898
vn 0.969 -0.209 0.131
vn 0.841 -0.440 0.315
vn 0.573 -0.782 0.246
vn 0.807 -0.499 0.316
vn 0.380 -0.743 0.551
vn -0.338 -0.575 0.745
vn 0.717 -0.584 0.381
vn 0.961 -0.258 0.102
vn 0.856 -0.385 0.344
vn 0.984 -0.084 0.157
vn 0.973 -0.117 0.197
vn 0.979 -0.181 -0.094
vn 0.861 -0.422 0.283
vn 0.922 -0.281 0.268
vn 0.948 -0.309 0.078
vn 0.937 -0.342 0.071
vn 0.899 -0.367 0.237
vn 0.507 -0.644 -0.573
vn 0.477 -0.589 -0.652
vn 0.600 -0.550 -0.581
vn 0.396 -0.675 -0.622
vn 0.538 -0.639 -0.550
vn 0.476 -0.667 -0.573
vn 0.380 -0.876 -0.296
vn -0.492 -0.772 0.402
vn 0.452 -0.687 -0.570
vn 0.543 -0.506 -0.671
vn 0.587 -0.529 -0.613
vn 0.553 -0.530 -0.643
vn 0.637 -0.489 -0.596
vn 0.376 -0.908 -0.186
vn 0.440 -0.721 -0.536
vn 0.558 -0.530 -0.638
vn 0.087 -0.995 -0.042
vn -0.893 0.299 0.337
vn -0.832 -0.147 0.535
vn -0.827 0.249 0.505
vn -0.968 0.149 0.203
vn -0.859 0.413 0.302
vn -0.950 0.255 0.180
vn -0.838 0.388 0.384
vn -0.961 -0.020 0.277
vn -0.809 -0.047 0.586
vn -0.846 -0.079 0.527
vn -0.862 0.387 0.328
vn -0.904 0.188 0.383
vn -0.294 -0.402 -0.867
vn -0.579 -0.282 -0.765
vn 0.832 -0.347 -0.433
vn -0.633 0.416 0.653
vn -0.985 0.046 -0.167
vn -0.896 0.302 0.325
vn 0.552 0.267 0.790
vn 0.138 0.421 0.896
vn 0.982 -0.188 -0.019
vn 0.557 -0.441 -0.704
vn -0.077 0.310 0.948
vn -0.568 -0.156 -0.808
vn -0.962 0.028 -0.270
vn -0.691 0.318 0.649
vn -0.735 0.352 0.580
vn -0.964 0.169 -0.206
vn -0.544 -0.243 -0.803
vn 0.066 0.208 0.976
vn -0.258 0.213 0.943
vn -0.494 -0.231 -0.838
vn -0.919 0.134 -0.372
vn -0.852 0.374 0.366
vn -0.897 0.133 -0.421
vn -0.462 -0.222 -0.858
vn -0.653 -0.257 0.712
vn -0.831 0.349 0.433
vn 0.602 0.107 0.791
vn 0.480 0.160 0.863
vn 0.079 -0.518 -0.852
vn -0.137 -0.380 -0.915
vn -0.154 -0.387 -0.909
vn -0.165 -0.293 -0.942
vn -0.221 -0.775 0.592
vn 0.496 -0.013 0.868
vn -0.240 0.378 0.894
vn -0.901 0.170 0.398
vn 0.121 0.068 0.990
vn -0.820 -0.132 -0.556
vn -0.619 -0.453 -0.641
vn -0.066 -0.913 0.402
vn -0.996 0.090 -0.026
vn -0.976 0.072 0.204
vn -0.602 -0.637 0.482
vn -0.964 0.006 0.264
vn -0.416 0.125 0.901
vn -0.926 -0.237 -0.293
vn -0.989 0.026 0.146
vn -0.945 -0.023 -0.326
vn -0.667 0.325 0.671
vn -0.957 0.188 0.219
vn -0.910 0.319 0.266
vn -0.945 0.325 -0.036
vn -0.954 0.298 0.030
vn -0.947 0.001 0.320
vn 0.885 -0.398 -0.242
vn 0.936 -0.300 -0.185
vn 0.775 -0.603 0.189
vn 0.900 -0.433 0.040
vn -0.867 0.016 0.498
vn -0.112 0.319 0.941
vn -0.795 -0.226 -0.563
vn -0.996 -0.080 0.035
vn -0.337 -0.534 -0.775
vn 0.243 0.113 0.964
vn -0.960 -0.087 0.266
vn 0.444 -0.877 0.184
vn 0.908 -0.331 -0.255
vn -0.973 0.111 0.200
vn 0.460 0.172 0.871
vn -0.188 -0.366 -0.911
vn -0.987 -0.027 -0.157
vn -0.534 -0.240 -0.811
vn 0.036 0.329 0.944
vn -0.767 0.273 0.581
vn -0.455 -0.154 -0.877
vn -0.897 0.243 -0.369
vn -0.753 0.446 0.484
vn -0.091 -0.366 -0.926
vn 0.540 0.014 0.842
vn -0.077 0.362 0.929
vn -0.919 0.392 0.032
vn 0.918 -0.396 -0.026
vn -0.957 0.164 0.241
vn -0.153 -0.375 -0.914
vn -0.978 -0.038 -0.207
vn -0.574 -0.263 -0.775
vn 0.908 -0.358 -0.220
vn -0.956 0.144 0.256
vn 0.492 0.094 0.865
vn -0.192 -0.403 -0.895
vn -0.713 0.330 0.618
vn 0.005 0.298 0.955
vn -0.624 -0.158 -0.765
vn -0.985 0.062 -0.163
vn -0.247 -0.273 -0.930
vn 0.565 0.231 0.792
vn -0.946 0.203 0.252
vn 0.923 -0.136 -0.360
vn 0.906 -0.345 -0.244
vn 0.471 0.147 0.870
vn -0.697 0.275 0.662
vn -0.064 0.239 0.969
vn -0.972 -0.039 -0.232
vn -0.725 0.242 0.645
vn -0.575 -0.255 -0.778
vn -0.084 0.158 0.984
vn -0.540 -0.199 -0.818
vn -0.963 0.012 -0.270
vn -0.958 0.173 0.231
vn -0.147 -0.334 -0.931
vn 0.611 -0.027 0.791
vn 0.033 0.342 0.939
vn -0.889 0.437 0.135
vn 0.925 -0.362 -0.116
vn 0.921 -0.326 -0.214
vn 0.557 0.109 0.823
vn -0.018 0.196 0.980
vn -0.761 0.232 0.606
vn -0.497 -0.153 -0.854
vn -0.903 0.296 -0.311
vn -0.719 0.478 0.505
vn -0.124 -0.318 -0.940
vn -0.734 0.299 0.609
vn -0.581 -0.110 -0.807
vn -0.214 -0.264 -0.941
vn -0.964 0.179 0.196
vn 0.892 -0.374 -0.252
vn -0.071 0.293 0.954
vn -0.960 0.081 -0.270
vn 0.519 0.049 0.854
vn -0.719 0.333 0.610
vn -0.560 -0.127 -0.819
vn -0.170 -0.264 -0.949
vn -0.928 0.292 0.232
vn 0.946 -0.158 -0.282
vn -0.046 0.247 0.968
vn -0.958 0.158 -0.239
vn 0.519 0.086 0.850
vn 0.821 -0.559 -0.115
vn 0.410 0.151 0.899
vn -0.992 -0.107 -0.061
vn -0.148 -0.487 -0.861
vn -0.602 -0.292 -0.744
vn -0.972 -0.049 0.231
vn -0.796 0.163 0.583
vn -0.015 0.289 0.957
vn 0.948 -0.291 0.130
vn 0.976 -0.147 0.159
vn 0.395 -0.894 0.213
vn 0.916 -0.335 0.221
vn 0.062 -0.552 0.832
vn -0.426 -0.433 0.794
vn 0.523 -0.533 0.665
vn 0.972 -0.165 0.165
vn 0.917 -0.335 0.217
vn 0.960 -0.226 0.167
vn 0.968 -0.207 0.141
vn 0.999 0.004 0.048
vn 0.954 -0.233 0.191
vn 0.976 -0.149 0.159
vn 0.944 -0.309 0.115
vn 0.991 -0.061 0.117
vn 0.864 -0.337 0.375
vn 0.736 -0.258 -0.626
vn 0.701 -0.418 -0.577
vn 0.736 -0.436 -0.518
vn 0.773 -0.505 -0.384
vn 0.489 -0.584 -0.648
vn 0.848 -0.442 -0.293
vn 0.235 -0.908 -0.347
vn -0.728 -0.684 0.051
vn 0.782 -0.547 -0.299
vn 0.644 -0.266 -0.717
vn 0.713 -0.436 -0.550
vn 0.576 -0.464 -0.673
vn 0.704 -0.411 -0.579
vn 0.810 -0.575 -0.119
vn 0.771 -0.408 -0.489
vn 0.706 -0.432 -0.561
vn -0.256 -0.967 -0.009
vn -0.952 0.035 0.304
vn -0.911 -0.065 0.408
vn -0.881 0.296 0.370
vn -0.988 0.155 -0.000
vn -0.971 0.101 0.216
vn -0.977 0.186 0.105
vn -0.920 0.266 0.287
vn -0.933 -0.106 0.343
vn -0.832 0.086 0.549
vn -0.988 -0.068 0.135
vn -0.932 0.276 0.233
vn -0.947 0.262 0.188
vn -0.208 -0.334 -0.920
vn -0.612 -0.192 -0.768
vn 0.926 -0.252 -0.280
vn -0.750 0.284 0.598
vn -0.992 0.005 -0.128
vn -0.958 0.137 0.254
vn 0.462 0.192 0.866
vn -0.015 0.304 0.952
vn 0.987 -0.098 0.131
vn 0.635 -0.369 -0.678
vn 0.967 0.151 -0.203
vn -0.739 0.303 0.602
vn -0.376 0.649 0.662
vn 0.794 0.587 0.159
vn 0.798 -0.284 -0.531
vn -0.934 -0.336 0.121
vn 0.849 0.511 0.135
vn 0.681 0.663 0.310
vn 0.961 -0.277 -0.005
vn -0.521 0.567 0.638
vn -0.715 -0.029 0.698
vn -0.120 -0.919 0.375
vn 0.004 0.864 0.503
vn 0.416 0.718 0.557
vn 0.248 -0.534 0.808
vn 0.477 0.554 0.682
vn 0.915 0.323 0.242
vn -0.446 0.229 0.865
vn 0.172 0.816 0.552
vn -0.221 0.635 0.740
vn 0.712 0.663 0.232
vn 0.161 0.822 0.547
vn 0.533 0.642 0.552
vn -0.317 -0.802 -0.506
vn 0.650 0.635 0.417
vn 0.910 0.410 0.061
vn -0.601 0.533 0.596
vn -0.095 0.849 0.520
vn -0.823 -0.205 0.530
vn 0.852 -0.441 -0.282
vn 0.390 0.747 0.539
vn -0.290 -0.954 0.073
vn -0.395 -0.889 -0.231
vn 0.334 0.590 0.736
vn 0.719 -0.433 -0.543
vn -0.902 -0.324 0.284
vn -0.188 0.717 0.672
vn -0.707 0.462 0.536
vn 0.958 0.240 -0.158
vn 0.740 0.532 0.412
vn 0.801 0.420 0.427
vn 0.977 0.141 -0.161
vn -0.660 0.483 0.576
vn -0.304 0.678 0.669
vn -0.945 -0.214 0.249
vn 0.743 -0.397 -0.539
vn 0.268 0.595 0.758
vn -0.445 -0.844 -0.300
vn -0.094 -0.866 -0.491
vn 0.859 -0.233 -0.456
vn 0.769 0.624 0.138
vn 0.959 0.203 -0.199
vn -0.811 0.274 0.517
vn -0.395 0.646 0.653
vn 0.191 0.831 0.522
vn -0.878 -0.462 0.128
vn 0.819 0.515 0.251
vn -0.722 0.362 0.590
vn -0.946 -0.304 0.108
vn 0.175 0.725 0.666
vn -0.394 -0.740 -0.545
vn 0.971 0.136 -0.197
vn -0.355 0.587 0.728
vn 0.796 -0.280 -0.537
vn 0.813 0.424 0.398
vn -0.744 0.427 0.514
vn -0.967 -0.239 0.092
vn 0.195 0.608 0.770
vn -0.383 -0.821 -0.423
vn 0.980 0.129 -0.150
vn -0.353 0.624 0.697
vn 0.792 -0.283 -0.541
vn -0.363 -0.926 -0.104
vn 0.759 -0.472 -0.449
vn -0.169 0.817 0.551
vn -0.882 -0.294 0.369
vn -0.684 0.488 0.543
vn 0.348 0.689 0.636
vn 0.694 0.588 0.416
vn 0.949 0.304 -0.084
vn 0.302 -0.659 -0.689
vn 0.452 -0.871 0.194
vn 0.687 -0.451 0.570
vn 0.286 -0.949 -0.133
vn 0.174 -0.868 -0.466
vn 0.458 -0.644 -0.613
vn 0.121 -0.837 -0.533
vn 0.261 -0.631 -0.730
vn 0.286 -0.701 -0.653
vn 0.176 -0.927 -0.330
vn -0.723 -0.654 -0.224
vn -0.735 -0.627 -0.259
vn -0.672 -0.735 0.091
vn -0.642 -0.720 0.262
vn -0.287 -0.403 0.869
vn -0.734 -0.672 -0.099
vn -0.671 -0.741 -0.021
vn -0.582 -0.792 -0.185
vn -0.695 -0.684 -0.220
vn -0.585 -0.629 0.512
vn 0.512 0.771 0.378
vn 0.427 0.302 0.852
vn 0.600 0.693 0.399
vn 0.207 0.711 0.672
vn 0.406 0.783 0.471
vn 0.308 0.772 0.556
vn 0.570 0.747 0.343
vn 0.418 0.682 0.601
vn 0.594 0.493 0.635
vn 0.256 0.389 0.885
vn 0.470 0.782 0.409
vn 0.411 0.706 0.576
vn -0.913 -0.326 0.247
vn -0.699 0.411 0.585
vn -0.398 -0.876 -0.274
vn 0.774 0.524 0.356
vn -0.248 0.661 0.708
vn 0.275 0.645 0.713
vn 0.752 -0.389 -0.532
vn 0.963 0.201 -0.182
vn 0.156 -0.843 -0.515
vn -0.674 -0.737 -0.053
vn 0.110 0.640 0.760
vn -0.944 -0.285 -0.165
vn -0.949 -0.037 -0.314
vn 0.182 0.755 0.630
vn -0.967 -0.163 0.196
vn 0.013 0.743 0.669
vn -0.031 0.775 0.631
vn -0.958 -0.165 -0.234
vn -0.172 0.560 0.810
vn -0.967 -0.024 0.252
vn -0.735 0.201 0.647
vn -0.607 0.297 0.737
vn -0.982 -0.164 -0.092
vn 0.134 0.638 0.758
vn 0.053 0.795 0.605
vn -0.973 -0.050 -0.226
vn -0.928 -0.333 -0.169
vn 0.150 0.662 0.735
vn 0.259 0.664 0.701
vn -0.940 -0.291 -0.180
vn 0.231 0.672 0.703
vn -0.936 -0.331 -0.117
vn 0.131 0.632 0.764
vn -0.946 -0.231 -0.228
vn -0.930 -0.264 -0.256
vn 0.182 0.749 0.637
vn 0.106 0.806 0.583
vn -0.966 -0.018 -0.256
vn 0.104 0.681 0.725
vn -0.943 -0.239 -0.234
vn 0.180 0.695 0.696
vn -0.956 -0.199 -0.215
vn -0.961 -0.184 -0.208
vn 0.248 0.646 0.722
vn -0.862 0.248 0.443
vn -0.559 0.465 0.686
vn -0.686 0.440 0.579
vn -0.946 -0.259 -0.197
vn 0.259 0.642 0.722
vn -0.004 0.584 0.811
vn -0.925 -0.113 -0.364
vn -0.948 -0.015 -0.318
vn 0.105 0.556 0.825
vn -0.904 -0.325 -0.277
vn -0.343 0.261 0.902
vn -0.018 0.597 0.802
vn -0.802 -0.094 -0.590
vn -0.727 0.329 0.603
vn -0.980 0.061 0.192
vn -0.905 0.187 0.381
vn -0.889 0.243 0.387
vn -0.991 -0.009 -0.130
vn -0.276 0.561 0.780
vn 0.037 0.655 0.754
vn -0.866 -0.055 -0.497
vn -0.941 -0.231 -0.246
vn -0.045 0.488 0.871
vn -0.030 0.619 0.785
vn -0.923 -0.128 -0.362
vn -0.027 0.544 0.839
vn -0.942 -0.146 -0.304
vn -0.017 0.548 0.836
vn -0.939 -0.076 -0.335
vn -0.948 -0.206 -0.243
vn 0.006 0.470 0.883
vn 0.093 0.647 0.756
vn -0.917 0.006 -0.398
vn 0.005 0.610 0.792
vn -0.905 -0.099 -0.415
vn 0.025 0.557 0.830
vn -0.916 -0.131 -0.380
vn -0.945 -0.016 -0.326
vn -0.153 0.596 0.788
vn -0.878 0.352 0.326
vn -0.767 0.434 0.473
vn -0.814 0.421 0.401
vn -0.930 -0.115 -0.349
vn -0.039 0.568 0.822
vn -0.289 0.444 0.848
vn -0.874 -0.087 -0.479
vn -0.846 0.179 -0.502
vn -0.149 0.574 0.805
vn -0.888 -0.226 -0.400
vn -0.469 0.199 0.860
vn -0.217 0.558 0.801
vn -0.828 -0.046 -0.560
vn -0.735 0.392 0.553
vn -0.949 0.076 -0.305
vn -0.931 0.254 0.261
vn -0.963 0.212 -0.166
vn -0.956 0.001 -0.293
vn -0.296 0.521 0.801
vn -0.243 0.561 0.792
vn -0.860 0.053 -0.508
vn -0.924 -0.155 -0.350
vn -0.269 0.388 0.881
vn -0.279 0.495 0.823
vn -0.853 -0.097 -0.513
vn -0.248 0.495 0.833
vn -0.907 -0.090 -0.411
vn -0.269 0.400 0.876
vn -0.868 -0.051 -0.493
vn -0.901 -0.018 -0.434
vn -0.183 0.527 0.830
vn -0.218 0.567 0.794
vn -0.846 0.120 -0.519
vn -0.313 0.465 0.828
vn -0.867 -0.051 -0.495
vn -0.268 0.498 0.825
vn -0.862 -0.026 -0.506
vn -0.898 -0.007 -0.440
vn -0.279 0.527 0.803
vn -0.895 0.392 0.214
vn -0.859 0.403 0.316
vn -0.844 0.450 0.291
vn -0.864 -0.092 -0.495
vn -0.276 0.458 0.845
vn -0.439 0.336 0.834
vn -0.782 -0.079 -0.618
vn -0.784 -0.122 -0.609
vn -0.423 0.314 0.850
vn -0.720 0.018 -0.693
vn -0.940 -0.185 0.288
vn -0.581 0.323 0.747
vn -0.714 -0.078 -0.696
vn -0.594 0.395 0.701
vn -0.941 0.026 -0.338
vn -0.927 0.147 0.344
vn -0.980 0.099 -0.175
vn -0.964 -0.098 -0.246
vn -0.501 0.284 0.818
vn -0.461 0.438 0.771
vn -0.674 0.015 -0.738
vn -0.783 -0.169 -0.599
vn -0.486 0.208 0.849
vn -0.409 0.335 0.849
vn -0.818 -0.081 -0.570
vn -0.397 0.342 0.852
vn -0.771 -0.129 -0.624
vn -0.441 0.291 0.849
vn -0.852 -0.097 -0.515
vn -0.774 -0.224 -0.593
vn -0.525 0.198 0.828
vn -0.408 0.480 0.776
vn -0.700 0.026 -0.713
vn -0.426 0.357 0.831
vn -0.775 -0.030 -0.632
vn -0.410 0.338 0.847
vn -0.790 0.004 -0.613
vn -0.908 -0.140 -0.396
vn -0.432 0.285 0.856
vn -0.968 0.207 0.144
vn -0.941 0.122 0.317
vn -0.935 0.244 0.256
vn -0.840 -0.103 -0.532
vn -0.356 0.366 0.860
vn 0.949 0.159 0.272
vn 0.930 0.210 0.301
vn 0.980 0.025 0.196
vn 0.942 0.117 0.315
vn -0.451 -0.875 -0.176
vn 0.144 0.153 0.978
vn 0.047 -0.774 -0.631
vn 0.146 -0.801 -0.581
vn 0.221 -0.900 0.376
vn 0.006 -0.855 -0.518
vn 0.808 0.132 0.574
vn 0.967 0.123 0.224
vn 0.916 0.178 0.360
vn 0.938 0.239 0.250
vn 0.926 0.256 0.277
vn 0.993 0.107 0.039
vn 0.929 0.164 0.331
vn 0.943 0.241 0.230
vn 0.970 0.027 0.241
vn 0.977 0.073 0.199
vn -0.061 -0.768 -0.638
vn 0.699 0.044 0.713
vn 0.925 0.129 0.357
vn 0.146 -0.770 -0.621
vn 0.171 -0.737 -0.654
vn 0.034 -0.786 -0.618
vn 0.004 -0.814 -0.580
vn -0.041 -0.810 -0.584
vn -0.780 -0.244 0.577
vn -0.262 -0.844 -0.468
vn 0.064 -0.694 -0.717
vn 0.071 -0.724 -0.687
vn 0.116 -0.682 -0.722
vn 0.131 -0.686 -0.716
vn -0.544 0.292 0.786
vn -0.838 0.151 0.525
vn -0.679 0.230 0.697
vn 0.988 0.112 0.105
vn 0.107 -0.675 -0.730
vn 0.899 -0.020 0.438
vn 0.882 0.094 0.462
vn 0.565 -0.561 0.604
vn 0.879 -0.117 0.463
vn -0.637 -0.724 -0.263
vn -0.454 0.222 0.863
vn 0.214 -0.717 -0.663
vn 0.182 -0.623 -0.760
vn -0.055 -0.977 -0.204
vn 0.162 -0.659 -0.735
vn 0.591 0.045 0.805
vn 0.834 0.158 0.528
vn 0.857 0.003 0.516
vn 0.858 0.222 0.463
vn 0.893 0.108 0.437
vn 0.904 0.190 0.382
vn 0.856 -0.010 0.517
vn 0.867 0.284 0.410
vn 0.901 -0.054 0.430
vn 0.893 0.189 0.409
vn -0.056 -0.672 -0.738
vn 0.212 0.029 0.977
vn 0.799 0.121 0.590
vn 0.242 -0.589 -0.771
vn 0.209 -0.557 -0.804
vn 0.052 -0.730 -0.681
vn 0.137 -0.733 -0.666
vn 0.172 -0.724 -0.668
vn -0.957 -0.270 0.102
vn -0.259 -0.736 -0.625
vn 0.125 -0.585 -0.801
vn 0.050 -0.648 -0.760
vn 0.236 -0.605 -0.760
vn 0.215 -0.574 -0.790
vn -0.801 0.365 0.475
vn -0.937 0.178 0.302
vn -0.890 0.244 0.384
vn 0.841 0.163 0.515
vn 0.123 -0.644 -0.755
vn 0.862 0.033 0.506
vn 0.798 -0.107 0.593
vn 0.396 -0.805 0.441
vn 0.721 -0.162 0.673
vn -0.286 -0.852 -0.439
vn -0.359 -0.220 0.907
vn 0.065 -0.536 -0.842
vn 0.041 -0.458 -0.888
vn -0.012 -0.921 -0.389
vn 0.027 -0.606 -0.795
vn 0.674 -0.197 0.712
vn 0.865 -0.035 0.501
vn 0.741 -0.124 0.660
vn 0.880 0.043 0.472
vn 0.840 0.086 0.536
vn 0.948 0.024 0.319
vn 0.782 -0.145 0.606
vn 0.838 -0.039 0.544
vn 0.892 -0.050 0.449
vn 0.896 -0.094 0.434
vn 0.069 -0.579 -0.813
vn 0.403 -0.309 0.862
vn 0.791 -0.082 0.606
vn 0.120 -0.595 -0.795
vn 0.100 -0.524 -0.846
vn -0.041 -0.505 -0.862
vn 0.019 -0.549 -0.836
vn 0.038 -0.557 -0.829
vn -0.862 -0.507 -0.022
vn -0.046 -0.722 -0.690
vn 0.127 -0.505 -0.854
vn 0.071 -0.524 -0.849
vn 0.176 -0.527 -0.831
vn 0.120 -0.522 -0.845
vn -0.810 0.068 0.583
vn -0.924 0.031 0.381
vn -0.835 -0.059 0.548
vn 0.913 0.005 0.408
vn 0.086 -0.480 -0.873
vn 0.832 -0.072 0.551
vn 0.867 0.023 0.497
vn 0.123 -0.987 0.103
vn 0.819 -0.158 0.552
vn -0.436 -0.731 -0.524
vn -0.242 -0.195 0.951
vn 0.335 -0.407 -0.850
vn 0.424 -0.470 -0.774
vn 0.567 -0.625 -0.536
vn 0.493 -0.474 -0.729
vn 0.427 -0.106 0.898
vn 0.765 0.023 0.644
vn 0.805 -0.216 0.553
vn 0.830 -0.022 0.558
vn 0.834 -0.037 0.550
vn 0.880 0.159 0.448
vn 0.848 -0.150 0.508
vn 0.855 -0.012 0.518
vn 0.832 -0.189 0.522
vn 0.848 0.023 0.529
vn 0.154 -0.554 -0.818
vn 0.191 -0.211 0.959
vn 0.650 -0.017 0.759
vn 0.329 -0.332 -0.884
vn 0.365 -0.484 -0.795
vn 0.340 -0.506 -0.793
vn 0.303 -0.390 -0.870
vn 0.438 -0.521 -0.733
vn -0.819 -0.485 -0.307
vn -0.089 -0.631 -0.771
vn 0.205 -0.338 -0.918
vn 0.245 -0.495 -0.834
vn 0.374 -0.409 -0.832
vn 0.364 -0.466 -0.806
vn -0.838 0.168 0.519
vn -0.992 0.120 -0.024
vn -0.940 0.233 0.248
vn 0.827 0.063 0.558
vn 0.218 -0.394 -0.893
vn -0.375 0.718 0.586
vn -0.982 0.110 0.153
vn 0.440 0.620 0.650
vn 0.888 0.055 0.456
vn -0.768 0.498 0.402
vn 0.754 -0.640 0.149
vn 0.893 -0.442 -0.090
vn 0.700 -0.694 0.168
vn -0.388 0.547 0.742
vn -0.993 0.108 -0.045
vn -0.707 0.481 0.518
vn 0.652 -0.719 -0.239
vn 0.771 -0.627 0.110
vn 0.539 -0.838 -0.086
vn -0.562 0.580 0.590
vn -0.948 0.314 -0.051
vn -0.679 0.555 0.480
vn 0.611 -0.788 -0.071
vn 0.587 -0.802 0.108
vn 0.532 -0.836 -0.131
vn -0.859 0.477 0.187
vn -0.855 0.295 -0.427
vn -0.563 -0.131 -0.816
vn -0.028 -0.490 -0.871
vn -0.883 0.469 -0.018
vn 0.644 -0.764 0.043
vn 0.477 -0.875 0.084
vn 0.750 -0.634 -0.190
vn 0.113 0.764 0.636
vn -0.716 0.041 -0.697
vn 0.913 -0.340 0.225
vn 0.498 -0.713 -0.493
vn -0.503 0.702 0.504
vn -0.957 0.244 0.156
vn 0.246 0.671 0.699
vn -0.802 0.460 0.381
vn 0.813 -0.566 0.139
vn 0.852 -0.394 0.345
vn 0.755 -0.655 0.017
vn -0.539 0.600 0.591
vn -0.930 0.345 -0.129
vn -0.710 0.571 0.411
vn 0.763 -0.582 -0.280
vn 0.760 -0.626 -0.174
vn 0.826 -0.521 -0.213
vn -0.586 0.619 0.523
vn -0.864 0.472 -0.174
vn -0.698 0.609 0.376
vn 0.734 -0.679 0.017
vn 0.828 -0.549 -0.113
vn 0.600 -0.798 0.065
vn -0.855 0.515 0.059
vn -0.805 0.299 -0.512
vn -0.466 -0.279 -0.840
vn -0.867 0.468 -0.168
vn 0.160 -0.674 -0.721
vn 0.441 -0.870 -0.220
vn -0.115 0.771 0.626
vn -0.808 0.116 -0.578
vn 0.758 -0.651 -0.045
vn 0.386 0.511 0.768
vn -0.761 0.563 0.324
vn 0.879 -0.405 0.252
vn 0.814 -0.535 0.227
vn 0.794 -0.603 -0.076
vn -0.810 0.576 0.111
vn 0.773 -0.531 -0.348
vn 0.766 -0.565 -0.307
vn 0.834 -0.479 -0.273
vn 0.898 -0.425 -0.110
vn -0.168 -0.615 -0.771
vn 0.950 0.311 -0.038
vn 0.953 -0.170 -0.250
vn -0.808 0.490 0.327
vn -0.884 0.323 0.338
vn -0.814 0.556 0.166
vn -0.016 0.722 0.691
vn 0.755 -0.640 0.146
vn 0.569 -0.779 -0.263
vn 0.152 0.330 0.932
vn 0.630 -0.765 -0.136
vn 0.673 -0.680 -0.291
vn 0.623 -0.743 -0.243
vn 0.776 -0.610 -0.158
vn 0.862 -0.497 0.095
vn 0.857 -0.515 0.014
vn 0.784 -0.619 -0.039
vn -0.924 0.359 -0.134
vn -0.823 0.055 -0.566
vn -0.329 -0.554 -0.765
vn -0.086 -0.732 -0.676
vn -0.909 0.277 -0.311
vn 0.699 -0.667 -0.256
vn 0.346 -0.932 -0.111
vn -0.918 0.151 0.366
vn -0.481 0.750 0.454
vn -0.667 -0.216 -0.713
vn -0.775 0.586 0.236
vn -0.684 0.663 0.303
vn -0.936 0.324 -0.140
vn 0.899 0.404 -0.171
vn 0.936 -0.188 -0.297
vn 0.723 -0.615 -0.316
vn 0.376 -0.911 -0.169
vn 0.409 -0.913 -0.004
vn -0.440 0.765 0.471
vn -0.936 0.325 -0.137
vn -0.864 0.055 -0.501
vn -0.599 -0.295 -0.744
vn -0.933 0.303 -0.196
vn 0.269 -0.959 0.086
vn 0.457 -0.771 0.444
vn -0.915 0.348 -0.203
vn -0.922 0.387 0.028
vn -0.701 0.628 0.337
vn -0.851 0.501 0.159
vn 0.289 0.868 0.404
vn -0.043 0.704 0.709
vn -0.933 0.339 -0.124
vn -0.923 0.226 -0.310
vn 0.869 -0.495 -0.006
vn -0.939 0.322 -0.121
vn -0.498 0.790 0.358
vn -0.862 0.469 0.191
vn -0.839 0.503 0.210
vn -0.852 0.502 0.152
vn -0.900 0.398 -0.177
vn -0.802 0.587 0.115
vn -0.640 0.701 0.314
vn -0.875 0.479 -0.064
vn -0.854 0.519 0.021
vn -0.230 0.882 0.412
vn -0.906 0.333 -0.260
vn -0.150 -0.414 -0.898
vn 0.400 -0.701 -0.591
vn -0.881 0.258 -0.396
vn -0.080 0.710 0.699
vn -0.977 -0.101 -0.190
vn -0.702 0.665 0.255
vn -0.839 0.516 0.173
vn 0.179 -0.620 -0.764
vn -0.587 -0.279 -0.760
vn -0.723 0.551 0.418
vn -0.916 0.400 0.009
vn -0.919 0.377 -0.111
vn -0.906 0.422 -0.037
vn -0.667 0.677 0.313
vn -0.882 0.457 0.114
vn -0.808 0.513 0.290
vn -0.832 0.504 0.230
vn -0.524 0.728 0.442
vn -0.936 0.320 -0.148
vn -0.657 0.679 0.328
vn -0.621 0.538 0.570
vn -0.921 0.170 -0.351
vn 0.376 0.676 0.634
vn -0.427 0.732 0.532
vn -0.988 0.149 -0.040
vn -0.735 -0.640 -0.224
vn -0.273 -0.958 -0.085
vn 0.762 0.418 0.495
vn -0.830 0.494 0.261
vn 0.716 -0.678 -0.168
vn 0.949 -0.309 -0.057
vn 0.379 -0.920 -0.094
vn -0.012 0.772 0.635
vn -0.963 -0.192 -0.190
vn 0.971 0.089 0.222
vn 0.062 -0.998 -0.030
vn 0.610 -0.780 -0.139
vn -0.681 0.542 0.493
vn 0.658 -0.023 0.753
vn -0.381 -0.514 -0.769
vn -0.817 -0.177 -0.548
vn 0.050 0.533 0.845
vn 0.272 -0.847 -0.458
vn 0.802 -0.521 0.292
vn -0.530 -0.218 -0.819
vn -0.924 0.190 -0.333
vn 0.018 -0.759 -0.650
vn 0.776 -0.325 0.540
vn 0.727 -0.289 0.623
vn -0.033 -0.782 -0.623
vn -0.381 -0.479 -0.791
vn 0.536 -0.146 0.831
vn 0.226 0.338 0.913
vn -0.492 0.501 0.712
vn 0.838 -0.457 0.299
vn 0.296 -0.866 -0.403
vn -0.032 0.498 0.867
vn -0.780 -0.115 -0.615
vn -0.831 0.306 0.464
vn -0.176 0.177 0.968
vn -0.788 0.430 0.439
vn 0.642 -0.760 -0.096
vn -0.983 0.108 -0.149
vn -0.582 -0.205 -0.787
vn 0.402 -0.622 -0.672
vn 0.702 -0.294 0.648
vn 0.883 -0.458 0.099
vn -0.969 0.241 0.045
vn -0.736 -0.006 -0.677
vn -0.668 0.217 0.712
vn -0.648 -0.275 -0.710
vn -0.982 0.006 -0.191
vn -0.286 0.596 0.750
vn 0.384 0.287 0.878
vn -0.139 -0.434 -0.890
vn 0.417 -0.127 0.900
vn 0.769 -0.585 -0.258
vn 0.835 -0.430 0.345
vn -0.753 0.618 0.225
vn -0.330 0.210 0.920
vn -0.025 -0.125 0.992
vn 0.484 -0.526 0.700
vn 0.659 -0.567 0.493
vn 0.738 -0.600 0.308
vn -0.615 0.486 0.620
vn -0.509 0.387 -0.769
vn -0.638 0.528 -0.561
vn -0.734 0.586 -0.343
vn -0.777 0.625 -0.073
vn -0.331 0.178 -0.927
vn -0.163 -0.005 -0.987
vn 0.561 -0.571 -0.599
vn 0.675 -0.634 -0.377
vn 0.750 -0.661 0.017
vn 0.041 -0.181 -0.983
vn -0.701 0.675 0.232
vn -0.260 0.250 0.933
vn 0.059 -0.108 0.992
vn 0.452 -0.512 0.730
vn 0.634 -0.573 0.520
vn 0.715 -0.645 0.270
vn -0.537 0.545 0.644
vn -0.538 0.340 -0.772
vn -0.658 0.516 -0.548
vn -0.712 0.626 -0.317
vn -0.734 0.676 -0.061
vn -0.345 0.125 -0.930
vn -0.207 0.061 -0.976
vn 0.500 -0.577 -0.646
vn 0.613 -0.666 -0.425
vn 0.697 -0.715 -0.057
vn -0.024 -0.100 -0.995
vn -0.652 0.716 0.250
vn -0.181 0.269 0.946
vn 0.127 -0.102 0.987
vn 0.466 -0.459 0.756
vn 0.649 -0.537 0.539
vn 0.709 -0.672 0.214
vn -0.459 0.579 0.674
vn -0.610 0.325 -0.722
vn -0.704 0.464 -0.537
vn -0.739 0.597 -0.311
vn -0.718 0.694 -0.048
vn -0.442 0.231 -0.867
vn -0.255 0.124 -0.959
vn 0.435 -0.594 -0.677
vn 0.558 -0.718 -0.416
vn 0.645 -0.755 -0.116
vn -0.000 -0.248 -0.969
vn -0.598 0.758 0.259
vn -0.036 0.351 0.936
vn 0.231 -0.018 0.973
vn 0.526 -0.356 0.772
vn 0.666 -0.503 0.550
vn 0.723 -0.672 0.159
vn -0.341 0.653 0.676
vn -0.690 0.268 -0.672
vn -0.746 0.420 -0.517
vn -0.767 0.559 -0.315
vn -0.713 0.698 -0.059
vn -0.616 0.168 -0.770
vn -0.371 -0.090 -0.924
vn 0.359 -0.692 -0.626
vn 0.515 -0.757 -0.402
vn 0.631 -0.760 -0.156
vn -0.040 -0.395 -0.918
vn -0.566 0.785 0.251
vn 0.103 0.513 0.852
vn 0.431 0.223 0.874
vn 0.686 -0.149 0.713
vn 0.748 -0.402 0.528
vn 0.752 -0.647 0.124
vn -0.269 0.720 0.640
vn -0.724 0.205 -0.659
vn -0.762 0.407 -0.504
vn -0.773 0.553 -0.311
vn -0.719 0.690 -0.084
vn -0.681 0.077 -0.728
vn -0.451 -0.271 -0.850
vn 0.290 -0.779 -0.557
vn 0.461 -0.792 -0.401
vn 0.623 -0.756 -0.199
vn -0.101 -0.583 -0.806
vn -0.574 0.784 0.238
vn 0.121 0.660 0.742
vn 0.501 0.431 0.751
vn 0.821 0.051 0.568
vn 0.875 -0.239 0.421
vn 0.803 -0.593 0.068
vn -0.270 0.781 0.563
vn -0.742 0.112 -0.661
vn -0.789 0.351 -0.505
vn -0.782 0.545 -0.304
vn -0.730 0.677 -0.093
vn -0.689 -0.044 -0.724
vn -0.420 -0.443 -0.792
vn 0.248 -0.797 -0.551
vn 0.413 -0.801 -0.433
vn 0.597 -0.760 -0.258
vn -0.163 -0.630 -0.759
vn -0.599 0.756 0.263
vn 0.032 0.670 0.742
vn 0.417 0.432 0.800
vn 0.797 0.041 0.603
vn 0.881 -0.235 0.410
vn 0.800 -0.596 0.064
vn -0.330 0.768 0.548
vn -0.760 0.053 -0.647
vn -0.833 0.270 -0.483
vn -0.835 0.477 -0.274
vn -0.770 0.636 -0.051
vn -0.654 -0.167 -0.738
vn -0.381 -0.517 -0.766
vn 0.273 -0.812 -0.516
vn 0.414 -0.816 -0.402
vn 0.570 -0.784 -0.247
vn -0.235 -0.618 -0.750
vn -0.612 0.734 0.296
vn -0.018 0.630 0.776
vn 0.321 0.421 0.848
vn 0.704 0.033 0.709
vn 0.819 -0.296 0.492
vn 0.761 -0.626 0.170
vn -0.332 0.745 0.578
vn -0.793 0.006 -0.610
vn -0.862 0.256 -0.438
vn -0.858 0.456 -0.237
vn -0.792 0.610 -0.010
vn -0.619 -0.288 -0.730
vn -0.325 -0.603 -0.728
vn 0.287 -0.843 -0.454
vn 0.436 -0.842 -0.316
vn 0.560 -0.812 -0.162
vn -0.234 -0.678 -0.697
vn -0.582 0.745 0.326
vn 0.039 0.636 0.771
vn 0.286 0.469 0.835
vn 0.657 0.074 0.751
vn 0.782 -0.327 0.530
vn 0.738 -0.619 0.268
vn -0.301 0.753 0.585
vn -0.827 0.045 -0.560
vn -0.878 0.234 -0.417
vn -0.861 0.461 -0.213
vn -0.776 0.630 0.028
vn -0.600 -0.368 -0.710
vn -0.312 -0.639 -0.703
vn 0.309 -0.868 -0.389
vn 0.486 -0.852 -0.196
vn 0.580 -0.812 -0.057
vn -0.218 -0.700 -0.680
vn -0.553 0.752 0.359
vn 0.038 0.676 0.736
vn 0.321 0.516 0.794
vn 0.650 0.117 0.751
vn 0.780 -0.314 0.541
vn 0.747 -0.588 0.310
vn -0.291 0.765 0.575
vn -0.852 0.053 -0.521
vn -0.887 0.261 -0.380
vn -0.865 0.472 -0.168
vn -0.756 0.648 0.095
vn -0.655 -0.356 -0.666
vn -0.410 -0.589 -0.696
vn 0.360 -0.881 -0.306
vn 0.514 -0.847 -0.133
vn 0.629 -0.776 0.040
vn -0.248 -0.700 -0.669
vn -0.569 0.730 0.380
vn -0.031 0.716 0.698
vn 0.313 0.551 0.774
vn 0.666 0.095 0.740
vn 0.767 -0.305 0.564
vn 0.745 -0.576 0.337
vn -0.319 0.764 0.561
vn -0.883 0.091 -0.461
vn -0.905 0.318 -0.282
vn -0.862 0.504 -0.063
vn -0.743 0.646 0.174
vn -0.778 -0.181 -0.602
vn -0.531 -0.515 -0.673
vn 0.375 -0.885 -0.275
vn 0.525 -0.845 -0.101
vn 0.658 -0.742 0.125
vn -0.340 -0.652 -0.678
vn -0.579 0.727 0.370
vn -0.122 0.752 0.648
vn 0.246 0.612 0.751
vn 0.692 0.040 0.721
vn 0.755 -0.311 0.577
vn 0.740 -0.537 0.404
vn -0.378 0.767 0.518
vn -0.902 0.220 -0.371
vn -0.887 0.434 -0.156
vn -0.818 0.573 0.050
vn -0.712 0.664 0.226
vn -0.827 -0.082 -0.556
vn -0.639 -0.388 -0.664
vn 0.401 -0.874 -0.276
vn 0.578 -0.815 -0.046
vn 0.687 -0.700 0.196
vn -0.423 -0.581 -0.695
vn -0.582 0.740 0.338
vn -0.179 0.780 0.599
vn 0.170 0.639 0.750
vn 0.706 -0.030 0.708
vn 0.757 -0.327 0.565
vn 0.752 -0.484 0.447
vn -0.414 0.784 0.463
vn -0.919 0.288 -0.269
vn -0.867 0.497 -0.046
vn -0.781 0.614 0.115
vn -0.677 0.694 0.245
vn -0.863 -0.019 -0.505
vn -0.708 -0.286 -0.646
vn 0.456 -0.859 -0.232
vn 0.647 -0.760 0.062
vn 0.725 -0.623 0.293
vn -0.479 -0.520 -0.707
vn -0.586 0.762 0.276
vn -0.199 0.807 0.556
vn 0.184 0.655 0.732
vn 0.723 0.012 0.691
vn 0.800 -0.254 0.544
vn 0.817 -0.399 0.416
vn -0.441 0.808 0.391
vn -0.934 0.287 -0.215
vn -0.879 0.477 -0.020
vn -0.798 0.594 0.102
vn -0.694 0.693 0.195
vn -0.892 0.026 -0.450
vn -0.759 -0.178 -0.627
vn 0.525 -0.828 -0.198
vn 0.710 -0.698 0.096
vn 0.789 -0.544 0.284
vn -0.506 -0.431 -0.747
vn -0.664 0.736 0.133
vn -0.285 0.878 0.386
vn 0.150 0.840 0.521
vn 0.850 0.252 0.463
vn 0.913 -0.054 0.405
vn 0.900 -0.286 0.328
vn -0.513 0.818 0.258
vn -0.897 0.353 -0.268
vn -0.872 0.466 -0.149
vn -0.827 0.559 -0.063
vn -0.761 0.648 0.021
vn -0.878 0.203 -0.433
vn -0.812 0.091 -0.576
vn 0.593 -0.803 -0.058
vn 0.756 -0.646 0.108
vn 0.851 -0.474 0.226
vn -0.424 -0.298 -0.855
vn -0.409 0.839 0.359
vn 0.321 0.914 0.249
vn 0.915 0.247 -0.320
vn -0.137 0.929 0.344
vn -0.835 0.549 -0.043
vn -0.783 0.619 0.057
vn -0.700 0.693 0.173
vn -0.582 0.760 0.288
vn -0.867 0.479 -0.138
vn -0.876 0.310 -0.370
vn -0.644 0.269 0.717
vn -0.966 0.026 0.259
vn -0.801 0.585 0.124
vn -0.967 0.234 -0.103
vn -0.927 0.366 -0.082
vn -0.904 0.387 -0.184
vn -0.884 0.414 -0.217
vn -0.150 -0.903 -0.403
vn 0.827 -0.321 -0.462
vn 0.746 0.661 0.082
vn 0.950 0.199 -0.242
vn -0.769 0.315 0.556
vn -0.407 0.653 0.638
vn 0.200 0.873 0.445
vn -0.891 -0.414 0.188
vn 0.389 -0.763 -0.516
vn -0.620 -0.774 -0.130
vn -0.137 -0.909 -0.393
vn 0.883 -0.302 -0.360
vn 0.763 0.642 0.080
vn 0.958 0.196 -0.208
vn -0.783 0.269 0.560
vn -0.407 0.672 0.619
vn 0.214 0.864 0.455
vn -0.860 -0.459 0.225
vn 0.404 -0.775 -0.485
vn -0.591 -0.800 -0.105
vn -0.100 -0.923 -0.371
vn 0.884 -0.278 -0.377
vn 0.794 0.597 0.115
vn 0.969 0.200 -0.145
vn -0.750 0.203 0.630
vn -0.383 0.633 0.672
vn 0.263 0.835 0.484
vn -0.783 -0.548 0.293
vn 0.389 -0.763 -0.516
vn -0.544 -0.837 -0.058
vn -0.078 -0.940 -0.332
vn 0.841 -0.321 -0.435
vn 0.803 0.574 0.162
vn 0.974 0.181 -0.136
vn -0.665 0.092 0.741
vn -0.321 0.606 0.727
vn 0.271 0.805 0.527
vn -0.669 -0.639 0.380
vn 0.393 -0.779 -0.488
vn -0.465 -0.885 0.016
vn -0.037 -0.977 -0.212
vn 0.843 -0.358 -0.401
vn 0.824 0.520 0.224
vn 0.976 0.074 -0.207
vn -0.437 0.032 0.899
vn -0.241 0.570 0.786
vn 0.296 0.778 0.555
vn -0.405 -0.691 0.599
vn 0.379 -0.841 -0.386
vn -0.340 -0.931 0.132
vn 0.007 -1.000 0.030
vn 0.668 -0.650 -0.363
vn 0.956 0.293 0.006
vn 0.948 -0.121 -0.294
vn -0.224 0.295 0.929
vn -0.128 0.711 0.692
vn 0.434 0.777 0.455
vn 0.113 -0.286 0.952
vn 0.229 -0.939 -0.259
vn 0.125 -0.836 0.535
vn 0.878 -0.282 -0.386
vn 0.518 -0.783 -0.343
vn 0.375 -0.912 -0.165
vn 0.398 -0.906 -0.142
vn 0.384 -0.886 -0.260
vn 0.404 -0.889 -0.215
vn 0.413 -0.890 -0.194
vn 0.555 -0.820 -0.140
vn 0.863 -0.385 -0.328
vn 0.634 -0.769 0.084
vn 0.756 -0.643 0.121
vn 0.848 -0.460 -0.262
vn 0.725 -0.660 0.197
vn 0.787 -0.591 0.180
vn 0.796 -0.463 -0.390
vn 0.714 -0.697 0.069
vn 0.783 -0.619 0.060
vn 0.425 -0.509 -0.748
vn 0.501 -0.835 -0.230
vn -0.922 0.353 -0.160
vn -0.869 0.487 0.083
vn -0.490 -0.345 -0.801
vn -0.907 0.263 -0.329
vn -0.682 0.656 0.322
vn -0.727 0.633 0.264
vn -0.885 0.465 -0.008
vn 0.831 -0.523 -0.187
vn 0.461 -0.771 -0.439
vn -0.853 0.510 0.114
vn -0.383 0.802 0.459
vn -0.924 0.333 -0.189
vn 0.337 0.849 0.407
vn -0.617 0.698 0.364
vn -0.134 -0.563 -0.816
vn 0.410 -0.799 -0.440
vn 0.105 0.933 0.343
vn 0.914 -0.140 -0.380
vn 0.526 -0.583 -0.619
vn 0.712 -0.638 -0.295
vn -0.059 -0.468 -0.882
vn 0.817 -0.560 -0.135
vn 0.971 -0.058 -0.233
vn 0.928 -0.351 -0.124
vn 0.747 0.665 0.032
vn -0.501 0.462 0.732
vn -0.587 0.147 0.796
vn -0.667 -0.060 0.743
vn -0.642 -0.086 0.761
vn -0.638 -0.164 0.753
vn -0.684 -0.327 0.652
vn -0.712 -0.534 0.456
vn -0.676 -0.704 0.216
vn -0.623 -0.782 0.010
vn -0.626 -0.780 -0.016
vn -0.700 -0.702 0.129
vn -0.731 -0.626 0.273
vn -0.327 0.737 0.592
vn -0.174 0.776 0.607
vn -0.094 0.717 0.691
vn -0.086 0.613 0.786
vn -0.229 0.444 0.866
vn -0.339 0.241 0.909
vn -0.274 0.054 0.960
vn -0.132 -0.016 0.991
vn 0.004 -0.074 0.997
vn 0.048 -0.163 0.985
vn 0.092 -0.190 0.977
vn 0.128 -0.214 0.969
vn 0.153 -0.207 0.966
vn 0.268 -0.229 0.936
vn 0.311 -0.288 0.906
vn 0.258 -0.352 0.900
vn 0.218 -0.372 0.902
vn 0.529 0.357 0.769
vn 0.525 0.316 0.790
vn 0.524 0.324 0.787
vn 0.632 0.547 0.550
vn 0.904 0.402 -0.143
vn 0.511 0.363 0.779
vn -0.279 -0.193 -0.941
vn -0.282 -0.055 -0.958
vn -0.117 -0.027 -0.993
vn 0.095 -0.031 -0.995
vn 0.264 0.008 -0.964
vn 0.322 0.027 -0.946
vn 0.000 0.017 -1.000
vn -0.143 -0.412 -0.900
vn -0.064 -0.524 -0.849
vn 0.091 -0.421 -0.903
vn 0.198 -0.338 -0.920
vn 0.247 -0.289 -0.925
vn -0.075 -0.515 -0.854
vn -0.147 -0.319 -0.936
vn 0.338 -0.293 -0.894
vn 0.343 -0.337 -0.877
vn 0.334 -0.350 -0.875
vn 0.270 -0.321 -0.908
vn 0.234 -0.300 -0.925
vn 0.150 -0.263 -0.953
vn 0.076 -0.322 -0.944
vn 0.027 -0.453 -0.891
vn -0.038 -0.617 -0.786
vn -0.056 -0.676 -0.735
vn -0.042 -0.721 -0.691
vn -0.069 -0.757 -0.650
vn -0.101 -0.761 -0.641
vn -0.111 -0.775 -0.622
vn -0.145 -0.771 -0.620
vn -0.199 -0.730 -0.655
vn -0.237 -0.689 -0.685
vn -0.226 -0.655 -0.721
vn -0.076 -0.595 -0.800
vn -0.837 0.243 -0.491
vn 0.784 -0.615 -0.083
vn 0.673 -0.731 -0.117
vn 0.743 -0.663 -0.094
vn 0.780 -0.596 0.190
vn 0.743 -0.625 -0.240
vn 0.740 -0.658 -0.140
vn 0.481 -0.872 0.097
vn 0.469 -0.862 -0.192
vn 0.706 0.254 0.661
vn 0.746 -0.659 0.096
vn 0.568 -0.823 0.020
vn 0.554 -0.119 0.824
vn 0.166 0.560 0.812
vn 0.706 0.009 0.708
vn 0.674 -0.670 0.311
vn -0.211 0.728 0.652
vn -0.122 0.727 0.675
vn -0.137 0.827 0.545
vn 0.684 0.725 -0.081
vn 0.686 -0.631 -0.362
vn 0.678 -0.721 -0.141
vn 0.763 -0.644 0.056
vn 0.796 -0.567 -0.210
vn 0.688 -0.722 -0.068
vn 0.742 -0.552 -0.379
vn 0.578 -0.766 -0.282
vn 0.788 -0.449 -0.422
vn 0.582 -0.719 -0.381
vn 0.820 -0.218 0.529
vn -0.429 -0.157 -0.890
vn -0.288 -0.091 -0.953
vn -0.090 -0.065 -0.994
vn 0.086 -0.053 -0.995
vn 0.247 -0.024 -0.969
vn 0.324 -0.026 -0.946
vn 0.000 -0.024 -1.000
vn -0.195 -0.533 -0.823
vn 0.261 -0.716 -0.647
vn 0.359 -0.575 -0.736
vn 0.353 -0.473 -0.807
vn 0.402 -0.452 -0.796
vn -0.034 -0.689 -0.724
vn 0.459 -0.433 -0.776
vn 0.466 -0.466 -0.752
vn 0.494 -0.483 -0.724
vn 0.411 -0.430 -0.804
vn -0.599 -0.173 -0.782
vn 0.398 -0.419 -0.816
vn 0.336 -0.437 -0.834
vn 0.242 -0.449 -0.860
vn 0.163 -0.567 -0.807
vn 0.105 -0.703 -0.704
vn 0.117 -0.762 -0.637
vn 0.138 -0.782 -0.608
vn 0.135 -0.818 -0.559
vn 0.141 -0.845 -0.517
vn 0.129 -0.861 -0.492
vn 0.089 -0.860 -0.503
vn 0.069 -0.840 -0.538
vn 0.070 -0.831 -0.551
vn 0.105 -0.808 -0.580
vn 0.318 -0.882 -0.348
vn -0.845 -0.002 -0.534
vn -0.310 -0.357 -0.881
vn -0.602 -0.136 -0.787
vn -0.791 -0.070 -0.607
vn 0.490 0.299 0.819
vn 0.491 0.354 0.796
vn 0.535 0.246 0.808
vn 0.623 0.254 0.740
vn 0.695 0.260 0.670
vn 0.589 0.034 0.807
vn 0.405 -0.231 0.885
vn 0.299 -0.341 0.891
vn 0.254 -0.360 0.898
vn -0.736 0.669 0.108
vn -0.617 0.761 0.201
vn -0.899 0.143 -0.413
vn -0.925 0.313 -0.216
vn 0.861 -0.152 0.486
vn 0.805 0.102 0.584
vn -0.813 0.007 -0.583
vn -0.519 -0.342 -0.783
vn 0.866 -0.333 0.372
vn 0.569 -0.812 -0.129
vn -0.446 0.832 0.329
vn -0.182 0.856 0.484
vn 0.735 -0.671 0.100
vn -0.819 0.572 0.030
vn 0.242 0.718 0.652
vn 0.825 -0.507 0.249
vn -0.887 0.458 -0.066
vn 0.606 0.371 0.703
vn -0.202 -0.573 -0.794
vn 0.171 -0.787 -0.593
vn -0.019 -0.516 -0.856
vn -0.515 -0.167 -0.841
vn -0.839 0.190 -0.510
vn -0.870 0.273 -0.411
vn -0.876 0.408 -0.257
vn -0.857 0.489 -0.161
vn -0.821 0.567 -0.066
vn -0.764 0.644 0.035
vn -0.672 0.725 0.148
vn -0.527 0.805 0.271
vn -0.307 0.874 0.377
vn 0.114 0.885 0.452
vn 0.386 -0.772 -0.505
vn 0.586 -0.798 -0.142
vn 0.751 -0.660 0.027
vn 0.867 -0.481 0.128
vn 0.963 -0.237 0.129
vn 0.970 0.202 0.139
vn 0.877 0.436 0.202
vn 0.531 0.783 0.324
vn -0.963 -0.213 0.163
vn -0.937 -0.344 -0.061
vn -0.950 -0.311 0.035
vn -0.405 -0.255 -0.878
vn -0.235 -0.258 -0.937
vn -0.073 -0.267 -0.961
vn 0.124 -0.291 -0.949
vn 0.212 -0.270 -0.939
vn 0.197 -0.256 -0.946
vn 0.000 -0.278 -0.961
vn -0.612 -0.301 -0.731
vn -0.748 -0.361 -0.557
vn -0.893 -0.373 -0.253
vn -0.590 -0.251 -0.768
vn -0.939 -0.297 0.172
vn -0.949 -0.308 -0.071
vn -0.962 -0.263 0.071
vn -0.334 -0.309 -0.891
vn -0.160 -0.337 -0.928
vn 0.009 -0.359 -0.933
vn 0.103 -0.334 -0.937
vn 0.197 -0.304 -0.932
vn 0.208 -0.322 -0.924
vn 0.000 -0.353 -0.936
vn -0.707 -0.323 -0.629
vn -0.765 -0.410 -0.497
vn -0.889 -0.382 -0.254
vn -0.568 -0.292 -0.770
vn -0.946 -0.168 0.278
vn -0.956 -0.279 -0.093
vn -0.977 -0.192 0.097
vn -0.227 -0.393 -0.891
vn -0.091 -0.372 -0.924
vn -0.008 -0.328 -0.945
vn 0.084 -0.297 -0.951
vn 0.262 -0.291 -0.920
vn 0.233 -0.311 -0.921
vn 0.000 -0.293 -0.956
vn -0.702 -0.352 -0.619
vn -0.831 -0.329 -0.448
vn -0.905 -0.330 -0.268
vn -0.428 -0.397 -0.812
vn -0.949 -0.049 0.311
vn -0.973 -0.189 -0.130
vn -0.988 -0.150 0.045
vn -0.247 -0.290 -0.924
vn -0.136 -0.237 -0.962
vn -0.003 -0.217 -0.976
vn 0.173 -0.219 -0.960
vn 0.292 -0.205 -0.934
vn 0.161 -0.182 -0.970
vn 0.000 -0.150 -0.989
vn -0.586 -0.362 -0.725
vn -0.801 -0.292 -0.522
vn -0.921 -0.232 -0.314
vn -0.384 -0.348 -0.855
vn -0.962 -0.011 0.272
vn -0.972 -0.124 -0.201
vn -0.996 -0.085 -0.001
vn -0.272 -0.135 -0.953
vn -0.090 -0.132 -0.987
vn 0.082 -0.139 -0.987
vn 0.210 -0.122 -0.970
vn 0.241 -0.100 -0.965
vn 0.113 -0.097 -0.989
vn 0.000 -0.095 -0.995
vn -0.568 -0.227 -0.791
vn -0.725 -0.245 -0.643
vn -0.880 -0.198 -0.432
vn -0.422 -0.174 -0.890
vn -0.976 -0.071 0.204
vn -0.947 -0.124 -0.296
vn -0.995 -0.083 -0.051
vn -0.223 -0.073 -0.972
vn -0.019 -0.081 -0.997
vn 0.104 -0.072 -0.992
vn 0.208 -0.056 -0.977
vn 0.233 -0.058 -0.971
vn 0.113 -0.058 -0.992
vn -0.000 -0.052 -0.999
vn -0.594 -0.091 -0.799
vn -0.724 -0.141 -0.675
vn -0.835 -0.170 -0.524
vn -0.424 -0.071 -0.903
vn -0.982 -0.120 0.144
vn -0.925 -0.098 -0.368
vn -0.988 -0.108 -0.113
vn -0.177 -0.031 -0.984
vn 0.001 -0.056 -0.998
vn 0.089 -0.055 -0.994
vn 0.205 -0.038 -0.978
vn 0.228 -0.028 -0.973
vn 0.117 -0.030 -0.993
vn 0.000 -0.034 -0.999
vn -0.582 0.026 -0.813
vn -0.745 0.019 -0.666
vn -0.844 -0.038 -0.535
vn -0.392 0.002 -0.920
vn -0.989 -0.104 0.104
vn -0.934 0.093 -0.344
vn -0.991 -0.036 -0.130
vn -0.123 -0.046 -0.991
vn 0.010 -0.074 -0.997
vn 0.054 -0.062 -0.997
vn 0.160 -0.035 -0.987
vn 0.201 -0.002 -0.980
vn 0.146 0.002 -0.989
vn -0.000 0.020 -1.000
vn -0.497 0.077 -0.865
vn -0.686 0.182 -0.704
vn -0.839 0.196 -0.508
vn -0.333 0.016 -0.943
vn -0.970 0.159 0.182
vn -0.924 0.334 -0.187
vn -0.970 0.243 0.024
vn -0.304 -0.098 0.948
vn -0.090 -0.038 -0.995
vn -0.012 -0.023 -1.000
vn 0.006 0.016 -1.000
vn 0.082 0.050 -0.995
vn 0.164 0.074 -0.984
vn 0.123 0.102 -0.987
vn 0.000 0.159 -0.987
vn -0.019 -0.119 0.993
vn -0.604 0.226 -0.764
vn -0.797 0.311 -0.517
vn -0.235 0.107 -0.966
vn -0.950 0.191 0.248
vn -0.945 0.305 -0.118
vn -0.959 0.258 0.120
vn -0.160 -0.111 0.981
vn -0.134 0.234 -0.963
vn -0.070 0.221 -0.973
vn -0.023 0.210 -0.977
vn 0.023 0.219 -0.976
vn 0.058 0.246 -0.967
vn 0.028 0.279 -0.960
vn 0.000 0.288 -0.957
vn -0.591 0.241 -0.770
vn -0.819 0.299 -0.489
vn -0.233 0.235 -0.944
vn -0.971 -0.159 0.181
vn -0.933 -0.313 0.179
vn -0.910 -0.308 0.278
vn -0.872 0.016 0.490
vn -0.912 -0.058 0.407
vn 0.000 -0.120 0.993
vn 0.000 0.037 0.999
vn 0.000 -0.011 1.000
vn -0.453 0.119 0.883
vn -0.609 0.052 0.791
vn -0.821 0.039 0.569
vn 0.079 -0.035 0.996
vn 0.116 0.047 0.992
vn -0.055 -0.088 0.995
vn -0.487 0.079 0.870
vn -0.638 0.038 0.769
vn -0.823 -0.140 0.551
vn -0.239 -0.143 0.960
vn 0.053 0.064 0.997
vn -0.225 -0.040 0.974
vn -0.483 -0.054 0.874
vn -0.662 -0.067 0.746
vn -0.787 -0.091 0.611
vn -0.021 -0.009 1.000
vn 0.000 0.060 0.998
vn 0.125 -0.003 0.992
vn -0.453 -0.163 0.876
vn -0.670 -0.144 0.728
vn -0.749 0.004 0.663
vn 0.000 0.017 1.000
vn -0.259 0.114 0.959
vn -0.070 0.082 0.994
vn -0.443 -0.069 0.894
vn -0.599 -0.021 0.800
vn -0.724 0.013 0.689
vn -0.243 0.104 0.964
vn -0.113 0.064 0.992
vn -0.865 -0.025 0.502
vn -0.902 -0.118 0.416
vn -0.940 -0.133 0.313
vn -0.931 0.109 0.350
vn -0.404 0.159 -0.901
vn 0.000 -0.148 0.989
vn 0.029 -0.059 0.998
vn 0.060 0.118 0.991
vn 0.043 -0.003 0.999
vn -0.011 -0.002 1.000
vn 0.000 -0.092 0.996
vn 0.142 0.022 0.990
vn 0.245 0.103 0.964
vn 0.222 0.185 0.957
vn 0.000 0.195 0.981
vn -0.000 0.031 1.000
vn 0.110 0.062 0.992
vn 0.088 0.072 0.993
vn 0.109 0.073 0.991
vn -0.000 0.048 0.999
vn 0.000 0.060 0.998
vn -0.316 0.052 0.947
vn -0.112 0.006 0.994
vn -0.800 0.117 0.588
vn -0.431 0.061 0.900
vn -0.609 0.085 0.789
vn -0.902 0.157 0.402
vn -0.920 0.222 0.324
vn -0.952 0.302 -0.056
vn -0.945 0.274 0.181
vn -0.612 0.264 -0.746
vn -0.846 0.290 -0.447
vn -0.337 0.116 0.934
vn -0.145 0.128 0.981
vn -0.765 0.139 0.629
vn -0.440 0.107 0.891
vn -0.604 0.108 0.790
vn -0.874 0.178 0.452
vn -0.797 0.340 -0.499
vn -0.609 0.229 -0.759
vn -0.990 0.064 0.124
vn -0.985 0.162 -0.066
vn -0.916 0.304 -0.263
vn -0.280 0.013 -0.960
vn 0.049 0.172 -0.984
vn 0.117 0.186 -0.975
vn 0.059 0.228 -0.972
vn 0.000 0.253 -0.968
vn -0.111 0.126 -0.986
vn -0.061 0.163 -0.985
vn 0.014 -0.073 0.997
vn -0.025 0.177 -0.984
vn -0.953 -0.004 0.303
vn 0.000 -0.039 0.999
vn -0.277 -0.156 0.948
vn -0.110 -0.112 0.988
vn -0.452 -0.180 0.874
vn -0.652 -0.102 0.751
vn -0.856 -0.075 0.511
vn -0.437 0.115 -0.892
vn -0.736 0.130 0.665
vn -0.166 -0.038 0.985
vn -0.343 -0.018 0.939
vn -0.854 0.305 -0.421
vn -0.614 0.284 -0.736
vn -0.926 0.295 0.235
vn -0.948 0.317 -0.027
vn -0.889 0.233 0.393
vn -0.848 0.168 0.503
vn -0.576 0.087 0.813
vn -0.442 0.020 0.897
vn -0.381 0.226 -0.896
vn -0.394 0.256 -0.883
vn -0.384 0.275 -0.881
vn -0.118 0.195 -0.974
vn -0.070 0.182 -0.981
vn -0.069 0.216 -0.974
vn -0.051 0.278 -0.959
vn -0.003 0.328 -0.945
vn -0.000 0.368 -0.930
vn 0.000 0.387 -0.922
vn -0.109 0.315 -0.943
vn -0.120 0.353 -0.928
vn -0.167 0.402 -0.900
vn -0.107 0.424 -0.899
vn -0.062 0.439 -0.896
vn 0.016 0.431 -0.902
vn 0.000 0.429 -0.903
vn -0.165 0.547 -0.821
vn -0.161 0.567 -0.808
vn -0.134 0.548 -0.826
vn -0.060 0.511 -0.857
vn -0.009 0.469 -0.883
vn 0.044 0.422 -0.906
vn 0.000 0.401 -0.916
vn -0.230 0.229 -0.946
vn -0.208 0.292 -0.933
vn -0.539 0.441 -0.717
vn -0.283 0.481 -0.830
vn -0.143 0.511 -0.848
vn -0.005 0.523 -0.852
vn 0.039 0.525 -0.850
vn 0.124 0.500 -0.857
vn 0.356 0.398 -0.846
vn -0.000 0.247 -0.969
vn -0.360 0.549 -0.754
vn -0.644 0.377 -0.666
vn -0.461 0.429 -0.777
vn -0.328 0.283 -0.901
vn -0.153 0.313 -0.937
vn 0.015 0.338 -0.941
vn 0.109 0.338 -0.935
vn 0.331 0.250 -0.910
vn 0.632 0.133 -0.763
vn 0.000 0.053 -0.999
vn -0.692 0.247 -0.678
vn -0.326 0.097 -0.941
vn -0.121 0.077 -0.990
vn 0.048 0.088 -0.995
vn 0.266 0.089 -0.960
vn 0.506 0.038 -0.862
vn 0.786 0.015 -0.619
vn 0.000 -0.053 -0.999
vn -0.523 0.252 -0.814
vn -0.705 0.158 -0.691
vn -0.252 -0.140 -0.957
vn -0.032 -0.181 -0.983
vn 0.151 -0.216 -0.965
vn 0.374 -0.202 -0.905
vn 0.553 -0.170 -0.815
vn 0.854 -0.091 -0.513
vn 0.000 -0.144 -0.990
vn -0.535 0.127 -0.835
vn -0.698 0.070 -0.713
vn -0.168 -0.355 -0.920
vn 0.089 -0.413 -0.906
vn 0.262 -0.445 -0.856
vn 0.397 -0.430 -0.811
vn 0.519 -0.362 -0.774
vn 0.895 -0.192 -0.403
vn 0.000 -0.653 -0.757
vn -0.498 -0.053 -0.866
vn -0.658 -0.125 -0.743
vn -0.060 -0.573 -0.818
vn 0.224 -0.634 -0.741
vn 0.336 -0.648 -0.684
vn 0.395 -0.613 -0.684
vn 0.518 -0.569 -0.639
vn 0.907 -0.327 -0.265
vn -0.000 -0.781 -0.625
vn -0.433 -0.264 -0.862
vn -0.597 -0.263 -0.758
vn 0.072 -0.652 -0.755
vn 0.369 -0.661 -0.654
vn 0.405 -0.737 -0.540
vn 0.421 -0.740 -0.524
vn 0.546 -0.702 -0.458
vn 0.843 -0.459 -0.282
vn -0.000 -0.777 -0.629
vn -0.340 -0.455 -0.823
vn -0.505 -0.326 -0.799
vn 0.161 -0.483 -0.861
vn 0.382 -0.348 -0.856
vn 0.519 -0.743 -0.423
vn 0.615 -0.712 -0.339
vn 0.756 -0.563 -0.333
vn -0.000 -0.773 -0.635
vn -0.217 -0.539 -0.814
vn -0.914 0.207 -0.350
vn -0.783 0.304 -0.543
vn -0.941 0.190 0.279
vn -0.983 0.181 -0.015
vn -0.816 0.207 0.540
vn -0.756 0.173 0.632
vn -0.934 0.256 -0.250
vn -0.808 0.330 -0.488
vn -0.950 0.148 0.274
vn -0.982 0.186 0.032
vn -0.866 0.143 0.479
vn -0.736 0.149 0.660
vn -0.931 0.299 -0.208
vn -0.832 0.267 -0.486
vn -0.923 0.233 0.307
vn -0.956 0.279 0.094
vn -0.838 0.215 0.501
vn -0.692 0.173 0.700
vn -0.931 0.288 -0.225
vn -0.829 0.207 -0.519
vn -0.900 0.243 0.361
vn -0.943 0.300 0.142
vn -0.825 0.216 0.522
vn -0.632 0.201 0.749
vn -0.939 0.222 -0.263
vn -0.826 0.145 -0.545
vn -0.880 0.230 0.416
vn -0.951 0.262 0.163
vn -0.817 0.188 0.545
vn -0.622 0.175 0.763
vn -0.956 0.126 -0.266
vn -0.830 0.028 -0.557
vn -0.872 0.219 0.437
vn -0.966 0.193 0.171
vn -0.787 0.208 0.581
vn -0.614 0.186 0.767
vn -0.961 0.023 -0.277
vn -0.810 -0.096 -0.579
vn -0.886 0.164 0.434
vn -0.978 0.128 0.165
vn -0.813 0.173 0.557
vn -0.633 0.176 0.754
vn -0.955 -0.010 -0.297
vn -0.782 -0.104 -0.615
vn -0.889 0.147 0.434
vn -0.987 0.073 0.140
vn 0.119 0.072 0.990
vn 0.136 0.151 0.979
vn 0.000 -0.248 0.969
vn -0.645 0.080 0.760
vn -0.134 -0.240 0.962
vn -0.243 -0.220 0.945
vn -0.437 -0.070 0.897
vn -0.314 -0.184 0.931
vn 0.002 -0.177 0.984
vn -0.544 0.052 0.837
vn -0.172 -0.202 0.964
vn -0.226 -0.181 0.957
vn -0.283 -0.091 0.955
vn -0.237 -0.165 0.957
vn 0.007 -0.236 0.972
vn -0.434 0.113 0.894
vn -0.122 -0.224 0.967
vn -0.210 -0.171 0.963
vn -0.148 0.059 0.987
vn -0.124 -0.046 0.991
vn 0.000 -0.383 0.924
vn -0.408 0.142 0.902
vn -0.098 -0.439 0.893
vn 0.081 -0.168 0.982
vn -0.116 0.158 0.981
vn 0.137 0.125 0.983
vn 0.000 -0.443 0.896
vn -0.357 0.170 0.918
vn -0.006 -0.476 0.880
vn 0.454 -0.007 0.891
vn -0.113 0.123 0.986
vn 0.233 0.092 0.968
vn -0.000 -0.594 0.805
vn -0.346 0.212 0.914
vn 0.542 -0.200 0.816
vn 0.596 0.127 0.793
vn -0.062 0.208 0.976
vn 0.236 0.164 0.958
vn -0.389 0.202 0.899
vn 0.643 0.148 0.752
vn -0.087 0.211 0.974
vn 0.251 0.234 0.939
vn 0.008 -0.237 0.971
vn -0.048 -0.196 0.979
vn -0.065 -0.263 0.963
vn -0.080 -0.431 0.899
vn -0.141 -0.454 0.880
vn -0.394 -0.613 0.685
vn -0.532 0.018 0.847
vn -0.371 -0.075 0.926
vn -0.185 -0.191 0.964
vn -0.040 -0.210 0.977
vn 0.001 -0.237 0.971
vn -0.712 0.090 0.697
vn -0.290 -0.153 0.945
vn -0.000 -0.847 0.532
vn -0.493 -0.764 0.416
vn 0.000 -0.997 0.080
vn -0.318 -0.945 0.071
vn 0.000 -0.965 -0.263
vn 0.618 -0.782 -0.082
vn -0.000 -0.891 -0.454
vn 0.619 -0.725 -0.301
vn 0.430 -0.592 0.682
vn 0.592 -0.658 0.466
vn 0.812 -0.579 -0.075
vn 0.652 -0.692 -0.309
vn 0.858 0.021 0.513
vn 0.955 -0.021 0.295
vn 0.911 -0.406 -0.077
vn 0.703 -0.594 -0.391
vn 0.135 0.506 -0.852
vn -0.000 0.453 -0.892
vn -0.222 0.590 -0.776
vn -0.136 0.599 -0.789
vn -0.047 0.583 -0.811
vn -0.262 0.489 -0.832
vn 0.036 0.548 -0.836
vn 0.079 0.533 -0.842
vn -0.360 0.401 -0.842
vn -0.956 0.292 -0.021
vn -0.875 0.260 -0.408
vn -0.819 0.146 0.555
vn -0.843 0.232 0.486
vn -0.908 0.300 0.291
vn -0.647 0.309 -0.697
vn -0.410 -0.288 -0.865
vn -0.123 -0.435 -0.892
vn -0.950 -0.022 -0.313
vn -0.750 -0.109 -0.653
vn -0.910 0.106 0.401
vn -0.993 0.045 0.110
vn -0.109 0.189 0.976
vn 0.603 0.104 0.791
vn -0.426 0.198 0.883
vn -0.619 0.188 0.762
vn 0.813 0.032 0.582
vn 0.943 0.008 0.334
vn 0.965 -0.186 -0.185
vn 0.772 -0.420 -0.477
vn -0.143 0.137 0.980
vn 0.509 -0.020 0.861
vn -0.458 0.153 0.876
vn -0.662 0.138 0.736
vn 0.809 0.023 0.587
vn 0.939 -0.035 0.342
vn 0.966 -0.168 -0.197
vn 0.819 -0.200 -0.538
vn 0.800 -0.057 0.598
vn 0.928 -0.123 0.352
vn 0.956 -0.233 -0.180
vn 0.792 -0.258 -0.553
vn 0.521 -0.660 -0.542
vn -0.771 0.174 0.612
vn -0.816 0.124 0.565
vn 0.563 -0.398 -0.725
vn 0.536 -0.199 -0.820
vn 0.162 -0.214 -0.963
vn 0.332 -0.172 -0.928
vn 0.155 0.049 0.987
vn -0.372 -0.227 -0.900
vn -0.081 -0.237 -0.968
vn -0.944 -0.050 -0.326
vn -0.726 -0.136 -0.674
vn -0.918 0.087 0.388
vn -0.997 0.029 0.071
vn -0.173 0.103 0.980
vn 0.497 -0.074 0.864
vn -0.497 0.107 0.861
vn -0.690 0.082 0.719
vn 0.778 -0.153 0.609
vn 0.913 -0.201 0.355
vn 0.941 -0.286 -0.182
vn 0.780 -0.273 -0.563
vn -0.823 0.070 0.563
vn 0.564 -0.235 -0.792
vn 0.167 -0.125 -0.978
vn 0.389 -0.134 -0.911
vn 0.116 0.064 0.991
vn -0.324 -0.152 -0.934
vn -0.042 -0.141 -0.989
vn -0.905 -0.063 -0.420
vn -0.643 -0.130 -0.755
vn -0.944 0.032 0.329
vn -0.999 -0.016 -0.036
vn -0.287 0.117 0.951
vn 0.449 -0.025 0.893
vn -0.573 0.078 0.816
vn -0.730 0.067 0.680
vn 0.769 -0.128 0.627
vn 0.895 -0.214 0.391
vn 0.942 -0.295 -0.158
vn 0.822 -0.276 -0.497
vn -0.837 0.049 0.546
vn 0.642 -0.209 -0.738
vn 0.152 -0.088 -0.984
vn 0.372 -0.136 -0.918
vn 0.160 0.011 0.987
vn -0.397 -0.101 -0.912
vn -0.098 -0.075 -0.992
vn -0.932 -0.068 -0.355
vn -0.698 -0.094 -0.710
vn -0.935 -0.024 0.354
vn -0.997 -0.056 0.048
vn -0.241 0.072 0.968
vn 0.556 -0.088 0.826
vn -0.589 0.091 0.803
vn -0.723 0.047 0.689
vn 0.824 -0.169 0.541
vn 0.920 -0.235 0.314
vn 0.926 -0.276 -0.258
vn 0.816 -0.236 -0.528
vn -0.838 0.021 0.546
vn 0.638 -0.175 -0.750
vn 0.164 -0.142 -0.976
vn 0.459 -0.166 -0.873
vn 0.081 -0.148 0.986
vn -0.488 -0.074 -0.870
vn -0.160 -0.098 -0.982
vn -0.958 -0.091 -0.272
vn -0.761 -0.083 -0.644
vn -0.939 -0.096 0.330
vn -0.992 -0.101 0.082
vn -0.295 -0.100 0.950
vn 0.396 -0.188 0.899
vn -0.619 -0.058 0.783
vn -0.790 -0.048 0.611
vn 0.770 -0.206 0.604
vn 0.929 -0.215 0.300
vn 0.969 -0.211 -0.129
vn 0.903 -0.180 -0.391
vn -0.876 -0.066 0.477
vn 0.732 -0.177 -0.658
vn 0.109 -0.163 -0.981
vn 0.350 -0.173 -0.920
vn 0.114 -0.177 0.978
vn -0.575 -0.098 -0.813
vn -0.263 -0.116 -0.958
vn -0.977 -0.074 -0.200
vn -0.814 -0.090 -0.574
vn -0.952 -0.066 0.299
vn -0.991 -0.074 0.112
vn -0.239 -0.134 0.962
vn 0.477 -0.222 0.850
vn -0.584 -0.068 0.809
vn -0.796 -0.034 0.605
vn 0.785 -0.241 0.571
vn 0.941 -0.222 0.256
vn 0.966 -0.181 -0.186
vn 0.846 -0.148 -0.512
vn -0.895 -0.041 0.444
vn 0.615 -0.161 -0.772
vn 0.141 -0.116 -0.983
vn 0.368 -0.104 -0.924
vn 0.059 -0.169 0.984
vn -0.567 -0.060 -0.821
vn -0.193 -0.098 -0.976
vn -0.962 -0.040 -0.272
vn -0.788 -0.057 -0.613
vn -0.972 -0.045 0.232
vn -0.998 -0.036 0.058
vn -0.307 -0.138 0.942
vn 0.433 -0.219 0.875
vn -0.625 -0.091 0.775
vn -0.838 -0.043 0.544
vn 0.702 -0.262 0.663
vn 0.908 -0.244 0.339
vn 0.974 -0.204 -0.097
vn 0.876 -0.142 -0.460
vn -0.927 -0.037 0.372
vn 0.626 -0.096 -0.774
vn 0.100 -0.098 -0.990
vn 0.326 -0.076 -0.942
vn 0.065 -0.177 0.982
vn -0.605 -0.062 -0.794
vn -0.232 -0.096 -0.968
vn -0.966 0.016 -0.259
vn -0.804 -0.040 -0.593
vn -0.967 -0.018 0.253
vn -0.996 0.024 0.086
vn -0.360 -0.175 0.916
vn 0.462 -0.230 0.857
vn -0.615 -0.161 0.772
vn -0.824 -0.114 0.556
vn 0.709 -0.281 0.647
vn 0.886 -0.274 0.375
vn 0.973 -0.214 -0.086
vn 0.889 -0.162 -0.428
vn -0.923 -0.069 0.378
vn 0.607 -0.072 -0.791
vn 0.056 -0.112 -0.992
vn 0.275 -0.080 -0.958
vn 0.031 -0.188 0.982
vn -0.639 0.014 -0.769
vn -0.255 -0.077 -0.964
vn -0.960 0.035 -0.278
vn -0.812 -0.010 -0.583
vn -0.932 -0.002 0.363
vn -0.988 0.066 0.136
vn -0.430 -0.175 0.886
vn 0.488 -0.252 0.835
vn -0.623 -0.192 0.758
vn -0.778 -0.173 0.603
vn 0.722 -0.325 0.610
vn 0.860 -0.321 0.397
vn 0.970 -0.226 -0.092
vn 0.895 -0.173 -0.410
vn -0.873 -0.109 0.476
vn 0.594 -0.081 -0.800
vn 0.044 -0.063 -0.997
vn 0.236 -0.085 -0.968
vn 0.056 -0.208 0.977
vn -0.623 0.186 -0.760
vn -0.216 0.015 -0.976
vn -0.948 0.147 -0.283
vn -0.800 0.179 -0.573
vn -0.873 0.005 0.488
vn -0.978 0.096 0.185
vn -0.465 -0.107 0.879
vn 0.494 -0.325 0.807
vn -0.658 -0.113 0.745
vn -0.766 -0.113 0.632
vn 0.745 -0.356 0.564
vn 0.840 -0.373 0.394
vn 0.966 -0.239 -0.101
vn 0.892 -0.186 -0.412
vn -0.815 -0.084 0.573
vn 0.567 -0.107 -0.817
vn 0.086 0.021 -0.996
vn 0.229 -0.028 -0.973
vn 0.163 -0.283 0.945
vn -0.559 0.279 -0.781
vn -0.136 0.121 -0.983
vn -0.943 0.221 -0.249
vn -0.784 0.298 -0.545
vn -0.832 0.033 0.554
vn -0.959 0.126 0.254
vn -0.463 -0.162 0.871
vn 0.528 -0.387 0.756
vn -0.653 -0.095 0.752
vn -0.756 -0.019 0.654
vn 0.742 -0.402 0.537
vn 0.843 -0.407 0.353
vn 0.944 -0.295 -0.146
vn 0.846 -0.247 -0.472
vn -0.792 0.009 0.610
vn 0.526 -0.117 -0.843
vn 0.135 0.149 -0.980
vn 0.245 0.121 -0.962
vn 0.187 -0.429 0.884
vn -0.472 0.292 -0.832
vn -0.064 0.201 -0.977
vn -0.946 0.255 -0.202
vn -0.766 0.342 -0.544
vn -0.822 0.082 0.563
vn -0.963 0.125 0.239
vn -0.418 -0.274 0.866
vn 0.532 -0.461 0.710
vn -0.519 -0.139 0.844
vn -0.698 0.013 0.716
vn 0.736 -0.436 0.518
vn 0.859 -0.403 0.315
vn 0.926 -0.277 -0.255
vn 0.801 -0.242 -0.548
vn -0.786 0.074 0.614
vn 0.551 -0.061 -0.832
vn 0.156 0.290 -0.944
vn 0.337 0.217 -0.916
vn 0.137 -0.522 0.842
vn -0.396 0.337 -0.854
vn -0.025 0.297 -0.955
vn -0.943 0.299 -0.145
vn -0.746 0.381 -0.546
vn -0.824 0.110 0.556
vn -0.958 0.152 0.241
vn -0.270 -0.449 0.852
vn 0.572 -0.435 0.695
vn -0.350 -0.321 0.880
vn -0.612 -0.144 0.778
vn 0.741 -0.387 0.548
vn 0.879 -0.330 0.343
vn 0.930 -0.195 -0.311
vn 0.829 -0.141 -0.541
vn -0.738 0.043 0.674
vn 0.700 -0.037 -0.713
vn 0.199 0.366 -0.909
vn 0.504 0.189 -0.843
vn 0.059 -0.403 0.913
vn -0.366 0.404 -0.838
vn -0.012 0.415 -0.910
vn -0.947 0.312 -0.080
vn -0.732 0.403 -0.548
vn -0.835 0.127 0.536
vn -0.944 0.177 0.277
vn 0.025 -0.338 0.941
vn 0.485 -0.326 0.811
vn -0.169 -0.291 0.942
vn -0.373 -0.166 0.913
vn 0.757 -0.225 0.614
vn 0.899 -0.204 0.388
vn 0.961 -0.142 -0.235
vn 0.880 -0.077 -0.468
vn -0.608 0.022 0.794
vn 0.797 -0.007 -0.604
vn 0.288 0.278 -0.916
vn 0.611 0.107 -0.785
vn 0.273 -0.120 0.955
vn -0.405 0.391 -0.827
vn -0.038 0.379 -0.925
vn -0.955 0.291 -0.051
vn -0.748 0.359 -0.558
vn -0.838 0.165 0.521
vn -0.932 0.207 0.297
vn 0.122 -0.104 0.987
vn 0.483 -0.151 0.862
vn -0.053 -0.075 0.996
vn -0.182 -0.022 0.983
vn 0.743 -0.165 0.649
vn 0.905 -0.142 0.402
vn 0.973 -0.083 -0.217
vn 0.901 -0.049 -0.431
vn -0.527 0.076 0.847
vn 0.828 -0.009 -0.560
vn 0.296 0.156 -0.943
vn 0.660 0.029 -0.751
vn 0.340 -0.096 0.936
vn -0.443 0.280 -0.852
vn -0.079 0.234 -0.969
vn -0.965 0.224 -0.138
vn -0.752 0.266 -0.603
vn -0.870 0.133 0.476
vn -0.941 0.178 0.287
vn 0.209 -0.055 0.976
vn 0.528 -0.127 0.839
vn 0.018 -0.015 1.000
vn -0.182 0.014 0.983
vn 0.736 -0.147 0.661
vn 0.888 -0.132 0.441
vn 0.975 -0.084 -0.205
vn 0.898 -0.062 -0.435
vn -0.565 0.068 0.822
vn 0.841 -0.047 -0.539
vn 0.317 0.048 -0.947
vn 0.678 -0.054 -0.733
vn 0.374 -0.125 0.919
vn -0.453 0.184 -0.872
vn -0.074 0.140 -0.987
vn -0.963 0.136 -0.234
vn -0.730 0.156 -0.665
vn -0.888 0.059 0.455
vn -0.967 0.104 0.231
vn 0.242 -0.103 0.965
vn 0.523 -0.133 0.842
vn 0.050 -0.065 0.997
vn -0.242 -0.032 0.970
vn 0.729 -0.128 0.672
vn 0.865 -0.123 0.486
vn 0.974 -0.127 -0.189
vn 0.887 -0.092 -0.453
vn -0.653 0.004 0.757
vn 0.824 -0.086 -0.560
vn 0.320 -0.070 -0.945
vn 0.635 -0.124 -0.763
vn 0.391 -0.122 0.912
vn -0.484 0.060 -0.873
vn -0.051 0.009 -0.999
vn -0.937 -0.002 -0.349
vn -0.751 0.014 -0.660
vn -0.892 -0.002 0.452
vn -0.992 0.006 0.127
vn 0.282 -0.110 0.953
vn 0.489 -0.137 0.862
vn 0.039 -0.094 0.995
vn -0.326 -0.074 0.942
vn 0.678 -0.148 0.720
vn 0.833 -0.159 0.530
vn 0.962 -0.221 -0.159
vn 0.875 -0.186 -0.447
vn -0.716 -0.038 0.697
vn 0.782 -0.152 -0.605
vn 0.271 -0.167 -0.948
vn 0.575 -0.215 -0.790
vn 0.372 -0.116 0.921
vn -0.527 -0.064 -0.848
vn -0.048 -0.113 -0.992
vn -0.919 -0.081 -0.385
vn -0.810 -0.063 -0.583
vn -0.926 -0.045 0.376
vn -0.997 -0.069 0.033
vn 0.219 -0.111 0.969
vn 0.480 -0.132 0.867
vn -0.039 -0.104 0.994
vn -0.391 -0.080 0.917
vn 0.637 -0.164 0.753
vn 0.805 -0.206 0.556
vn 0.951 -0.278 -0.138
vn 0.865 -0.259 -0.429
vn -0.748 -0.043 0.662
vn 0.737 -0.234 -0.633
vn 0.259 -0.244 -0.935
vn 0.542 -0.242 -0.805
vn 0.334 -0.118 0.935
vn -0.511 -0.175 -0.842
vn -0.053 -0.222 -0.974
vn -0.921 -0.119 -0.370
vn -0.844 -0.108 -0.525
vn -0.955 -0.068 0.289
vn -0.996 -0.092 0.005
vn 0.129 -0.111 0.985
vn 0.456 -0.128 0.881
vn -0.113 -0.107 0.988
vn -0.442 -0.093 0.892
vn 0.613 -0.154 0.775
vn 0.791 -0.202 0.578
vn 0.958 -0.269 -0.099
vn 0.884 -0.260 -0.389
vn -0.788 -0.067 0.611
vn 0.735 -0.236 -0.635
vn 0.091 -0.994 0.067
vn 0.215 -0.974 0.068
vn 0.305 -0.952 0.022
vn 0.325 -0.942 -0.086
vn 0.196 -0.967 -0.165
vn -0.994 -0.093 -0.057
vn -0.933 -0.112 -0.341
vn -0.949 -0.107 -0.297
vn -0.995 -0.100 -0.027
vn -1.000 -0.024 0.013
vn 0.188 -0.216 -0.958
vn 0.511 -0.211 -0.833
vn 0.206 -0.122 0.971
vn -0.465 -0.231 -0.855
vn -0.127 -0.228 -0.965
vn -0.932 -0.136 -0.336
vn -0.832 -0.150 -0.534
vn -0.830 -0.093 0.550
vn -0.974 -0.097 0.203
vn -0.005 -0.120 0.993
vn 0.389 -0.122 0.913
vn -0.213 -0.115 0.970
vn 0.591 -0.137 0.795
vn 0.801 -0.177 0.572
vn 0.974 -0.224 -0.041
vn 0.919 -0.220 -0.329
vn -0.484 -0.105 0.869
vn 0.785 -0.214 -0.582
vn 0.207 -0.187 -0.960
vn 0.598 -0.192 -0.778
vn 0.069 -0.024 0.997
vn -0.483 -0.179 -0.857
vn -0.155 -0.178 -0.972
vn -0.932 0.165 -0.323
vn -0.767 -0.152 -0.623
vn -0.857 -0.080 0.509
vn -0.973 -0.094 0.212
vn -0.092 -0.027 0.995
vn 0.258 -0.017 0.966
vn -0.303 -0.033 0.952
vn 0.515 -0.055 0.855
vn 0.772 -0.083 0.630
vn 0.983 -0.178 0.052
vn 0.951 -0.170 -0.258
vn -0.556 -0.052 0.829
vn 0.827 -0.193 -0.528
vn -0.055 0.179 0.982
vn -0.899 -0.054 0.434
vn -0.974 -0.091 0.208
vn -0.234 0.154 0.960
vn 0.081 0.218 0.973
vn -0.446 0.096 0.890
vn 0.460 0.162 0.873
vn -0.692 0.050 0.721
vn -0.356 0.918 0.175
vn 0.594 0.788 0.164
vn 0.960 0.243 0.142
vn -0.931 -0.110 -0.349
vn 0.536 0.843 0.049
vn 0.864 0.436 0.251
vn -0.725 0.611 0.317
vn 0.063 0.955 0.289
vn 0.790 0.583 0.189
vn -0.629 0.741 0.234
vn 0.043 0.999 0.026
vn 0.449 0.887 0.109
vn 0.889 0.442 0.123
vn -0.914 0.329 0.236
vn -0.014 0.989 0.151
vn 0.497 0.823 0.276
vn 0.449 0.850 0.274
vn -0.130 0.984 0.119
vn -0.970 0.239 0.049
vn 0.919 0.380 0.107
vn 0.520 0.823 0.228
vn -0.962 0.010 -0.274
vn -0.282 0.959 0.034
vn 0.968 0.246 0.050
vn 0.496 0.847 0.191
vn -0.971 0.107 -0.213
vn -0.201 0.961 0.189
vn 0.964 0.264 0.030
vn 0.871 0.469 0.147
vn 0.019 0.979 0.203
vn -0.904 0.275 0.326
vn 0.467 0.869 0.165
vn 0.475 -0.856 -0.204
vn 0.162 -0.417 0.894
vn 0.306 0.015 0.952
vn 0.391 -0.826 0.405
vn 0.459 -0.861 0.218
vn 0.521 -0.847 -0.106
vn 0.481 -0.875 0.047
vn 0.432 -0.621 0.654
vn -0.715 -0.685 -0.140
vn -0.671 -0.623 -0.402
vn -0.469 -0.595 0.653
vn -0.268 0.087 0.959
vn -0.673 -0.738 -0.047
vn -0.740 -0.646 0.188
vn -0.671 -0.628 -0.394
vn -0.519 -0.202 0.830
vn 0.506 0.862 0.029
vn -0.018 1.000 -0.003
vn 0.020 0.998 -0.051
vn 0.330 0.943 -0.051
vn 0.331 0.519 0.788
vn -0.045 0.462 0.886
vn 0.860 0.496 0.123
vn -0.782 0.580 -0.229
vn 0.769 0.630 0.110
vn -0.062 0.984 0.166
vn 0.645 0.760 0.078
vn -0.251 0.967 0.055
vn 0.776 0.606 0.174
vn -0.690 0.719 -0.080
vn 0.735 0.631 0.249
vn -0.610 0.786 0.101
vn 0.834 0.545 0.090
vn -0.750 0.645 -0.150
vn 0.793 0.592 0.144
vn -0.682 0.729 -0.060
vn -0.632 0.743 0.221
vn 0.733 0.674 0.088
vn 0.012 0.999 -0.029
vn 0.383 0.924 0.008
vn 0.943 -0.332 0.019
vn -0.824 0.202 0.529
vn 0.790 0.354 0.500
vn -0.798 -0.424 -0.429
vn 0.907 -0.282 0.312
vn 0.979 -0.188 0.082
vn 0.961 -0.263 -0.089
vn 0.972 -0.224 -0.067
vn -0.904 -0.092 0.418
vn 0.700 -0.061 0.712
vn 0.917 0.057 0.394
vn -0.891 -0.356 -0.283
vn -0.862 -0.361 -0.357
vn -0.607 0.417 0.677
vn -0.968 -0.247 -0.049
vn -0.968 -0.074 0.238
vn 0.520 0.825 0.220
vn -0.122 0.901 0.416
vn 0.224 0.819 0.528
vn 0.966 0.002 0.258
vn -0.830 0.474 0.292
vn -0.056 0.856 0.514
vn 0.683 0.571 0.455
vn -0.584 0.742 0.328
vn 0.001 0.844 0.537
vn -0.017 0.802 0.597
vn 0.993 -0.103 -0.062
vn -0.999 -0.035 -0.021
vn -0.518 0.829 0.211
vn 0.401 0.859 0.318
vn 0.995 0.031 0.093
vn -0.496 0.785 0.370
vn -0.989 0.066 0.132
vn 0.197 0.889 0.414
vn 0.243 -0.646 0.724
vn 0.324 -0.063 0.944
vn 0.438 -0.890 0.125
vn 0.440 -0.832 0.339
vn -0.339 -0.830 0.442
vn -0.085 0.006 0.996
vn -0.545 -0.835 0.074
vn -0.366 -0.435 0.823
vn 0.385 0.844 0.373
vn -0.152 0.943 0.296
vn -0.097 0.959 0.267
vn 0.067 0.836 0.545
vn 0.288 0.463 0.838
vn 0.010 0.410 0.912
vn -0.988 0.058 -0.143
vn 0.682 0.695 0.228
vn -0.435 0.849 0.298
vn 0.984 -0.179 -0.015
vn 0.391 -0.917 -0.074
vn -0.649 -0.757 -0.072
vn 0.868 0.421 0.263
vn -0.516 0.781 0.352
vn 0.202 0.832 0.516
vn -0.212 0.934 0.288
vn 0.964 0.261 0.053
vn -0.922 0.386 -0.037
vn -0.896 0.401 0.189
vn 0.886 0.412 0.213
vn -0.148 0.979 0.141
vn 0.178 0.953 0.245
vn -0.942 0.329 -0.068
vn 0.993 0.116 0.019
vn -0.827 0.030 0.562
vn 0.704 0.178 0.688
vn 0.851 -0.526 -0.009
vn -0.826 -0.479 0.297
vn 0.718 -0.482 0.503
vn 0.872 -0.459 0.171
vn -0.435 0.299 0.849
vn -0.886 -0.464 -0.020
vn 0.410 0.712 0.570
vn -0.086 0.651 0.754
vn 0.842 -0.532 -0.087
vn -0.909 -0.404 -0.106
vn -0.201 -0.323 0.925
vn -0.353 -0.264 0.898
vn -0.528 -0.239 0.815
vn -0.582 -0.276 0.765
vn 0.000 -0.334 0.942
vn -0.680 -0.454 0.576
vn -0.590 -0.466 0.659
vn -0.421 -0.569 0.706
vn -0.172 -0.630 0.757
vn 0.000 -0.705 0.709
vn -0.727 -0.446 0.521
vn -0.627 -0.322 0.710
vn 0.000 -0.523 0.852
vn -0.570 -0.324 0.755
vn -0.193 -0.396 0.898
vn -0.412 -0.376 0.830
vn -0.166 -0.806 0.568
vn -0.381 -0.756 0.532
vn -0.584 -0.620 0.524
vn -0.698 -0.530 0.482
vn -0.737 -0.505 0.449
vn -0.000 -0.851 0.526
vn -0.769 -0.474 0.430
vn -0.149 -0.924 0.353
vn -0.315 -0.882 0.350
vn -0.548 -0.753 0.365
vn -0.680 -0.643 0.353
vn -0.735 -0.567 0.373
vn 0.000 -0.966 0.260
vn -0.757 -0.535 0.376
vn -0.475 0.872 0.120
vn 0.575 0.799 0.179
vn 0.915 0.376 0.144
vn -0.933 -0.243 -0.264
vn 0.502 -0.860 -0.095
vn -0.668 -0.735 -0.118
vn 0.825 0.550 0.133
vn -0.896 0.439 -0.067
vn 0.981 -0.155 0.120
vn -0.877 -0.450 -0.169
vn -0.390 0.871 0.300
vn 0.628 0.745 0.223
vn 0.923 0.342 0.176
vn -0.975 0.027 0.222
vn 0.392 -0.920 0.009
vn -0.412 -0.841 0.350
vn 0.837 0.517 0.180
vn -0.910 0.391 0.140
vn 0.916 -0.382 0.119
vn -0.535 -0.552 0.640
vn -0.194 0.864 0.465
vn 0.656 0.689 0.307
vn 0.940 0.224 0.258
vn -0.955 0.157 0.250
vn 0.246 -0.963 0.109
vn 0.022 -0.981 0.195
vn 0.838 0.402 0.368
vn -0.600 0.491 0.632
vn 0.803 -0.580 0.138
vn 0.254 -0.528 0.811
vn -0.617 0.768 0.168
vn 0.701 0.687 0.190
vn 0.935 -0.229 0.271
vn -0.994 0.093 -0.049
vn 0.463 -0.876 0.132
vn -0.552 -0.832 0.055
vn 0.972 0.151 0.178
vn -0.961 0.278 -0.009
vn 0.763 -0.614 0.203
vn -0.945 -0.328 0.015
vn -0.696 0.711 0.099
vn 0.675 0.711 0.196
vn 0.941 -0.119 0.317
vn -0.994 0.084 -0.075
vn 0.503 -0.800 0.328
vn -0.551 -0.834 0.009
vn 0.949 0.274 0.157
vn -0.975 0.220 -0.043
vn 0.755 -0.555 0.349
vn -0.923 -0.379 -0.069
vn -0.679 0.733 0.041
vn 0.731 0.666 0.146
vn 0.909 -0.059 0.413
vn -0.997 0.053 -0.062
vn 0.482 -0.800 0.358
vn -0.563 -0.823 -0.075
vn 0.919 0.316 0.236
vn -0.975 0.221 -0.022
vn 0.716 -0.547 0.433
vn -0.891 -0.444 -0.089
vn -0.851 0.524 0.044
vn 0.575 0.813 0.095
vn 0.933 0.036 0.358
vn -0.999 -0.030 -0.034
vn 0.322 -0.909 0.263
vn -0.508 -0.856 -0.101
vn 0.914 0.368 0.171
vn -0.978 0.207 0.029
vn 0.643 -0.484 0.593
vn -0.791 -0.607 -0.076
vn -0.493 -0.869 -0.037
vn -0.850 -0.527 0.006
vn -1.000 -0.004 -0.018
vn -0.810 0.572 0.129
vn 0.472 -0.004 -0.881
vn 0.589 -0.807 -0.038
vn 0.507 0.810 0.294
vn 0.974 0.155 0.164
vn 0.954 -0.220 0.204
vn -0.964 0.264 0.019
vn 0.883 -0.461 0.090
vn -0.645 0.743 0.177
vn 0.606 0.732 0.311
vn 0.697 0.069 0.714
vn -1.000 -0.016 0.020
vn 0.633 0.008 -0.774
vn 0.153 -0.965 -0.214
vn -0.469 -0.882 0.036
vn 0.748 0.452 0.487
vn -0.964 0.257 0.065
vn 0.640 -0.715 0.281
vn -0.830 -0.541 0.137
vn -0.092 0.906 0.413
vn -0.086 0.802 0.591
vn 0.167 0.060 0.984
vn -0.985 -0.030 -0.171
vn 0.535 0.091 -0.840
vn 0.019 -0.994 -0.104
vn -0.413 -0.890 0.195
vn -0.065 0.446 0.893
vn -0.586 0.540 0.604
vn 0.393 -0.909 0.139
vn -0.751 -0.268 0.603
vn -0.001 0.913 0.408
vn 0.871 0.103 0.481
vn -0.651 0.630 0.423
vn -0.049 0.874 0.484
vn 0.743 0.328 0.583
vn -0.708 0.631 0.317
vn -0.067 0.973 0.220
vn 0.085 0.979 0.186
vn 0.993 -0.085 0.087
vn -0.960 0.234 0.155
vn -0.544 0.785 0.297
vn 0.005 0.891 0.453
vn 0.967 0.025 0.255
vn -0.377 0.875 0.304
vn -0.880 0.294 0.373
vn -0.047 0.832 0.553
vn -0.015 -0.380 0.925
vn 0.044 0.123 0.991
vn 0.254 -0.922 0.290
vn 0.207 -0.785 0.584
vn -0.481 -0.576 0.661
vn -0.522 0.192 0.831
vn -0.474 -0.809 0.348
vn -0.651 -0.013 0.759
vn 0.299 0.897 0.324
vn -0.456 0.878 0.143
vn -0.148 0.989 -0.031
vn 0.019 0.996 0.092
vn 0.077 0.289 0.954
vn -0.493 0.264 0.829
vn -0.943 0.329 0.040
vn -0.053 0.904 0.424
vn -0.531 0.788 0.311
vn 0.990 -0.099 -0.097
vn 0.270 -0.963 -0.016
vn -0.559 -0.829 -0.013
vn 0.847 0.364 0.387
vn -0.418 0.836 0.355
vn 0.248 0.918 0.308
vn -0.409 0.819 0.402
vn 0.916 0.320 0.242
vn -0.757 0.642 0.123
vn -0.741 0.656 0.145
vn 0.644 0.585 0.493
vn -0.442 0.897 0.001
vn 0.187 0.963 0.194
vn -0.798 0.584 0.148
vn 0.974 0.205 0.094
vn -0.734 0.258 0.628
vn 0.510 0.219 0.832
vn 0.733 -0.647 0.208
vn -0.797 -0.176 0.578
vn 0.448 -0.283 0.848
vn 0.742 -0.504 0.443
vn -0.767 0.375 0.521
vn -0.893 -0.353 0.278
vn 0.370 0.645 0.669
vn -0.580 0.602 0.548
vn 0.784 -0.607 -0.134
vn -0.953 -0.298 -0.052
vn -0.622 0.752 0.216
vn -0.106 0.970 0.221
vn 0.973 -0.123 0.196
vn -0.981 0.187 -0.061
vn 0.395 -0.872 -0.287
vn -0.617 -0.735 -0.281
vn 0.971 0.165 0.175
vn -0.873 0.484 0.063
vn 0.752 -0.643 -0.144
vn -0.947 -0.306 -0.095
vn -0.697 0.707 0.120
vn -0.040 0.976 0.216
vn 0.978 -0.069 0.197
vn -0.990 0.112 -0.090
vn 0.424 -0.871 -0.247
vn -0.487 -0.848 -0.209
vn 0.922 0.326 0.211
vn -0.911 0.413 -0.012
vn 0.726 -0.687 0.002
vn -0.949 -0.283 -0.139
vn -0.719 0.693 0.048
vn -0.005 0.983 0.181
vn 0.961 -0.069 0.266
vn -0.990 0.114 -0.086
vn 0.389 -0.914 -0.118
vn -0.431 -0.867 -0.250
vn 0.910 0.360 0.203
vn -0.911 0.411 -0.024
vn 0.635 -0.765 0.113
vn -0.949 -0.286 -0.129
vn -0.816 0.577 -0.030
vn -0.087 0.979 0.184
vn 0.969 0.073 0.235
vn -0.994 0.032 -0.107
vn 0.278 -0.954 -0.109
vn -0.395 -0.874 -0.282
vn 0.891 0.415 0.186
vn -0.933 0.359 -0.013
vn 0.739 -0.644 0.200
vn -0.830 -0.496 -0.256
vn -0.580 -0.766 -0.277
vn -0.896 -0.390 -0.212
vn -0.987 0.156 -0.046
vn -0.703 0.685 0.192
vn 0.420 -0.868 -0.263
vn -0.154 0.933 0.325
vn 0.965 0.252 0.075
vn 0.996 -0.089 0.012
vn -0.860 0.498 0.115
vn 0.876 -0.433 -0.214
vn -0.723 0.643 0.252
vn 0.128 0.941 0.314
vn 0.943 0.067 0.327
vn -0.998 0.070 -0.004
vn 0.212 -0.965 -0.154
vn -0.438 -0.886 -0.153
vn 0.875 0.407 0.262
vn -0.891 0.448 0.077
vn 0.706 -0.707 0.046
vn -0.940 -0.325 -0.098
vn -0.328 0.830 0.451
vn -0.113 0.885 0.452
vn 0.932 -0.044 0.360
vn -0.953 0.214 0.215
vn -0.120 -0.979 0.167
vn -0.327 -0.902 0.283
vn 0.740 0.460 0.491
vn -0.585 0.543 0.602
vn 0.290 -0.825 0.485
vn -0.924 -0.289 0.249
vn 0.482 0.800 0.356
vn 0.907 -0.005 0.422
vn -0.789 0.462 0.404
vn 0.035 0.757 0.652
vn 0.798 0.514 0.315
vn -0.609 0.676 0.415
vn -0.057 0.994 0.097
vn 0.141 0.870 0.473
vn 0.962 -0.224 0.155
vn -0.937 0.164 0.309
vn -0.575 0.788 0.220
vn 0.629 0.766 0.129
vn 0.919 -0.025 0.394
vn -0.518 0.833 0.194
vn -0.916 0.165 0.364
vn 0.498 0.786 0.366
vn 0.139 -0.389 0.911
vn 0.285 -0.055 0.957
vn 0.304 -0.840 0.449
vn 0.390 -0.634 0.668
vn -0.427 -0.490 0.760
vn -0.280 -0.129 0.951
vn -0.632 -0.647 0.426
vn -0.468 -0.197 0.861
vn 0.272 0.926 0.261
vn -0.119 0.935 0.333
vn -0.060 0.966 0.251
vn 0.352 0.929 -0.113
vn 0.265 0.604 0.752
vn -0.123 0.337 0.933
vn -0.911 0.348 0.221
vn 0.728 0.677 0.107
vn -0.485 0.835 0.260
vn 0.980 -0.196 0.030
vn 0.237 -0.960 0.152
vn -0.686 -0.710 0.160
vn 0.877 0.431 0.213
vn -0.463 0.824 0.326
vn 0.413 0.877 0.246
vn -0.374 0.908 0.188
vn 0.921 0.389 0.033
vn -0.816 0.572 0.084
vn -0.814 0.562 0.147
vn 0.827 0.514 0.226
vn -0.028 0.943 0.332
vn 0.270 0.934 0.234
vn -0.801 0.558 0.217
vn 0.944 0.329 -0.032
vn -0.766 0.087 0.637
vn 0.744 0.227 0.629
vn 0.720 -0.608 0.336
vn -0.827 -0.115 0.551
vn 0.660 -0.333 0.673
vn 0.717 -0.470 0.514
vn -0.646 0.214 0.733
vn -0.906 -0.205 0.370
vn 0.319 0.844 0.431
vn -0.191 0.769 0.610
vn 0.732 -0.672 0.113
vn -0.946 -0.182 0.270
vn -0.523 0.822 0.225
vn 0.704 0.688 0.177
vn 0.980 -0.198 0.038
vn -0.969 0.247 0.031
vn 0.278 -0.956 -0.099
vn -0.738 -0.651 -0.178
vn 0.957 0.278 0.077
vn -0.868 0.493 0.057
vn 0.711 -0.700 -0.074
vn -0.971 -0.173 -0.167
vn -0.627 0.774 -0.091
vn 0.666 0.745 0.042
vn 0.991 -0.125 0.037
vn -0.938 0.230 -0.261
vn 0.394 -0.915 0.087
vn -0.759 -0.643 -0.097
vn 0.947 0.319 0.029
vn -0.857 0.435 -0.278
vn 0.684 -0.721 0.112
vn -0.932 -0.272 -0.240
vn -0.687 0.718 -0.109
vn 0.683 0.713 0.159
vn 0.968 -0.241 0.068
vn -0.942 0.177 -0.286
vn 0.357 -0.934 0.011
vn -0.738 -0.651 -0.175
vn 0.948 0.298 0.110
vn -0.908 0.389 -0.157
vn 0.673 -0.737 0.060
vn -0.957 -0.227 -0.180
vn -0.814 0.581 -0.017
vn 0.515 0.826 0.229
vn 0.980 -0.015 0.196
vn -0.981 0.149 -0.120
vn 0.326 -0.934 -0.147
vn -0.535 -0.812 -0.233
vn 0.859 0.421 0.290
vn -0.935 0.352 -0.042
vn 0.792 -0.609 0.038
vn -0.930 -0.330 -0.162
vn -0.614 -0.777 -0.139
vn -0.939 -0.322 -0.122
vn -0.973 0.216 0.082
vn -0.640 0.697 0.324
vn 0.357 -0.932 -0.066
vn 0.601 0.763 0.238
vn 0.929 0.358 0.095
vn 0.995 -0.077 0.061
vn -0.848 0.475 0.236
vn 0.831 -0.556 -0.011
vn -0.661 0.745 0.083
vn 0.200 0.903 0.380
vn 0.971 -0.150 0.187
vn -0.981 0.179 -0.081
vn 0.427 -0.892 -0.149
vn -0.480 -0.877 -0.023
vn 0.795 0.408 0.450
vn -0.924 0.381 -0.027
vn 0.791 -0.610 -0.034
vn -0.988 -0.141 -0.055
vn -0.306 0.899 0.315
vn -0.069 0.891 0.449
vn 0.771 -0.200 0.605
vn -0.962 0.240 0.129
vn 0.037 -0.962 0.272
vn -0.569 -0.713 0.410
vn 0.808 0.308 0.502
vn -0.855 0.426 0.295
vn 0.342 -0.819 0.461
vn -0.997 0.049 0.051
vn 0.917 0.325 0.233
vn -0.865 0.491 -0.102
vn 0.703 -0.667 0.246
vn -0.776 -0.631 0.008
vn 0.358 0.884 0.300
vn -0.630 0.775 0.051
vn 0.998 -0.005 0.066
vn -0.993 -0.058 -0.107
vn 0.749 0.363 0.555
vn -0.833 0.529 0.162
vn 0.389 -0.754 0.529
vn -0.792 -0.583 0.182
vn 0.321 0.857 0.402
vn -0.568 0.814 0.116
vn 0.809 -0.106 0.578
vn -0.980 0.031 0.196
vn -0.237 0.356 0.904
vn -0.755 0.650 0.090
vn -0.193 -0.400 0.896
vn -0.817 -0.489 0.305
vn -0.112 0.930 0.351
vn -0.607 0.790 0.086
vn -0.032 0.048 0.998
vn -0.904 0.319 0.284
vn -0.141 0.923 0.359
vn 0.033 0.014 0.999
vn -0.124 -0.461 0.879
vn -0.011 -0.739 0.674
vn -0.052 -0.931 0.361
vn -0.106 -0.983 0.150
vn -0.120 -0.992 0.039
vn -0.139 -0.967 -0.213
vn -0.144 -0.927 -0.347
vn -0.113 -0.980 -0.166
vn -0.049 -0.998 0.032
vn -0.011 -0.988 0.155
vn 0.147 0.970 0.193
vn 0.160 0.950 0.267
vn 0.200 0.954 0.224
vn 0.096 0.578 0.810
vn 0.263 0.937 0.231
vn 0.138 0.972 0.193
vn 0.128 0.950 0.285
vn 0.141 0.957 0.256
vn 0.164 0.986 -0.003
vn 0.123 0.992 -0.037
vn 0.225 0.974 -0.015
vn 0.379 0.857 0.349
vn 0.225 0.928 0.298
vn 0.125 0.963 0.240
vn 0.199 0.957 0.213
vn 0.103 0.966 0.236
vn 0.167 0.939 0.299
vn 0.602 0.791 0.111
vn -0.220 0.870 0.441
vn -0.132 0.878 0.460
vn -0.322 0.884 0.339
vn -0.336 0.865 0.373
vn -0.640 0.764 0.082
vn -0.562 0.816 0.134
vn -0.461 0.861 0.216
vn -0.683 0.727 0.068
vn -0.863 0.501 0.073
vn -0.388 0.873 0.295
vn -0.289 0.864 0.413
vn -0.269 0.866 0.422
vn -0.018 0.881 0.472
vn 0.121 0.902 0.414
vn 0.555 0.803 0.218
vn 0.865 0.500 0.033
vn -0.190 0.863 0.467
vn -0.009 0.882 0.471
vn -0.474 0.805 0.358
vn -0.432 0.795 0.425
vn -0.723 0.683 0.099
vn -0.715 0.681 0.159
vn -0.680 0.697 0.228
vn -0.723 0.688 0.054
vn -0.810 0.586 0.008
vn -0.611 0.736 0.291
vn -0.339 0.829 0.444
vn -0.245 0.846 0.473
vn 0.193 0.887 0.418
vn 0.443 0.831 0.336
vn 0.396 -0.202 -0.896
vn 0.802 0.579 0.145
vn 0.945 0.326 -0.000
vn -0.122 0.815 0.567
vn 0.249 0.770 0.587
vn 0.226 -0.639 -0.736
vn -0.637 0.652 0.411
vn -0.494 0.700 0.515
vn -0.858 0.513 0.029
vn -0.816 0.527 0.239
vn -0.722 0.691 0.022
vn -0.775 0.551 0.310
vn -0.352 0.760 0.546
vn -0.252 0.787 0.563
vn 0.590 0.677 0.439
vn 0.659 0.700 0.275
vn 0.944 0.318 0.093
vn 0.022 0.689 0.724
vn 0.345 0.566 0.749
vn -0.685 0.515 0.516
vn -0.450 0.584 0.675
vn -0.920 0.140 -0.366
vn -0.844 0.029 -0.535
vn -0.927 0.307 0.215
vn -0.795 0.607 0.002
vn -0.844 0.533 -0.051
vn -0.836 0.399 0.377
vn -0.272 0.642 0.717
vn -0.172 0.661 0.731
vn 0.795 0.377 0.475
vn 0.912 0.312 0.266
vn 0.778 0.627 0.045
vn 0.944 0.296 -0.146
vn 0.707 -0.699 -0.107
vn 0.954 -0.236 -0.184
vn 0.904 0.411 -0.119
vn 0.966 0.061 -0.252
vn 0.566 -0.772 -0.288
vn 0.886 -0.332 -0.325
vn 0.976 0.201 -0.084
vn 0.983 0.030 -0.182
vn 0.619 -0.730 -0.292
vn 0.918 -0.295 -0.266
vn 0.983 -0.070 -0.172
vn 0.700 -0.686 -0.197
vn 0.902 -0.377 -0.212
vn -0.987 -0.124 0.100
vn -0.228 -0.973 0.042
vn -0.669 -0.742 0.050
vn -0.225 -0.974 -0.010
vn -0.993 0.106 -0.057
vn -0.361 -0.927 -0.099
vn -0.712 -0.688 -0.141
vn -0.386 -0.911 -0.146
vn -0.959 0.262 -0.108
vn -0.511 -0.854 -0.097
vn -0.904 -0.380 -0.196
vn -0.696 -0.703 -0.147
vn -0.837 0.529 -0.142
vn -0.785 -0.620 -0.021
vn -0.977 0.104 -0.188
vn -0.948 -0.301 -0.101
vn -0.003 -1.000 0.029
vn -0.114 -0.991 0.068
vn -0.101 -0.993 0.066
vn -0.010 -0.998 0.062
vn 0.066 -0.995 0.076
vn -0.050 -0.994 0.101
vn -0.165 -0.984 0.074
vn 0.301 -0.950 -0.085
vn -0.957 0.008 -0.289
vn 0.189 -0.976 -0.107
vn 0.115 -0.992 -0.060
vn 0.131 -0.991 -0.008
vn 0.052 -0.998 -0.025
vn 0.368 -0.902 -0.225
vn 0.096 -0.981 -0.171
vn 0.015 -0.994 -0.104
vn -0.055 -0.998 -0.039
vn 0.066 -0.997 -0.032
vn 0.097 -0.995 -0.008
vn 0.286 -0.926 -0.245
vn -0.801 -0.325 -0.503
vn -0.856 0.244 -0.455
vn -0.840 0.290 -0.458
vn -0.879 -0.029 -0.475
vn 0.952 0.037 -0.302
vn 0.949 0.159 -0.274
vn 0.940 -0.175 -0.293
vn 0.968 -0.004 -0.253
vn 0.962 0.143 -0.234
vn 0.982 -0.103 -0.159
vn 0.984 0.006 -0.179
vn 0.988 -0.151 -0.042
vn 0.889 0.078 -0.452
vn -0.323 -0.372 -0.870
vn -0.223 -0.083 -0.971
vn -0.143 -0.004 -0.990
vn 0.598 -0.580 -0.553
vn 0.841 0.041 -0.540
vn -0.663 0.111 -0.741
vn -0.636 0.062 -0.770
vn -0.709 -0.096 -0.699
vn 0.981 -0.041 -0.190
vn 0.978 0.205 -0.040
vn 0.989 0.067 -0.128
vn -0.476 0.224 -0.851
vn -0.558 0.021 -0.830
vn -0.505 0.214 -0.836
vn -0.328 0.218 -0.919
vn -0.210 0.071 -0.975
vn -0.756 0.275 -0.594
vn 0.996 -0.076 0.041
vn -0.811 0.155 -0.564
vn -0.746 0.300 -0.595
vn -0.795 0.237 -0.558
vn -0.833 0.200 -0.516
vn 0.772 -0.580 0.261
vn -0.868 0.241 -0.435
vn -0.872 0.312 -0.377
vn 1.000 -0.004 -0.010
vn 0.982 -0.115 -0.150
vn 0.992 -0.089 -0.085
vn 0.998 -0.029 -0.055
vn 1.000 0.015 -0.018
vn 0.950 -0.062 -0.307
vn 0.953 -0.147 -0.265
vn 0.966 -0.065 -0.250
vn 0.931 -0.126 -0.343
vn 0.932 -0.181 -0.313
vn 0.850 -0.121 -0.513
vn 0.845 -0.138 -0.516
vn 0.931 -0.032 -0.363
vn 0.874 -0.125 -0.469
vn 0.854 -0.113 -0.508
vn 0.220 0.105 -0.970
vn 0.825 -0.041 -0.563
vn 0.876 0.010 -0.482
vn 0.884 0.056 -0.464
vn 0.747 -0.077 -0.661
vn 0.675 -0.097 -0.731
vn 0.259 -0.019 -0.966
vn 0.806 0.124 0.579
vn -0.826 -0.102 -0.555
vn -0.807 0.008 -0.590
vn -0.332 -0.095 -0.939
vn 0.531 -0.120 -0.839
vn 0.831 -0.121 -0.543
vn 0.086 -0.116 -0.990
vn 0.965 -0.070 -0.254
vn -0.624 -0.095 -0.776
vn -0.739 0.316 0.595
vn 0.019 0.469 0.883
vn 0.425 0.104 -0.899
vn -0.970 0.092 0.224
vn -0.971 0.227 0.069
vn 0.975 -0.047 -0.218
vn 0.192 -0.001 -0.981
vn -0.868 -0.079 -0.489
vn -0.741 -0.043 -0.670
vn -0.407 0.017 -0.913
vn 0.571 -0.086 -0.816
vn -0.993 0.120 0.004
vn 0.756 0.295 0.585
vn 0.350 0.376 0.858
vn 1.000 0.009 0.011
vn -0.126 0.423 0.897
vn -0.252 0.406 0.878
vn -0.472 0.316 0.823
vn 0.839 -0.070 -0.539
vn -0.894 0.178 0.411
vn -0.965 0.240 0.104
vn 0.571 -0.809 0.141
vn -0.799 0.102 -0.593
vn 0.978 -0.112 0.176
vn 0.992 -0.019 0.128
vn 0.980 -0.116 0.164
vn 0.971 -0.185 0.148
vn 0.965 -0.239 0.111
vn 0.957 -0.262 0.126
vn 0.962 -0.270 0.050
vn 0.971 -0.226 0.083
vn 0.974 -0.222 0.043
vn 0.972 -0.220 0.084
vn 0.969 -0.229 0.095
vn 0.964 -0.246 0.101
vn 0.951 -0.293 0.103
vn 0.932 -0.353 0.087
vn 0.939 -0.337 0.066
vn 0.957 -0.277 0.088
vn 0.972 -0.188 0.144
vn 0.980 -0.124 0.159
vn 0.978 -0.108 0.177
vn 0.968 -0.129 0.213
vn 0.955 -0.198 0.221
vn 0.941 -0.256 0.219
vn 0.935 -0.252 0.250
vn -0.990 -0.127 -0.061
vn 0.935 -0.215 0.280
vn 0.939 -0.130 0.319
vn -0.790 -0.612 0.023
vn -0.990 -0.136 -0.043
vn -0.962 0.243 -0.122
vn -0.957 0.279 -0.077
vn -0.916 0.385 -0.116
vn 0.982 -0.151 -0.112
vn 0.844 -0.533 -0.058
vn 0.989 -0.040 -0.146
vn 0.992 0.017 -0.128
vn 0.996 0.059 -0.069
vn 1.000 0.005 -0.001
vn 0.987 0.062 0.151
vn 0.992 0.091 0.086
vn 0.000 -1.000 -0.018
vn 0.963 0.054 0.265
vn 0.976 0.090 0.199
vn -0.961 0.273 0.048
vn -0.239 -0.969 -0.070
vn 0.009 -0.999 -0.032
vn -0.939 0.077 -0.335
vn -0.941 0.339 -0.010
vn -0.907 0.409 0.096
vn -0.978 0.201 0.063
vn -0.951 0.155 -0.267
vn -0.989 0.136 -0.054
vn -0.932 0.269 -0.242
vn -0.911 0.338 -0.235
vn -0.929 0.317 -0.191
vn -0.975 0.050 -0.216
vn -0.870 -0.434 -0.233
vn -0.374 -0.926 -0.040
vn -0.166 -0.985 -0.038
vn -0.502 -0.864 0.030
vn -0.066 -0.996 0.054
vn 0.520 -0.844 -0.135
vn -0.262 -0.964 0.042
vn 0.090 -0.944 -0.317
vn 0.616 -0.784 -0.069
vn 0.701 -0.698 0.150
vn -0.169 -0.903 -0.395
vn 0.335 -0.921 -0.198
vn -0.553 -0.688 -0.470
vn 0.673 -0.729 0.125
vn 0.027 -0.999 0.018
vn 0.178 -0.977 0.116
vn 0.761 -0.648 0.022
vn -0.539 -0.836 -0.103
vn -0.080 -0.996 -0.044
vn -0.268 -0.959 -0.086
vn -0.274 -0.959 0.075
vn -0.441 -0.895 0.074
vn 0.193 -0.969 0.153
vn 0.038 -0.992 0.122
vn -0.103 -0.991 0.086
vn 0.354 -0.918 0.177
vn 0.453 -0.890 0.056
vn 0.071 0.924 0.377
vn -0.011 0.932 0.363
vn -0.034 0.904 0.426
vn -0.138 -0.779 0.612
vn -0.082 -0.934 0.347
vn -0.320 -0.278 0.906
vn -0.212 -0.976 0.045
vn -0.189 -0.981 -0.034
vn -0.199 -0.971 0.135
vn 0.143 0.918 0.370
vn -0.212 -0.975 -0.067
vn 0.012 -0.997 -0.077
vn -0.018 -0.994 0.108
vn -0.010 -0.968 0.251
vn 0.017 -0.596 0.803
vn 0.080 -0.889 0.452
vn -0.056 -0.987 0.151
vn -0.156 -0.876 0.456
vn -0.175 0.882 0.438
vn -0.133 0.840 0.526
vn 0.027 0.977 0.213
vn -0.016 1.000 -0.007
vn 0.037 0.990 0.135
vn -0.071 -0.640 0.765
vn -0.150 -0.330 0.932
vn -0.032 -0.980 -0.195
vn -0.208 0.926 0.316
vn -0.388 0.861 0.330
vn -0.405 0.911 0.075
vn 0.033 0.985 0.167
vn -0.194 0.931 0.310
vn -0.158 -0.963 0.220
vn -0.236 0.957 0.167
vn 0.020 0.848 0.530
vn 0.048 0.961 0.273
vn 0.220 0.944 0.245
vn -0.166 0.978 0.130
vn -0.031 -0.152 0.988
vn 0.169 0.977 0.128
vn 0.060 0.977 0.205
vn 0.088 0.972 0.216
vn 0.025 0.938 0.347
vn 0.014 0.835 0.549
vn 0.014 0.810 0.587
vn 0.067 0.916 0.395
vn 0.007 0.985 0.170
vn -0.520 -0.714 0.468
vn -0.332 -0.911 0.243
vn -0.177 -0.979 0.100
vn -0.074 0.852 0.518
vn 0.113 0.909 0.401
vn 0.282 0.942 0.184
vn 0.122 0.987 0.105
vn -0.093 -0.996 0.010
vn 0.076 0.514 0.854
vn 0.117 0.912 0.392
vn 0.116 0.954 0.276
vn -0.241 0.954 0.179
vn -0.257 0.930 0.263
vn -0.283 0.919 0.274
vn 0.167 0.941 0.294
vn 0.117 0.779 0.616
vn 0.066 0.369 0.927
vn 0.064 -0.093 0.994
vn -0.135 -0.986 0.093
vn -0.274 -0.957 -0.096
vn -0.217 -0.961 -0.175
vn -0.196 -0.980 0.022
vn 0.121 0.987 0.109
vn 0.151 0.944 0.294
vn 0.131 0.676 0.725
vn -0.071 -0.979 -0.191
vn -0.093 -0.929 -0.359
vn -0.066 -0.953 -0.296
vn -0.274 0.945 0.181
vn 0.109 0.968 0.225
vn -0.197 0.352 0.915
vn -0.232 0.126 0.965
vn -0.045 0.956 0.290
vn -0.233 0.963 0.133
vn -0.328 -0.945 0.003
vn -0.211 -0.968 -0.139
vn -0.123 -0.951 -0.284
vn -0.029 -0.990 -0.139
vn -0.225 -0.963 0.146
vn -0.070 -0.981 -0.180
vn -0.021 -0.968 -0.252
vn -0.033 0.896 0.442
vn 0.010 0.998 0.057
vn -0.042 0.998 0.040
vn -0.068 0.979 0.192
vn 0.275 0.868 0.413
vn 0.941 0.062 0.334
vn -0.831 0.393 0.394
vn 0.168 0.627 0.761
vn 0.725 0.610 0.319
vn -0.530 0.682 0.503
vn 0.074 0.974 0.215
vn 0.131 0.943 0.307
vn 0.985 -0.084 0.152
vn -0.934 0.098 0.343
vn -0.276 0.834 0.478
vn 0.483 0.810 0.333
vn 0.959 0.129 0.251
vn -0.192 0.814 0.548
vn -0.923 0.124 0.365
vn 0.275 0.682 0.678
vn 0.350 -0.689 0.634
vn 0.489 -0.035 0.872
vn 0.390 -0.884 0.259
vn 0.485 -0.789 0.378
vn -0.465 -0.760 0.454
vn -0.399 -0.114 0.910
vn -0.587 -0.752 0.300
vn -0.599 -0.444 0.666
vn 0.280 0.918 0.280
vn -0.054 0.870 0.491
vn 0.052 0.999 -0.010
vn 0.137 0.978 0.155
vn 0.215 0.679 0.702
vn -0.011 0.558 0.830
vn -0.937 0.209 0.280
vn 0.514 0.777 0.364
vn -0.175 0.838 0.516
vn 0.992 -0.094 0.084
vn 0.413 -0.894 0.174
vn -0.727 -0.686 -0.023
vn 0.766 0.613 0.192
vn -0.261 0.882 0.392
vn 0.337 0.920 0.201
vn -0.255 0.946 0.199
vn 0.817 0.511 0.268
vn -0.708 0.597 0.377
vn -0.763 0.532 0.367
vn 0.716 0.634 0.292
vn 0.038 0.979 0.202
vn 0.193 0.974 0.120
vn -0.669 0.636 0.384
vn 0.859 0.465 0.215
vn -0.848 -0.023 0.529
vn 0.785 0.191 0.590
vn 0.783 -0.603 0.153
vn -0.843 -0.334 0.421
vn 0.763 -0.420 0.491
vn 0.815 -0.492 0.308
vn -0.608 0.271 0.746
vn -0.889 -0.337 0.311
vn 0.257 0.756 0.602
vn -0.092 0.782 0.617
vn 0.807 -0.591 0.007
vn -0.964 -0.237 0.120
vn -0.226 0.787 0.573
vn 0.587 0.682 0.436
vn 0.995 -0.087 -0.038
vn -0.949 0.266 0.168
vn 0.430 -0.828 -0.361
vn -0.760 -0.557 -0.334
vn 0.834 0.527 0.165
vn -0.734 0.594 0.330
vn 0.805 -0.553 -0.214
vn -0.973 -0.210 -0.098
vn -0.326 0.804 0.496
vn 0.595 0.612 0.522
vn 0.987 0.045 0.157
vn -0.969 0.236 0.068
vn 0.495 -0.811 -0.312
vn -0.739 -0.564 -0.367
vn 0.848 0.471 0.242
vn -0.737 0.607 0.297
vn 0.827 -0.535 -0.174
vn -0.932 -0.303 -0.197
vn -0.351 0.887 0.298
vn 0.690 0.585 0.426
vn 0.986 -0.144 0.089
vn -0.966 0.241 0.094
vn 0.495 -0.796 -0.349
vn -0.721 -0.642 -0.260
vn 0.867 0.361 0.344
vn -0.749 0.653 0.111
vn 0.819 -0.542 -0.189
vn -0.936 -0.310 -0.166
vn -0.463 0.886 0.039
vn 0.603 0.754 0.260
vn 0.984 -0.115 0.134
vn -0.957 0.270 -0.106
vn 0.518 -0.855 -0.040
vn -0.681 -0.731 -0.057
vn 0.918 0.343 0.200
vn -0.720 0.690 -0.074
vn 0.797 -0.598 0.087
vn -0.897 -0.426 -0.117
vn -0.717 -0.606 -0.343
vn -0.925 -0.347 -0.152
vn -0.983 0.066 0.172
vn -0.327 0.749 0.576
vn 0.562 -0.790 -0.246
vn 0.429 0.745 0.511
vn 0.796 0.546 0.261
vn 0.994 0.021 0.110
vn -0.782 0.491 0.385
vn 0.874 -0.466 -0.134
vn -0.401 -0.822 -0.405
vn -0.305 -0.896 -0.322
vn -0.231 -0.968 0.093
vn 0.118 0.986 0.122
vn -0.152 -0.937 0.315
vn 0.115 0.787 0.606
vn 0.124 0.804 0.582
vn 0.146 0.896 0.420
vn -0.029 -0.892 0.451
vn -0.151 -0.706 0.692
vn 0.087 0.626 0.775
vn 0.113 0.898 0.426
vn 0.155 0.893 0.423
vn -0.103 0.983 0.149
vn 0.043 -0.176 0.984
vn -0.442 -0.795 -0.416
vn 0.063 0.642 0.764
vn 0.068 0.809 0.584
vn 0.073 0.904 0.422
vn 0.086 0.992 0.092
vn 0.064 0.906 0.419
vn 0.131 0.642 0.756
vn 0.070 0.797 0.600
vn -0.414 -0.820 -0.396
vn -0.383 -0.924 -0.015
vn -0.283 0.942 0.179
vn 0.338 -0.932 -0.134
vn -0.330 -0.943 -0.036
vn 0.973 -0.032 0.229
vn 0.887 0.420 0.192
vn -0.921 0.362 0.142
vn -0.703 0.705 0.088
vn -0.579 0.809 0.094
vn 0.704 0.678 0.212
vn 0.425 0.858 0.289
vn -0.037 0.926 0.377
vn -0.093 0.893 0.440
vn -0.028 0.902 0.432
vn -0.131 0.911 0.392
vn -0.212 0.898 0.385
vn -0.230 0.896 0.379
vn -0.214 0.906 0.365
vn -0.208 0.914 0.348
vn -0.262 0.908 0.327
vn -0.279 0.907 0.316
vn -0.896 -0.339 0.286
vn -0.617 -0.701 0.358
vn 0.753 -0.642 0.144
vn 0.287 -0.941 0.177
vn 0.001 -0.981 0.195
vn -0.090 -0.980 0.179
vn -0.062 -0.995 0.084
vn -0.300 -0.924 0.235
vn -0.121 -0.972 0.199
vn -0.066 -0.972 0.227
vn -0.161 -0.946 0.280
vn -0.103 -0.977 0.188
vn -0.091 -0.992 0.083
vn -0.251 0.923 0.290
vn -0.343 0.918 0.201
vn 0.348 -0.920 0.178
vn 0.482 -0.144 0.864
vn 0.809 -0.176 0.561
vn 0.932 -0.214 0.293
vn 0.972 -0.227 0.062
vn 0.953 -0.235 -0.193
vn 0.870 -0.225 -0.438
vn 0.697 -0.203 -0.687
vn 0.448 -0.141 -0.883
vn 0.184 -0.084 -0.979
vn -0.131 -0.058 -0.990
vn -0.440 -0.064 -0.896
vn -0.720 -0.079 -0.689
vn -0.945 -0.084 -0.317
vn -0.994 -0.086 0.067
vn -0.934 -0.074 0.349
vn -0.849 -0.048 0.527
vn -0.760 -0.006 0.650
vn -0.614 0.001 0.789
vn -0.261 -0.044 0.964
vn 0.122 -0.072 0.990
vn -0.274 0.897 -0.348
vn -0.252 0.920 -0.299
vn -0.328 0.899 -0.289
vn -0.324 0.939 0.116
vn -0.428 0.895 -0.125
vn -0.524 0.828 0.199
vn -0.051 0.519 0.853
vn -0.451 0.533 0.716
vn -0.472 0.634 0.613
vn 0.089 -0.996 0.023
vn 0.178 -0.984 0.018
vn 0.657 -0.754 -0.026
vn 0.528 -0.849 0.019
vn 0.082 -0.997 -0.013
vn 0.170 -0.985 -0.017
vn 0.967 -0.217 0.137
vn 0.990 -0.137 0.023
vn 0.976 -0.151 0.159
vn 0.992 -0.098 0.085
vn 0.979 -0.054 0.198
vn 0.992 -0.026 0.122
vn 0.977 0.033 0.209
vn 0.983 0.066 0.172
vn 0.949 0.170 0.266
vn 0.948 0.207 0.243
vn 0.878 0.356 0.320
vn 0.850 0.412 0.327
vn 0.863 -0.478 0.164
vn 0.878 -0.425 0.221
vn 0.857 -0.379 0.350
vn 0.890 -0.310 0.334
vn 0.848 -0.247 0.468
vn 0.932 -0.206 0.298
vn 0.859 -0.123 0.497
vn 0.939 -0.086 0.334
vn 0.860 -0.020 0.511
vn 0.942 0.008 0.337
vn 0.847 0.084 0.524
vn 0.918 0.135 0.373
vn 0.763 0.260 0.592
vn 0.824 0.363 0.435
vn 0.799 -0.584 0.141
vn 0.791 -0.145 0.594
vn 0.796 -0.042 0.604
vn 0.774 0.040 0.632
vn 0.705 0.205 0.679
vn 0.092 -0.953 0.290
vn 0.214 -0.927 0.308
vn 0.556 -0.797 0.236
vn 0.138 -0.621 0.771
vn 0.268 -0.613 0.743
vn 0.637 -0.597 0.487
vn 0.181 -0.405 0.896
vn 0.306 -0.405 0.862
vn 0.622 -0.374 0.688
vn 0.196 -0.328 0.924
vn 0.552 -0.239 0.799
vn 0.315 -0.307 0.898
vn 0.270 0.067 0.961
vn 0.575 -0.198 0.794
vn 0.159 -0.295 0.942
vn 0.486 -0.127 0.864
vn 0.260 -0.249 0.933
vn 0.320 -0.128 0.939
vn 0.533 -0.094 0.841
vn 0.088 -0.243 0.966
vn 0.449 -0.107 0.887
vn 0.168 -0.179 0.969
vn 0.345 -0.183 0.920
vn 0.579 -0.081 0.811
vn 0.013 0.022 1.000
vn 0.453 0.076 0.888
vn 0.106 0.022 0.994
vn 0.440 -0.258 0.860
vn 0.562 0.124 0.817
vn 0.997 -0.067 -0.042
vn 0.996 -0.017 -0.090
vn 0.998 0.045 -0.050
vn 0.993 0.118 0.022
vn 0.963 0.246 0.110
vn 0.876 0.416 0.243
vn 0.939 0.113 -0.325
vn 0.948 0.153 -0.278
vn 0.951 0.232 -0.205
vn 0.932 0.348 -0.103
vn 0.866 0.495 0.076
vn 0.852 0.131 -0.507
vn 0.871 0.202 -0.448
vn 0.873 0.309 -0.379
vn 0.858 0.423 -0.292
vn 0.810 0.575 -0.116
vn 0.674 0.146 -0.724
vn 0.706 0.233 -0.668
vn 0.699 0.392 -0.599
vn 0.726 0.485 -0.488
vn 0.711 0.630 -0.313
vn 0.515 0.153 -0.843
vn 0.516 0.249 -0.819
vn 0.484 0.437 -0.759
vn 0.487 0.508 -0.711
vn 0.481 0.677 -0.557
vn 0.475 0.118 -0.872
vn 0.436 0.227 -0.871
vn 0.330 0.414 -0.848
vn 0.270 0.458 -0.847
vn 0.204 0.560 -0.803
vn 0.594 -0.792 0.138
vn 0.730 -0.679 0.075
vn 0.275 -0.961 -0.013
vn 0.463 -0.872 0.158
vn 0.775 -0.593 0.216
vn 0.626 -0.740 0.244
vn 0.709 -0.640 0.296
vn 0.252 -0.957 0.146
vn 0.100 -0.990 0.097
vn 0.418 -0.908 0.018
vn 0.320 -0.947 0.015
vn 0.490 -0.868 0.081
vn 0.386 -0.866 0.317
vn 0.517 -0.596 0.615
vn 0.393 -0.579 0.714
vn 0.305 -0.874 0.379
vn 0.740 -0.643 0.198
vn 0.722 -0.123 0.680
vn 0.736 -0.068 0.674
vn 0.708 -0.010 0.706
vn 0.636 0.170 0.753
vn 0.089 -0.996 0.007
vn 0.178 -0.984 0.016
vn 0.254 -0.966 0.049
vn 0.378 -0.925 0.049
vn 0.519 -0.855 0.019
vn 0.777 -0.628 0.041
vn 0.701 -0.712 0.041
vn 0.045 0.376 -0.926
vn 0.085 0.123 -0.989
vn 0.079 0.275 -0.958
vn 0.123 0.178 -0.976
vn 0.024 0.364 -0.931
vn 0.827 -0.435 0.357
vn 0.775 -0.487 0.402
vn 0.803 -0.280 0.526
vn 0.749 -0.279 0.601
vn 0.530 -0.383 0.756
vn 0.419 -0.380 0.825
vn 0.145 0.395 -0.907
vn 0.345 0.183 -0.921
vn 0.076 0.430 -0.900
vn 0.246 0.341 -0.907
vn 0.316 0.107 -0.943
vn 0.744 0.646 0.170
vn 0.469 0.421 0.777
vn 0.308 0.290 0.906
vn 0.372 0.230 0.899
vn 0.470 0.287 0.835
vn 0.535 0.251 0.807
vn 0.600 0.173 0.781
vn 0.705 0.166 0.690
vn 0.810 0.206 0.549
vn 0.879 0.201 0.432
vn 0.236 0.435 0.869
vn 0.351 0.509 0.786
vn 0.616 0.774 0.147
vn 0.214 0.455 0.864
vn 0.272 0.521 0.809
vn 0.294 0.526 0.798
vn 0.340 0.496 0.799
vn 0.423 0.497 0.757
vn 0.500 0.503 0.705
vn 0.549 0.490 0.677
vn 0.091 0.627 0.774
vn 0.134 0.660 0.740
vn 0.410 0.898 0.157
vn 0.119 0.604 0.788
vn 0.169 0.631 0.757
vn 0.196 0.634 0.748
vn 0.210 0.615 0.760
vn 0.229 0.602 0.765
vn 0.230 0.587 0.776
vn 0.247 0.580 0.777
vn 0.045 0.746 0.664
vn 0.001 0.760 0.650
vn 0.157 0.943 0.294
vn 0.142 0.679 0.720
vn 0.215 0.645 0.734
vn 0.180 0.658 0.731
vn 0.177 0.641 0.747
vn 0.154 0.612 0.776
vn 0.130 0.595 0.793
vn 0.039 0.509 0.860
vn 0.130 0.812 0.570
vn 0.077 0.812 0.579
vn 0.062 0.888 0.455
vn 0.244 0.728 0.640
vn 0.294 0.680 0.671
vn 0.807 0.557 0.199
vn 0.569 0.376 0.732
vn 0.241 0.170 0.956
vn -0.250 -0.464 0.850
vn -0.095 -0.784 0.614
vn 0.302 -0.879 0.370
vn 0.806 -0.546 0.230
vn 0.930 -0.309 0.197
vn 0.950 -0.229 0.214
vn 0.965 -0.165 0.202
vn 0.807 0.564 0.174
vn 0.508 0.402 0.762
vn 0.256 0.106 0.961
vn -0.442 -0.488 0.753
vn -0.628 -0.636 0.448
vn -0.718 -0.649 0.251
vn 0.824 -0.566 0.017
vn 0.952 -0.304 -0.011
vn 0.952 -0.305 -0.019
vn 0.947 -0.317 -0.054
vn 0.813 0.566 0.136
vn 0.442 0.393 0.806
vn 0.184 0.110 0.977
vn -0.461 -0.484 0.744
vn -0.646 -0.614 0.455
vn -0.695 -0.668 0.267
vn 0.809 0.560 0.179
vn 0.515 0.366 0.775
vn 0.318 0.187 0.930
vn 0.406 -0.045 0.913
vn 0.517 -0.133 0.846
vn 0.665 -0.215 0.715
vn 0.740 -0.281 0.611
vn 0.869 -0.188 0.458
vn 0.938 -0.061 0.340
vn 0.962 -0.013 0.271
vn 0.802 0.560 0.207
vn 0.587 0.353 0.728
vn 0.250 0.129 0.960
vn -0.410 -0.485 0.773
vn -0.469 -0.748 0.470
vn -0.091 -0.949 0.301
vn 0.775 -0.615 0.144
vn 0.943 -0.314 0.109
vn 0.968 -0.242 0.069
vn 0.965 -0.250 0.079
vn 0.683 0.560 0.469
vn 0.559 0.679 0.476
vn 0.317 0.821 0.475
vn 0.043 0.836 0.548
vn 0.036 0.804 0.594
vn 0.742 0.501 0.445
vn 0.654 0.573 0.494
vn 0.670 0.561 0.486
vn 0.734 0.504 0.455
vn 0.723 0.500 0.476
vn 0.415 0.449 0.792
vn 0.278 0.401 0.873
vn 0.531 0.450 0.718
vn 0.547 0.456 0.702
vn 0.564 0.494 0.661
vn -0.095 0.471 -0.877
vn -0.130 0.409 -0.903
vn -0.033 0.503 -0.864
vn 0.089 0.609 -0.788
vn 0.274 0.806 -0.524
vn 0.245 0.583 0.775
vn -0.065 0.371 0.926
vn -0.033 0.411 0.911
vn 0.080 0.623 0.778
vn -0.018 0.473 0.881
vn 0.020 0.509 0.860
vn 0.329 0.918 -0.220
vn 0.282 0.959 -0.020
vn 0.213 0.972 0.094
vn 0.166 0.971 0.174
vn 0.112 0.950 0.293
vn 0.294 0.879 0.375
vn 0.302 0.900 0.315
vn 0.356 0.894 0.273
vn 0.415 0.889 0.193
vn 0.439 0.898 0.013
vn 0.410 0.870 -0.273
vn 0.197 0.724 -0.661
vn -0.008 0.553 -0.833
vn -0.069 0.414 -0.908
vn -0.071 0.474 -0.878
vn -0.017 0.451 -0.892
vn -0.006 0.383 -0.924
vn 0.060 0.561 -0.826
vn 0.331 0.750 -0.573
vn 0.573 0.799 -0.184
vn 0.650 0.760 0.023
vn 0.684 0.704 0.191
vn 0.045 0.537 0.842
vn 0.691 0.664 0.285
vn 0.667 0.662 0.342
vn 0.661 0.635 0.399
vn 0.146 0.557 0.818
vn 0.090 0.545 0.833
vn 0.129 0.569 0.812
vn 0.219 0.641 0.735
vn 0.078 0.328 0.941
vn 0.475 0.467 0.746
vn 0.573 0.591 0.567
vn 0.357 0.715 0.601
vn 0.069 0.570 0.818
vn 0.327 0.679 0.657
vn 0.221 0.623 0.750
vn 0.304 0.745 0.594
vn 0.278 0.728 0.626
vn 0.251 0.724 0.642
vn 0.282 0.801 0.529
vn -0.028 0.343 0.939
vn -0.033 0.549 0.835
vn -0.019 0.626 0.779
vn 0.018 0.586 0.810
vn 0.032 0.522 0.852
vn -0.025 0.411 0.911
vn -0.035 0.421 0.906
vn -0.067 0.424 0.903
vn 0.026 0.505 0.863
vn 0.103 0.575 0.811
vn 0.158 0.597 0.786
vn 0.226 0.603 0.765
vn -0.112 0.450 -0.886
vn -0.206 0.349 -0.914
vn -0.032 0.473 -0.881
vn 0.053 0.499 -0.865
vn 0.239 0.605 -0.759
vn 0.346 0.716 -0.606
vn 0.347 0.872 -0.344
vn 0.312 0.941 -0.133
vn 0.277 0.960 0.047
vn 0.235 0.963 0.136
vn -0.158 0.377 -0.913
vn -0.288 0.252 -0.924
vn -0.023 0.434 -0.900
vn 0.065 0.427 -0.902
vn 0.258 0.435 -0.863
vn 0.381 0.493 -0.782
vn 0.397 0.617 -0.680
vn 0.466 0.791 -0.397
vn 0.469 0.868 -0.163
vn 0.441 0.897 0.007
vn 0.306 0.387 -0.870
vn 0.286 0.189 -0.939
vn 0.277 0.001 -0.961
vn 0.435 -0.235 -0.869
vn 0.466 -0.260 -0.846
vn 0.466 -0.249 -0.849
vn 0.271 0.298 -0.915
vn 0.273 0.180 -0.945
vn 0.260 -0.004 -0.966
vn 0.297 -0.162 -0.941
vn 0.289 -0.227 -0.930
vn 0.258 -0.263 -0.930
vn 0.099 0.336 -0.937
vn 0.128 0.212 -0.969
vn 0.131 0.039 -0.991
vn 0.083 -0.130 -0.988
vn 0.087 -0.202 -0.976
vn 0.103 -0.235 -0.967
vn -0.024 0.349 -0.937
vn -0.045 0.193 -0.980
vn -0.085 0.026 -0.996
vn -0.069 -0.106 -0.992
vn -0.064 -0.170 -0.983
vn -0.089 -0.224 -0.970
vn -0.227 0.261 -0.938
vn -0.285 0.109 -0.952
vn -0.287 0.035 -0.957
vn -0.249 -0.087 -0.964
vn -0.260 -0.162 -0.952
vn -0.250 -0.222 -0.943
vn -0.336 0.166 -0.927
vn -0.340 0.103 -0.935
vn -0.326 0.066 -0.943
vn -0.318 -0.080 -0.945
vn -0.285 -0.134 -0.949
vn -0.229 -0.183 -0.956
vn 0.357 0.569 -0.740
vn 0.490 0.715 -0.499
vn 0.548 0.779 -0.304
vn 0.593 0.803 -0.063
vn 0.433 0.499 -0.750
vn 0.518 0.619 -0.590
vn 0.636 0.686 -0.353
vn 0.726 0.678 -0.111
vn 0.298 0.396 -0.868
vn 0.178 0.166 -0.970
vn 0.169 -0.249 -0.954
vn 0.508 -0.490 -0.708
vn 0.537 -0.362 -0.762
vn 0.608 -0.243 -0.756
vn 0.467 0.311 -0.828
vn 0.594 0.455 -0.663
vn 0.733 0.564 -0.380
vn 0.807 0.584 -0.093
vn 0.367 0.155 -0.917
vn 0.237 -0.102 -0.966
vn 0.194 -0.055 -0.979
vn 0.867 -0.359 -0.346
vn 0.764 -0.327 -0.557
vn 0.756 -0.291 -0.587
vn 0.437 -0.018 -0.899
vn 0.622 0.206 -0.756
vn 0.791 0.410 -0.454
vn 0.838 0.531 -0.124
vn 0.268 -0.203 -0.942
vn 0.112 -0.285 -0.952
vn -0.322 -0.867 -0.381
vn -0.324 -0.939 -0.111
vn 0.941 -0.246 -0.234
vn 0.931 -0.276 -0.238
vn 0.373 -0.007 -0.928
vn 0.582 0.176 -0.794
vn 0.784 0.394 -0.480
vn 0.849 0.506 -0.151
vn 0.232 -0.125 -0.965
vn 0.068 -0.250 -0.966
vn -0.674 -0.659 -0.335
vn -0.706 -0.709 0.007
vn -0.661 -0.736 0.145
vn 0.331 0.031 -0.943
vn 0.551 0.199 -0.811
vn 0.772 0.400 -0.495
vn 0.849 0.502 -0.166
vn 0.177 -0.083 -0.981
vn 0.007 -0.192 -0.981
vn -0.619 -0.656 -0.432
vn -0.727 -0.684 -0.060
vn -0.746 -0.649 0.149
vn -0.234 -0.961 0.145
vn 0.332 0.121 -0.936
vn 0.549 0.226 -0.805
vn 0.761 0.404 -0.508
vn 0.838 0.520 -0.165
vn 0.143 0.026 -0.989
vn -0.053 -0.088 -0.995
vn -0.622 -0.638 -0.454
vn -0.707 -0.700 -0.103
vn -0.717 -0.689 0.111
vn -0.636 -0.730 0.251
vn -0.331 -0.942 0.048
vn 0.739 -0.669 -0.086
vn 0.154 -0.850 -0.504
vn 0.226 -0.288 -0.931
vn 0.323 -0.916 -0.237
vn 0.787 0.447 -0.425
vn 0.833 0.545 -0.099
vn 0.637 0.283 -0.717
vn 0.486 0.124 -0.865
vn 0.341 -0.077 -0.937
vn 0.268 0.184 0.946
vn 0.536 0.390 0.748
vn 0.812 0.554 0.181
vn 0.780 -0.495 0.384
vn 0.525 -0.647 0.553
vn 0.319 -0.578 0.751
vn 0.125 -0.326 0.937
vn 0.745 0.506 0.435
vn 0.977 -0.095 0.192
vn 0.946 -0.186 0.265
vn 0.880 -0.336 0.336
vn 0.155 -0.390 -0.908
vn -0.035 -0.330 -0.943
vn -0.055 -0.263 -0.963
vn -0.123 -0.155 -0.980
vn 0.240 -0.331 -0.913
vn 0.903 -0.358 -0.238
vn 0.578 -0.256 -0.775
vn 0.549 -0.316 -0.774
vn 0.470 -0.326 -0.820
vn 0.797 0.591 0.126
vn 0.397 0.365 0.842
vn 0.117 0.090 0.989
vn -0.439 -0.501 0.746
vn -0.607 -0.644 0.466
vn -0.693 -0.669 0.269
vn 0.657 0.566 0.498
vn 0.353 0.260 -0.899
vn 0.542 0.362 -0.759
vn 0.731 0.493 -0.471
vn 0.809 0.569 -0.151
vn 0.135 0.123 -0.983
vn -0.043 -0.005 -0.999
vn -0.639 -0.606 -0.474
vn -0.731 -0.668 -0.137
vn -0.726 -0.674 0.136
vn -0.168 -0.115 -0.979
vn 0.767 0.626 0.141
vn 0.363 0.325 0.873
vn 0.033 0.076 0.997
vn -0.493 -0.499 0.713
vn -0.608 -0.646 0.463
vn -0.662 -0.679 0.316
vn 0.659 0.549 0.514
vn 0.376 0.315 -0.871
vn 0.546 0.419 -0.726
vn 0.711 0.551 -0.437
vn 0.778 0.614 -0.130
vn 0.158 0.145 -0.977
vn -0.027 -0.024 -0.999
vn -0.605 -0.618 -0.501
vn -0.697 -0.693 -0.184
vn -0.714 -0.687 0.133
vn -0.173 -0.154 -0.973
vn 0.765 0.625 0.159
vn 0.371 0.278 0.886
vn 0.068 0.011 0.998
vn -0.554 -0.498 0.667
vn -0.659 -0.598 0.457
vn -0.690 -0.643 0.334
vn 0.649 0.521 0.555
vn 0.432 0.324 -0.842
vn 0.589 0.422 -0.690
vn 0.727 0.546 -0.417
vn 0.781 0.613 -0.121
vn 0.213 0.135 -0.968
vn 0.021 -0.032 -0.999
vn -0.605 -0.614 -0.507
vn -0.695 -0.678 -0.239
vn -0.728 -0.678 0.096
vn -0.150 -0.183 -0.972
vn 0.774 0.602 0.197
vn 0.360 0.218 0.907
vn 0.053 -0.085 0.995
vn -0.552 -0.509 0.660
vn -0.681 -0.564 0.467
vn -0.734 -0.600 0.319
vn 0.648 0.475 0.595
vn 0.487 0.369 -0.792
vn 0.634 0.454 -0.626
vn 0.750 0.536 -0.389
vn 0.792 0.603 -0.095
vn 0.275 0.155 -0.949
vn 0.110 0.022 -0.994
vn -0.598 -0.566 -0.568
vn -0.705 -0.626 -0.333
vn -0.763 -0.646 -0.019
vn -0.079 -0.139 -0.987
vn 0.322 0.577 0.750
vn 0.089 0.570 0.817
vn 0.032 0.545 0.838
vn 0.012 0.479 0.878
vn -0.075 0.206 0.976
vn -0.098 -0.085 0.992
vn -0.056 -0.301 0.952
vn 0.121 -0.503 0.856
vn 0.340 -0.583 0.737
vn 0.503 -0.564 0.654
vn 0.606 -0.526 0.597
vn 0.741 -0.419 0.525
vn 0.848 -0.270 0.455
vn 0.905 -0.066 0.420
vn 0.855 0.213 0.474
vn 0.689 0.488 0.535
vn 0.327 0.719 0.613
vn 0.055 0.543 0.838
vn 0.068 0.419 0.906
vn -0.042 0.261 0.964
vn -0.141 -0.004 0.990
vn -0.191 -0.173 0.966
vn -0.191 -0.353 0.916
vn -0.015 -0.649 0.760
vn 0.311 -0.699 0.644
vn 0.506 -0.617 0.603
vn 0.616 -0.539 0.575
vn 0.741 -0.387 0.548
vn 0.812 -0.274 0.515
vn 0.870 -0.060 0.489
vn 0.859 0.231 0.457
vn 0.834 0.388 0.391
vn 0.354 0.466 0.811
vn 0.177 0.489 0.854
vn 0.132 0.460 0.878
vn 0.149 0.429 0.891
vn 0.136 0.190 0.972
vn 0.138 -0.071 0.988
vn 0.189 -0.287 0.939
vn 0.253 -0.432 0.866
vn 0.375 -0.504 0.778
vn 0.499 -0.493 0.712
vn 0.582 -0.445 0.681
vn 0.672 -0.350 0.653
vn 0.750 -0.216 0.625
vn 0.798 -0.049 0.601
vn 0.787 0.146 0.599
vn 0.612 0.373 0.697
vn 0.302 0.504 0.809
vn 0.130 0.502 0.855
vn 0.086 0.511 0.855
vn 0.054 0.505 0.861
vn 0.022 0.261 0.965
vn 0.065 -0.075 0.995
vn 0.149 -0.324 0.934
vn 0.250 -0.486 0.837
vn 0.354 -0.566 0.745
vn 0.474 -0.563 0.677
vn 0.593 -0.494 0.636
vn 0.703 -0.371 0.607
vn 0.766 -0.213 0.607
vn 0.768 -0.026 0.640
vn 0.737 0.166 0.655
vn 0.612 0.336 0.716
vn 0.248 0.506 0.826
vn 0.068 0.521 0.851
vn 0.009 0.540 0.842
vn -0.073 0.502 0.862
vn -0.192 0.321 0.927
vn -0.272 -0.116 0.955
vn -0.194 -0.510 0.838
vn -0.022 -0.727 0.686
vn 0.143 -0.828 0.542
vn 0.380 -0.830 0.407
vn 0.630 -0.713 0.308
vn 0.833 -0.489 0.259
vn 0.932 -0.242 0.271
vn 0.933 0.024 0.359
vn 0.795 0.266 0.545
vn 0.558 0.441 0.703
vn 0.215 0.467 0.858
vn 0.036 0.468 0.883
vn -0.045 0.496 0.867
vn -0.178 0.477 0.861
vn -0.418 0.265 0.869
vn -0.457 -0.038 0.889
vn -0.182 -0.399 0.898
vn 0.073 -0.572 0.817
vn 0.248 -0.668 0.702
vn 0.431 -0.750 0.502
vn 0.639 -0.734 0.231
vn 0.838 -0.544 0.055
vn 0.971 -0.235 0.046
vn 0.987 0.059 0.147
vn 0.871 0.283 0.401
vn 0.570 0.424 0.703
vn 0.199 0.505 0.840
vn 0.000 0.461 0.887
vn -0.074 0.462 0.884
vn -0.132 0.398 0.908
vn -0.303 0.237 0.923
vn -0.365 0.099 0.926
vn -0.087 -0.003 0.996
vn 0.203 -0.125 0.971
vn 0.428 -0.144 0.892
vn 0.607 -0.072 0.792
vn 0.811 -0.253 0.527
vn 0.864 -0.490 0.115
vn 0.957 -0.277 0.086
vn 0.988 -0.017 0.153
vn 0.915 0.259 0.309
vn 0.555 0.473 0.685
vn 0.588 0.412 0.696
vn 0.741 0.233 0.629
vn 0.447 -0.691 0.568
vn 0.284 -0.696 0.659
vn 0.274 0.540 0.796
vn 0.631 -0.594 0.499
vn 0.098 0.524 0.846
vn 0.782 -0.422 0.459
vn -0.078 -0.056 0.995
vn -0.071 0.315 0.947
vn 0.054 0.524 0.850
vn 0.854 -0.226 0.469
vn -0.009 -0.418 0.909
vn 0.009 0.487 0.874
vn 0.840 0.000 0.543
vn 0.088 -0.626 0.775
vn -0.126 0.298 0.946
vn -0.077 0.206 0.976
vn 0.023 0.199 0.980
vn -0.050 0.124 0.991
vn -0.467 0.573 0.674
vn 0.721 -0.551 -0.420
vn 0.989 0.020 0.144
vn 0.278 0.619 0.735
vn 0.191 0.817 0.545
vn 0.957 0.288 -0.042
vn 0.779 -0.431 -0.456
vn -0.388 0.674 0.629
vn -0.346 0.682 0.644
vn 0.732 -0.535 -0.422
vn 0.988 0.155 -0.029
vn 0.494 0.648 0.579
vn 0.996 0.039 0.083
vn 0.726 -0.624 0.288
vn -0.319 0.698 0.641
vn 0.426 0.769 0.476
vn -0.622 0.546 0.561
vn -0.724 0.438 0.533
vn 0.099 -0.925 0.368
vn 0.356 -0.789 -0.500
vn 0.391 -0.728 -0.563
vn 0.417 -0.722 -0.552
vn -0.729 0.429 0.534
vn -0.713 0.442 0.544
vn -0.296 0.537 0.790
vn 0.528 0.305 0.793
vn -0.554 0.353 0.754
vn 0.967 -0.212 -0.144
vn 0.822 -0.488 -0.294
vn -0.290 -0.788 0.544
vn 0.805 0.045 0.592
vn 0.677 0.146 0.721
vn 0.284 -0.495 0.821
vn 0.508 -0.268 0.818
vn 0.034 0.485 0.874
vn 0.812 0.227 0.537
vn 0.487 -0.041 0.872
vn 0.743 0.381 0.549
vn 0.491 0.466 0.736
vn 0.780 0.371 0.503
vn 0.677 0.613 0.408
vn 0.841 0.422 0.339
vn 0.859 0.489 0.152
vn 0.643 -0.076 0.762
vn -0.755 -0.532 -0.383
vn -0.776 -0.579 -0.251
vn -0.831 -0.544 -0.117
vn -0.758 -0.589 -0.282
vn 0.350 0.551 0.758
vn -0.490 0.509 0.707
vn 0.828 -0.421 -0.370
vn 0.963 0.124 0.240
vn 0.619 -0.602 -0.505
vn -0.692 0.339 0.638
vn 0.741 0.319 0.591
vn -0.572 -0.805 0.158
vn -0.755 -0.504 -0.420
vn 0.733 0.389 0.558
vn -0.818 0.359 0.450
vn 0.303 -0.679 -0.669
vn 0.985 0.050 0.167
vn 0.710 -0.468 -0.526
vn -0.615 0.517 0.595
vn 0.167 0.655 0.737
vn 0.773 -0.413 -0.482
vn 0.975 0.219 -0.049
vn 0.306 0.801 0.515
vn 0.371 -0.705 -0.604
vn -0.689 0.482 0.540
vn -0.360 0.702 0.615
vn 0.787 0.581 0.208
vn -0.764 -0.600 -0.236
vn 0.778 0.446 0.442
vn 0.313 -0.723 -0.616
vn 0.987 0.143 0.075
vn 0.698 -0.534 -0.477
vn -0.796 -0.287 -0.532
vn 0.777 0.419 0.470
vn -0.649 0.515 0.560
vn 0.288 -0.707 -0.645
vn 0.174 0.678 0.714
vn -0.641 0.546 0.539
vn 0.686 -0.551 -0.475
vn 0.988 0.073 0.139
vn 0.387 -0.673 -0.630
vn -0.843 0.383 0.378
vn 0.718 0.482 0.502
vn -0.741 -0.406 -0.536
vn -0.796 -0.393 -0.460
vn -0.686 0.472 0.554
vn 0.326 0.593 0.736
vn -0.464 0.592 0.659
vn 0.988 -0.019 0.152
vn 0.389 0.595 0.703
vn 0.669 -0.592 -0.449
vn -0.436 0.633 0.640
vn 0.705 -0.589 -0.394
vn 0.981 -0.059 0.183
vn 0.787 0.347 0.511
vn 0.334 -0.708 -0.623
vn -0.679 0.515 0.522
vn -0.398 0.684 0.612
vn 0.719 0.648 0.250
vn -0.749 -0.623 -0.226
vn -0.805 -0.337 -0.489
vn -0.632 0.535 0.561
vn -0.404 0.655 0.638
vn 0.355 0.692 0.629
vn 0.803 -0.380 -0.460
vn 0.960 0.251 -0.124
vn 0.254 0.826 0.504
vn 0.347 -0.663 -0.664
vn 0.307 0.654 0.691
vn 0.693 -0.535 -0.484
vn 0.426 -0.708 -0.563
vn 0.785 0.433 0.443
vn -0.727 -0.614 -0.308
vn -0.497 0.573 0.651
vn 0.992 0.094 0.080
vn -0.771 0.387 0.506
vn 0.212 0.730 0.649
vn 0.679 -0.575 -0.456
vn 0.326 -0.718 -0.615
vn 0.719 0.544 0.433
vn -0.801 -0.466 -0.376
vn -0.572 0.569 0.590
vn 0.984 0.160 0.084
vn -0.790 0.400 0.465
vn -0.735 -0.634 -0.241
vn -0.802 0.324 0.502
vn 0.980 0.078 0.180
vn 0.404 -0.674 -0.618
vn 0.739 -0.483 -0.470
vn 0.753 0.341 0.563
vn 0.244 0.610 0.754
vn -0.604 0.495 0.624
vn -0.982 -0.184 -0.050
vn -0.969 -0.245 0.017
vn -0.965 -0.261 -0.039
vn -0.967 -0.255 0.026
vn -0.542 -0.446 0.712
vn 0.042 -0.271 0.962
vn -0.848 -0.307 0.431
vn -0.984 -0.159 -0.075
vn -0.961 -0.265 0.073
vn -0.985 -0.003 -0.173
vn -0.993 -0.048 -0.104
vn -0.959 -0.126 -0.256
vn -0.955 -0.290 0.058
vn -0.985 -0.057 -0.162
vn -0.951 -0.309 -0.023
vn -0.976 -0.202 -0.081
vn -0.974 -0.168 0.152
vn -0.550 -0.654 -0.519
vn -0.442 -0.760 -0.477
vn -0.482 -0.599 -0.640
vn -0.342 -0.814 -0.469
vn -0.383 -0.783 -0.490
vn -0.381 -0.781 -0.496
vn -0.204 -0.960 -0.190
vn 0.538 -0.542 0.645
vn -0.402 -0.784 -0.472
vn -0.490 -0.561 -0.668
vn -0.459 -0.525 -0.716
vn -0.496 -0.648 -0.578
vn -0.456 -0.605 -0.652
vn -0.608 -0.783 0.130
vn -0.408 -0.788 -0.460
vn -0.467 -0.696 -0.546
vn -0.015 -0.975 0.221
vn 0.648 0.382 0.659
vn 0.619 0.139 0.773
vn 0.541 0.499 0.677
vn 0.799 0.378 0.468
vn 0.808 0.286 0.515
vn 0.832 0.311 0.459
vn 0.534 0.479 0.697
vn 0.666 -0.274 0.694
vn 0.561 0.319 0.764
vn 0.775 0.061 0.629
vn 0.727 0.374 0.576
vn 0.770 0.288 0.570
vn 0.331 -0.621 -0.710
vn 0.693 -0.490 -0.529
vn -0.757 -0.445 -0.479
vn 0.131 0.661 0.739
vn 0.985 0.036 0.169
vn 0.704 0.438 0.559
vn -0.839 0.380 0.391
vn -0.663 0.527 0.532
vn -0.972 -0.152 -0.179
vn -0.506 -0.582 -0.637
vn -0.280 0.498 0.821
vn 0.699 -0.350 -0.624
vn 0.991 0.121 -0.059
vn 0.354 0.595 0.722
vn 0.310 0.602 0.735
vn 0.968 0.238 0.082
vn 0.767 -0.289 -0.573
vn -0.334 0.503 0.797
vn -0.415 0.409 0.813
vn 0.661 -0.276 -0.697
vn 0.965 0.145 -0.220
vn 0.281 0.525 0.804
vn 0.988 -0.030 -0.150
vn 0.830 -0.449 -0.330
vn 0.018 -0.277 0.961
vn 0.312 0.642 0.700
vn -0.648 0.306 0.697
vn -0.645 0.290 0.707
vn 0.522 -0.836 -0.167
vn 0.396 -0.454 -0.798
vn 0.343 -0.519 -0.783
vn 0.422 -0.534 -0.733
vn -0.384 -0.378 0.842
vn -0.749 0.146 0.647
vn 0.157 0.533 0.831
vn 0.814 0.086 0.575
vn -0.068 0.405 0.912
vn 0.964 -0.090 -0.251
vn 0.845 -0.320 -0.429
vn 0.074 -0.807 0.586
vn 0.890 0.021 0.455
vn 0.840 -0.037 0.541
vn 0.674 -0.368 0.640
vn 0.783 -0.155 0.602
vn 0.614 0.477 0.629
vn 0.995 0.047 0.088
vn 0.760 -0.066 0.646
vn 0.971 0.198 0.133
vn 0.876 0.385 0.291
vn 0.750 0.469 0.465
vn 0.687 0.514 0.513
vn 0.730 0.468 0.497
vn 0.762 0.519 0.388
vn 0.849 -0.131 0.512
vn -0.847 -0.497 -0.190
vn -0.904 -0.378 -0.202
vn -0.650 -0.759 -0.039
vn -0.712 -0.684 -0.163
vn 0.669 0.434 0.604
vn -0.090 0.524 0.847
vn 0.830 -0.298 -0.471
vn 0.972 0.142 0.187
vn 0.582 -0.484 -0.653
vn -0.354 0.363 0.862
vn 0.860 0.248 0.446
vn -0.449 -0.862 0.234
vn -0.838 -0.465 -0.286
vn 0.838 0.321 0.441
vn -0.594 0.372 0.713
vn 0.358 -0.552 -0.753
vn 0.994 0.095 0.049
vn 0.675 -0.352 -0.649
vn -0.296 0.527 0.797
vn 0.531 0.533 0.658
vn 0.650 -0.282 -0.706
vn 0.965 0.256 -0.064
vn 0.285 0.694 0.661
vn 0.393 -0.515 -0.762
vn -0.673 0.271 0.688
vn -0.372 0.499 0.783
vn 0.709 0.580 0.402
vn -0.803 -0.588 -0.093
vn 0.769 0.343 0.539
vn 0.357 -0.544 -0.759
vn 0.985 0.104 0.141
vn 0.775 -0.404 -0.487
vn -0.910 -0.322 -0.261
vn 0.769 0.351 0.534
vn -0.567 0.412 0.713
vn 0.450 -0.554 -0.700
vn 0.481 0.509 0.714
vn -0.300 0.497 0.814
vn 0.701 -0.342 -0.626
vn 0.998 0.067 0.001
vn 0.423 -0.500 -0.756
vn -0.627 0.373 0.683
vn 0.844 0.307 0.440
vn -0.858 -0.308 -0.411
vn -0.874 -0.412 -0.259
vn -0.606 0.349 0.715
vn 0.336 0.545 0.768
vn -0.213 0.492 0.844
vn 0.995 0.043 0.089
vn 0.387 0.464 0.796
vn 0.760 -0.407 -0.506
vn -0.178 0.498 0.849
vn 0.708 -0.374 -0.598
vn 0.996 0.084 0.007
vn 0.732 0.429 0.529
vn 0.469 -0.526 -0.709
vn -0.679 0.262 0.686
vn -0.374 0.505 0.778
vn 0.657 0.624 0.422
vn -0.788 -0.600 -0.136
vn -0.926 -0.210 -0.315
vn -0.596 0.410 0.690
vn -0.263 0.464 0.846
vn 0.407 0.439 0.801
vn 0.715 -0.251 -0.653
vn 0.945 0.326 -0.035
vn 0.280 0.719 0.636
vn 0.410 -0.491 -0.768
vn 0.426 0.601 0.676
vn 0.712 -0.345 -0.611
vn 0.413 -0.541 -0.733
vn 0.813 0.442 0.381
vn -0.849 -0.480 -0.219
vn -0.298 0.498 0.815
vn 0.984 0.135 -0.119
vn -0.676 0.241 0.696
vn 0.448 0.548 0.706
vn 0.676 -0.368 -0.639
vn 0.364 -0.548 -0.753
vn 0.800 0.412 0.437
vn -0.899 -0.199 -0.391
vn -0.299 0.495 0.816
vn 0.994 0.099 -0.039
vn -0.615 0.350 0.707
vn -0.768 -0.620 -0.160
vn -0.588 0.370 0.720
vn 0.989 0.140 0.045
vn 0.401 -0.545 -0.736
vn 0.678 -0.375 -0.632
vn 0.862 0.291 0.416
vn 0.623 0.458 0.634
vn -0.283 0.535 0.796
vn -0.944 -0.317 0.085
vn -0.977 -0.164 0.133
vn -0.717 -0.629 0.301
vn -0.884 -0.422 0.203
vn -0.103 -0.499 0.861
vn 0.573 -0.154 0.805
vn -0.596 -0.510 0.620
vn -0.975 -0.176 0.135
vn -0.918 -0.318 0.235
vn -0.996 -0.044 0.079
vn -0.980 -0.190 0.058
vn -0.996 -0.079 -0.031
vn -0.905 -0.367 0.215
vn -0.998 0.055 0.021
vn -0.950 -0.300 0.084
vn -1.000 0.018 -0.015
vn -0.909 -0.307 0.282
vn -0.650 -0.397 -0.648
vn -0.633 -0.642 -0.433
vn -0.643 -0.428 -0.636
vn -0.506 -0.737 -0.449
vn -0.424 -0.728 -0.539
vn -0.555 -0.706 -0.439
vn -0.152 -0.945 -0.289
vn 0.829 -0.436 0.351
vn -0.392 -0.765 -0.511
vn -0.537 -0.497 -0.682
vn -0.642 -0.507 -0.575
vn -0.506 -0.623 -0.597
vn -0.655 -0.538 -0.530
vn -0.321 -0.920 -0.225
vn -0.594 -0.575 -0.563
vn -0.672 -0.614 -0.414
vn 0.331 -0.936 0.121
vn 0.815 0.334 0.474
vn 0.880 0.101 0.465
vn 0.786 0.469 0.402
vn 0.922 0.262 0.286
vn 0.870 0.302 0.391
vn 0.896 0.337 0.288
vn 0.773 0.447 0.450
vn 0.856 0.097 0.507
vn 0.791 0.255 0.556
vn 0.955 0.093 0.281
vn 0.828 0.411 0.382
vn 0.867 0.360 0.344
vn 0.353 -0.546 -0.760
vn 0.682 -0.353 -0.641
vn -0.855 -0.423 -0.301
vn 0.479 0.554 0.681
vn 0.989 0.149 -0.005
vn 0.831 0.365 0.419
vn -0.568 0.373 0.734
vn -0.259 0.511 0.820
vn -0.983 -0.158 0.097
vn -0.536 -0.593 -0.600
vn -0.123 0.374 0.919
vn 0.675 -0.242 -0.697
vn 0.977 0.088 -0.194
vn 0.607 0.431 0.668
vn 0.446 0.659 0.605
vn 0.925 0.349 -0.147
vn 0.669 -0.037 -0.742
vn -0.245 0.375 0.894
vn -0.238 0.350 0.906
vn 0.651 -0.215 -0.727
vn 0.960 0.191 -0.207
vn 0.394 0.465 0.793
vn 0.990 0.138 -0.032
vn 0.748 -0.434 -0.502
vn 0.461 -0.226 0.858
vn 0.538 0.536 0.650
vn -0.589 0.178 0.789
vn -0.508 0.270 0.818
vn 0.592 -0.685 -0.425
vn 0.341 -0.437 -0.832
vn 0.435 -0.226 -0.872
vn 0.475 -0.381 -0.793
vn -0.213 -0.426 0.879
vn -0.540 -0.005 0.842
vn 0.092 0.413 0.906
vn 0.893 0.122 0.434
vn -0.143 0.144 0.979
vn 0.756 -0.186 -0.628
vn 0.527 -0.528 -0.666
vn -0.271 -0.926 0.261
vn 0.973 0.058 0.226
vn 0.924 -0.000 0.384
vn 0.381 -0.722 0.577
vn 0.846 -0.281 0.453
vn 0.508 0.161 0.846
vn 0.956 -0.209 -0.204
vn 0.904 0.032 0.426
vn 0.950 -0.021 -0.311
vn 0.786 0.348 0.510
vn 0.887 0.324 0.328
vn 0.768 0.565 0.302
vn 0.787 0.416 0.456
vn 0.829 0.451 0.331
vn 0.938 -0.061 0.341
vn -0.842 -0.431 -0.325
vn -0.704 -0.707 -0.066
vn -0.700 -0.707 0.098
vn -0.744 -0.648 -0.164
vn 0.755 0.379 0.535
vn -0.047 0.424 0.905
vn 0.717 -0.225 -0.660
vn 0.996 0.077 0.050
vn 0.347 -0.504 -0.791
vn -0.434 0.142 0.890
vn 0.928 0.193 0.319
vn -0.597 -0.800 0.057
vn -0.835 -0.442 -0.328
vn 0.905 0.302 0.300
vn -0.527 0.228 0.819
vn 0.278 -0.413 -0.867
vn 0.982 0.112 -0.152
vn 0.602 -0.243 -0.761
vn -0.137 0.409 0.902
vn 0.614 0.461 0.641
vn 0.674 -0.155 -0.722
vn 0.942 0.282 -0.182
vn 0.527 0.601 0.601
vn 0.392 -0.357 -0.848
vn -0.534 0.139 0.834
vn -0.170 0.394 0.903
vn 0.793 0.525 0.311
vn -0.796 -0.595 -0.112
vn 0.887 0.363 0.286
vn 0.401 -0.337 -0.852
vn 0.979 0.172 -0.110
vn 0.695 -0.215 -0.686
vn -0.897 -0.343 -0.279
vn 0.906 0.225 0.359
vn -0.604 0.241 0.760
vn 0.405 -0.379 -0.832
vn 0.622 0.477 0.621
vn -0.150 0.418 0.896
vn 0.583 -0.274 -0.765
vn 0.971 0.129 -0.201
vn 0.350 -0.398 -0.848
vn -0.633 0.244 0.734
vn 0.883 0.383 0.273
vn -0.810 -0.386 -0.442
vn -0.899 -0.362 -0.244
vn -0.523 0.238 0.818
vn 0.597 0.397 0.697
vn -0.171 0.337 0.926
vn 0.998 0.041 -0.052
vn 0.628 0.329 0.705
vn 0.738 -0.288 -0.610
vn -0.241 0.356 0.903
vn 0.724 -0.263 -0.638
vn 0.988 0.099 -0.121
vn 0.860 0.336 0.385
vn 0.390 -0.431 -0.814
vn -0.573 0.129 0.809
vn -0.228 0.374 0.899
vn 0.758 0.566 0.324
vn -0.745 -0.640 -0.189
vn -0.873 -0.459 -0.165
vn -0.590 0.210 0.780
vn -0.245 0.390 0.888
vn 0.576 0.501 0.646
vn 0.696 -0.068 -0.715
vn 0.923 0.354 -0.151
vn 0.499 0.624 0.601
vn 0.465 -0.257 -0.847
vn 0.641 0.423 0.640
vn 0.659 -0.232 -0.716
vn 0.454 -0.361 -0.814
vn 0.918 0.296 0.263
vn -0.799 -0.504 -0.328
vn -0.072 0.427 0.902
vn 0.970 0.071 -0.231
vn -0.508 0.283 0.813
vn 0.614 0.501 0.610
vn 0.607 -0.286 -0.741
vn 0.353 -0.440 -0.826
vn 0.897 0.366 0.247
vn -0.806 -0.534 -0.255
vn -0.071 0.421 0.904
vn 0.961 0.185 -0.207
vn -0.521 0.228 0.822
vn -0.797 -0.575 -0.182
vn -0.520 0.205 0.829
vn 0.983 0.154 -0.095
vn 0.258 -0.442 -0.859
vn 0.633 -0.229 -0.740
vn 0.909 0.305 0.284
vn 0.635 0.489 0.598
vn -0.118 0.424 0.898
vn -0.969 -0.209 0.131
vn -0.841 -0.440 0.315
vn -0.573 -0.782 0.246
vn -0.807 -0.499 0.316
vn -0.380 -0.743 0.551
vn 0.338 -0.575 0.745
vn -0.717 -0.584 0.381
vn -0.961 -0.258 0.102
vn -0.856 -0.385 0.344
vn -0.984 -0.084 0.157
vn -0.973 -0.117 0.197
vn -0.979 -0.181 -0.094
vn -0.861 -0.422 0.283
vn -0.922 -0.281 0.268
vn -0.948 -0.309 0.078
vn -0.937 -0.342 0.071
vn -0.899 -0.367 0.237
vn -0.507 -0.644 -0.573
vn -0.477 -0.589 -0.652
vn -0.600 -0.550 -0.581
vn -0.396 -0.675 -0.622
vn -0.538 -0.639 -0.550
vn -0.476 -0.667 -0.573
vn -0.380 -0.876 -0.296
vn 0.492 -0.772 0.402
vn -0.452 -0.687 -0.570
vn -0.543 -0.506 -0.671
vn -0.587 -0.529 -0.613
vn -0.553 -0.530 -0.643
vn -0.637 -0.489 -0.596
vn -0.376 -0.908 -0.186
vn -0.440 -0.721 -0.536
vn -0.558 -0.530 -0.638
vn -0.087 -0.995 -0.042
vn 0.893 0.299 0.337
vn 0.832 -0.147 0.535
vn 0.827 0.249 0.505
vn 0.968 0.149 0.203
vn 0.859 0.413 0.302
vn 0.950 0.255 0.180
vn 0.838 0.388 0.384
vn 0.961 -0.020 0.277
vn 0.809 -0.047 0.586
vn 0.846 -0.079 0.527
vn 0.862 0.387 0.328
vn 0.904 0.188 0.383
vn 0.294 -0.402 -0.867
vn 0.579 -0.282 -0.765
vn -0.832 -0.347 -0.433
vn 0.633 0.416 0.653
vn 0.985 0.046 -0.167
vn 0.896 0.302 0.325
vn -0.552 0.267 0.790
vn -0.138 0.421 0.896
vn -0.982 -0.188 -0.019
vn -0.557 -0.441 -0.704
vn 0.077 0.310 0.948
vn 0.568 -0.156 -0.808
vn 0.962 0.028 -0.270
vn 0.691 0.318 0.649
vn 0.735 0.352 0.580
vn 0.964 0.169 -0.206
vn 0.544 -0.243 -0.803
vn -0.066 0.208 0.976
vn 0.258 0.213 0.943
vn 0.494 -0.231 -0.838
vn 0.919 0.134 -0.372
vn 0.852 0.374 0.366
vn 0.897 0.133 -0.421
vn 0.462 -0.222 -0.858
vn 0.653 -0.257 0.712
vn 0.831 0.349 0.433
vn -0.602 0.107 0.791
vn -0.480 0.160 0.863
vn -0.079 -0.518 -0.852
vn 0.137 -0.380 -0.915
vn 0.154 -0.387 -0.909
vn 0.165 -0.293 -0.942
vn 0.221 -0.775 0.592
vn -0.496 -0.013 0.868
vn 0.240 0.378 0.894
vn 0.901 0.170 0.398
vn -0.121 0.068 0.990
vn 0.820 -0.132 -0.556
vn 0.619 -0.453 -0.641
vn 0.066 -0.913 0.402
vn 0.996 0.090 -0.026
vn 0.976 0.072 0.204
vn 0.602 -0.637 0.482
vn 0.964 0.006 0.264
vn 0.416 0.125 0.901
vn 0.926 -0.237 -0.293
vn 0.989 0.026 0.146
vn 0.945 -0.023 -0.326
vn 0.667 0.325 0.671
vn 0.957 0.188 0.219
vn 0.910 0.319 0.266
vn 0.945 0.325 -0.036
vn 0.954 0.298 0.030
vn 0.947 0.001 0.320
vn -0.885 -0.398 -0.242
vn -0.936 -0.300 -0.185
vn -0.775 -0.603 0.189
vn -0.900 -0.433 0.040
vn 0.867 0.016 0.498
vn 0.112 0.319 0.941
vn 0.795 -0.226 -0.563
vn 0.996 -0.080 0.035
vn 0.337 -0.534 -0.775
vn -0.243 0.113 0.964
vn 0.960 -0.087 0.266
vn -0.444 -0.877 0.184
vn -0.908 -0.331 -0.255
vn 0.973 0.111 0.200
vn -0.460 0.172 0.871
vn 0.188 -0.366 -0.911
vn 0.987 -0.027 -0.157
vn 0.534 -0.240 -0.811
vn -0.036 0.329 0.944
vn 0.767 0.273 0.581
vn 0.455 -0.154 -0.877
vn 0.897 0.243 -0.369
vn 0.753 0.446 0.484
vn 0.091 -0.366 -0.926
vn -0.540 0.014 0.842
vn 0.077 0.362 0.929
vn 0.919 0.392 0.032
vn -0.918 -0.396 -0.026
vn 0.957 0.164 0.241
vn 0.153 -0.375 -0.914
vn 0.978 -0.038 -0.207
vn 0.574 -0.263 -0.775
vn -0.908 -0.358 -0.220
vn 0.956 0.144 0.256
vn -0.492 0.094 0.865
vn 0.192 -0.403 -0.895
vn 0.713 0.330 0.618
vn -0.005 0.298 0.955
vn 0.624 -0.158 -0.765
vn 0.985 0.062 -0.163
vn 0.247 -0.273 -0.930
vn -0.565 0.231 0.792
vn 0.946 0.203 0.252
vn -0.923 -0.136 -0.360
vn -0.906 -0.345 -0.244
vn -0.471 0.147 0.870
vn 0.697 0.275 0.662
vn 0.064 0.239 0.969
vn 0.972 -0.039 -0.232
vn 0.725 0.242 0.645
vn 0.575 -0.255 -0.778
vn 0.084 0.158 0.984
vn 0.540 -0.199 -0.818
vn 0.963 0.012 -0.270
vn 0.958 0.173 0.231
vn 0.147 -0.334 -0.931
vn -0.611 -0.027 0.791
vn -0.033 0.342 0.939
vn 0.889 0.437 0.135
vn -0.925 -0.362 -0.116
vn -0.921 -0.326 -0.214
vn -0.557 0.109 0.823
vn 0.018 0.196 0.980
vn 0.761 0.232 0.606
vn 0.497 -0.153 -0.854
vn 0.903 0.296 -0.311
vn 0.719 0.478 0.505
vn 0.124 -0.318 -0.940
vn 0.734 0.299 0.609
vn 0.581 -0.110 -0.807
vn 0.214 -0.264 -0.941
vn 0.964 0.179 0.196
vn -0.892 -0.374 -0.252
vn 0.071 0.293 0.954
vn 0.960 0.081 -0.270
vn -0.519 0.049 0.854
vn 0.719 0.333 0.610
vn 0.560 -0.127 -0.819
vn 0.170 -0.264 -0.949
vn 0.928 0.292 0.232
vn -0.946 -0.158 -0.282
vn 0.046 0.247 0.968
vn 0.958 0.158 -0.239
vn -0.519 0.086 0.850
vn -0.821 -0.559 -0.115
vn -0.410 0.151 0.899
vn 0.992 -0.107 -0.061
vn 0.148 -0.487 -0.861
vn 0.602 -0.292 -0.744
vn 0.972 -0.049 0.231
vn 0.796 0.163 0.583
vn 0.015 0.289 0.957
vn -0.948 -0.291 0.130
vn -0.976 -0.147 0.159
vn -0.395 -0.894 0.213
vn -0.916 -0.335 0.221
vn -0.062 -0.552 0.832
vn 0.426 -0.433 0.794
vn -0.523 -0.533 0.665
vn -0.972 -0.165 0.165
vn -0.917 -0.335 0.217
vn -0.960 -0.226 0.167
vn -0.968 -0.207 0.141
vn -0.999 0.004 0.048
vn -0.954 -0.233 0.191
vn -0.976 -0.149 0.159
vn -0.944 -0.309 0.115
vn -0.991 -0.061 0.117
vn -0.864 -0.337 0.375
vn -0.736 -0.258 -0.626
vn -0.701 -0.418 -0.577
vn -0.736 -0.436 -0.518
vn -0.773 -0.505 -0.384
vn -0.489 -0.584 -0.648
vn -0.848 -0.442 -0.293
vn -0.235 -0.908 -0.347
vn 0.728 -0.684 0.051
vn -0.782 -0.547 -0.299
vn -0.644 -0.266 -0.717
vn -0.713 -0.436 -0.550
vn -0.576 -0.464 -0.673
vn -0.704 -0.411 -0.579
vn -0.810 -0.575 -0.119
vn -0.771 -0.408 -0.489
vn -0.706 -0.432 -0.561
vn 0.256 -0.967 -0.009
vn 0.952 0.035 0.304
vn 0.911 -0.065 0.408
vn 0.881 0.296 0.370
vn 0.988 0.155 -0.000
vn 0.971 0.101 0.216
vn 0.977 0.186 0.105
vn 0.920 0.266 0.287
vn 0.933 -0.106 0.343
vn 0.832 0.086 0.549
vn 0.988 -0.068 0.135
vn 0.932 0.276 0.233
vn 0.947 0.262 0.188
vn 0.208 -0.334 -0.920
vn 0.612 -0.192 -0.768
vn -0.926 -0.252 -0.280
vn 0.750 0.284 0.598
vn 0.992 0.005 -0.128
vn 0.958 0.137 0.254
vn -0.462 0.192 0.866
vn 0.015 0.304 0.952
vn -0.987 -0.098 0.131
vn -0.635 -0.369 -0.678
vn -0.967 0.151 -0.203
vn 0.739 0.303 0.602
vn 0.376 0.649 0.662
vn -0.794 0.587 0.159
vn -0.798 -0.284 -0.531
vn 0.934 -0.336 0.121
vn -0.849 0.511 0.135
vn -0.681 0.663 0.310
vn -0.961 -0.277 -0.005
vn 0.521 0.567 0.638
vn 0.715 -0.029 0.698
vn 0.120 -0.919 0.375
vn -0.004 0.864 0.503
vn -0.416 0.718 0.557
vn -0.248 -0.534 0.808
vn -0.477 0.554 0.682
vn -0.915 0.323 0.242
vn 0.446 0.229 0.865
vn -0.172 0.816 0.552
vn 0.221 0.635 0.740
vn -0.712 0.663 0.232
vn -0.161 0.822 0.547
vn -0.533 0.642 0.552
vn 0.317 -0.802 -0.506
vn -0.650 0.635 0.417
vn -0.910 0.410 0.061
vn 0.601 0.533 0.596
vn 0.095 0.849 0.520
vn 0.823 -0.205 0.530
vn -0.852 -0.441 -0.282
vn -0.390 0.747 0.539
vn 0.290 -0.954 0.073
vn 0.395 -0.889 -0.231
vn -0.334 0.590 0.736
vn -0.719 -0.433 -0.543
vn 0.902 -0.324 0.284
vn 0.188 0.717 0.672
vn 0.707 0.462 0.536
vn -0.958 0.240 -0.158
vn -0.740 0.532 0.412
vn -0.801 0.420 0.427
vn -0.977 0.141 -0.161
vn 0.660 0.483 0.576
vn 0.304 0.678 0.669
vn 0.945 -0.214 0.249
vn -0.743 -0.397 -0.539
vn -0.268 0.595 0.758
vn 0.445 -0.844 -0.300
vn 0.094 -0.866 -0.491
vn -0.859 -0.233 -0.456
vn -0.769 0.624 0.138
vn -0.959 0.203 -0.199
vn 0.811 0.274 0.517
vn 0.395 0.646 0.653
vn -0.191 0.831 0.522
vn 0.878 -0.462 0.128
vn -0.819 0.515 0.251
vn 0.722 0.362 0.590
vn 0.946 -0.304 0.108
vn -0.175 0.725 0.666
vn 0.394 -0.740 -0.545
vn -0.971 0.136 -0.197
vn 0.355 0.587 0.728
vn -0.796 -0.280 -0.537
vn -0.813 0.424 0.398
vn 0.744 0.427 0.514
vn 0.967 -0.239 0.092
vn -0.195 0.608 0.770
vn 0.383 -0.821 -0.423
vn -0.980 0.129 -0.150
vn 0.353 0.624 0.697
vn -0.792 -0.283 -0.541
vn 0.363 -0.926 -0.104
vn -0.759 -0.472 -0.449
vn 0.169 0.817 0.551
vn 0.882 -0.294 0.369
vn 0.684 0.488 0.543
vn -0.348 0.689 0.636
vn -0.694 0.588 0.416
vn -0.949 0.304 -0.084
vn -0.302 -0.659 -0.689
vn -0.452 -0.871 0.194
vn -0.687 -0.451 0.570
vn -0.286 -0.949 -0.133
vn -0.174 -0.868 -0.466
vn -0.458 -0.644 -0.613
vn -0.121 -0.837 -0.533
vn -0.261 -0.631 -0.730
vn -0.286 -0.701 -0.653
vn -0.176 -0.927 -0.330
vn 0.723 -0.654 -0.224
vn 0.735 -0.627 -0.259
vn 0.672 -0.735 0.091
vn 0.642 -0.720 0.262
vn 0.287 -0.403 0.869
vn 0.734 -0.672 -0.099
vn 0.671 -0.741 -0.021
vn 0.582 -0.792 -0.185
vn 0.695 -0.684 -0.220
vn 0.585 -0.629 0.512
vn -0.512 0.771 0.378
vn -0.427 0.302 0.852
vn -0.600 0.693 0.399
vn -0.207 0.711 0.672
vn -0.406 0.783 0.471
vn -0.308 0.772 0.556
vn -0.570 0.747 0.343
vn -0.418 0.682 0.601
vn -0.594 0.493 0.635
vn -0.256 0.389 0.885
vn -0.470 0.782 0.409
vn -0.411 0.706 0.576
vn 0.913 -0.326 0.247
vn 0.699 0.411 0.585
vn 0.398 -0.876 -0.274
vn -0.774 0.524 0.356
vn 0.248 0.661 0.708
vn -0.275 0.645 0.713
vn -0.752 -0.389 -0.532
vn -0.963 0.201 -0.182
vn -0.156 -0.843 -0.515
vn 0.674 -0.737 -0.053
vn -0.110 0.640 0.760
vn 0.944 -0.285 -0.165
vn 0.949 -0.037 -0.314
vn -0.182 0.755 0.630
vn 0.967 -0.163 0.196
vn -0.013 0.743 0.669
vn 0.031 0.775 0.631
vn 0.958 -0.165 -0.234
vn 0.172 0.560 0.810
vn 0.967 -0.024 0.252
vn 0.735 0.201 0.647
vn 0.607 0.297 0.737
vn 0.982 -0.164 -0.092
vn -0.134 0.638 0.758
vn -0.053 0.795 0.605
vn 0.973 -0.050 -0.226
vn 0.928 -0.333 -0.169
vn -0.150 0.662 0.735
vn -0.259 0.664 0.701
vn 0.940 -0.291 -0.180
vn -0.231 0.672 0.703
vn 0.936 -0.331 -0.117
vn -0.131 0.632 0.764
vn 0.946 -0.231 -0.228
vn 0.930 -0.264 -0.256
vn -0.182 0.749 0.637
vn -0.106 0.806 0.583
vn 0.966 -0.018 -0.256
vn -0.104 0.681 0.725
vn 0.943 -0.239 -0.234
vn -0.180 0.695 0.696
vn 0.956 -0.199 -0.215
vn 0.961 -0.184 -0.208
vn -0.248 0.646 0.722
vn 0.862 0.248 0.443
vn 0.559 0.465 0.686
vn 0.686 0.440 0.579
vn 0.946 -0.259 -0.197
vn -0.259 0.642 0.722
vn 0.004 0.584 0.811
vn 0.925 -0.113 -0.364
vn 0.948 -0.015 -0.318
vn -0.105 0.556 0.825
vn 0.904 -0.325 -0.277
vn 0.343 0.261 0.902
vn 0.018 0.597 0.802
vn 0.802 -0.094 -0.590
vn 0.727 0.329 0.603
vn 0.980 0.061 0.192
vn 0.905 0.187 0.381
vn 0.889 0.243 0.387
vn 0.991 -0.009 -0.130
vn 0.276 0.561 0.780
vn -0.037 0.655 0.754
vn 0.866 -0.055 -0.497
vn 0.941 -0.231 -0.246
vn 0.045 0.488 0.871
vn 0.030 0.619 0.785
vn 0.923 -0.128 -0.362
vn 0.027 0.544 0.839
vn 0.942 -0.146 -0.304
vn 0.017 0.548 0.836
vn 0.939 -0.076 -0.335
vn 0.948 -0.206 -0.243
vn -0.006 0.470 0.883
vn -0.093 0.647 0.756
vn 0.917 0.006 -0.398
vn -0.005 0.610 0.792
vn 0.905 -0.099 -0.415
vn -0.025 0.557 0.830
vn 0.916 -0.131 -0.380
vn 0.945 -0.016 -0.326
vn 0.153 0.596 0.788
vn 0.878 0.352 0.326
vn 0.767 0.434 0.473
vn 0.814 0.421 0.401
vn 0.930 -0.115 -0.349
vn 0.039 0.568 0.822
vn 0.289 0.444 0.848
vn 0.874 -0.087 -0.479
vn 0.846 0.179 -0.502
vn 0.149 0.574 0.805
vn 0.888 -0.226 -0.400
vn 0.469 0.199 0.860
vn 0.217 0.558 0.801
vn 0.828 -0.046 -0.560
vn 0.735 0.392 0.553
vn 0.949 0.076 -0.305
vn 0.931 0.254 0.261
vn 0.963 0.212 -0.166
vn 0.956 0.001 -0.293
vn 0.296 0.521 0.801
vn 0.243 0.561 0.792
vn 0.860 0.053 -0.508
vn 0.924 -0.155 -0.350
vn 0.269 0.388 0.881
vn 0.279 0.495 0.823
vn 0.853 -0.097 -0.513
vn 0.248 0.495 0.833
vn 0.907 -0.090 -0.411
vn 0.269 0.400 0.876
vn 0.868 -0.051 -0.493
vn 0.901 -0.018 -0.434
vn 0.183 0.527 0.830
vn 0.218 0.567 0.794
vn 0.846 0.120 -0.519
vn 0.313 0.465 0.828
vn 0.867 -0.051 -0.495
vn 0.268 0.498 0.825
vn 0.862 -0.026 -0.506
vn 0.898 -0.007 -0.440
vn 0.279 0.527 0.803
vn 0.895 0.392 0.214
vn 0.859 0.403 0.316
vn 0.844 0.450 0.291
vn 0.864 -0.092 -0.495
vn 0.276 0.458 0.845
vn 0.439 0.336 0.834
vn 0.782 -0.079 -0.618
vn 0.784 -0.122 -0.609
vn 0.423 0.314 0.850
vn 0.720 0.018 -0.693
vn 0.940 -0.185 0.288
vn 0.581 0.323 0.747
vn 0.714 -0.078 -0.696
vn 0.594 0.395 0.701
vn 0.941 0.026 -0.338
vn 0.927 0.147 0.344
vn 0.980 0.099 -0.175
vn 0.964 -0.098 -0.246
vn 0.501 0.284 0.818
vn 0.461 0.438 0.771
vn 0.674 0.015 -0.738
vn 0.783 -0.169 -0.599
vn 0.486 0.208 0.849
vn 0.409 0.335 0.849
vn 0.818 -0.081 -0.570
vn 0.397 0.342 0.852
vn 0.771 -0.129 -0.624
vn 0.441 0.291 0.849
vn 0.852 -0.097 -0.515
vn 0.774 -0.224 -0.593
vn 0.525 0.198 0.828
vn 0.408 0.480 0.776
vn 0.700 0.026 -0.713
vn 0.426 0.357 0.831
vn 0.775 -0.030 -0.632
vn 0.410 0.338 0.847
vn 0.790 0.004 -0.613
vn 0.908 -0.140 -0.396
vn 0.432 0.285 0.856
vn 0.968 0.207 0.144
vn 0.941 0.122 0.317
vn 0.935 0.244 0.256
vn 0.840 -0.103 -0.532
vn 0.356 0.366 0.860
vn -0.949 0.159 0.272
vn -0.930 0.210 0.301
vn -0.980 0.025 0.196
vn -0.942 0.117 0.315
vn 0.451 -0.875 -0.176
vn -0.144 0.153 0.978
vn -0.047 -0.774 -0.631
vn -0.146 -0.801 -0.581
vn -0.221 -0.900 0.376
vn -0.006 -0.855 -0.518
vn -0.808 0.132 0.574
vn -0.967 0.123 0.224
vn -0.916 0.178 0.360
vn -0.938 0.239 0.250
vn -0.926 0.256 0.277
vn -0.993 0.107 0.039
vn -0.929 0.164 0.331
vn -0.943 0.241 0.230
vn -0.970 0.027 0.241
vn -0.977 0.073 0.199
vn 0.061 -0.768 -0.638
vn -0.699 0.044 0.713
vn -0.925 0.129 0.357
vn -0.146 -0.770 -0.621
vn -0.171 -0.737 -0.654
vn -0.034 -0.786 -0.618
vn -0.004 -0.814 -0.580
vn 0.041 -0.810 -0.584
vn 0.780 -0.244 0.577
vn 0.262 -0.844 -0.468
vn -0.064 -0.694 -0.717
vn -0.071 -0.724 -0.687
vn -0.116 -0.682 -0.722
vn -0.131 -0.686 -0.716
vn 0.544 0.292 0.786
vn 0.838 0.151 0.525
vn 0.679 0.230 0.697
vn -0.988 0.112 0.105
vn -0.107 -0.675 -0.730
vn -0.899 -0.020 0.438
vn -0.882 0.094 0.462
vn -0.565 -0.561 0.604
vn -0.879 -0.117 0.463
vn 0.637 -0.724 -0.263
vn 0.454 0.222 0.863
vn -0.214 -0.717 -0.663
vn -0.182 -0.623 -0.760
vn 0.055 -0.977 -0.204
vn -0.162 -0.659 -0.735
vn -0.591 0.045 0.805
vn -0.834 0.158 0.528
vn -0.857 0.003 0.516
vn -0.858 0.222 0.463
vn -0.893 0.108 0.437
vn -0.904 0.190 0.382
vn -0.856 -0.010 0.517
vn -0.867 0.284 0.410
vn -0.901 -0.054 0.430
vn -0.893 0.189 0.409
vn 0.056 -0.672 -0.738
vn -0.212 0.029 0.977
vn -0.799 0.121 0.590
vn -0.242 -0.589 -0.771
vn -0.209 -0.557 -0.804
vn -0.052 -0.730 -0.681
vn -0.137 -0.733 -0.666
vn -0.172 -0.724 -0.668
vn 0.957 -0.270 0.102
vn 0.259 -0.736 -0.625
vn -0.125 -0.585 -0.801
vn -0.050 -0.648 -0.760
vn -0.236 -0.605 -0.760
vn -0.215 -0.574 -0.790
vn 0.801 0.365 0.475
vn 0.937 0.178 0.302
vn 0.890 0.244 0.384
vn -0.841 0.163 0.515
vn -0.123 -0.644 -0.755
vn -0.862 0.033 0.506
vn -0.798 -0.107 0.593
vn -0.396 -0.805 0.441
vn -0.721 -0.162 0.673
vn 0.286 -0.852 -0.439
vn 0.359 -0.220 0.907
vn -0.065 -0.536 -0.842
vn -0.041 -0.458 -0.888
vn 0.012 -0.921 -0.389
vn -0.027 -0.606 -0.795
vn -0.674 -0.197 0.712
vn -0.865 -0.035 0.501
vn -0.741 -0.124 0.660
vn -0.880 0.043 0.472
vn -0.840 0.086 0.536
vn -0.948 0.024 0.319
vn -0.782 -0.145 0.606
vn -0.838 -0.039 0.544
vn -0.892 -0.050 0.449
vn -0.896 -0.094 0.434
vn -0.069 -0.579 -0.813
vn -0.403 -0.309 0.862
vn -0.791 -0.082 0.606
vn -0.120 -0.595 -0.795
vn -0.100 -0.524 -0.846
vn 0.041 -0.505 -0.862
vn -0.019 -0.549 -0.836
vn -0.038 -0.557 -0.829
vn 0.862 -0.507 -0.022
vn 0.046 -0.722 -0.690
vn -0.127 -0.505 -0.854
vn -0.071 -0.524 -0.849
vn -0.176 -0.527 -0.831
vn -0.120 -0.522 -0.845
vn 0.810 0.068 0.583
vn 0.924 0.031 0.381
vn 0.835 -0.059 0.548
vn -0.913 0.005 0.408
vn -0.086 -0.480 -0.873
vn -0.832 -0.072 0.551
vn -0.867 0.023 0.497
vn -0.123 -0.987 0.103
vn -0.819 -0.158 0.552
vn 0.436 -0.731 -0.524
vn 0.242 -0.195 0.951
vn -0.335 -0.407 -0.850
vn -0.424 -0.470 -0.774
vn -0.567 -0.625 -0.536
vn -0.493 -0.474 -0.729
vn -0.427 -0.106 0.898
vn -0.765 0.023 0.644
vn -0.805 -0.216 0.553
vn -0.830 -0.022 0.558
vn -0.834 -0.037 0.550
vn -0.880 0.159 0.448
vn -0.848 -0.150 0.508
vn -0.855 -0.012 0.518
vn -0.832 -0.189 0.522
vn -0.848 0.023 0.529
vn -0.154 -0.554 -0.818
vn -0.191 -0.211 0.959
vn -0.650 -0.017 0.759
vn -0.329 -0.332 -0.884
vn -0.365 -0.484 -0.795
vn -0.340 -0.506 -0.793
vn -0.303 -0.390 -0.870
vn -0.438 -0.521 -0.733
vn 0.819 -0.485 -0.307
vn 0.089 -0.631 -0.771
vn -0.205 -0.338 -0.918
vn -0.245 -0.495 -0.834
vn -0.374 -0.409 -0.832
vn -0.364 -0.466 -0.806
vn 0.838 0.168 0.519
vn 0.992 0.120 -0.024
vn 0.940 0.233 0.248
vn -0.827 0.063 0.558
vn -0.218 -0.394 -0.893
vn 0.375 0.718 0.586
vn 0.982 0.110 0.153
vn -0.440 0.620 0.650
vn -0.888 0.055 0.456
vn 0.768 0.498 0.402
vn -0.754 -0.640 0.149
vn -0.893 -0.442 -0.090
vn -0.700 -0.694 0.168
vn 0.388 0.547 0.742
vn 0.993 0.108 -0.045
vn 0.707 0.481 0.518
vn -0.652 -0.719 -0.239
vn -0.771 -0.627 0.110
vn -0.539 -0.838 -0.086
vn 0.562 0.580 0.590
vn 0.948 0.314 -0.051
vn 0.679 0.555 0.480
vn -0.611 -0.788 -0.071
vn -0.587 -0.802 0.108
vn -0.532 -0.836 -0.131
vn 0.859 0.477 0.187
vn 0.855 0.295 -0.427
vn 0.563 -0.131 -0.816
vn 0.028 -0.490 -0.871
vn 0.883 0.469 -0.018
vn -0.644 -0.764 0.043
vn -0.477 -0.875 0.084
vn -0.750 -0.634 -0.190
vn -0.113 0.764 0.636
vn 0.716 0.041 -0.697
vn -0.913 -0.340 0.225
vn -0.498 -0.713 -0.493
vn 0.503 0.702 0.504
vn 0.957 0.244 0.156
vn -0.246 0.671 0.699
vn 0.802 0.460 0.381
vn -0.813 -0.566 0.139
vn -0.852 -0.394 0.345
vn -0.755 -0.655 0.017
vn 0.539 0.600 0.591
vn 0.930 0.345 -0.129
vn 0.710 0.571 0.411
vn -0.763 -0.582 -0.280
vn -0.760 -0.626 -0.174
vn -0.826 -0.521 -0.213
vn 0.586 0.619 0.523
vn 0.864 0.472 -0.174
vn 0.698 0.609 0.376
vn -0.734 -0.679 0.017
vn -0.828 -0.549 -0.113
vn -0.600 -0.798 0.065
vn 0.855 0.515 0.059
vn 0.805 0.299 -0.512
vn 0.466 -0.279 -0.840
vn 0.867 0.468 -0.168
vn -0.160 -0.674 -0.721
vn -0.441 -0.870 -0.220
vn 0.115 0.771 0.626
vn 0.808 0.116 -0.578
vn -0.758 -0.651 -0.045
vn -0.386 0.511 0.768
vn 0.761 0.563 0.324
vn -0.879 -0.405 0.252
vn -0.814 -0.535 0.227
vn -0.794 -0.603 -0.076
vn 0.810 0.576 0.111
vn -0.773 -0.531 -0.348
vn -0.766 -0.565 -0.307
vn -0.834 -0.479 -0.273
vn -0.898 -0.425 -0.110
vn 0.168 -0.615 -0.771
vn -0.950 0.311 -0.038
vn -0.953 -0.170 -0.250
vn 0.808 0.490 0.327
vn 0.884 0.323 0.338
vn 0.814 0.556 0.166
vn 0.016 0.722 0.691
vn -0.755 -0.640 0.146
vn -0.569 -0.779 -0.263
vn -0.152 0.330 0.932
vn -0.630 -0.765 -0.136
vn -0.673 -0.680 -0.291
vn -0.623 -0.743 -0.243
vn -0.776 -0.610 -0.158
vn -0.862 -0.497 0.095
vn -0.857 -0.515 0.014
vn -0.784 -0.619 -0.039
vn 0.924 0.359 -0.134
vn 0.823 0.055 -0.566
vn 0.329 -0.554 -0.765
vn 0.086 -0.732 -0.676
vn 0.909 0.277 -0.311
vn -0.699 -0.667 -0.256
vn -0.346 -0.932 -0.111
vn 0.918 0.151 0.366
vn 0.481 0.750 0.454
vn 0.667 -0.216 -0.713
vn 0.775 0.586 0.236
vn 0.684 0.663 0.303
vn 0.936 0.324 -0.140
vn -0.899 0.404 -0.171
vn -0.936 -0.188 -0.297
vn -0.723 -0.615 -0.316
vn -0.376 -0.911 -0.169
vn -0.409 -0.913 -0.004
vn 0.440 0.765 0.471
vn 0.936 0.325 -0.137
vn 0.864 0.055 -0.501
vn 0.599 -0.295 -0.744
vn 0.933 0.303 -0.196
vn -0.269 -0.959 0.086
vn -0.457 -0.771 0.444
vn 0.915 0.348 -0.203
vn 0.922 0.387 0.028
vn 0.701 0.628 0.337
vn 0.851 0.501 0.159
vn -0.289 0.868 0.404
vn 0.043 0.704 0.709
vn 0.933 0.339 -0.124
vn 0.923 0.226 -0.310
vn -0.869 -0.495 -0.006
vn 0.939 0.322 -0.121
vn 0.498 0.790 0.358
vn 0.862 0.469 0.191
vn 0.839 0.503 0.210
vn 0.852 0.502 0.152
vn 0.900 0.398 -0.177
vn 0.802 0.587 0.115
vn 0.640 0.701 0.314
vn 0.875 0.479 -0.064
vn 0.854 0.519 0.021
vn 0.230 0.882 0.412
vn 0.906 0.333 -0.260
vn 0.150 -0.414 -0.898
vn -0.400 -0.701 -0.591
vn 0.881 0.258 -0.396
vn 0.080 0.710 0.699
vn 0.977 -0.101 -0.190
vn 0.702 0.665 0.255
vn 0.839 0.516 0.173
vn -0.179 -0.620 -0.764
vn 0.587 -0.279 -0.760
vn 0.723 0.551 0.418
vn 0.916 0.400 0.009
vn 0.919 0.377 -0.111
vn 0.906 0.422 -0.037
vn 0.667 0.677 0.313
vn 0.882 0.457 0.114
vn 0.808 0.513 0.290
vn 0.832 0.504 0.230
vn 0.524 0.728 0.442
vn 0.936 0.320 -0.148
vn 0.657 0.679 0.328
vn 0.621 0.538 0.570
vn 0.921 0.170 -0.351
vn -0.376 0.676 0.634
vn 0.427 0.732 0.532
vn 0.988 0.149 -0.040
vn 0.735 -0.640 -0.224
vn 0.273 -0.958 -0.085
vn -0.762 0.418 0.495
vn 0.830 0.494 0.261
vn -0.716 -0.678 -0.168
vn -0.949 -0.309 -0.057
vn -0.379 -0.920 -0.094
vn 0.012 0.772 0.635
vn 0.963 -0.192 -0.190
vn -0.971 0.089 0.222
vn -0.062 -0.998 -0.030
vn -0.610 -0.780 -0.139
vn 0.681 0.542 0.493
vn -0.658 -0.023 0.753
vn 0.381 -0.514 -0.769
vn 0.817 -0.177 -0.548
vn -0.050 0.533 0.845
vn -0.272 -0.847 -0.458
vn -0.802 -0.521 0.292
vn 0.530 -0.218 -0.819
vn 0.924 0.190 -0.333
vn -0.018 -0.759 -0.650
vn -0.776 -0.325 0.540
vn -0.727 -0.289 0.623
vn 0.033 -0.782 -0.623
vn 0.381 -0.479 -0.791
vn -0.536 -0.146 0.831
vn -0.226 0.338 0.913
vn 0.492 0.501 0.712
vn -0.838 -0.457 0.299
vn -0.296 -0.866 -0.403
vn 0.032 0.498 0.867
vn 0.780 -0.115 -0.615
vn 0.831 0.306 0.464
vn 0.176 0.177 0.968
vn 0.788 0.430 0.439
vn -0.642 -0.760 -0.096
vn 0.983 0.108 -0.149
vn 0.582 -0.205 -0.787
vn -0.402 -0.622 -0.672
vn -0.702 -0.294 0.648
vn -0.883 -0.458 0.099
vn 0.969 0.241 0.045
vn 0.736 -0.006 -0.677
vn 0.668 0.217 0.712
vn 0.648 -0.275 -0.710
vn 0.982 0.006 -0.191
vn 0.286 0.596 0.750
vn -0.384 0.287 0.878
vn 0.139 -0.434 -0.890
vn -0.417 -0.127 0.900
vn -0.769 -0.585 -0.258
vn -0.835 -0.430 0.345
vn 0.753 0.618 0.225
vn 0.330 0.210 0.920
vn 0.025 -0.125 0.992
vn -0.484 -0.526 0.700
vn -0.659 -0.567 0.493
vn -0.738 -0.600 0.308
vn 0.615 0.486 0.620
vn 0.509 0.387 -0.769
vn 0.638 0.528 -0.561
vn 0.734 0.586 -0.343
vn 0.777 0.625 -0.073
vn 0.331 0.178 -0.927
vn 0.163 -0.005 -0.987
vn -0.561 -0.571 -0.599
vn -0.675 -0.634 -0.377
vn -0.750 -0.661 0.017
vn -0.041 -0.181 -0.983
vn 0.701 0.675 0.232
vn 0.260 0.250 0.933
vn -0.059 -0.108 0.992
vn -0.452 -0.512 0.730
vn -0.634 -0.573 0.520
vn -0.715 -0.645 0.270
vn 0.537 0.545 0.644
vn 0.538 0.340 -0.772
vn 0.658 0.516 -0.548
vn 0.712 0.626 -0.317
vn 0.734 0.676 -0.061
vn 0.345 0.125 -0.930
vn 0.207 0.061 -0.976
vn -0.500 -0.577 -0.646
vn -0.613 -0.666 -0.425
vn -0.697 -0.715 -0.057
vn 0.024 -0.100 -0.995
vn 0.652 0.716 0.250
vn 0.181 0.269 0.946
vn -0.127 -0.102 0.987
vn -0.466 -0.459 0.756
vn -0.649 -0.537 0.539
vn -0.709 -0.672 0.214
vn 0.459 0.579 0.674
vn 0.610 0.325 -0.722
vn 0.704 0.464 -0.537
vn 0.739 0.597 -0.311
vn 0.718 0.694 -0.048
vn 0.442 0.231 -0.867
vn 0.255 0.124 -0.959
vn -0.435 -0.594 -0.677
vn -0.558 -0.718 -0.416
vn -0.645 -0.755 -0.116
vn 0.000 -0.248 -0.969
vn 0.598 0.758 0.259
vn 0.036 0.351 0.936
vn -0.231 -0.018 0.973
vn -0.526 -0.356 0.772
vn -0.666 -0.503 0.550
vn -0.723 -0.672 0.159
vn 0.341 0.653 0.676
vn 0.690 0.268 -0.672
vn 0.746 0.420 -0.517
vn 0.767 0.559 -0.315
vn 0.713 0.698 -0.059
vn 0.616 0.168 -0.770
vn 0.371 -0.090 -0.924
vn -0.359 -0.692 -0.626
vn -0.515 -0.757 -0.402
vn -0.631 -0.760 -0.156
vn 0.040 -0.395 -0.918
vn 0.566 0.785 0.251
vn -0.103 0.513 0.852
vn -0.431 0.223 0.874
vn -0.686 -0.149 0.713
vn -0.748 -0.402 0.528
vn -0.752 -0.647 0.124
vn 0.269 0.720 0.640
vn 0.724 0.205 -0.659
vn 0.762 0.407 -0.504
vn 0.773 0.553 -0.311
vn 0.719 0.690 -0.084
vn 0.681 0.077 -0.728
vn 0.451 -0.271 -0.850
vn -0.290 -0.779 -0.557
vn -0.461 -0.792 -0.401
vn -0.623 -0.756 -0.199
vn 0.101 -0.583 -0.806
vn 0.574 0.784 0.238
vn -0.121 0.660 0.742
vn -0.501 0.431 0.751
vn -0.821 0.051 0.568
vn -0.875 -0.239 0.421
vn -0.803 -0.593 0.068
vn 0.270 0.781 0.563
vn 0.742 0.112 -0.661
vn 0.789 0.351 -0.505
vn 0.782 0.545 -0.304
vn 0.730 0.677 -0.093
vn 0.689 -0.044 -0.724
vn 0.420 -0.443 -0.792
vn -0.248 -0.797 -0.551
vn -0.413 -0.801 -0.433
vn -0.597 -0.760 -0.258
vn 0.163 -0.630 -0.759
vn 0.599 0.756 0.263
vn -0.032 0.670 0.742
vn -0.417 0.432 0.800
vn -0.797 0.041 0.603
vn -0.881 -0.235 0.410
vn -0.800 -0.596 0.064
vn 0.330 0.768 0.548
vn 0.760 0.053 -0.647
vn 0.833 0.270 -0.483
vn 0.835 0.477 -0.274
vn 0.770 0.636 -0.051
vn 0.654 -0.167 -0.738
vn 0.381 -0.517 -0.766
vn -0.273 -0.812 -0.516
vn -0.414 -0.816 -0.402
vn -0.570 -0.784 -0.247
vn 0.235 -0.618 -0.750
vn 0.612 0.734 0.296
vn 0.018 0.630 0.776
vn -0.321 0.421 0.848
vn -0.704 0.033 0.709
vn -0.819 -0.296 0.492
vn -0.761 -0.626 0.170
vn 0.332 0.745 0.578
vn 0.793 0.006 -0.610
vn 0.862 0.256 -0.438
vn 0.858 0.456 -0.237
vn 0.792 0.610 -0.010
vn 0.619 -0.288 -0.730
vn 0.325 -0.603 -0.728
vn -0.287 -0.843 -0.454
vn -0.436 -0.842 -0.316
vn -0.560 -0.812 -0.162
vn 0.234 -0.678 -0.697
vn 0.582 0.745 0.326
vn -0.039 0.636 0.771
vn -0.286 0.469 0.835
vn -0.657 0.074 0.751
vn -0.782 -0.327 0.530
vn -0.738 -0.619 0.268
vn 0.301 0.753 0.585
vn 0.827 0.045 -0.560
vn 0.878 0.234 -0.417
vn 0.861 0.461 -0.213
vn 0.776 0.630 0.028
vn 0.600 -0.368 -0.710
vn 0.312 -0.639 -0.703
vn -0.309 -0.868 -0.389
vn -0.486 -0.852 -0.196
vn -0.580 -0.812 -0.057
vn 0.218 -0.700 -0.680
vn 0.553 0.752 0.359
vn -0.038 0.676 0.736
vn -0.321 0.516 0.794
vn -0.650 0.117 0.751
vn -0.780 -0.314 0.541
vn -0.747 -0.588 0.310
vn 0.291 0.765 0.575
vn 0.852 0.053 -0.521
vn 0.887 0.261 -0.380
vn 0.865 0.472 -0.168
vn 0.756 0.648 0.095
vn 0.655 -0.356 -0.666
vn 0.410 -0.589 -0.696
vn -0.360 -0.881 -0.306
vn -0.514 -0.847 -0.133
vn -0.629 -0.776 0.040
vn 0.248 -0.700 -0.669
vn 0.569 0.730 0.380
vn 0.031 0.716 0.698
vn -0.313 0.551 0.774
vn -0.666 0.095 0.740
vn -0.767 -0.305 0.564
vn -0.745 -0.576 0.337
vn 0.319 0.764 0.561
vn 0.883 0.091 -0.461
vn 0.905 0.318 -0.282
vn 0.862 0.504 -0.063
vn 0.743 0.646 0.174
vn 0.778 -0.181 -0.602
vn 0.531 -0.515 -0.673
vn -0.375 -0.885 -0.275
vn -0.525 -0.845 -0.101
vn -0.658 -0.742 0.125
vn 0.340 -0.652 -0.678
vn 0.579 0.727 0.370
vn 0.122 0.752 0.648
vn -0.246 0.612 0.751
vn -0.692 0.040 0.721
vn -0.755 -0.311 0.577
vn -0.740 -0.537 0.404
vn 0.378 0.767 0.518
vn 0.902 0.220 -0.371
vn 0.887 0.434 -0.156
vn 0.818 0.573 0.050
vn 0.712 0.664 0.226
vn 0.827 -0.082 -0.556
vn 0.639 -0.388 -0.664
vn -0.401 -0.874 -0.276
vn -0.578 -0.815 -0.046
vn -0.687 -0.700 0.196
vn 0.423 -0.581 -0.695
vn 0.582 0.740 0.338
vn 0.179 0.780 0.599
vn -0.170 0.639 0.750
vn -0.706 -0.030 0.708
vn -0.757 -0.327 0.565
vn -0.752 -0.484 0.447
vn 0.414 0.784 0.463
vn 0.919 0.288 -0.269
vn 0.867 0.497 -0.046
vn 0.781 0.614 0.115
vn 0.677 0.694 0.245
vn 0.863 -0.019 -0.505
vn 0.708 -0.286 -0.646
vn -0.456 -0.859 -0.232
vn -0.647 -0.760 0.062
vn -0.725 -0.623 0.293
vn 0.479 -0.520 -0.707
vn 0.586 0.762 0.276
vn 0.199 0.807 0.556
vn -0.184 0.655 0.732
vn -0.723 0.012 0.691
vn -0.800 -0.254 0.544
vn -0.817 -0.399 0.416
vn 0.441 0.808 0.391
vn 0.934 0.287 -0.215
vn 0.879 0.477 -0.020
vn 0.798 0.594 0.102
vn 0.694 0.693 0.195
vn 0.892 0.026 -0.450
vn 0.759 -0.178 -0.627
vn -0.525 -0.828 -0.198
vn -0.710 -0.698 0.096
vn -0.789 -0.544 0.284
vn 0.506 -0.431 -0.747
vn 0.664 0.736 0.133
vn 0.285 0.878 0.386
vn -0.150 0.840 0.521
vn -0.850 0.252 0.463
vn -0.913 -0.054 0.405
vn -0.900 -0.286 0.328
vn 0.513 0.818 0.258
vn 0.897 0.353 -0.268
vn 0.872 0.466 -0.149
vn 0.827 0.559 -0.063
vn 0.761 0.648 0.021
vn 0.878 0.203 -0.433
vn 0.812 0.091 -0.576
vn -0.593 -0.803 -0.058
vn -0.756 -0.646 0.108
vn -0.851 -0.474 0.226
vn 0.424 -0.298 -0.855
vn 0.409 0.839 0.359
vn -0.321 0.914 0.249
vn -0.915 0.247 -0.320
vn 0.137 0.929 0.344
vn 0.835 0.549 -0.043
vn 0.783 0.619 0.057
vn 0.700 0.693 0.173
vn 0.582 0.760 0.288
vn 0.867 0.479 -0.138
vn 0.876 0.310 -0.370
vn 0.644 0.269 0.717
vn 0.966 0.026 0.259
vn 0.801 0.585 0.124
vn 0.967 0.234 -0.103
vn 0.927 0.366 -0.082
vn 0.904 0.387 -0.184
vn 0.884 0.414 -0.217
vn 0.150 -0.903 -0.403
vn -0.827 -0.321 -0.462
vn -0.746 0.661 0.082
vn -0.950 0.199 -0.242
vn 0.769 0.315 0.556
vn 0.407 0.653 0.638
vn -0.200 0.873 0.445
vn 0.891 -0.414 0.188
vn -0.389 -0.763 -0.516
vn 0.620 -0.774 -0.130
vn 0.137 -0.909 -0.393
vn -0.883 -0.302 -0.360
vn -0.763 0.642 0.080
vn -0.958 0.196 -0.208
vn 0.783 0.269 0.560
vn 0.407 0.672 0.619
vn -0.214 0.864 0.455
vn 0.860 -0.459 0.225
vn -0.404 -0.775 -0.485
vn 0.591 -0.800 -0.105
vn 0.100 -0.923 -0.371
vn -0.884 -0.278 -0.377
vn -0.794 0.597 0.115
vn -0.969 0.200 -0.145
vn 0.750 0.203 0.630
vn 0.383 0.633 0.672
vn -0.263 0.835 0.484
vn 0.783 -0.548 0.293
vn -0.389 -0.763 -0.516
vn 0.544 -0.837 -0.058
vn 0.078 -0.940 -0.332
vn -0.841 -0.321 -0.435
vn -0.803 0.574 0.162
vn -0.974 0.181 -0.136
vn 0.665 0.092 0.741
vn 0.321 0.606 0.727
vn -0.271 0.805 0.527
vn 0.669 -0.639 0.380
vn -0.393 -0.779 -0.488
vn 0.465 -0.885 0.016
vn 0.037 -0.977 -0.212
vn -0.843 -0.358 -0.401
vn -0.824 0.520 0.224
vn -0.976 0.074 -0.207
vn 0.437 0.032 0.899
vn 0.241 0.570 0.786
vn -0.296 0.778 0.555
vn 0.405 -0.691 0.599
vn -0.379 -0.841 -0.386
vn 0.340 -0.931 0.132
vn -0.007 -1.000 0.030
vn -0.668 -0.650 -0.363
vn -0.956 0.293 0.006
vn -0.948 -0.121 -0.294
vn 0.224 0.295 0.929
vn 0.128 0.711 0.692
vn -0.434 0.777 0.455
vn -0.113 -0.286 0.952
vn -0.229 -0.939 -0.259
vn -0.125 -0.836 0.535
vn -0.878 -0.282 -0.386
vn -0.518 -0.783 -0.343
vn -0.375 -0.912 -0.165
vn -0.398 -0.906 -0.142
vn -0.384 -0.886 -0.260
vn -0.404 -0.889 -0.215
vn -0.413 -0.890 -0.194
vn -0.555 -0.820 -0.140
vn -0.863 -0.385 -0.328
vn -0.634 -0.769 0.084
vn -0.756 -0.643 0.121
vn -0.848 -0.460 -0.262
vn -0.725 -0.660 0.197
vn -0.787 -0.591 0.180
vn -0.796 -0.463 -0.390
vn -0.714 -0.697 0.069
vn -0.783 -0.619 0.060
vn -0.425 -0.509 -0.748
vn -0.501 -0.835 -0.230
vn 0.922 0.353 -0.160
vn 0.869 0.487 0.083
vn 0.490 -0.345 -0.801
vn 0.907 0.263 -0.329
vn 0.682 0.656 0.322
vn 0.727 0.633 0.264
vn 0.885 0.465 -0.008
vn -0.831 -0.523 -0.187
vn -0.461 -0.771 -0.439
vn 0.853 0.510 0.114
vn 0.383 0.802 0.459
vn 0.924 0.333 -0.189
vn -0.337 0.849 0.407
vn 0.617 0.698 0.364
vn 0.134 -0.563 -0.816
vn -0.410 -0.799 -0.440
vn -0.105 0.933 0.343
vn -0.914 -0.140 -0.380
vn -0.526 -0.583 -0.619
vn -0.712 -0.638 -0.295
vn 0.059 -0.468 -0.882
vn -0.817 -0.560 -0.135
vn -0.971 -0.058 -0.233
vn -0.928 -0.351 -0.124
vn -0.747 0.665 0.032
vn 0.501 0.462 0.732
vn 0.587 0.147 0.796
vn 0.667 -0.060 0.743
vn 0.642 -0.086 0.761
vn 0.638 -0.164 0.753
vn 0.684 -0.327 0.652
vn 0.712 -0.534 0.456
vn 0.676 -0.704 0.216
vn 0.623 -0.782 0.010
vn 0.626 -0.780 -0.016
vn 0.700 -0.702 0.129
vn 0.731 -0.626 0.273
vn 0.327 0.737 0.592
vn 0.174 0.776 0.607
vn 0.094 0.717 0.691
vn 0.086 0.613 0.786
vn 0.229 0.444 0.866
vn 0.339 0.241 0.909
vn 0.274 0.054 0.960
vn 0.132 -0.016 0.991
vn -0.004 -0.074 0.997
vn -0.048 -0.163 0.985
vn -0.092 -0.190 0.977
vn -0.128 -0.214 0.969
vn -0.153 -0.207 0.966
vn -0.268 -0.229 0.936
vn -0.311 -0.288 0.906
vn -0.258 -0.352 0.900
vn -0.218 -0.372 0.902
vn -0.529 0.357 0.769
vn -0.525 0.316 0.790
vn -0.524 0.324 0.787
vn -0.632 0.547 0.550
vn -0.904 0.402 -0.143
vn -0.511 0.363 0.779
vn 0.279 -0.193 -0.941
vn 0.282 -0.055 -0.958
vn 0.117 -0.027 -0.993
vn -0.095 -0.031 -0.995
vn -0.264 0.008 -0.964
vn -0.322 0.027 -0.946
vn 0.143 -0.412 -0.900
vn 0.064 -0.524 -0.849
vn -0.091 -0.421 -0.903
vn -0.198 -0.338 -0.920
vn -0.247 -0.289 -0.925
vn 0.075 -0.515 -0.854
vn 0.147 -0.319 -0.936
vn -0.338 -0.293 -0.894
vn -0.343 -0.337 -0.877
vn -0.334 -0.350 -0.875
vn -0.270 -0.321 -0.908
vn -0.234 -0.300 -0.925
vn -0.150 -0.263 -0.953
vn -0.076 -0.322 -0.944
vn -0.027 -0.453 -0.891
vn 0.038 -0.617 -0.786
vn 0.056 -0.676 -0.735
vn 0.042 -0.721 -0.691
vn 0.069 -0.757 -0.650
vn 0.101 -0.761 -0.641
vn 0.111 -0.775 -0.622
vn 0.145 -0.771 -0.620
vn 0.199 -0.730 -0.655
vn 0.237 -0.689 -0.685
vn 0.226 -0.655 -0.721
vn 0.076 -0.595 -0.800
vn 0.837 0.243 -0.491
vn -0.784 -0.615 -0.083
vn -0.673 -0.731 -0.117
vn -0.743 -0.663 -0.094
vn -0.780 -0.596 0.190
vn -0.743 -0.625 -0.240
vn -0.740 -0.658 -0.140
vn -0.481 -0.872 0.097
vn -0.469 -0.862 -0.192
vn -0.706 0.254 0.661
vn -0.746 -0.659 0.096
vn -0.568 -0.823 0.020
vn -0.554 -0.119 0.824
vn -0.166 0.560 0.812
vn -0.706 0.009 0.708
vn -0.674 -0.670 0.311
vn 0.211 0.728 0.652
vn 0.122 0.727 0.675
vn 0.137 0.827 0.545
vn -0.684 0.725 -0.081
vn -0.686 -0.631 -0.362
vn -0.678 -0.721 -0.141
vn -0.763 -0.644 0.056
vn -0.796 -0.567 -0.210
vn -0.688 -0.722 -0.068
vn -0.742 -0.552 -0.379
vn -0.578 -0.766 -0.282
vn -0.788 -0.449 -0.422
vn -0.582 -0.719 -0.381
vn -0.820 -0.218 0.529
vn 0.429 -0.157 -0.890
vn 0.288 -0.091 -0.953
vn 0.090 -0.065 -0.994
vn -0.086 -0.053 -0.995
vn -0.247 -0.024 -0.969
vn -0.324 -0.026 -0.946
vn 0.195 -0.533 -0.823
vn -0.261 -0.716 -0.647
vn -0.359 -0.575 -0.736
vn -0.353 -0.473 -0.807
vn -0.402 -0.452 -0.796
vn 0.034 -0.689 -0.724
vn -0.459 -0.433 -0.776
vn -0.466 -0.466 -0.752
vn -0.494 -0.483 -0.724
vn -0.411 -0.430 -0.804
vn 0.599 -0.173 -0.782
vn -0.398 -0.419 -0.816
vn -0.336 -0.437 -0.834
vn -0.242 -0.449 -0.860
vn -0.163 -0.567 -0.807
vn -0.105 -0.703 -0.704
vn -0.117 -0.762 -0.637
vn -0.138 -0.782 -0.608
vn -0.135 -0.818 -0.559
vn -0.141 -0.845 -0.517
vn -0.129 -0.861 -0.492
vn -0.089 -0.860 -0.503
vn -0.069 -0.840 -0.538
vn -0.070 -0.831 -0.551
vn -0.105 -0.808 -0.580
vn -0.318 -0.882 -0.348
vn 0.845 -0.002 -0.534
vn 0.310 -0.357 -0.881
vn 0.602 -0.136 -0.787
vn 0.791 -0.070 -0.607
vn -0.490 0.299 0.819
vn -0.491 0.354 0.796
vn -0.535 0.246 0.808
vn -0.623 0.254 0.740
vn -0.695 0.260 0.670
vn -0.589 0.034 0.807
vn -0.405 -0.231 0.885
vn -0.299 -0.341 0.891
vn -0.254 -0.360 0.898
vn 0.736 0.669 0.108
vn 0.617 0.761 0.201
vn 0.899 0.143 -0.413
vn 0.925 0.313 -0.216
vn -0.861 -0.152 0.486
vn -0.805 0.102 0.584
vn 0.813 0.007 -0.583
vn 0.519 -0.342 -0.783
vn -0.866 -0.333 0.372
vn -0.569 -0.812 -0.129
vn 0.446 0.832 0.329
vn 0.182 0.856 0.484
vn -0.735 -0.671 0.100
vn 0.819 0.572 0.030
vn -0.242 0.718 0.652
vn -0.825 -0.507 0.249
vn 0.887 0.458 -0.066
vn -0.606 0.371 0.703
vn 0.202 -0.573 -0.794
vn -0.171 -0.787 -0.593
vn 0.019 -0.516 -0.856
vn 0.515 -0.167 -0.841
vn 0.839 0.190 -0.510
vn 0.870 0.273 -0.411
vn 0.876 0.408 -0.257
vn 0.857 0.489 -0.161
vn 0.821 0.567 -0.066
vn 0.764 0.644 0.035
vn 0.672 0.725 0.148
vn 0.527 0.805 0.271
vn 0.307 0.874 0.377
vn -0.114 0.885 0.452
vn -0.386 -0.772 -0.505
vn -0.586 -0.798 -0.142
vn -0.751 -0.660 0.027
vn -0.867 -0.481 0.128
vn -0.963 -0.237 0.129
vn -0.970 0.202 0.139
vn -0.877 0.436 0.202
vn -0.531 0.783 0.324
vn 0.963 -0.213 0.163
vn 0.937 -0.344 -0.061
vn 0.950 -0.311 0.035
vn 0.405 -0.255 -0.878
vn 0.235 -0.258 -0.937
vn 0.073 -0.267 -0.961
vn -0.124 -0.291 -0.949
vn -0.212 -0.270 -0.939
vn -0.197 -0.256 -0.946
vn 0.612 -0.301 -0.731
vn 0.748 -0.361 -0.557
vn 0.893 -0.373 -0.253
vn 0.590 -0.251 -0.768
vn 0.939 -0.297 0.172
vn 0.949 -0.308 -0.071
vn 0.962 -0.263 0.071
vn 0.334 -0.309 -0.891
vn 0.160 -0.337 -0.928
vn -0.009 -0.359 -0.933
vn -0.103 -0.334 -0.937
vn -0.197 -0.304 -0.932
vn -0.208 -0.322 -0.924
vn 0.707 -0.323 -0.629
vn 0.765 -0.410 -0.497
vn 0.889 -0.382 -0.254
vn 0.568 -0.292 -0.770
vn 0.946 -0.168 0.278
vn 0.956 -0.279 -0.093
vn 0.977 -0.192 0.097
vn 0.227 -0.393 -0.891
vn 0.091 -0.372 -0.924
vn 0.008 -0.328 -0.945
vn -0.084 -0.297 -0.951
vn -0.262 -0.291 -0.920
vn -0.233 -0.311 -0.921
vn 0.702 -0.352 -0.619
vn 0.831 -0.329 -0.448
vn 0.905 -0.330 -0.268
vn 0.428 -0.397 -0.812
vn 0.949 -0.049 0.311
vn 0.973 -0.189 -0.130
vn 0.988 -0.150 0.045
vn 0.247 -0.290 -0.924
vn 0.136 -0.237 -0.962
vn 0.003 -0.217 -0.976
vn -0.173 -0.219 -0.960
vn -0.292 -0.205 -0.934
vn -0.161 -0.182 -0.970
vn 0.586 -0.362 -0.725
vn 0.801 -0.292 -0.522
vn 0.921 -0.232 -0.314
vn 0.384 -0.348 -0.855
vn 0.962 -0.011 0.272
vn 0.972 -0.124 -0.201
vn 0.996 -0.085 -0.001
vn 0.272 -0.135 -0.953
vn 0.090 -0.132 -0.987
vn -0.082 -0.139 -0.987
vn -0.210 -0.122 -0.970
vn -0.241 -0.100 -0.965
vn -0.113 -0.097 -0.989
vn 0.568 -0.227 -0.791
vn 0.725 -0.245 -0.643
vn 0.880 -0.198 -0.432
vn 0.422 -0.174 -0.890
vn 0.976 -0.071 0.204
vn 0.947 -0.124 -0.296
vn 0.995 -0.083 -0.051
vn 0.223 -0.073 -0.972
vn 0.019 -0.081 -0.997
vn -0.104 -0.072 -0.992
vn -0.208 -0.056 -0.977
vn -0.233 -0.058 -0.971
vn -0.113 -0.058 -0.992
vn 0.594 -0.091 -0.799
vn 0.724 -0.141 -0.675
vn 0.835 -0.170 -0.524
vn 0.424 -0.071 -0.903
vn 0.982 -0.120 0.144
vn 0.925 -0.098 -0.368
vn 0.988 -0.108 -0.113
vn 0.177 -0.031 -0.984
vn -0.001 -0.056 -0.998
vn -0.089 -0.055 -0.994
vn -0.205 -0.038 -0.978
vn -0.228 -0.028 -0.973
vn -0.117 -0.030 -0.993
vn 0.582 0.026 -0.813
vn 0.745 0.019 -0.666
vn 0.844 -0.038 -0.535
vn 0.392 0.002 -0.920
vn 0.989 -0.104 0.104
vn 0.934 0.093 -0.344
vn 0.991 -0.036 -0.130
vn 0.123 -0.046 -0.991
vn -0.010 -0.074 -0.997
vn -0.054 -0.062 -0.997
vn -0.160 -0.035 -0.987
vn -0.201 -0.002 -0.980
vn -0.146 0.002 -0.989
vn 0.497 0.077 -0.865
vn 0.686 0.182 -0.704
vn 0.839 0.196 -0.508
vn 0.333 0.016 -0.943
vn 0.970 0.159 0.182
vn 0.924 0.334 -0.187
vn 0.970 0.243 0.024
vn 0.304 -0.098 0.948
vn 0.090 -0.038 -0.995
vn 0.012 -0.023 -1.000
vn -0.006 0.016 -1.000
vn -0.082 0.050 -0.995
vn -0.164 0.074 -0.984
vn -0.123 0.102 -0.987
vn 0.019 -0.119 0.993
vn 0.604 0.226 -0.764
vn 0.797 0.311 -0.517
vn 0.235 0.107 -0.966
vn 0.950 0.191 0.248
vn 0.945 0.305 -0.118
vn 0.959 0.258 0.120
vn 0.160 -0.111 0.981
vn 0.134 0.234 -0.963
vn 0.070 0.221 -0.973
vn 0.023 0.210 -0.977
vn -0.023 0.219 -0.976
vn -0.058 0.246 -0.967
vn -0.028 0.279 -0.960
vn 0.591 0.241 -0.770
vn 0.819 0.299 -0.489
vn 0.233 0.235 -0.944
vn 0.971 -0.159 0.181
vn 0.933 -0.313 0.179
vn 0.910 -0.308 0.278
vn 0.872 0.016 0.490
vn 0.912 -0.058 0.407
vn 0.453 0.119 0.883
vn 0.609 0.052 0.791
vn 0.821 0.039 0.569
vn -0.079 -0.035 0.996
vn -0.116 0.047 0.992
vn 0.055 -0.088 0.995
vn 0.487 0.079 0.870
vn 0.638 0.038 0.769
vn 0.823 -0.140 0.551
vn 0.239 -0.143 0.960
vn -0.053 0.064 0.997
vn 0.225 -0.040 0.974
vn 0.483 -0.054 0.874
vn 0.662 -0.067 0.746
vn 0.787 -0.091 0.611
vn 0.021 -0.009 1.000
vn -0.125 -0.003 0.992
vn 0.453 -0.163 0.876
vn 0.670 -0.144 0.728
vn 0.749 0.004 0.663
vn 0.259 0.114 0.959
vn 0.070 0.082 0.994
vn 0.443 -0.069 0.894
vn 0.599 -0.021 0.800
vn 0.724 0.013 0.689
vn 0.243 0.104 0.964
vn 0.113 0.064 0.992
vn 0.865 -0.025 0.502
vn 0.902 -0.118 0.416
vn 0.940 -0.133 0.313
vn 0.931 0.109 0.350
vn 0.404 0.159 -0.901
vn -0.029 -0.059 0.998
vn -0.060 0.118 0.991
vn -0.015 -0.017 1.000
vn -0.142 0.022 0.990
vn -0.245 0.103 0.964
vn -0.222 0.185 0.957
vn -0.110 0.062 0.992
vn -0.088 0.072 0.993
vn -0.109 0.073 0.991
vn 0.316 0.052 0.947
vn 0.112 0.006 0.994
vn 0.800 0.117 0.588
vn 0.431 0.061 0.900
vn 0.609 0.085 0.789
vn 0.902 0.157 0.402
vn 0.920 0.222 0.324
vn 0.952 0.302 -0.056
vn 0.945 0.274 0.181
vn 0.612 0.264 -0.746
vn 0.846 0.290 -0.447
vn 0.337 0.116 0.934
vn 0.145 0.128 0.981
vn 0.765 0.139 0.629
vn 0.440 0.107 0.891
vn 0.604 0.108 0.790
vn 0.874 0.178 0.452
vn 0.797 0.340 -0.499
vn 0.609 0.229 -0.759
vn 0.990 0.064 0.124
vn 0.985 0.162 -0.066
vn 0.916 0.304 -0.263
vn 0.280 0.013 -0.960
vn -0.049 0.172 -0.984
vn -0.117 0.186 -0.975
vn -0.059 0.228 -0.972
vn 0.111 0.126 -0.986
vn 0.061 0.163 -0.985
vn -0.014 -0.073 0.997
vn 0.025 0.177 -0.984
vn 0.953 -0.004 0.303
vn 0.277 -0.156 0.948
vn 0.110 -0.112 0.988
vn 0.452 -0.180 0.874
vn 0.652 -0.102 0.751
vn 0.856 -0.075 0.511
vn 0.437 0.115 -0.892
vn 0.759 0.143 0.635
vn 0.194 -0.030 0.980
vn 0.358 0.008 0.934
vn 0.808 0.300 -0.507
vn 0.568 0.289 -0.770
vn 0.931 0.314 0.187
vn 0.944 0.316 -0.093
vn 0.888 0.265 0.375
vn 0.853 0.189 0.487
vn 0.616 0.110 0.780
vn 0.453 0.057 0.890
vn 0.381 0.226 -0.896
vn 0.394 0.256 -0.883
vn 0.341 0.298 -0.892
vn 0.118 0.195 -0.974
vn 0.070 0.182 -0.981
vn 0.069 0.216 -0.974
vn 0.051 0.278 -0.959
vn 0.003 0.328 -0.945
vn 0.000 0.368 -0.930
vn 0.115 0.342 -0.933
vn 0.128 0.361 -0.924
vn 0.148 0.398 -0.905
vn 0.105 0.417 -0.903
vn 0.041 0.429 -0.902
vn -0.009 0.422 -0.907
vn 0.178 0.555 -0.812
vn 0.150 0.558 -0.816
vn 0.129 0.552 -0.824
vn 0.079 0.517 -0.852
vn 0.004 0.479 -0.878
vn -0.027 0.429 -0.903
vn 0.230 0.229 -0.946
vn 0.171 0.283 -0.944
vn 0.539 0.441 -0.717
vn 0.275 0.473 -0.837
vn 0.114 0.523 -0.845
vn -0.025 0.527 -0.849
vn -0.058 0.501 -0.863
vn -0.172 0.468 -0.867
vn -0.319 0.397 -0.860
vn 0.360 0.549 -0.754
vn 0.605 0.391 -0.694
vn 0.421 0.464 -0.780
vn 0.348 0.259 -0.901
vn 0.171 0.309 -0.936
vn 0.007 0.335 -0.942
vn -0.133 0.365 -0.921
vn -0.293 0.297 -0.909
vn -0.569 0.175 -0.804
vn 0.719 0.237 -0.653
vn 0.326 0.097 -0.941
vn 0.121 0.077 -0.990
vn -0.048 0.088 -0.995
vn -0.266 0.089 -0.960
vn -0.506 0.038 -0.862
vn -0.786 0.015 -0.619
vn 0.529 0.258 -0.809
vn 0.705 0.158 -0.691
vn 0.252 -0.140 -0.957
vn 0.032 -0.181 -0.983
vn -0.151 -0.216 -0.965
vn -0.374 -0.202 -0.905
vn -0.553 -0.170 -0.815
vn -0.854 -0.091 -0.513
vn 0.535 0.127 -0.835
vn 0.698 0.070 -0.713
vn 0.168 -0.355 -0.920
vn -0.089 -0.413 -0.906
vn -0.262 -0.445 -0.856
vn -0.397 -0.430 -0.811
vn -0.519 -0.362 -0.774
vn -0.895 -0.192 -0.403
vn 0.498 -0.053 -0.866
vn 0.658 -0.125 -0.743
vn 0.060 -0.573 -0.818
vn -0.224 -0.634 -0.741
vn -0.336 -0.648 -0.684
vn -0.395 -0.613 -0.684
vn -0.518 -0.569 -0.639
vn -0.907 -0.327 -0.265
vn 0.433 -0.264 -0.862
vn 0.597 -0.263 -0.758
vn -0.072 -0.652 -0.755
vn -0.369 -0.661 -0.654
vn -0.405 -0.737 -0.540
vn -0.421 -0.740 -0.524
vn -0.546 -0.702 -0.458
vn -0.843 -0.459 -0.282
vn 0.340 -0.455 -0.823
vn 0.505 -0.326 -0.799
vn -0.161 -0.483 -0.861
vn -0.382 -0.348 -0.856
vn -0.519 -0.743 -0.423
vn -0.615 -0.712 -0.339
vn -0.756 -0.563 -0.333
vn 0.217 -0.539 -0.814
vn 0.914 0.207 -0.350
vn 0.783 0.304 -0.543
vn 0.941 0.190 0.279
vn 0.983 0.181 -0.015
vn 0.816 0.207 0.540
vn 0.756 0.173 0.632
vn 0.916 0.264 -0.301
vn 0.777 0.333 -0.534
vn 0.956 0.157 0.248
vn 0.980 0.198 -0.012
vn 0.881 0.148 0.448
vn 0.747 0.151 0.648
vn 0.943 0.290 -0.160
vn 0.855 0.263 -0.447
vn 0.914 0.224 0.338
vn 0.953 0.269 0.140
vn 0.821 0.210 0.532
vn 0.665 0.176 0.726
vn 0.931 0.288 -0.225
vn 0.829 0.207 -0.519
vn 0.900 0.243 0.361
vn 0.943 0.300 0.142
vn 0.825 0.216 0.522
vn 0.632 0.201 0.749
vn 0.939 0.222 -0.263
vn 0.826 0.145 -0.545
vn 0.880 0.230 0.416
vn 0.951 0.262 0.163
vn 0.817 0.188 0.545
vn 0.622 0.175 0.763
vn 0.956 0.126 -0.266
vn 0.830 0.028 -0.557
vn 0.872 0.219 0.437
vn 0.966 0.193 0.171
vn 0.787 0.208 0.581
vn 0.614 0.186 0.767
vn 0.961 0.023 -0.277
vn 0.810 -0.096 -0.579
vn 0.886 0.164 0.434
vn 0.978 0.128 0.165
vn 0.813 0.173 0.557
vn 0.633 0.176 0.754
vn 0.955 -0.010 -0.297
vn 0.782 -0.104 -0.615
vn 0.889 0.147 0.434
vn 0.987 0.073 0.140
vn -0.119 0.072 0.990
vn -0.136 0.151 0.979
vn 0.645 0.080 0.760
vn 0.134 -0.240 0.962
vn 0.243 -0.220 0.945
vn 0.437 -0.070 0.897
vn 0.314 -0.184 0.931
vn 0.597 0.098 0.796
vn 0.180 -0.178 0.967
vn 0.261 -0.183 0.948
vn 0.304 -0.066 0.950
vn 0.200 -0.176 0.964
vn 0.433 0.074 0.898
vn 0.114 -0.252 0.961
vn 0.207 -0.166 0.964
vn 0.107 0.028 0.994
vn 0.134 -0.025 0.991
vn 0.408 0.142 0.902
vn 0.098 -0.439 0.893
vn -0.081 -0.168 0.982
vn 0.116 0.158 0.981
vn -0.137 0.125 0.983
vn 0.357 0.170 0.918
vn 0.006 -0.476 0.880
vn -0.454 -0.007 0.891
vn 0.113 0.123 0.986
vn -0.233 0.092 0.968
vn 0.346 0.212 0.914
vn -0.542 -0.200 0.816
vn -0.596 0.127 0.793
vn 0.062 0.208 0.976
vn -0.236 0.164 0.958
vn 0.389 0.202 0.899
vn -0.643 0.148 0.752
vn 0.087 0.211 0.974
vn -0.251 0.234 0.939
vn -0.008 -0.237 0.971
vn 0.056 -0.191 0.980
vn 0.031 -0.268 0.963
vn 0.080 -0.431 0.899
vn 0.141 -0.454 0.880
vn 0.394 -0.613 0.685
vn 0.506 -0.004 0.862
vn 0.361 -0.104 0.927
vn 0.128 -0.194 0.973
vn 0.040 -0.206 0.978
vn 0.686 0.081 0.723
vn 0.268 -0.174 0.947
vn 0.493 -0.764 0.416
vn 0.318 -0.945 0.071
vn -0.618 -0.782 -0.082
vn -0.619 -0.725 -0.301
vn -0.430 -0.592 0.682
vn -0.592 -0.658 0.466
vn -0.812 -0.579 -0.075
vn -0.652 -0.692 -0.309
vn -0.858 0.021 0.513
vn -0.955 -0.021 0.295
vn -0.911 -0.406 -0.077
vn -0.703 -0.594 -0.391
vn -0.135 0.506 -0.852
vn 0.222 0.590 -0.776
vn 0.136 0.599 -0.789
vn 0.047 0.583 -0.811
vn 0.258 0.463 -0.848
vn -0.036 0.548 -0.836
vn -0.079 0.533 -0.842
vn 0.406 0.374 -0.834
vn 0.956 0.291 0.032
vn 0.901 0.261 -0.346
vn 0.816 0.129 0.563
vn 0.836 0.206 0.508
vn 0.908 0.283 0.310
vn 0.680 0.305 -0.667
vn 0.410 -0.288 -0.865
vn 0.123 -0.435 -0.892
vn 0.950 -0.022 -0.313
vn 0.750 -0.109 -0.653
vn 0.910 0.106 0.401
vn 0.993 0.045 0.110
vn 0.109 0.189 0.976
vn -0.603 0.104 0.791
vn 0.426 0.198 0.883
vn 0.619 0.188 0.762
vn -0.813 0.032 0.582
vn -0.943 0.008 0.334
vn -0.965 -0.186 -0.185
vn -0.772 -0.420 -0.477
vn 0.143 0.137 0.980
vn -0.509 -0.020 0.861
vn 0.458 0.153 0.876
vn 0.662 0.138 0.736
vn -0.809 0.023 0.587
vn -0.939 -0.035 0.342
vn -0.966 -0.168 -0.197
vn -0.819 -0.200 -0.538
vn -0.800 -0.057 0.598
vn -0.928 -0.123 0.352
vn -0.956 -0.233 -0.180
vn -0.792 -0.258 -0.553
vn -0.521 -0.660 -0.542
vn 0.771 0.174 0.612
vn 0.816 0.124 0.565
vn -0.563 -0.398 -0.725
vn -0.536 -0.199 -0.820
vn -0.162 -0.214 -0.963
vn -0.332 -0.172 -0.928
vn -0.155 0.049 0.987
vn 0.372 -0.227 -0.900
vn 0.081 -0.237 -0.968
vn 0.944 -0.050 -0.326
vn 0.726 -0.136 -0.674
vn 0.918 0.087 0.388
vn 0.997 0.029 0.071
vn 0.173 0.103 0.980
vn -0.497 -0.074 0.864
vn 0.497 0.107 0.861
vn 0.690 0.082 0.719
vn -0.778 -0.153 0.609
vn -0.913 -0.201 0.355
vn -0.941 -0.286 -0.182
vn -0.780 -0.273 -0.563
vn 0.823 0.070 0.563
vn -0.564 -0.235 -0.792
vn -0.167 -0.125 -0.978
vn -0.389 -0.134 -0.911
vn -0.116 0.064 0.991
vn 0.324 -0.152 -0.934
vn 0.042 -0.141 -0.989
vn 0.905 -0.063 -0.420
vn 0.643 -0.130 -0.755
vn 0.944 0.032 0.329
vn 0.999 -0.016 -0.036
vn 0.287 0.117 0.951
vn -0.449 -0.025 0.893
vn 0.573 0.078 0.816
vn 0.730 0.067 0.680
vn -0.769 -0.128 0.627
vn -0.895 -0.214 0.391
vn -0.942 -0.295 -0.158
vn -0.822 -0.276 -0.497
vn 0.837 0.049 0.546
vn -0.642 -0.209 -0.738
vn -0.152 -0.088 -0.984
vn -0.372 -0.136 -0.918
vn -0.160 0.011 0.987
vn 0.397 -0.101 -0.912
vn 0.098 -0.075 -0.992
vn 0.932 -0.068 -0.355
vn 0.698 -0.094 -0.710
vn 0.935 -0.024 0.354
vn 0.997 -0.056 0.048
vn 0.241 0.072 0.968
vn -0.556 -0.088 0.826
vn 0.589 0.091 0.803
vn 0.723 0.047 0.689
vn -0.824 -0.169 0.541
vn -0.920 -0.235 0.314
vn -0.926 -0.276 -0.258
vn -0.816 -0.236 -0.528
vn 0.838 0.021 0.546
vn -0.638 -0.175 -0.750
vn -0.164 -0.142 -0.976
vn -0.459 -0.166 -0.873
vn -0.081 -0.148 0.986
vn 0.488 -0.074 -0.870
vn 0.160 -0.098 -0.982
vn 0.958 -0.091 -0.272
vn 0.761 -0.083 -0.644
vn 0.939 -0.096 0.330
vn 0.992 -0.101 0.082
vn 0.295 -0.100 0.950
vn -0.396 -0.188 0.899
vn 0.619 -0.058 0.783
vn 0.790 -0.048 0.611
vn -0.770 -0.206 0.604
vn -0.929 -0.215 0.300
vn -0.969 -0.211 -0.129
vn -0.903 -0.180 -0.391
vn 0.876 -0.066 0.477
vn -0.732 -0.177 -0.658
vn -0.109 -0.163 -0.981
vn -0.350 -0.173 -0.920
vn -0.114 -0.177 0.978
vn 0.575 -0.098 -0.813
vn 0.263 -0.116 -0.958
vn 0.977 -0.074 -0.200
vn 0.814 -0.090 -0.574
vn 0.952 -0.066 0.299
vn 0.991 -0.074 0.112
vn 0.239 -0.134 0.962
vn -0.477 -0.222 0.850
vn 0.584 -0.068 0.809
vn 0.796 -0.034 0.605
vn -0.785 -0.241 0.571
vn -0.941 -0.222 0.256
vn -0.966 -0.181 -0.186
vn -0.846 -0.148 -0.512
vn 0.895 -0.041 0.444
vn -0.615 -0.161 -0.772
vn -0.141 -0.116 -0.983
vn -0.368 -0.104 -0.924
vn -0.059 -0.169 0.984
vn 0.567 -0.060 -0.821
vn 0.193 -0.098 -0.976
vn 0.962 -0.040 -0.272
vn 0.788 -0.057 -0.613
vn 0.972 -0.045 0.232
vn 0.998 -0.036 0.058
vn 0.307 -0.138 0.942
vn -0.433 -0.219 0.875
vn 0.625 -0.091 0.775
vn 0.838 -0.043 0.544
vn -0.702 -0.262 0.663
vn -0.908 -0.244 0.339
vn -0.974 -0.204 -0.097
vn -0.876 -0.142 -0.460
vn 0.927 -0.037 0.372
vn -0.626 -0.096 -0.774
vn -0.100 -0.098 -0.990
vn -0.326 -0.076 -0.942
vn -0.065 -0.177 0.982
vn 0.605 -0.062 -0.794
vn 0.232 -0.096 -0.968
vn 0.966 0.016 -0.259
vn 0.804 -0.040 -0.593
vn 0.967 -0.018 0.253
vn 0.996 0.024 0.086
vn 0.360 -0.175 0.916
vn -0.462 -0.230 0.857
vn 0.615 -0.161 0.772
vn 0.824 -0.114 0.556
vn -0.709 -0.281 0.647
vn -0.886 -0.274 0.375
vn -0.973 -0.214 -0.086
vn -0.889 -0.162 -0.428
vn 0.923 -0.069 0.378
vn -0.607 -0.072 -0.791
vn -0.056 -0.112 -0.992
vn -0.275 -0.080 -0.958
vn -0.031 -0.188 0.982
vn 0.639 0.014 -0.769
vn 0.255 -0.077 -0.964
vn 0.960 0.035 -0.278
vn 0.812 -0.010 -0.583
vn 0.932 -0.002 0.363
vn 0.988 0.066 0.136
vn 0.430 -0.175 0.886
vn -0.488 -0.252 0.835
vn 0.623 -0.192 0.758
vn 0.778 -0.173 0.603
vn -0.722 -0.325 0.610
vn -0.860 -0.321 0.397
vn -0.970 -0.226 -0.092
vn -0.895 -0.173 -0.410
vn 0.873 -0.109 0.476
vn -0.594 -0.081 -0.800
vn -0.044 -0.063 -0.997
vn -0.236 -0.085 -0.968
vn -0.056 -0.208 0.977
vn 0.623 0.186 -0.760
vn 0.216 0.015 -0.976
vn 0.948 0.147 -0.283
vn 0.800 0.179 -0.573
vn 0.873 0.005 0.488
vn 0.978 0.096 0.185
vn 0.465 -0.107 0.879
vn -0.494 -0.325 0.807
vn 0.658 -0.113 0.745
vn 0.766 -0.113 0.632
vn -0.745 -0.356 0.564
vn -0.840 -0.373 0.394
vn -0.966 -0.239 -0.101
vn -0.892 -0.186 -0.412
vn 0.815 -0.084 0.573
vn -0.567 -0.107 -0.817
vn -0.086 0.021 -0.996
vn -0.229 -0.028 -0.973
vn -0.163 -0.283 0.945
vn 0.559 0.279 -0.781
vn 0.136 0.121 -0.983
vn 0.943 0.221 -0.249
vn 0.784 0.298 -0.545
vn 0.832 0.033 0.554
vn 0.959 0.126 0.254
vn 0.463 -0.162 0.871
vn -0.528 -0.387 0.756
vn 0.653 -0.095 0.752
vn 0.756 -0.019 0.654
vn -0.742 -0.402 0.537
vn -0.843 -0.407 0.353
vn -0.944 -0.295 -0.146
vn -0.846 -0.247 -0.472
vn 0.792 0.009 0.610
vn -0.526 -0.117 -0.843
vn -0.135 0.149 -0.980
vn -0.245 0.121 -0.962
vn -0.187 -0.429 0.884
vn 0.472 0.292 -0.832
vn 0.064 0.201 -0.977
vn 0.946 0.255 -0.202
vn 0.766 0.342 -0.544
vn 0.822 0.082 0.563
vn 0.963 0.125 0.239
vn 0.418 -0.274 0.866
vn -0.532 -0.461 0.710
vn 0.519 -0.139 0.844
vn 0.698 0.013 0.716
vn -0.736 -0.436 0.518
vn -0.859 -0.403 0.315
vn -0.926 -0.277 -0.255
vn -0.801 -0.242 -0.548
vn 0.786 0.074 0.614
vn -0.551 -0.061 -0.832
vn -0.156 0.290 -0.944
vn -0.337 0.217 -0.916
vn -0.137 -0.522 0.842
vn 0.396 0.337 -0.854
vn 0.025 0.297 -0.955
vn 0.943 0.299 -0.145
vn 0.746 0.381 -0.546
vn 0.824 0.110 0.556
vn 0.958 0.152 0.241
vn 0.270 -0.449 0.852
vn -0.572 -0.435 0.695
vn 0.350 -0.321 0.880
vn 0.612 -0.144 0.778
vn -0.741 -0.387 0.548
vn -0.879 -0.330 0.343
vn -0.930 -0.195 -0.311
vn -0.829 -0.141 -0.541
vn 0.738 0.043 0.674
vn -0.700 -0.037 -0.713
vn -0.199 0.366 -0.909
vn -0.504 0.189 -0.843
vn -0.059 -0.403 0.913
vn 0.366 0.404 -0.838
vn 0.012 0.415 -0.910
vn 0.947 0.312 -0.080
vn 0.732 0.403 -0.548
vn 0.835 0.127 0.536
vn 0.944 0.177 0.277
vn -0.025 -0.338 0.941
vn -0.485 -0.326 0.811
vn 0.169 -0.291 0.942
vn 0.373 -0.166 0.913
vn -0.757 -0.225 0.614
vn -0.899 -0.204 0.388
vn -0.961 -0.142 -0.235
vn -0.880 -0.077 -0.468
vn 0.608 0.022 0.794
vn -0.797 -0.007 -0.604
vn -0.288 0.278 -0.916
vn -0.611 0.107 -0.785
vn -0.273 -0.120 0.955
vn 0.405 0.391 -0.827
vn 0.038 0.379 -0.925
vn 0.955 0.291 -0.051
vn 0.748 0.359 -0.558
vn 0.838 0.165 0.521
vn 0.932 0.207 0.297
vn -0.122 -0.104 0.987
vn -0.483 -0.151 0.862
vn 0.053 -0.075 0.996
vn 0.182 -0.022 0.983
vn -0.743 -0.165 0.649
vn -0.905 -0.142 0.402
vn -0.973 -0.083 -0.217
vn -0.901 -0.049 -0.431
vn 0.527 0.076 0.847
vn -0.828 -0.009 -0.560
vn -0.296 0.156 -0.943
vn -0.660 0.029 -0.751
vn -0.340 -0.096 0.936
vn 0.443 0.280 -0.852
vn 0.079 0.234 -0.969
vn 0.965 0.224 -0.138
vn 0.752 0.266 -0.603
vn 0.870 0.133 0.476
vn 0.941 0.178 0.287
vn -0.209 -0.055 0.976
vn -0.528 -0.127 0.839
vn -0.018 -0.015 1.000
vn 0.182 0.014 0.983
vn -0.736 -0.147 0.661
vn -0.888 -0.132 0.441
vn -0.975 -0.084 -0.205
vn -0.898 -0.062 -0.435
vn 0.565 0.068 0.822
vn -0.841 -0.047 -0.539
vn -0.317 0.048 -0.947
vn -0.678 -0.054 -0.733
vn -0.374 -0.125 0.919
vn 0.453 0.184 -0.872
vn 0.074 0.140 -0.987
vn 0.963 0.136 -0.234
vn 0.730 0.156 -0.665
vn 0.888 0.059 0.455
vn 0.967 0.104 0.231
vn -0.242 -0.103 0.965
vn -0.523 -0.133 0.842
vn -0.050 -0.065 0.997
vn 0.242 -0.032 0.970
vn -0.729 -0.128 0.672
vn -0.865 -0.123 0.486
vn -0.974 -0.127 -0.189
vn -0.887 -0.092 -0.453
vn 0.653 0.004 0.757
vn -0.824 -0.086 -0.560
vn -0.320 -0.070 -0.945
vn -0.635 -0.124 -0.763
vn -0.391 -0.122 0.912
vn 0.484 0.060 -0.873
vn 0.051 0.009 -0.999
vn 0.937 -0.002 -0.349
vn 0.751 0.014 -0.660
vn 0.892 -0.002 0.452
vn 0.992 0.006 0.127
vn -0.282 -0.110 0.953
vn -0.489 -0.137 0.862
vn -0.039 -0.094 0.995
vn 0.326 -0.074 0.942
vn -0.678 -0.148 0.720
vn -0.833 -0.159 0.530
vn -0.962 -0.221 -0.159
vn -0.875 -0.186 -0.447
vn 0.716 -0.038 0.697
vn -0.782 -0.152 -0.605
vn -0.271 -0.167 -0.948
vn -0.575 -0.215 -0.790
vn -0.372 -0.116 0.921
vn 0.527 -0.064 -0.848
vn 0.048 -0.113 -0.992
vn 0.919 -0.081 -0.385
vn 0.810 -0.063 -0.583
vn 0.926 -0.045 0.376
vn 0.997 -0.069 0.033
vn -0.219 -0.111 0.969
vn -0.480 -0.132 0.867
vn 0.039 -0.104 0.994
vn 0.391 -0.080 0.917
vn -0.637 -0.164 0.753
vn -0.805 -0.206 0.556
vn -0.951 -0.278 -0.138
vn -0.865 -0.259 -0.429
vn 0.748 -0.043 0.662
vn -0.737 -0.234 -0.633
vn -0.304 -0.232 -0.924
vn -0.593 -0.236 -0.770
vn -0.302 -0.123 0.945
vn 0.448 -0.188 -0.874
vn 0.018 -0.214 -0.977
vn 0.909 -0.114 -0.402
vn 0.817 -0.112 -0.566
vn 0.964 -0.076 0.256
vn 0.994 -0.102 -0.027
vn -0.097 -0.118 0.988
vn -0.440 -0.128 0.889
vn 0.143 -0.112 0.983
vn 0.480 -0.093 0.872
vn -0.600 -0.156 0.785
vn -0.762 -0.194 0.618
vn -0.958 -0.269 -0.099
vn -0.884 -0.260 -0.389
vn 0.828 -0.066 0.557
vn -0.742 -0.242 -0.625
vn -0.091 -0.994 0.067
vn -0.215 -0.974 0.068
vn -0.305 -0.952 0.022
vn -0.325 -0.942 -0.086
vn -0.196 -0.967 -0.165
vn 0.994 -0.093 -0.057
vn 0.933 -0.112 -0.341
vn 0.949 -0.107 -0.297
vn 0.995 -0.100 -0.027
vn 1.000 -0.024 0.013
vn -0.107 -0.230 -0.967
vn -0.465 -0.218 -0.858
vn -0.232 -0.114 0.966
vn 0.609 -0.203 -0.766
vn 0.183 -0.236 -0.954
vn 0.962 -0.137 -0.237
vn 0.835 -0.150 -0.529
vn 0.746 -0.097 0.658
vn 0.966 -0.088 0.245
vn -0.042 -0.113 0.993
vn -0.383 -0.119 0.916
vn 0.164 -0.108 0.980
vn -0.610 -0.139 0.780
vn -0.833 -0.188 0.521
vn -0.974 -0.224 -0.041
vn -0.919 -0.220 -0.329
vn 0.396 -0.108 0.912
vn -0.767 -0.212 -0.606
vn -0.207 -0.187 -0.960
vn -0.598 -0.192 -0.778
vn -0.069 -0.024 0.997
vn 0.483 -0.179 -0.857
vn 0.155 -0.178 -0.972
vn 0.932 0.165 -0.323
vn 0.767 -0.152 -0.623
vn 0.857 -0.080 0.509
vn 0.973 -0.094 0.212
vn 0.092 -0.027 0.995
vn -0.258 -0.017 0.966
vn 0.303 -0.033 0.952
vn -0.515 -0.055 0.855
vn -0.772 -0.083 0.630
vn -0.983 -0.178 0.052
vn -0.951 -0.170 -0.258
vn 0.556 -0.052 0.829
vn -0.827 -0.193 -0.528
vn 0.055 0.179 0.982
vn 0.899 -0.054 0.434
vn 0.974 -0.091 0.208
vn 0.234 0.154 0.960
vn -0.081 0.218 0.973
vn 0.446 0.096 0.890
vn -0.460 0.162 0.873
vn 0.692 0.050 0.721
vn 0.356 0.918 0.175
vn -0.594 0.788 0.164
vn -0.960 0.243 0.142
vn 0.931 -0.110 -0.349
vn -0.536 0.843 0.049
vn -0.864 0.436 0.251
vn 0.725 0.611 0.317
vn -0.063 0.955 0.289
vn -0.790 0.583 0.189
vn 0.629 0.741 0.234
vn -0.043 0.999 0.026
vn -0.449 0.887 0.109
vn -0.889 0.442 0.123
vn 0.914 0.329 0.236
vn 0.014 0.989 0.151
vn -0.497 0.823 0.276
vn -0.449 0.850 0.274
vn 0.130 0.984 0.119
vn 0.970 0.239 0.049
vn -0.919 0.380 0.107
vn -0.520 0.823 0.228
vn 0.962 0.010 -0.274
vn 0.282 0.959 0.034
vn -0.968 0.246 0.050
vn -0.496 0.847 0.191
vn 0.971 0.107 -0.213
vn 0.201 0.961 0.189
vn -0.964 0.264 0.030
vn -0.871 0.469 0.147
vn -0.019 0.979 0.203
vn 0.904 0.275 0.326
vn -0.467 0.869 0.165
vn -0.475 -0.856 -0.204
vn -0.162 -0.417 0.894
vn -0.306 0.015 0.952
vn -0.391 -0.826 0.405
vn -0.459 -0.861 0.218
vn -0.521 -0.847 -0.106
vn -0.481 -0.875 0.047
vn -0.432 -0.621 0.654
vn 0.715 -0.685 -0.140
vn 0.671 -0.623 -0.402
vn 0.469 -0.595 0.653
vn 0.268 0.087 0.959
vn 0.673 -0.738 -0.047
vn 0.740 -0.646 0.188
vn 0.671 -0.628 -0.394
vn 0.519 -0.202 0.830
vn -0.506 0.862 0.029
vn 0.018 1.000 -0.003
vn -0.020 0.998 -0.051
vn -0.330 0.943 -0.051
vn -0.331 0.519 0.788
vn 0.045 0.462 0.886
vn -0.860 0.496 0.123
vn 0.782 0.580 -0.229
vn -0.769 0.630 0.110
vn 0.062 0.984 0.166
vn -0.645 0.760 0.078
vn 0.251 0.967 0.055
vn -0.776 0.606 0.174
vn 0.690 0.719 -0.080
vn -0.735 0.631 0.249
vn 0.610 0.786 0.101
vn -0.834 0.545 0.090
vn 0.750 0.645 -0.150
vn -0.793 0.592 0.144
vn 0.682 0.729 -0.060
vn 0.632 0.743 0.221
vn -0.733 0.674 0.088
vn -0.012 0.999 -0.029
vn -0.383 0.924 0.008
vn -0.943 -0.332 0.019
vn 0.824 0.202 0.529
vn -0.790 0.354 0.500
vn 0.798 -0.424 -0.429
vn -0.907 -0.282 0.312
vn -0.979 -0.188 0.082
vn -0.961 -0.263 -0.089
vn -0.972 -0.224 -0.067
vn 0.904 -0.092 0.418
vn -0.700 -0.061 0.712
vn -0.917 0.057 0.394
vn 0.891 -0.356 -0.283
vn 0.862 -0.361 -0.357
vn 0.607 0.417 0.677
vn 0.968 -0.247 -0.049
vn 0.968 -0.074 0.238
vn -0.520 0.825 0.220
vn 0.122 0.901 0.416
vn -0.224 0.819 0.528
vn -0.966 0.002 0.258
vn 0.830 0.474 0.292
vn 0.056 0.856 0.514
vn -0.683 0.571 0.455
vn 0.584 0.742 0.328
vn -0.001 0.844 0.537
vn 0.017 0.802 0.597
vn -0.993 -0.103 -0.062
vn 0.999 -0.035 -0.021
vn 0.518 0.829 0.211
vn -0.401 0.859 0.318
vn -0.995 0.031 0.093
vn 0.496 0.785 0.370
vn 0.989 0.066 0.132
vn -0.197 0.889 0.414
vn -0.243 -0.646 0.724
vn -0.324 -0.063 0.944
vn -0.438 -0.890 0.125
vn -0.440 -0.832 0.339
vn 0.339 -0.830 0.442
vn 0.085 0.006 0.996
vn 0.545 -0.835 0.074
vn 0.366 -0.435 0.823
vn -0.385 0.844 0.373
vn 0.152 0.943 0.296
vn 0.097 0.959 0.267
vn -0.067 0.836 0.545
vn -0.288 0.463 0.838
vn -0.010 0.410 0.912
vn 0.988 0.058 -0.143
vn -0.682 0.695 0.228
vn 0.435 0.849 0.298
vn -0.984 -0.179 -0.015
vn -0.391 -0.917 -0.074
vn 0.649 -0.757 -0.072
vn -0.868 0.421 0.263
vn 0.516 0.781 0.352
vn -0.202 0.832 0.516
vn 0.212 0.934 0.288
vn -0.964 0.261 0.053
vn 0.922 0.386 -0.037
vn 0.896 0.401 0.189
vn -0.886 0.412 0.213
vn 0.148 0.979 0.141
vn -0.178 0.953 0.245
vn 0.942 0.329 -0.068
vn -0.993 0.116 0.019
vn 0.827 0.030 0.562
vn -0.704 0.178 0.688
vn -0.851 -0.526 -0.009
vn 0.826 -0.479 0.297
vn -0.718 -0.482 0.503
vn -0.872 -0.459 0.171
vn 0.435 0.299 0.849
vn 0.886 -0.464 -0.020
vn -0.410 0.712 0.570
vn 0.086 0.651 0.754
vn -0.842 -0.532 -0.087
vn 0.909 -0.404 -0.106
vn 0.201 -0.323 0.925
vn 0.353 -0.264 0.898
vn 0.528 -0.239 0.815
vn 0.582 -0.276 0.765
vn 0.680 -0.454 0.576
vn 0.590 -0.466 0.659
vn 0.421 -0.569 0.706
vn 0.172 -0.630 0.757
vn 0.727 -0.446 0.521
vn 0.627 -0.322 0.710
vn 0.570 -0.324 0.755
vn 0.193 -0.396 0.898
vn 0.412 -0.376 0.830
vn 0.166 -0.806 0.568
vn 0.381 -0.756 0.532
vn 0.584 -0.620 0.524
vn 0.698 -0.530 0.482
vn 0.737 -0.505 0.449
vn 0.769 -0.474 0.430
vn 0.149 -0.924 0.353
vn 0.315 -0.882 0.350
vn 0.548 -0.753 0.365
vn 0.680 -0.643 0.353
vn 0.735 -0.567 0.373
vn 0.757 -0.535 0.376
vn 0.475 0.872 0.120
vn -0.575 0.799 0.179
vn -0.915 0.376 0.144
vn 0.933 -0.243 -0.264
vn -0.502 -0.860 -0.095
vn 0.668 -0.735 -0.118
vn -0.825 0.550 0.133
vn 0.896 0.439 -0.067
vn -0.981 -0.155 0.120
vn 0.877 -0.450 -0.169
vn 0.390 0.871 0.300
vn -0.628 0.745 0.223
vn -0.923 0.342 0.176
vn 0.975 0.027 0.222
vn -0.392 -0.920 0.009
vn 0.412 -0.841 0.350
vn -0.837 0.517 0.180
vn 0.910 0.391 0.140
vn -0.916 -0.382 0.119
vn 0.535 -0.552 0.640
vn 0.194 0.864 0.465
vn -0.656 0.689 0.307
vn -0.940 0.224 0.258
vn 0.955 0.157 0.250
vn -0.246 -0.963 0.109
vn -0.022 -0.981 0.195
vn -0.838 0.402 0.368
vn 0.600 0.491 0.632
vn -0.803 -0.580 0.138
vn -0.254 -0.528 0.811
vn 0.617 0.768 0.168
vn -0.701 0.687 0.190
vn -0.935 -0.229 0.271
vn 0.994 0.093 -0.049
vn -0.463 -0.876 0.132
vn 0.552 -0.832 0.055
vn -0.972 0.151 0.178
vn 0.961 0.278 -0.009
vn -0.763 -0.614 0.203
vn 0.945 -0.328 0.015
vn 0.696 0.711 0.099
vn -0.675 0.711 0.196
vn -0.941 -0.119 0.317
vn 0.994 0.084 -0.075
vn -0.503 -0.800 0.328
vn 0.551 -0.834 0.009
vn -0.949 0.274 0.157
vn 0.975 0.220 -0.043
vn -0.755 -0.555 0.349
vn 0.923 -0.379 -0.069
vn 0.679 0.733 0.041
vn -0.731 0.666 0.146
vn -0.909 -0.059 0.413
vn 0.997 0.053 -0.062
vn -0.482 -0.800 0.358
vn 0.563 -0.823 -0.075
vn -0.919 0.316 0.236
vn 0.975 0.221 -0.022
vn -0.716 -0.547 0.433
vn 0.891 -0.444 -0.089
vn 0.851 0.524 0.044
vn -0.575 0.813 0.095
vn -0.933 0.036 0.358
vn 0.999 -0.030 -0.034
vn -0.322 -0.909 0.263
vn 0.508 -0.856 -0.101
vn -0.914 0.368 0.171
vn 0.978 0.207 0.029
vn -0.643 -0.484 0.593
vn 0.791 -0.607 -0.076
vn 0.493 -0.869 -0.037
vn 0.850 -0.527 0.006
vn 1.000 -0.004 -0.018
vn 0.810 0.572 0.129
vn -0.472 -0.004 -0.881
vn -0.589 -0.807 -0.038
vn -0.507 0.810 0.294
vn -0.974 0.155 0.164
vn -0.954 -0.220 0.204
vn 0.964 0.264 0.019
vn -0.883 -0.461 0.090
vn 0.645 0.743 0.177
vn -0.606 0.732 0.311
vn -0.697 0.069 0.714
vn 1.000 -0.016 0.020
vn -0.633 0.008 -0.774
vn -0.153 -0.965 -0.214
vn 0.469 -0.882 0.036
vn -0.748 0.452 0.487
vn 0.964 0.257 0.065
vn -0.640 -0.715 0.281
vn 0.830 -0.541 0.137
vn 0.092 0.906 0.413
vn 0.086 0.802 0.591
vn -0.167 0.060 0.984
vn 0.985 -0.030 -0.171
vn -0.535 0.091 -0.840
vn -0.019 -0.994 -0.104
vn 0.413 -0.890 0.195
vn 0.065 0.446 0.893
vn 0.586 0.540 0.604
vn -0.393 -0.909 0.139
vn 0.751 -0.268 0.603
vn 0.001 0.913 0.408
vn -0.871 0.103 0.481
vn 0.651 0.630 0.423
vn 0.049 0.874 0.484
vn -0.743 0.328 0.583
vn 0.708 0.631 0.317
vn 0.067 0.973 0.220
vn -0.085 0.979 0.186
vn -0.993 -0.085 0.087
vn 0.960 0.234 0.155
vn 0.544 0.785 0.297
vn -0.005 0.891 0.453
vn -0.967 0.025 0.255
vn 0.377 0.875 0.304
vn 0.880 0.294 0.373
vn 0.047 0.832 0.553
vn 0.015 -0.380 0.925
vn -0.044 0.123 0.991
vn -0.254 -0.922 0.290
vn -0.207 -0.785 0.584
vn 0.481 -0.576 0.661
vn 0.522 0.192 0.831
vn 0.474 -0.809 0.348
vn 0.651 -0.013 0.759
vn -0.299 0.897 0.324
vn 0.456 0.878 0.143
vn 0.148 0.989 -0.031
vn -0.019 0.996 0.092
vn -0.077 0.289 0.954
vn 0.493 0.264 0.829
vn 0.943 0.329 0.040
vn 0.053 0.904 0.424
vn 0.531 0.788 0.311
vn -0.990 -0.099 -0.097
vn -0.270 -0.963 -0.016
vn 0.559 -0.829 -0.013
vn -0.847 0.364 0.387
vn 0.418 0.836 0.355
vn -0.248 0.918 0.308
vn 0.409 0.819 0.402
vn -0.916 0.320 0.242
vn 0.757 0.642 0.123
vn 0.741 0.656 0.145
vn -0.644 0.585 0.493
vn 0.442 0.897 0.001
vn -0.187 0.963 0.194
vn 0.798 0.584 0.148
vn -0.974 0.205 0.094
vn 0.734 0.258 0.628
vn -0.510 0.219 0.832
vn -0.733 -0.647 0.208
vn 0.797 -0.176 0.578
vn -0.448 -0.283 0.848
vn -0.742 -0.504 0.443
vn 0.767 0.375 0.521
vn 0.893 -0.353 0.278
vn -0.370 0.645 0.669
vn 0.580 0.602 0.548
vn -0.784 -0.607 -0.134
vn 0.953 -0.298 -0.052
vn 0.622 0.752 0.216
vn 0.106 0.970 0.221
vn -0.973 -0.123 0.196
vn 0.981 0.187 -0.061
vn -0.395 -0.872 -0.287
vn 0.617 -0.735 -0.281
vn -0.971 0.165 0.175
vn 0.873 0.484 0.063
vn -0.752 -0.643 -0.144
vn 0.947 -0.306 -0.095
vn 0.697 0.707 0.120
vn 0.040 0.976 0.216
vn -0.978 -0.069 0.197
vn 0.990 0.112 -0.090
vn -0.424 -0.871 -0.247
vn 0.487 -0.848 -0.209
vn -0.922 0.326 0.211
vn 0.911 0.413 -0.012
vn -0.726 -0.687 0.002
vn 0.949 -0.283 -0.139
vn 0.719 0.693 0.048
vn 0.005 0.983 0.181
vn -0.961 -0.069 0.266
vn 0.990 0.114 -0.086
vn -0.389 -0.914 -0.118
vn 0.431 -0.867 -0.250
vn -0.910 0.360 0.203
vn 0.911 0.411 -0.024
vn -0.635 -0.765 0.113
vn 0.949 -0.286 -0.129
vn 0.816 0.577 -0.030
vn 0.087 0.979 0.184
vn -0.969 0.073 0.235
vn 0.994 0.032 -0.107
vn -0.278 -0.954 -0.109
vn 0.395 -0.874 -0.282
vn -0.891 0.415 0.186
vn 0.933 0.359 -0.013
vn -0.739 -0.644 0.200
vn 0.830 -0.496 -0.256
vn 0.580 -0.766 -0.277
vn 0.896 -0.390 -0.212
vn 0.987 0.156 -0.046
vn 0.703 0.685 0.192
vn -0.420 -0.868 -0.263
vn 0.154 0.933 0.325
vn -0.965 0.252 0.075
vn -0.996 -0.089 0.012
vn 0.860 0.498 0.115
vn -0.876 -0.433 -0.214
vn 0.723 0.643 0.252
vn -0.128 0.941 0.314
vn -0.943 0.067 0.327
vn 0.998 0.070 -0.004
vn -0.212 -0.965 -0.154
vn 0.438 -0.886 -0.153
vn -0.875 0.407 0.262
vn 0.891 0.448 0.077
vn -0.706 -0.707 0.046
vn 0.940 -0.325 -0.098
vn 0.328 0.830 0.451
vn 0.113 0.885 0.452
vn -0.932 -0.044 0.360
vn 0.953 0.214 0.215
vn 0.120 -0.979 0.167
vn 0.327 -0.902 0.283
vn -0.740 0.460 0.491
vn 0.585 0.543 0.602
vn -0.290 -0.825 0.485
vn 0.924 -0.289 0.249
vn -0.482 0.800 0.356
vn -0.907 -0.005 0.422
vn 0.789 0.462 0.404
vn -0.035 0.757 0.652
vn -0.798 0.514 0.315
vn 0.609 0.676 0.415
vn 0.057 0.994 0.097
vn -0.141 0.870 0.473
vn -0.962 -0.224 0.155
vn 0.937 0.164 0.309
vn 0.575 0.788 0.220
vn -0.629 0.766 0.129
vn -0.919 -0.025 0.394
vn 0.518 0.833 0.194
vn 0.916 0.165 0.364
vn -0.498 0.786 0.366
vn -0.139 -0.389 0.911
vn -0.285 -0.055 0.957
vn -0.304 -0.840 0.449
vn -0.390 -0.634 0.668
vn 0.427 -0.490 0.760
vn 0.280 -0.129 0.951
vn 0.632 -0.647 0.426
vn 0.468 -0.197 0.861
vn -0.272 0.926 0.261
vn 0.119 0.935 0.333
vn 0.060 0.966 0.251
vn -0.352 0.929 -0.113
vn -0.265 0.604 0.752
vn 0.123 0.337 0.933
vn 0.911 0.348 0.221
vn -0.728 0.677 0.107
vn 0.485 0.835 0.260
vn -0.980 -0.196 0.030
vn -0.237 -0.960 0.152
vn 0.686 -0.710 0.160
vn -0.877 0.431 0.213
vn 0.463 0.824 0.326
vn -0.413 0.877 0.246
vn 0.374 0.908 0.188
vn -0.921 0.389 0.033
vn 0.816 0.572 0.084
vn 0.814 0.562 0.147
vn -0.827 0.514 0.226
vn 0.028 0.943 0.332
vn -0.270 0.934 0.234
vn 0.801 0.558 0.217
vn -0.944 0.329 -0.032
vn 0.766 0.087 0.637
vn -0.744 0.227 0.629
vn -0.720 -0.608 0.336
vn 0.827 -0.115 0.551
vn -0.660 -0.333 0.673
vn -0.717 -0.470 0.514
vn 0.646 0.214 0.733
vn 0.906 -0.205 0.370
vn -0.319 0.844 0.431
vn 0.191 0.769 0.610
vn -0.732 -0.672 0.113
vn 0.946 -0.182 0.270
vn 0.523 0.822 0.225
vn -0.704 0.688 0.177
vn -0.980 -0.198 0.038
vn 0.969 0.247 0.031
vn -0.278 -0.956 -0.099
vn 0.738 -0.651 -0.178
vn -0.957 0.278 0.077
vn 0.868 0.493 0.057
vn -0.711 -0.700 -0.074
vn 0.971 -0.173 -0.167
vn 0.627 0.774 -0.091
vn -0.666 0.745 0.042
vn -0.991 -0.125 0.037
vn 0.938 0.230 -0.261
vn -0.394 -0.915 0.087
vn 0.759 -0.643 -0.097
vn -0.947 0.319 0.029
vn 0.857 0.435 -0.278
vn -0.684 -0.721 0.112
vn 0.932 -0.272 -0.240
vn 0.687 0.718 -0.109
vn -0.683 0.713 0.159
vn -0.968 -0.241 0.068
vn 0.942 0.177 -0.286
vn -0.357 -0.934 0.011
vn 0.738 -0.651 -0.175
vn -0.948 0.298 0.110
vn 0.908 0.389 -0.157
vn -0.673 -0.737 0.060
vn 0.957 -0.227 -0.180
vn 0.814 0.581 -0.017
vn -0.515 0.826 0.229
vn -0.980 -0.015 0.196
vn 0.981 0.149 -0.120
vn -0.326 -0.934 -0.147
vn 0.535 -0.812 -0.233
vn -0.859 0.421 0.290
vn 0.935 0.352 -0.042
vn -0.792 -0.609 0.038
vn 0.930 -0.330 -0.162
vn 0.614 -0.777 -0.139
vn 0.939 -0.322 -0.122
vn 0.973 0.216 0.082
vn 0.640 0.697 0.324
vn -0.357 -0.932 -0.066
vn -0.601 0.763 0.238
vn -0.929 0.358 0.095
vn -0.995 -0.077 0.061
vn 0.848 0.475 0.236
vn -0.831 -0.556 -0.011
vn 0.661 0.745 0.083
vn -0.200 0.903 0.380
vn -0.971 -0.150 0.187
vn 0.981 0.179 -0.081
vn -0.427 -0.892 -0.149
vn 0.480 -0.877 -0.023
vn -0.795 0.408 0.450
vn 0.924 0.381 -0.027
vn -0.791 -0.610 -0.034
vn 0.988 -0.141 -0.055
vn 0.306 0.899 0.315
vn 0.069 0.891 0.449
vn -0.771 -0.200 0.605
vn 0.962 0.240 0.129
vn -0.037 -0.962 0.272
vn 0.569 -0.713 0.410
vn -0.808 0.308 0.502
vn 0.855 0.426 0.295
vn -0.342 -0.819 0.461
vn 0.997 0.049 0.051
vn -0.917 0.325 0.233
vn 0.865 0.491 -0.102
vn -0.703 -0.667 0.246
vn 0.776 -0.631 0.008
vn -0.358 0.884 0.300
vn 0.630 0.775 0.051
vn -0.998 -0.005 0.066
vn 0.993 -0.058 -0.107
vn -0.749 0.363 0.555
vn 0.833 0.529 0.162
vn -0.389 -0.754 0.529
vn 0.792 -0.583 0.182
vn -0.321 0.857 0.402
vn 0.568 0.814 0.116
vn -0.809 -0.106 0.578
vn 0.980 0.031 0.196
vn 0.237 0.356 0.904
vn 0.755 0.650 0.090
vn 0.193 -0.400 0.896
vn 0.817 -0.489 0.305
vn 0.112 0.930 0.351
vn 0.607 0.790 0.086
vn 0.032 0.048 0.998
vn 0.904 0.319 0.284
vn 0.141 0.923 0.359
vn -0.033 0.014 0.999
vn 0.124 -0.461 0.879
vn 0.011 -0.739 0.674
vn 0.052 -0.931 0.361
vn 0.106 -0.983 0.150
vn 0.120 -0.992 0.039
vn 0.139 -0.967 -0.213
vn 0.144 -0.927 -0.347
vn 0.113 -0.980 -0.166
vn 0.049 -0.998 0.032
vn 0.011 -0.988 0.155
vn -0.147 0.970 0.193
vn -0.160 0.950 0.267
vn -0.200 0.954 0.224
vn -0.096 0.578 0.810
vn -0.263 0.937 0.231
vn -0.138 0.972 0.193
vn -0.128 0.950 0.285
vn -0.141 0.957 0.256
vn -0.164 0.986 -0.003
vn -0.123 0.992 -0.037
vn -0.225 0.974 -0.015
vn -0.379 0.857 0.349
vn -0.225 0.928 0.298
vn -0.125 0.963 0.240
vn -0.199 0.957 0.213
vn -0.103 0.966 0.236
vn -0.167 0.939 0.299
vn -0.602 0.791 0.111
vn 0.220 0.870 0.441
vn 0.132 0.878 0.460
vn 0.322 0.884 0.339
vn 0.336 0.865 0.373
vn 0.640 0.764 0.082
vn 0.562 0.816 0.134
vn 0.461 0.861 0.216
vn 0.683 0.727 0.068
vn 0.863 0.501 0.073
vn 0.388 0.873 0.295
vn 0.289 0.864 0.413
vn 0.269 0.866 0.422
vn 0.018 0.881 0.472
vn -0.121 0.902 0.414
vn -0.555 0.803 0.218
vn -0.865 0.500 0.033
vn 0.190 0.863 0.467
vn 0.009 0.882 0.471
vn 0.474 0.805 0.358
vn 0.432 0.795 0.425
vn 0.723 0.683 0.099
vn 0.715 0.681 0.159
vn 0.680 0.697 0.228
vn 0.723 0.688 0.054
vn 0.810 0.586 0.008
vn 0.611 0.736 0.291
vn 0.339 0.829 0.444
vn 0.245 0.846 0.473
vn -0.193 0.887 0.418
vn -0.443 0.831 0.336
vn -0.396 -0.202 -0.896
vn -0.802 0.579 0.145
vn -0.945 0.326 -0.000
vn 0.122 0.815 0.567
vn -0.249 0.770 0.587
vn -0.226 -0.639 -0.736
vn 0.637 0.652 0.411
vn 0.494 0.700 0.515
vn 0.858 0.513 0.029
vn 0.816 0.527 0.239
vn 0.722 0.691 0.022
vn 0.775 0.551 0.310
vn 0.352 0.760 0.546
vn 0.252 0.787 0.563
vn -0.590 0.677 0.439
vn -0.659 0.700 0.275
vn -0.944 0.318 0.093
vn -0.022 0.689 0.724
vn -0.345 0.566 0.749
vn 0.685 0.515 0.516
vn 0.450 0.584 0.675
vn 0.920 0.140 -0.366
vn 0.844 0.029 -0.535
vn 0.927 0.307 0.215
vn 0.795 0.607 0.002
vn 0.844 0.533 -0.051
vn 0.836 0.399 0.377
vn 0.272 0.642 0.717
vn 0.172 0.661 0.731
vn -0.795 0.377 0.475
vn -0.912 0.312 0.266
vn -0.778 0.627 0.045
vn -0.944 0.296 -0.146
vn -0.707 -0.699 -0.107
vn -0.954 -0.236 -0.184
vn -0.904 0.411 -0.119
vn -0.966 0.061 -0.252
vn -0.566 -0.772 -0.288
vn -0.886 -0.332 -0.325
vn -0.976 0.201 -0.084
vn -0.983 0.030 -0.182
vn -0.619 -0.730 -0.292
vn -0.918 -0.295 -0.266
vn -0.983 -0.070 -0.172
vn -0.700 -0.686 -0.197
vn -0.902 -0.377 -0.212
vn 0.987 -0.124 0.100
vn 0.228 -0.973 0.042
vn 0.669 -0.742 0.050
vn 0.225 -0.974 -0.010
vn 0.993 0.106 -0.057
vn 0.361 -0.927 -0.099
vn 0.712 -0.688 -0.141
vn 0.386 -0.911 -0.146
vn 0.959 0.262 -0.108
vn 0.511 -0.854 -0.097
vn 0.904 -0.380 -0.196
vn 0.696 -0.703 -0.147
vn 0.837 0.529 -0.142
vn 0.785 -0.620 -0.021
vn 0.977 0.104 -0.188
vn 0.948 -0.301 -0.101
vn 0.003 -1.000 0.029
vn 0.114 -0.991 0.068
vn 0.101 -0.993 0.066
vn 0.010 -0.998 0.062
vn -0.066 -0.995 0.076
vn 0.050 -0.994 0.101
vn 0.165 -0.984 0.074
vn -0.301 -0.950 -0.085
vn 0.957 0.008 -0.289
vn -0.189 -0.976 -0.107
vn -0.115 -0.992 -0.060
vn -0.131 -0.991 -0.008
vn -0.052 -0.998 -0.025
vn -0.368 -0.902 -0.225
vn -0.096 -0.981 -0.171
vn -0.015 -0.994 -0.104
vn 0.055 -0.998 -0.039
vn -0.066 -0.997 -0.032
vn -0.097 -0.995 -0.008
vn -0.286 -0.926 -0.245
vn 0.801 -0.325 -0.503
vn 0.856 0.244 -0.455
vn 0.840 0.290 -0.458
vn 0.879 -0.029 -0.475
vn -0.952 0.037 -0.302
vn -0.949 0.159 -0.274
vn -0.940 -0.175 -0.293
vn -0.968 -0.004 -0.253
vn -0.962 0.143 -0.234
vn -0.982 -0.103 -0.159
vn -0.984 0.006 -0.179
vn -0.988 -0.151 -0.042
vn -0.889 0.078 -0.452
vn 0.323 -0.372 -0.870
vn 0.223 -0.083 -0.971
vn 0.143 -0.004 -0.990
vn -0.598 -0.580 -0.553
vn -0.841 0.041 -0.540
vn 0.663 0.111 -0.741
vn 0.636 0.062 -0.770
vn 0.709 -0.096 -0.699
vn -0.981 -0.041 -0.190
vn -0.978 0.205 -0.040
vn -0.989 0.067 -0.128
vn 0.476 0.224 -0.851
vn 0.558 0.021 -0.830
vn 0.505 0.214 -0.836
vn 0.328 0.218 -0.919
vn 0.210 0.071 -0.975
vn 0.756 0.275 -0.594
vn -0.996 -0.076 0.041
vn 0.811 0.155 -0.564
vn 0.746 0.300 -0.595
vn 0.795 0.237 -0.558
vn 0.833 0.200 -0.516
vn -0.772 -0.580 0.261
vn 0.868 0.241 -0.435
vn 0.872 0.312 -0.377
vn -1.000 -0.004 -0.010
vn -0.982 -0.115 -0.150
vn -0.992 -0.089 -0.085
vn -0.998 -0.029 -0.055
vn -1.000 0.015 -0.018
vn -0.950 -0.062 -0.307
vn -0.953 -0.147 -0.265
vn -0.966 -0.065 -0.250
vn -0.931 -0.126 -0.343
vn -0.932 -0.181 -0.313
vn -0.850 -0.121 -0.513
vn -0.845 -0.138 -0.516
vn -0.931 -0.032 -0.363
vn -0.874 -0.125 -0.469
vn -0.854 -0.113 -0.508
vn -0.220 0.105 -0.970
vn -0.825 -0.041 -0.563
vn -0.876 0.010 -0.482
vn -0.884 0.056 -0.464
vn -0.747 -0.077 -0.661
vn -0.675 -0.097 -0.731
vn -0.259 -0.019 -0.966
vn -0.806 0.124 0.579
vn 0.826 -0.102 -0.555
vn 0.807 0.008 -0.590
vn 0.332 -0.095 -0.939
vn -0.531 -0.120 -0.839
vn -0.831 -0.121 -0.543
vn -0.086 -0.116 -0.990
vn -0.965 -0.070 -0.254
vn 0.624 -0.095 -0.776
vn 0.739 0.316 0.595
vn -0.019 0.469 0.883
vn -0.425 0.104 -0.899
vn 0.970 0.092 0.224
vn 0.971 0.227 0.069
vn -0.975 -0.047 -0.218
vn -0.192 -0.001 -0.981
vn 0.868 -0.079 -0.489
vn 0.741 -0.043 -0.670
vn 0.407 0.017 -0.913
vn -0.571 -0.086 -0.816
vn 0.993 0.120 0.004
vn -0.756 0.295 0.585
vn -0.350 0.376 0.858
vn -1.000 0.009 0.011
vn 0.126 0.423 0.897
vn 0.252 0.406 0.878
vn 0.472 0.316 0.823
vn -0.839 -0.070 -0.539
vn 0.894 0.178 0.411
vn 0.965 0.240 0.104
vn -0.571 -0.809 0.141
vn 0.799 0.102 -0.593
vn -0.978 -0.112 0.176
vn -0.992 -0.019 0.128
vn -0.980 -0.116 0.164
vn -0.971 -0.185 0.148
vn -0.965 -0.239 0.111
vn -0.957 -0.262 0.126
vn -0.962 -0.270 0.050
vn -0.971 -0.226 0.083
vn -0.974 -0.222 0.043
vn -0.972 -0.220 0.084
vn -0.969 -0.229 0.095
vn -0.964 -0.246 0.101
vn -0.951 -0.293 0.103
vn -0.932 -0.353 0.087
vn -0.939 -0.337 0.066
vn -0.957 -0.277 0.088
vn -0.972 -0.188 0.144
vn -0.980 -0.124 0.159
vn -0.978 -0.108 0.177
vn -0.968 -0.129 0.213
vn -0.955 -0.198 0.221
vn -0.941 -0.256 0.219
vn -0.930 -0.246 0.274
vn 0.994 -0.112 0.011
vn -0.945 -0.219 0.241
vn -0.939 -0.130 0.319
vn 0.790 -0.612 0.023
vn 0.990 -0.136 -0.043
vn 0.962 0.243 -0.122
vn 0.957 0.279 -0.077
vn 0.916 0.385 -0.116
vn -0.982 -0.151 -0.112
vn -0.844 -0.533 -0.058
vn -0.989 -0.040 -0.146
vn -0.992 0.017 -0.128
vn -0.996 0.059 -0.069
vn -1.000 0.005 -0.001
vn -0.987 0.062 0.151
vn -0.992 0.091 0.086
vn -0.963 0.054 0.265
vn -0.976 0.090 0.199
vn 0.961 0.273 0.048
vn 0.239 -0.969 -0.070
vn -0.009 -0.999 -0.032
vn 0.939 0.077 -0.335
vn 0.941 0.339 -0.010
vn 0.907 0.409 0.096
vn 0.978 0.201 0.063
vn 0.951 0.155 -0.267
vn 0.989 0.136 -0.054
vn 0.932 0.269 -0.242
vn 0.911 0.338 -0.235
vn 0.929 0.317 -0.191
vn 0.975 0.050 -0.216
vn 0.870 -0.434 -0.233
vn 0.374 -0.926 -0.040
vn 0.166 -0.985 -0.038
vn 0.502 -0.864 0.030
vn 0.066 -0.996 0.054
vn -0.520 -0.844 -0.135
vn 0.262 -0.964 0.042
vn -0.090 -0.944 -0.317
vn -0.616 -0.784 -0.069
vn -0.701 -0.698 0.150
vn 0.169 -0.903 -0.395
vn -0.335 -0.921 -0.198
vn 0.553 -0.688 -0.470
vn -0.673 -0.729 0.125
vn -0.027 -0.999 0.018
vn -0.178 -0.977 0.116
vn -0.761 -0.648 0.022
vn 0.539 -0.836 -0.103
vn 0.080 -0.996 -0.044
vn 0.268 -0.959 -0.086
vn 0.274 -0.959 0.075
vn 0.441 -0.895 0.074
vn -0.193 -0.969 0.153
vn -0.038 -0.992 0.122
vn 0.103 -0.991 0.086
vn -0.354 -0.918 0.177
vn -0.453 -0.890 0.056
vn -0.071 0.924 0.377
vn 0.011 0.932 0.363
vn 0.034 0.904 0.426
vn 0.138 -0.779 0.612
vn 0.082 -0.934 0.347
vn 0.320 -0.278 0.906
vn 0.212 -0.976 0.045
vn 0.189 -0.981 -0.034
vn 0.199 -0.971 0.135
vn -0.143 0.918 0.370
vn 0.212 -0.975 -0.067
vn -0.012 -0.997 -0.077
vn 0.018 -0.994 0.108
vn 0.010 -0.968 0.251
vn -0.017 -0.596 0.803
vn -0.080 -0.889 0.452
vn 0.056 -0.987 0.151
vn 0.156 -0.876 0.456
vn 0.175 0.882 0.438
vn 0.133 0.840 0.526
vn -0.027 0.977 0.213
vn 0.016 1.000 -0.007
vn -0.037 0.990 0.135
vn 0.071 -0.640 0.765
vn 0.150 -0.330 0.932
vn 0.032 -0.980 -0.195
vn 0.208 0.926 0.316
vn 0.388 0.861 0.330
vn 0.405 0.911 0.075
vn -0.033 0.985 0.167
vn 0.194 0.931 0.310
vn 0.158 -0.963 0.220
vn 0.236 0.957 0.167
vn -0.020 0.848 0.530
vn -0.048 0.961 0.273
vn -0.220 0.944 0.245
vn 0.166 0.978 0.130
vn 0.031 -0.152 0.988
vn -0.169 0.977 0.128
vn -0.060 0.977 0.205
vn -0.088 0.972 0.216
vn -0.025 0.938 0.347
vn -0.014 0.835 0.549
vn -0.014 0.810 0.587
vn -0.067 0.916 0.395
vn -0.007 0.985 0.170
vn 0.520 -0.714 0.468
vn 0.332 -0.911 0.243
vn 0.177 -0.979 0.100
vn 0.074 0.852 0.518
vn -0.113 0.909 0.401
vn -0.282 0.942 0.184
vn -0.122 0.987 0.105
vn 0.093 -0.996 0.010
vn -0.076 0.514 0.854
vn -0.117 0.912 0.392
vn -0.116 0.954 0.276
vn 0.241 0.954 0.179
vn 0.257 0.930 0.263
vn 0.283 0.919 0.274
vn -0.167 0.941 0.294
vn -0.117 0.779 0.616
vn -0.066 0.369 0.927
vn -0.064 -0.093 0.994
vn 0.135 -0.986 0.093
vn 0.274 -0.957 -0.096
vn 0.217 -0.961 -0.175
vn 0.196 -0.980 0.022
vn -0.121 0.987 0.109
vn -0.151 0.944 0.294
vn -0.131 0.676 0.725
vn 0.071 -0.979 -0.191
vn 0.093 -0.929 -0.359
vn 0.066 -0.953 -0.296
vn 0.274 0.945 0.181
vn -0.109 0.968 0.225
vn 0.197 0.352 0.915
vn 0.232 0.126 0.965
vn 0.045 0.956 0.290
vn 0.233 0.963 0.133
vn 0.328 -0.945 0.003
vn 0.211 -0.968 -0.139
vn 0.123 -0.951 -0.284
vn 0.029 -0.990 -0.139
vn 0.225 -0.963 0.146
vn 0.070 -0.981 -0.180
vn 0.021 -0.968 -0.252
vn 0.033 0.896 0.442
vn -0.010 0.998 0.057
vn 0.042 0.998 0.040
vn 0.068 0.979 0.192
vn -0.275 0.868 0.413
vn -0.941 0.062 0.334
vn 0.831 0.393 0.394
vn -0.168 0.627 0.761
vn -0.725 0.610 0.319
vn 0.530 0.682 0.503
vn -0.074 0.974 0.215
vn -0.131 0.943 0.307
vn -0.985 -0.084 0.152
vn 0.934 0.098 0.343
vn 0.276 0.834 0.478
vn -0.483 0.810 0.333
vn -0.959 0.129 0.251
vn 0.192 0.814 0.548
vn 0.923 0.124 0.365
vn -0.275 0.682 0.678
vn -0.350 -0.689 0.634
vn -0.489 -0.035 0.872
vn -0.390 -0.884 0.259
vn -0.485 -0.789 0.378
vn 0.465 -0.760 0.454
vn 0.399 -0.114 0.910
vn 0.587 -0.752 0.300
vn 0.599 -0.444 0.666
vn -0.280 0.918 0.280
vn 0.054 0.870 0.491
vn -0.052 0.999 -0.010
vn -0.137 0.978 0.155
vn -0.215 0.679 0.702
vn 0.011 0.558 0.830
vn 0.937 0.209 0.280
vn -0.514 0.777 0.364
vn 0.175 0.838 0.516
vn -0.992 -0.094 0.084
vn -0.413 -0.894 0.174
vn 0.727 -0.686 -0.023
vn -0.766 0.613 0.192
vn 0.261 0.882 0.392
vn -0.337 0.920 0.201
vn 0.255 0.946 0.199
vn -0.817 0.511 0.268
vn 0.708 0.597 0.377
vn 0.763 0.532 0.367
vn -0.716 0.634 0.292
vn -0.038 0.979 0.202
vn -0.193 0.974 0.120
vn 0.669 0.636 0.384
vn -0.859 0.465 0.215
vn 0.848 -0.023 0.529
vn -0.785 0.191 0.590
vn -0.783 -0.603 0.153
vn 0.843 -0.334 0.421
vn -0.763 -0.420 0.491
vn -0.815 -0.492 0.308
vn 0.608 0.271 0.746
vn 0.889 -0.337 0.311
vn -0.257 0.756 0.602
vn 0.092 0.782 0.617
vn -0.807 -0.591 0.007
vn 0.964 -0.237 0.120
vn 0.226 0.787 0.573
vn -0.587 0.682 0.436
vn -0.995 -0.087 -0.038
vn 0.949 0.266 0.168
vn -0.430 -0.828 -0.361
vn 0.760 -0.557 -0.334
vn -0.834 0.527 0.165
vn 0.734 0.594 0.330
vn -0.805 -0.553 -0.214
vn 0.973 -0.210 -0.098
vn 0.326 0.804 0.496
vn -0.595 0.612 0.522
vn -0.987 0.045 0.157
vn 0.969 0.236 0.068
vn -0.495 -0.811 -0.312
vn 0.739 -0.564 -0.367
vn -0.848 0.471 0.242
vn 0.737 0.607 0.297
vn -0.827 -0.535 -0.174
vn 0.932 -0.303 -0.197
vn 0.351 0.887 0.298
vn -0.690 0.585 0.426
vn -0.986 -0.144 0.089
vn 0.966 0.241 0.094
vn -0.495 -0.796 -0.349
vn 0.721 -0.642 -0.260
vn -0.867 0.361 0.344
vn 0.749 0.653 0.111
vn -0.819 -0.542 -0.189
vn 0.936 -0.310 -0.166
vn 0.463 0.886 0.039
vn -0.603 0.754 0.260
vn -0.984 -0.115 0.134
vn 0.957 0.270 -0.106
vn -0.518 -0.855 -0.040
vn 0.681 -0.731 -0.057
vn -0.918 0.343 0.200
vn 0.720 0.690 -0.074
vn -0.797 -0.598 0.087
vn 0.897 -0.426 -0.117
vn 0.717 -0.606 -0.343
vn 0.925 -0.347 -0.152
vn 0.983 0.066 0.172
vn 0.327 0.749 0.576
vn -0.562 -0.790 -0.246
vn -0.429 0.745 0.511
vn -0.796 0.546 0.261
vn -0.994 0.021 0.110
vn 0.782 0.491 0.385
vn -0.874 -0.466 -0.134
vn 0.401 -0.822 -0.405
vn 0.305 -0.896 -0.322
vn 0.231 -0.968 0.093
vn -0.118 0.986 0.122
vn 0.152 -0.937 0.315
vn -0.115 0.787 0.606
vn -0.124 0.804 0.582
vn -0.146 0.896 0.420
vn 0.029 -0.892 0.451
vn 0.151 -0.706 0.692
vn -0.087 0.626 0.775
vn -0.113 0.898 0.426
vn -0.155 0.893 0.423
vn 0.103 0.983 0.149
vn -0.043 -0.176 0.984
vn 0.442 -0.795 -0.416
vn -0.063 0.642 0.764
vn -0.068 0.809 0.584
vn -0.073 0.904 0.422
vn -0.086 0.992 0.092
vn -0.064 0.906 0.419
vn -0.131 0.642 0.756
vn -0.070 0.797 0.600
vn 0.414 -0.820 -0.396
vn 0.383 -0.924 -0.015
vn 0.283 0.942 0.179
vn -0.338 -0.932 -0.134
vn 0.330 -0.943 -0.036
vn -0.973 -0.032 0.229
vn -0.887 0.420 0.192
vn 0.921 0.362 0.142
vn 0.703 0.705 0.088
vn 0.579 0.809 0.094
vn -0.704 0.678 0.212
vn -0.425 0.858 0.289
vn 0.037 0.926 0.377
vn 0.093 0.893 0.440
vn 0.028 0.902 0.432
vn 0.131 0.911 0.392
vn 0.212 0.898 0.385
vn 0.230 0.896 0.379
vn 0.214 0.906 0.365
vn 0.208 0.914 0.348
vn 0.262 0.908 0.327
vn 0.279 0.907 0.316
vn 0.896 -0.339 0.286
vn 0.617 -0.701 0.358
vn -0.753 -0.642 0.144
vn -0.287 -0.941 0.177
vn -0.001 -0.981 0.195
vn 0.090 -0.980 0.179
vn 0.062 -0.995 0.084
vn 0.300 -0.924 0.235
vn 0.121 -0.972 0.199
vn 0.066 -0.972 0.227
vn 0.161 -0.946 0.280
vn 0.103 -0.977 0.188
vn 0.091 -0.992 0.083
vn 0.251 0.923 0.290
vn 0.343 0.918 0.201
vn -0.348 -0.920 0.178
vn -0.482 -0.144 0.864
vn -0.809 -0.176 0.561
vn -0.932 -0.214 0.293
vn -0.972 -0.227 0.062
vn -0.953 -0.235 -0.193
vn -0.870 -0.225 -0.438
vn -0.697 -0.203 -0.687
vn -0.448 -0.141 -0.883
vn -0.184 -0.084 -0.979
vn 0.131 -0.058 -0.990
vn 0.440 -0.064 -0.896
vn 0.720 -0.079 -0.689
vn 0.945 -0.084 -0.317
vn 0.994 -0.086 0.067
vn 0.934 -0.074 0.349
vn 0.849 -0.048 0.527
vn 0.760 -0.006 0.650
vn 0.614 0.001 0.789
vn 0.261 -0.044 0.964
vn -0.122 -0.072 0.990
usemtl BodyMakeHuman
f 5//5 8//8 12//12 9//9
f 1//1 4//4 8//8 5//5
f 6//6 7//7 3//3 2//2
f 6//6 2//2 1//1 5//5
f 10//10 11//11 7//7 6//6
f 10//10 6//6 5//5 9//9
f 13//13 14//14 19//19 18//18
f 23//23 21//21 22//22 24//24
f 25//25 23//23 24//24 26//26
f 27//27 25//25 26//26 28//28
f 29//29 27//27 28//28 30//30
f 31//31 29//29 30//30 32//32
f 35//35 33//33 34//34 36//36
f 37//37 35//35 36//36 38//38
f 39//39 37//37 38//38 40//40
f 41//41 39//39 40//40 42//42
f 43//43 41//41 42//42 44//44
f 45//45 43//43 44//44 46//46
f 147//147 54//54 53//53 146//146
f 54//54 58//58 57//57 53//53
f 58//58 62//62 61//61 57//57
f 62//62 67//67 65//65 61//61
f 72//72 80//80 86//86 66//66
f 79//79 73//73 80//80 74//74
f 67//67 73//73 71//71 65//65
f 73//73 79//79 77//77 71//71
f 78//78 74//74 80//80 72//72
f 73//73 67//67 86//86 80//80
f 79//79 85//85 83//83 77//77
f 66//66 163//163 64//64 70//70
f 71//71 77//77 81//81 75//75
f 84//84 68//68 74//74 78//78
f 43//43 45//45 51//51 50//50
f 41//41 43//43 50//50 49//49
f 39//39 41//41 49//49 48//48
f 57//57 61//61 63//63 59//59
f 21//21 23//23 38//38 36//36
f 23//23 25//25 40//40 38//38
f 25//25 27//27 42//42 40//40
f 27//27 29//29 44//44 42//42
f 29//29 31//31 46//46 44//44
f 22//22 89//89 90//90 24//24
f 30//30 93//93 94//94 32//32
f 28//28 92//92 93//93 30//30
f 26//26 91//91 92//92 28//28
f 24//24 90//90 91//91 26//26
f 93//93 98//98 99//99 94//94
f 90//90 95//95 96//96 91//91
f 91//91 96//96 97//97 92//92
f 92//92 97//97 98//98 93//93
f 98//98 103//103 104//104 99//99
f 95//95 100//100 101//101 96//96
f 96//96 101//101 102//102 97//97
f 97//97 102//102 103//103 98//98
f 103//103 108//108 109//109 104//104
f 100//100 105//105 106//106 101//101
f 101//101 106//106 107//107 102//102
f 102//102 107//107 108//108 103//103
f 108//108 113//113 114//114 109//109
f 105//105 110//110 111//111 106//106
f 106//106 111//111 112//112 107//107
f 107//107 112//112 113//113 108//108
f 113//113 118//118 119//119 114//114
f 110//110 115//115 116//116 111//111
f 111//111 116//116 117//117 112//112
f 112//112 117//117 118//118 113//113
f 158//158 123//123 124//124 154//154
f 155//155 120//120 121//121 157//157
f 157//157 121//121 122//122 156//156
f 156//156 122//122 123//123 158//158
f 61//61 65//65 69//69 63//63
f 75//75 69//69 65//65 71//71
f 77//77 83//83 87//87 81//81
f 14//14 13//13 133//133 132//132
f 128//128 130//130 136//136 135//135
f 134//134 127//127 135//135 136//136
f 125//125 136//136 130//130 131//131
f 125//125 17//17 134//134 136//136
f 56//56 60//60 138//138 137//137
f 86//86 164//164 163//163 66//66
f 67//67 62//62 164//164 86//86
f 79//79 74//74 68//68 85//85
f 82//82 88//88 84//84 78//78
f 76//76 82//82 78//78 72//72
f 72//72 66//66 70//70 76//76
f 137//137 138//138 139//139 140//140
f 150//150 149//149 127//127 134//134
f 150//150 151//151 56//56 137//137
f 160//160 141//141 47//47 159//159
f 48//48 49//49 143//143 142//142
f 49//49 50//50 144//144 143//143
f 50//50 51//51 145//145 144//144
f 153//153 152//152 47//47 141//141
f 19//19 147//147 146//146 18//18
f 137//137 140//140 149//149 150//150
f 134//134 17//17 151//151 150//150
f 166//166 157//157 156//156 168//168
f 169//169 155//155 157//157 166//166
f 165//165 158//158 154//154 167//167
f 168//168 156//156 158//158 165//165
f 128//128 135//135 14//14 132//132
f 135//135 127//127 19//19 14//14
f 147//147 19//19 127//127 149//149
f 149//149 140//140 54//54 147//147
f 58//58 54//54 140//140 139//139
f 53//53 57//57 59//59 55//55
f 146//146 53//53 55//55 148//148
f 148//148 52//52 18//18 146//146
f 52//52 20//20 13//13 18//18
f 133//133 13//13 20//20 15//15
f 3787//3787 131//131 130//130 3786//3786
f 3786//3786 130//130 128//128 3785//3785
f 3785//3785 128//128 132//132 3784//3784
f 3784//3784 132//132 133//133 3783//3783
f 162//162 160//160 159//159 161//161
f 33//33 35//35 159//159 47//47
f 35//35 37//37 161//161 159//159
f 138//138 60//60 64//64 163//163
f 139//139 138//138 163//163 164//164
f 62//62 58//58 139//139 164//164
f 162//162 161//161 48//48 142//142
f 37//37 39//39 48//48 161//161
f 116//116 166//166 168//168 117//117
f 115//115 169//169 166//166 116//116
f 118//118 165//165 167//167 119//119
f 117//117 168//168 165//165 118//118
f 269//269 268//268 201//201 211//211
f 268//268 267//267 191//191 201//201
f 267//267 266//266 181//181 191//191
f 266//266 265//265 171//171 181//181
f 265//265 273//273 246//246 171//171
f 496//496 270//270 220//220 490//490
f 270//270 274//274 256//256 220//220
f 274//274 271//271 230//230 256//256
f 271//271 272//272 240//240 230//230
f 211//211 201//201 200//200 210//210
f 201//201 191//191 190//190 200//200
f 191//191 181//181 180//180 190//190
f 181//181 171//171 172//172 180//180
f 171//171 246//246 247//247 172//172
f 490//490 220//220 221//221 489//489
f 220//220 256//256 257//257 221//221
f 256//256 230//230 231//231 257//257
f 230//230 240//240 241//241 231//231
f 203//203 193//193 194//194 204//204
f 193//193 183//183 184//184 194//194
f 183//183 173//173 174//174 184//184
f 173//173 248//248 249//249 174//174
f 495//495 222//222 223//223 494//494
f 222//222 258//258 259//259 223//223
f 258//258 232//232 233//233 259//259
f 232//232 242//242 243//243 233//233
f 286//286 351//351 321//321 323//323
f 204//204 194//194 195//195 205//205
f 194//194 184//184 185//185 195//195
f 184//184 174//174 175//175 185//185
f 174//174 249//249 250//250 175//175
f 494//494 223//223 224//224 493//493
f 223//223 259//259 260//260 224//224
f 259//259 478//478 468//468 260//260
f 233//233 243//243 244//244 234//234
f 214//214 343//343 342//342 317//317
f 205//205 195//195 196//196 206//206
f 195//195 185//185 186//186 196//196
f 185//185 175//175 176//176 186//186
f 175//175 250//250 251//251 176//176
f 493//493 224//224 225//225 492//492
f 224//224 260//260 261//261 225//225
f 234//234 467//467 458//458 478//478
f 317//317 342//342 323//323 321//321
f 206//206 196//196 197//197 207//207
f 196//196 186//186 187//187 197//197
f 186//186 176//176 177//177 187//187
f 176//176 251//251 252//252 177//177
f 492//492 225//225 226//226 499//499
f 225//225 261//261 262//262 226//226
f 261//261 235//235 236//236 262//262
f 204//204 205//205 351//351 286//286
f 207//207 197//197 198//198 208//208
f 197//197 187//187 188//188 198//198
f 187//187 177//177 178//178 188//188
f 177//177 252//252 253//253 178//178
f 499//499 226//226 227//227 498//498
f 226//226 262//262 263//263 227//227
f 262//262 236//236 237//237 263//263
f 216//216 291//291 289//289 217//217
f 208//208 198//198 199//199 209//209
f 198//198 188//188 189//189 199//199
f 188//188 178//178 179//179 189//189
f 178//178 253//253 254//254 179//179
f 498//498 227//227 228//228 497//497
f 227//227 263//263 264//264 228//228
f 263//263 237//237 238//238 264//264
f 217//217 289//289 288//288 287//287
f 215//215 292//292 291//291 216//216
f 214//214 317//317 292//292 215//215
f 277//277 145//145 51//51 278//278
f 212//212 202//202 268//268 269//269
f 202//202 192//192 267//267 268//268
f 192//192 182//182 266//266 267//267
f 182//182 170//170 265//265 266//266
f 170//170 245//245 273//273 265//265
f 491//491 219//219 270//270 496//496
f 219//219 255//255 274//274 270//270
f 255//255 229//229 271//271 274//274
f 229//229 239//239 272//272 271//271
f 317//317 321//321 322//322 292//292
f 289//289 345//345 346//346 288//288
f 218//218 204//204 286//286 324//324
f 291//291 344//344 345//345 289//289
f 292//292 322//322 344//344 291//291
f 324//324 286//286 323//323 290//290
f 213//213 203//203 204//204 218//218
f 276//276 68//68 84//84 275//275
f 325//325 85//85 68//68 276//276
f 275//275 84//84 88//88 326//326
f 334//334 269//269 211//211 333//333
f 279//279 45//45 46//46 327//327
f 315//315 104//104 109//109 314//314
f 309//309 167//167 154//154 310//310
f 316//316 99//99 104//104 315//315
f 310//310 154//154 124//124 311//311
f 167//167 309//309 312//312 119//119
f 318//318 94//94 99//99 316//316
f 320//320 31//31 32//32 319//319
f 313//313 114//114 119//119 312//312
f 319//319 32//32 94//94 318//318
f 314//314 109//109 114//114 313//313
f 299//299 319//319 318//318 300//300
f 304//304 313//313 312//312 305//305
f 298//298 320//320 319//319 299//299
f 303//303 314//314 313//313 304//304
f 302//302 315//315 314//314 303//303
f 301//301 316//316 315//315 302//302
f 308//308 309//309 310//310 307//307
f 300//300 318//318 316//316 301//301
f 309//309 308//308 305//305 312//312
f 307//307 310//310 311//311 306//306
f 281//281 307//307 306//306 282//282
f 293//293 302//302 303//303 285//285
f 285//285 303//303 304//304 284//284
f 284//284 304//304 305//305 283//283
f 297//297 298//298 299//299 296//296
f 308//308 280//280 283//283 305//305
f 296//296 299//299 300//300 295//295
f 280//280 308//308 307//307 281//281
f 295//295 300//300 301//301 294//294
f 294//294 301//301 302//302 293//293
f 332//332 277//277 278//278 333//333
f 331//331 276//276 275//275 330//330
f 329//329 325//325 276//276 331//331
f 330//330 275//275 326//326 328//328
f 45//45 279//279 278//278 51//51
f 334//334 279//279 327//327 335//335
f 210//210 332//332 333//333 211//211
f 320//320 298//298 335//335 327//327
f 269//269 334//334 335//335 212//212
f 218//218 330//330 328//328 213//213
f 279//279 334//334 333//333 278//278
f 290//290 329//329 331//331 324//324
f 324//324 331//331 330//330 218//218
f 298//298 297//297 212//212 335//335
f 320//320 327//327 46//46 31//31
f 83//83 336//336 337//337 87//87
f 336//336 338//338 339//339 337//337
f 338//338 340//340 341//341 339//339
f 340//340 342//342 343//343 341//341
f 322//322 350//350 349//349 344//344
f 344//344 349//349 348//348 345//345
f 345//345 348//348 347//347 346//346
f 321//321 351//351 350//350 322//322
f 325//325 336//336 83//83 85//85
f 338//338 336//336 325//325 329//329
f 329//329 290//290 340//340 338//338
f 290//290 323//323 342//342 340//340
f 351//351 205//205 206//206 350//350
f 348//348 208//208 209//209 347//347
f 349//349 207//207 208//208 348//348
f 350//350 206//206 207//207 349//349
f 353//353 281//281 282//282 354//354
f 361//361 296//296 295//295 360//360
f 280//280 352//352 355//355 283//283
f 360//360 295//295 294//294 359//359
f 352//352 280//280 281//281 353//353
f 359//359 294//294 293//293 358//358
f 358//358 293//293 285//285 357//357
f 357//357 285//285 284//284 356//356
f 356//356 284//284 283//283 355//355
f 362//362 297//297 296//296 361//361
f 369//369 358//358 357//357 368//368
f 368//368 357//357 356//356 367//367
f 367//367 356//356 355//355 366//366
f 373//373 362//362 361//361 372//372
f 364//364 353//353 354//354 365//365
f 372//372 361//361 360//360 371//371
f 352//352 363//363 366//366 355//355
f 371//371 360//360 359//359 370//370
f 363//363 352//352 353//353 364//364
f 370//370 359//359 358//358 369//369
f 380//380 381//381 375//375 374//374
f 384//384 385//385 379//379 378//378
f 381//381 382//382 376//376 375//375
f 2601//2601 383//383 377//377 2600//2600
f 383//383 384//384 378//378 377//377
f 386//386 387//387 381//381 380//380
f 390//390 391//391 385//385 384//384
f 387//387 388//388 382//382 381//381
f 2602//2602 389//389 383//383 2601//2601
f 389//389 390//390 384//384 383//383
f 392//392 393//393 387//387 386//386
f 396//396 397//397 391//391 390//390
f 393//393 394//394 388//388 387//387
f 2603//2603 395//395 389//389 2602//2602
f 395//395 396//396 390//390 389//389
f 398//398 399//399 393//393 392//392
f 402//402 403//403 397//397 396//396
f 399//399 400//400 394//394 393//393
f 2604//2604 401//401 395//395 2603//2603
f 401//401 402//402 396//396 395//395
f 404//404 405//405 399//399 398//398
f 408//408 409//409 403//403 402//402
f 405//405 406//406 400//400 399//399
f 2605//2605 407//407 401//401 2604//2604
f 407//407 408//408 402//402 401//401
f 410//410 411//411 405//405 404//404
f 414//414 415//415 409//409 408//408
f 411//411 412//412 406//406 405//405
f 2606//2606 413//413 407//407 2605//2605
f 413//413 414//414 408//408 407//407
f 374//374 369//369 368//368 380//380
f 380//380 368//368 367//367 386//386
f 386//386 367//367 366//366 392//392
f 363//363 398//398 392//392 366//366
f 398//398 363//363 364//364 404//404
f 404//404 364//364 365//365 410//410
f 192//192 202//202 362//362 373//373
f 202//202 212//212 297//297 362//362
f 419//419 373//373 372//372 418//418
f 418//418 372//372 371//371 417//417
f 417//417 371//371 370//370 416//416
f 445//445 500//500 501//501 455//455
f 423//423 419//419 418//418 422//422
f 508//508 507//507 428//428 427//427
f 422//422 418//418 417//417 421//421
f 507//507 506//506 429//429 428//428
f 421//421 417//417 416//416 420//420
f 482//482 504//504 500//500 445//445
f 427//427 437//437 483//483 481//481
f 2607//2607 427//427 481//481 2612//2612
f 433//433 423//423 422//422 432//432
f 427//427 428//428 438//438 437//437
f 432//432 422//422 421//421 431//431
f 428//428 429//429 439//439 438//438
f 431//431 421//421 420//420 430//430
f 430//430 420//420 424//424 434//434
f 434//434 424//424 425//425 435//435
f 2612//2612 481//481 446//446 2608//2608
f 481//481 483//483 447//447 446//446
f 485//485 433//433 432//432 484//484
f 484//484 432//432 431//431 486//486
f 486//486 431//431 430//430 487//487
f 487//487 430//430 434//434 488//488
f 488//488 434//434 435//435 482//482
f 454//454 444//444 445//445 455//455
f 2608//2608 446//446 456//456 2609//2609
f 446//446 447//447 457//457 456//456
f 453//453 443//443 442//442 452//452
f 480//480 235//235 468//468 479//479
f 452//452 442//442 441//441 451//451
f 457//457 447//447 479//479 458//458
f 451//451 441//441 440//440 450//450
f 450//450 440//440 444//444 454//454
f 463//463 454//454 455//455 464//464
f 2609//2609 456//456 465//465 2610//2610
f 456//456 457//457 466//466 465//465
f 462//462 453//453 452//452 461//461
f 457//457 458//458 467//467 466//466
f 461//461 452//452 451//451 460//460
f 233//233 234//234 478//478 259//259
f 460//460 451//451 450//450 459//459
f 459//459 450//450 454//454 463//463
f 469//469 459//459 463//463 473//473
f 473//473 463//463 464//464 474//474
f 2610//2610 465//465 475//475 2611//2611
f 465//465 466//466 476//476 475//475
f 472//472 462//462 461//461 471//471
f 466//466 467//467 477//477 476//476
f 471//471 461//461 460//460 470//470
f 467//467 234//234 244//244 477//477
f 470//470 460//460 459//459 469//469
f 236//236 448//448 449//449 237//237
f 468//468 478//478 458//458 479//479
f 468//468 235//235 261//261 260//260
f 480//480 448//448 236//236 235//235
f 435//435 426//426 504//504 482//482
f 443//443 485//485 484//484 442//442
f 442//442 484//484 486//486 441//441
f 483//483 480//480 479//479 447//447
f 441//441 486//486 487//487 440//440
f 440//440 487//487 488//488 444//444
f 444//444 488//488 482//482 445//445
f 251//251 492//492 499//499 252//252
f 249//249 494//494 493//493 250//250
f 273//273 496//496 490//490 246//246
f 245//245 491//491 496//496 273//273
f 250//250 493//493 492//492 251//251
f 246//246 490//490 489//489 247//247
f 248//248 495//495 494//494 249//249
f 253//253 498//498 497//497 254//254
f 252//252 499//499 498//498 253//253
f 437//437 448//448 480//480 483//483
f 182//182 192//192 373//373 419//419
f 170//170 182//182 419//419 423//423
f 423//423 433//433 245//245 170//170
f 491//491 245//245 433//433 485//485
f 485//485 443//443 219//219 491//491
f 443//443 453//453 255//255 219//219
f 229//229 255//255 453//453 462//462
f 462//462 472//472 239//239 229//229
f 448//448 437//437 438//438 449//449
f 455//455 501//501 502//502 464//464
f 464//464 502//502 503//503 474//474
f 2634//2634 508//508 427//427 2607//2607
f 449//449 438//438 439//439 505//505
f 449//449 505//505 238//238 237//237
f 436//436 426//426 435//435 425//425
f 475//475 476//476 523//523 522//522
f 519//519 472//472 471//471 518//518
f 272//272 515//515 510//510 240//240
f 476//476 477//477 524//524 523//523
f 525//525 521//521 474//474 503//503
f 518//518 471//471 470//470 517//517
f 240//240 510//510 511//511 241//241
f 517//517 470//470 469//469 516//516
f 515//515 272//272 239//239 509//509
f 516//516 469//469 473//473 520//520
f 520//520 473//473 474//474 521//521
f 509//509 239//239 472//472 519//519
f 242//242 512//512 513//513 243//243
f 2611//2611 475//475 522//522 2613//2613
f 243//243 513//513 514//514 244//244
f 477//477 244//244 514//514 524//524
f 522//522 523//523 540//540 539//539
f 536//536 519//519 518//518 535//535
f 510//510 527//527 528//528 511//511
f 523//523 524//524 541//541 540//540
f 535//535 518//518 517//517 534//534
f 524//524 514//514 531//531 541//541
f 534//534 517//517 516//516 533//533
f 526//526 509//509 519//519 536//536
f 533//533 516//516 520//520 537//537
f 512//512 529//529 530//530 513//513
f 542//542 538//538 521//521 525//525
f 537//537 520//520 521//521 538//538
f 513//513 530//530 531//531 514//514
f 2613//2613 522//522 539//539 2614//2614
f 532//532 515//515 509//509 526//526
f 515//515 532//532 527//527 510//510
f 540//540 541//541 558//558 557//557
f 552//552 535//535 534//534 551//551
f 541//541 531//531 548//548 558//558
f 551//551 534//534 533//533 550//550
f 543//543 526//526 536//536 553//553
f 550//550 533//533 537//537 554//554
f 529//529 546//546 547//547 530//530
f 559//559 555//555 538//538 542//542
f 554//554 537//537 538//538 555//555
f 530//530 547//547 548//548 531//531
f 2614//2614 539//539 556//556 2615//2615
f 549//549 532//532 526//526 543//543
f 532//532 549//549 544//544 527//527
f 539//539 540//540 557//557 556//556
f 553//553 536//536 535//535 552//552
f 527//527 544//544 545//545 528//528
f 558//558 548//548 565//565 575//575
f 568//568 551//551 550//550 567//567
f 560//560 543//543 553//553 570//570
f 567//567 550//550 554//554 571//571
f 546//546 563//563 564//564 547//547
f 576//576 572//572 555//555 559//559
f 571//571 554//554 555//555 572//572
f 547//547 564//564 565//565 548//548
f 2615//2615 556//556 573//573 2616//2616
f 566//566 549//549 543//543 560//560
f 549//549 566//566 561//561 544//544
f 556//556 557//557 574//574 573//573
f 570//570 553//553 552//552 569//569
f 544//544 561//561 562//562 545//545
f 557//557 558//558 575//575 574//574
f 569//569 552//552 551//551 568//568
f 600//600 601//601 585//585 584//584
f 607//607 608//608 592//592 591//591
f 601//601 602//602 586//586 585//585
f 593//593 577//577 592//592 608//608
f 602//602 603//603 587//587 586//586
f 593//593 594//594 578//578 577//577
f 603//603 604//604 588//588 587//587
f 597//597 598//598 582//582 581//581
f 594//594 595//595 579//579 578//578
f 604//604 605//605 589//589 588//588
f 598//598 599//599 583//583 582//582
f 596//596 597//597 581//581 580//580
f 605//605 606//606 590//590 589//589
f 599//599 600//600 584//584 583//583
f 595//595 596//596 580//580 579//579
f 606//606 607//607 591//591 590//590
f 607//607 594//594 593//593 608//608
f 606//606 595//595 594//594 607//607
f 605//605 596//596 595//595 606//606
f 604//604 597//597 596//596 605//605
f 597//597 604//604 603//603 598//598
f 598//598 603//603 602//602 599//599
f 599//599 602//602 601//601 600//600
f 584//584 585//585 617//617 616//616
f 591//591 592//592 624//624 623//623
f 585//585 586//586 618//618 617//617
f 577//577 609//609 624//624 592//592
f 586//586 587//587 619//619 618//618
f 577//577 578//578 610//610 609//609
f 587//587 588//588 620//620 619//619
f 581//581 582//582 614//614 613//613
f 578//578 579//579 611//611 610//610
f 588//588 589//589 621//621 620//620
f 582//582 583//583 615//615 614//614
f 580//580 581//581 613//613 612//612
f 589//589 590//590 622//622 621//621
f 583//583 584//584 616//616 615//615
f 579//579 580//580 612//612 611//611
f 590//590 591//591 623//623 622//622
f 609//609 625//625 640//640 624//624
f 618//618 619//619 635//635 634//634
f 609//609 610//610 626//626 625//625
f 619//619 620//620 636//636 635//635
f 613//613 614//614 630//630 629//629
f 610//610 611//611 627//627 626//626
f 620//620 621//621 637//637 636//636
f 614//614 615//615 631//631 630//630
f 612//612 613//613 629//629 628//628
f 621//621 622//622 638//638 637//637
f 615//615 616//616 632//632 631//631
f 611//611 612//612 628//628 627//627
f 622//622 623//623 639//639 638//638
f 616//616 617//617 633//633 632//632
f 623//623 624//624 640//640 639//639
f 617//617 618//618 634//634 633//633
f 690//690 689//689 656//656 655//655
f 692//692 691//691 650//650 649//649
f 693//693 641//641 656//656 689//689
f 691//691 694//694 651//651 650//650
f 693//693 695//695 642//642 641//641
f 694//694 696//696 652//652 651//651
f 698//698 697//697 646//646 645//645
f 695//695 699//699 643//643 642//642
f 696//696 700//700 653//653 652//652
f 697//697 701//701 647//647 646//646
f 702//702 698//698 645//645 644//644
f 700//700 703//703 654//654 653//653
f 701//701 704//704 648//648 647//647
f 699//699 702//702 644//644 643//643
f 703//703 690//690 655//655 654//654
f 704//704 692//692 649//649 648//648
f 641//641 657//657 672//672 656//656
f 650//650 651//651 667//667 666//666
f 641//641 642//642 658//658 657//657
f 651//651 652//652 668//668 667//667
f 645//645 646//646 662//662 661//661
f 642//642 643//643 659//659 658//658
f 652//652 653//653 669//669 668//668
f 646//646 647//647 663//663 662//662
f 644//644 645//645 661//661 660//660
f 653//653 654//654 670//670 669//669
f 647//647 648//648 664//664 663//663
f 643//643 644//644 660//660 659//659
f 654//654 655//655 671//671 670//670
f 648//648 649//649 665//665 664//664
f 655//655 656//656 672//672 671//671
f 649//649 650//650 666//666 665//665
f 671//671 672//672 688//688 687//687
f 665//665 666//666 682//682 681//681
f 657//657 673//673 688//688 672//672
f 666//666 667//667 683//683 682//682
f 657//657 658//658 674//674 673//673
f 667//667 668//668 684//684 683//683
f 661//661 662//662 678//678 677//677
f 658//658 659//659 675//675 674//674
f 668//668 669//669 685//685 684//684
f 662//662 663//663 679//679 678//678
f 660//660 661//661 677//677 676//676
f 669//669 670//670 686//686 685//685
f 663//663 664//664 680//680 679//679
f 659//659 660//660 676//676 675//675
f 670//670 671//671 687//687 686//686
f 664//664 665//665 681//681 680//680
f 639//639 640//640 689//689 690//690
f 633//633 634//634 691//691 692//692
f 625//625 693//693 689//689 640//640
f 634//634 635//635 694//694 691//691
f 625//625 626//626 695//695 693//693
f 635//635 636//636 696//696 694//694
f 629//629 630//630 697//697 698//698
f 626//626 627//627 699//699 695//695
f 636//636 637//637 700//700 696//696
f 630//630 631//631 701//701 697//697
f 628//628 629//629 698//698 702//702
f 637//637 638//638 703//703 700//700
f 631//631 632//632 704//704 701//701
f 627//627 628//628 702//702 699//699
f 638//638 639//639 690//690 703//703
f 632//632 633//633 692//692 704//704
f 688//688 673//673 199//199 189//189
f 687//687 688//688 189//189 179//179
f 673//673 674//674 209//209 199//199
f 347//347 209//209 674//674 675//675
f 346//346 347//347 675//675 676//676
f 709//709 676//676 677//677 710//710
f 710//710 677//677 678//678 711//711
f 711//711 678//678 679//679 712//712
f 705//705 709//709 710//710 706//706
f 706//706 710//710 711//711 707//707
f 707//707 711//711 712//712 708//708
f 287//287 288//288 709//709 705//705
f 288//288 346//346 676//676 709//709
f 179//179 254//254 686//686 687//687
f 497//497 228//228 2686//2686 2827//2827
f 1628//1628 1606//1606 717//717 820//820
f 1627//1627 1605//1605 719//719 788//788
f 785//785 753//753 718//718 787//787
f 2076//2076 754//754 725//725 2072//2072
f 2080//2080 1608//1608 724//724 2071//2071
f 2081//2081 1607//1607 726//726 2073//2073
f 1631//1631 1603//1603 716//716 825//825
f 1632//1632 1604//1604 714//714 826//826
f 828//828 752//752 715//715 831//831
f 1773//1773 802//802 730//730 1759//1759
f 815//815 822//822 718//718 753//753
f 1775//1775 813//813 729//729 1760//1760
f 2082//2082 2075//2075 736//736 1762//1762
f 780//780 777//777 722//722 732//732
f 827//827 826//826 714//714 734//734
f 2074//2074 2073//2073 726//726 731//731
f 786//786 788//788 719//719 733//733
f 802//802 804//804 713//713 730//730
f 2075//2075 2070//2070 721//721 736//736
f 782//782 781//781 736//736 721//721
f 1629//1629 823//823 717//717 1606//1606
f 1630//1630 821//821 719//719 1605//1605
f 1626//1626 1635//1635 843//843 773//773
f 770//770 846//846 847//847 776//776
f 1769//1769 1781//1781 842//842 766//766
f 1621//1621 1636//1636 848//848 775//775
f 773//773 843//843 846//846 770//770
f 1616//1616 1611//1611 737//737 762//762
f 747//747 739//739 737//737 751//751
f 765//765 741//741 740//740 763//763
f 1764//1764 1780//1780 739//739 747//747
f 1615//1615 1612//1612 743//743 764//764
f 873//873 882//882 742//742 745//745
f 767//767 744//744 738//738 761//761
f 764//764 743//743 744//744 767//767
f 743//743 749//749 746//746 744//744
f 744//744 746//746 756//756 738//738
f 820//820 717//717 753//753 785//785
f 2071//2071 724//724 754//754 2076//2076
f 825//825 716//716 752//752 828//828
f 878//878 801//801 757//757 881//881
f 823//823 815//815 753//753 717//717
f 869//869 816//816 758//758 880//880
f 2079//2079 2077//2077 760//760 874//874
f 882//882 872//872 768//768 742//742
f 1612//1612 1614//1614 749//749 743//743
f 1780//1780 1769//1769 766//766 739//739
f 741//741 748//748 750//750 740//740
f 739//739 766//766 762//762 737//737
f 1611//1611 1613//1613 751//751 737//737
f 870//870 877//877 769//769 841//841
f 842//842 771//771 775//775 848//848
f 1635//1635 1615//1615 764//764 843//843
f 1781//1781 1770//1770 771//771 842//842
f 843//843 764//764 767//767 846//846
f 844//844 765//765 763//763 845//845
f 846//846 767//767 761//761 847//847
f 1636//1636 1616//1616 762//762 848//848
f 1640//1640 1626//1626 773//773 899//899
f 900//900 770//770 776//776 898//898
f 904//904 875//875 800//800 897//897
f 755//755 723//723 778//778 783//783
f 1762//1762 736//736 781//781 1771//1771
f 824//824 821//821 777//777 780//780
f 814//814 813//813 781//781 782//782
f 1609//1609 728//728 779//779 1617//1617
f 1610//1610 722//722 777//777 1618//1618
f 728//728 755//755 783//783 779//779
f 874//874 760//760 784//784 871//871
f 811//811 790//790 805//805 810//810
f 895//895 772//772 774//774 896//896
f 1624//1624 1619//1619 807//807 809//809
f 1796//1796 1774//1774 798//798 901//901
f 840//840 838//838 794//794 798//798
f 1776//1776 818//818 791//791 1772//1772
f 868//868 817//817 789//789 876//876
f 1604//1604 1624//1624 809//809 714//714
f 803//803 806//806 790//790 811//811
f 1625//1625 1620//1620 806//806 803//803
f 779//779 783//783 815//815 823//823
f 812//812 809//809 807//807 792//792
f 876//876 789//789 801//801 878//878
f 818//818 819//819 808//808 791//791
f 1641//1641 1621//1621 775//775 902//902
f 1617//1617 779//779 823//823 1629//1629
f 899//899 773//773 770//770 900//900
f 790//790 785//785 787//787 805//805
f 866//866 837//837 800//800 875//875
f 1603//1603 1625//1625 803//803 716//716
f 752//752 811//811 810//810 715//715
f 734//734 714//714 809//809 812//812
f 1778//1778 840//840 798//798 1774//1774
f 901//901 798//798 794//794 902//902
f 1619//1619 1627//1627 788//788 807//807
f 791//791 808//808 804//804 802//802
f 1772//1772 791//791 802//802 1773//1773
f 716//716 803//803 811//811 752//752
f 733//733 719//719 821//821 824//824
f 1771//1771 781//781 813//813 1775//1775
f 783//783 778//778 822//822 815//815
f 880//880 758//758 817//817 868//868
f 729//729 720//720 819//819 818//818
f 1618//1618 777//777 821//821 1630//1630
f 720//720 729//729 813//813 814//814
f 871//871 784//784 816//816 869//869
f 1760//1760 729//729 818//818 1776//1776
f 1620//1620 1628//1628 820//820 806//806
f 806//806 820//820 785//785 790//790
f 792//792 807//807 788//788 786//786
f 1633//1633 1631//1631 825//825 833//833
f 1634//1634 1632//1632 826//826 834//834
f 836//836 828//828 831//831 839//839
f 835//835 834//834 826//826 827//827
f 833//833 825//825 828//828 836//836
f 730//730 713//713 830//830 832//832
f 881//881 757//757 829//829 867//867
f 1759//1759 730//730 832//832 1777//1777
f 832//832 830//830 838//838 840//840
f 867//867 829//829 837//837 866//866
f 1777//1777 832//832 840//840 1778//1778
f 1623//1623 1633//1633 833//833 793//793
f 1622//1622 1634//1634 834//834 795//795
f 799//799 836//836 839//839 796//796
f 797//797 795//795 834//834 835//835
f 793//793 833//833 836//836 799//799
f 772//772 844//844 845//845 774//774
f 872//872 870//870 841//841 768//768
f 766//766 842//842 848//848 762//762
f 801//801 859//859 849//849 757//757
f 816//816 861//861 850//850 758//758
f 2077//2077 2078//2078 852//852 760//760
f 768//768 841//841 865//865 855//855
f 745//745 742//742 853//853 854//854
f 742//742 768//768 855//855 853//853
f 841//841 769//769 856//856 865//865
f 760//760 852//852 857//857 784//784
f 897//897 800//800 860//860 903//903
f 817//817 862//862 858//858 789//789
f 837//837 864//864 860//860 800//800
f 789//789 858//858 859//859 801//801
f 784//784 857//857 861//861 816//816
f 758//758 850//850 862//862 817//817
f 757//757 849//849 863//863 829//829
f 829//829 863//863 864//864 837//837
f 1786//1786 871//871 869//869 1784//1784
f 2083//2083 2079//2079 874//874 1768//1768
f 1768//1768 874//874 871//871 1786//1786
f 1782//1782 866//866 875//875 1789//1789
f 1763//1763 1788//1788 872//872 882//882
f 1766//1766 880//880 868//868 1783//1783
f 1765//1765 881//881 867//867 1785//1785
f 1779//1779 1790//1790 877//877 870//870
f 1791//1791 878//878 881//881 1765//1765
f 1784//1784 869//869 880//880 1766//1766
f 1792//1792 876//876 878//878 1791//1791
f 1788//1788 1779//1779 870//870 872//872
f 1787//1787 1763//1763 882//882 873//873
f 1785//1785 867//867 866//866 1782//1782
f 1797//1797 1789//1789 875//875 904//904
f 1783//1783 868//868 876//876 1792//1792
f 892//892 873//873 745//745 884//884
f 749//749 887//887 883//883 746//746
f 854//854 891//891 884//884 745//745
f 1614//1614 1637//1637 887//887 749//749
f 885//885 747//747 751//751 889//889
f 748//748 886//886 888//888 750//750
f 1787//1787 1794//1794 886//886 748//748
f 1613//1613 1638//1638 889//889 751//751
f 1793//1793 1764//1764 747//747 885//885
f 746//746 883//883 890//890 756//756
f 1794//1794 1795//1795 894//894 886//886
f 1793//1793 885//885 894//894 1795//1795
f 885//885 889//889 893//893 894//894
f 894//894 893//893 888//888 886//886
f 1639//1639 883//883 887//887 1637//1637
f 1639//1639 893//893 889//889 1638//1638
f 1622//1622 1640//1640 899//899 796//796
f 799//799 900//900 898//898 793//793
f 877//877 904//904 897//897 769//769
f 797//797 895//895 896//896 795//795
f 1770//1770 1796//1796 901//901 771//771
f 1623//1623 1641//1641 902//902 794//794
f 796//796 899//899 900//900 799//799
f 771//771 901//901 902//902 775//775
f 769//769 897//897 903//903 856//856
f 1790//1790 1797//1797 904//904 877//877
f 1667//1667 1645//1645 909//909 1012//1012
f 1666//1666 1644//1644 911//911 980//980
f 977//977 945//945 910//910 979//979
f 2085//2085 946//946 917//917 2119//2119
f 2089//2089 1647//1647 916//916 2120//2120
f 2088//2088 1646//1646 918//918 2118//2118
f 1670//1670 1642//1642 908//908 1017//1017
f 1671//1671 1643//1643 906//906 1018//1018
f 1020//1020 944//944 907//907 1023//1023
f 1812//1812 994//994 922//922 1798//1798
f 1007//1007 1014//1014 910//910 945//945
f 1814//1814 1005//1005 921//921 1799//1799
f 2095//2095 2086//2086 928//928 1801//1801
f 972//972 969//969 914//914 924//924
f 1019//1019 1018//1018 906//906 926//926
f 2087//2087 2118//2118 918//918 923//923
f 978//978 980//980 911//911 925//925
f 994//994 996//996 905//905 922//922
f 2086//2086 2121//2121 913//913 928//928
f 974//974 973//973 928//928 913//913
f 1668//1668 1015//1015 909//909 1645//1645
f 1669//1669 1013//1013 911//911 1644//1644
f 1665//1665 1674//1674 1035//1035 965//965
f 962//962 1038//1038 1039//1039 968//968
f 1808//1808 1820//1820 1034//1034 958//958
f 1660//1660 1675//1675 1040//1040 967//967
f 965//965 1035//1035 1038//1038 962//962
f 1655//1655 1650//1650 929//929 954//954
f 939//939 931//931 929//929 943//943
f 957//957 933//933 932//932 955//955
f 1803//1803 1819//1819 931//931 939//939
f 1654//1654 1651//1651 935//935 956//956
f 1065//1065 1074//1074 934//934 937//937
f 959//959 936//936 930//930 953//953
f 956//956 935//935 936//936 959//959
f 935//935 941//941 938//938 936//936
f 936//936 938//938 948//948 930//930
f 1012//1012 909//909 945//945 977//977
f 2120//2120 916//916 946//946 2085//2085
f 1017//1017 908//908 944//944 1020//1020
f 1070//1070 993//993 949//949 1073//1073
f 1015//1015 1007//1007 945//945 909//909
f 1061//1061 1008//1008 950//950 1072//1072
f 2090//2090 2084//2084 952//952 1066//1066
f 1074//1074 1064//1064 960//960 934//934
f 1651//1651 1653//1653 941//941 935//935
f 1819//1819 1808//1808 958//958 931//931
f 933//933 940//940 942//942 932//932
f 931//931 958//958 954//954 929//929
f 1650//1650 1652//1652 943//943 929//929
f 1062//1062 1069//1069 961//961 1033//1033
f 1034//1034 963//963 967//967 1040//1040
f 1674//1674 1654//1654 956//956 1035//1035
f 1820//1820 1809//1809 963//963 1034//1034
f 1035//1035 956//956 959//959 1038//1038
f 1036//1036 957//957 955//955 1037//1037
f 1038//1038 959//959 953//953 1039//1039
f 1675//1675 1655//1655 954//954 1040//1040
f 1679//1679 1665//1665 965//965 1091//1091
f 1092//1092 962//962 968//968 1090//1090
f 1096//1096 1067//1067 992//992 1089//1089
f 947//947 915//915 970//970 975//975
f 1801//1801 928//928 973//973 1810//1810
f 1016//1016 1013//1013 969//969 972//972
f 1006//1006 1005//1005 973//973 974//974
f 1648//1648 920//920 971//971 1656//1656
f 1649//1649 914//914 969//969 1657//1657
f 920//920 947//947 975//975 971//971
f 1066//1066 952//952 976//976 1063//1063
f 1003//1003 982//982 997//997 1002//1002
f 1087//1087 964//964 966//966 1088//1088
f 1663//1663 1658//1658 999//999 1001//1001
f 1835//1835 1813//1813 990//990 1093//1093
f 1032//1032 1030//1030 986//986 990//990
f 1815//1815 1010//1010 983//983 1811//1811
f 1060//1060 1009//1009 981//981 1068//1068
f 1643//1643 1663//1663 1001//1001 906//906
f 995//995 998//998 982//982 1003//1003
f 1664//1664 1659//1659 998//998 995//995
f 971//971 975//975 1007//1007 1015//1015
f 1004//1004 1001//1001 999//999 984//984
f 1068//1068 981//981 993//993 1070//1070
f 1010//1010 1011//1011 1000//1000 983//983
f 1680//1680 1660//1660 967//967 1094//1094
f 1656//1656 971//971 1015//1015 1668//1668
f 1091//1091 965//965 962//962 1092//1092
f 982//982 977//977 979//979 997//997
f 1058//1058 1029//1029 992//992 1067//1067
f 1642//1642 1664//1664 995//995 908//908
f 944//944 1003//1003 1002//1002 907//907
f 926//926 906//906 1001//1001 1004//1004
f 1817//1817 1032//1032 990//990 1813//1813
f 1093//1093 990//990 986//986 1094//1094
f 1658//1658 1666//1666 980//980 999//999
f 983//983 1000//1000 996//996 994//994
f 1811//1811 983//983 994//994 1812//1812
f 908//908 995//995 1003//1003 944//944
f 925//925 911//911 1013//1013 1016//1016
f 1810//1810 973//973 1005//1005 1814//1814
f 975//975 970//970 1014//1014 1007//1007
f 1072//1072 950//950 1009//1009 1060//1060
f 921//921 912//912 1011//1011 1010//1010
f 1657//1657 969//969 1013//1013 1669//1669
f 912//912 921//921 1005//1005 1006//1006
f 1063//1063 976//976 1008//1008 1061//1061
f 1799//1799 921//921 1010//1010 1815//1815
f 1659//1659 1667//1667 1012//1012 998//998
f 998//998 1012//1012 977//977 982//982
f 984//984 999//999 980//980 978//978
f 1672//1672 1670//1670 1017//1017 1025//1025
f 1673//1673 1671//1671 1018//1018 1026//1026
f 1028//1028 1020//1020 1023//1023 1031//1031
f 1027//1027 1026//1026 1018//1018 1019//1019
f 1025//1025 1017//1017 1020//1020 1028//1028
f 922//922 905//905 1022//1022 1024//1024
f 1073//1073 949//949 1021//1021 1059//1059
f 1798//1798 922//922 1024//1024 1816//1816
f 1024//1024 1022//1022 1030//1030 1032//1032
f 1059//1059 1021//1021 1029//1029 1058//1058
f 1816//1816 1024//1024 1032//1032 1817//1817
f 1662//1662 1672//1672 1025//1025 985//985
f 1661//1661 1673//1673 1026//1026 987//987
f 991//991 1028//1028 1031//1031 988//988
f 989//989 987//987 1026//1026 1027//1027
f 985//985 1025//1025 1028//1028 991//991
f 964//964 1036//1036 1037//1037 966//966
f 1064//1064 1062//1062 1033//1033 960//960
f 958//958 1034//1034 1040//1040 954//954
f 993//993 1051//1051 1041//1041 949//949
f 1008//1008 1053//1053 1042//1042 950//950
f 2084//2084 2091//2091 1044//1044 952//952
f 960//960 1033//1033 1057//1057 1047//1047
f 937//937 934//934 1045//1045 1046//1046
f 934//934 960//960 1047//1047 1045//1045
f 1033//1033 961//961 1048//1048 1057//1057
f 952//952 1044//1044 1049//1049 976//976
f 1089//1089 992//992 1052//1052 1095//1095
f 1009//1009 1054//1054 1050//1050 981//981
f 1029//1029 1056//1056 1052//1052 992//992
f 981//981 1050//1050 1051//1051 993//993
f 976//976 1049//1049 1053//1053 1008//1008
f 950//950 1042//1042 1054//1054 1009//1009
f 949//949 1041//1041 1055//1055 1021//1021
f 1021//1021 1055//1055 1056//1056 1029//1029
f 1825//1825 1063//1063 1061//1061 1823//1823
f 2094//2094 2090//2090 1066//1066 1807//1807
f 1807//1807 1066//1066 1063//1063 1825//1825
f 1821//1821 1058//1058 1067//1067 1828//1828
f 1802//1802 1827//1827 1064//1064 1074//1074
f 1805//1805 1072//1072 1060//1060 1822//1822
f 1804//1804 1073//1073 1059//1059 1824//1824
f 1818//1818 1829//1829 1069//1069 1062//1062
f 1830//1830 1070//1070 1073//1073 1804//1804
f 1823//1823 1061//1061 1072//1072 1805//1805
f 1831//1831 1068//1068 1070//1070 1830//1830
f 1827//1827 1818//1818 1062//1062 1064//1064
f 1826//1826 1802//1802 1074//1074 1065//1065
f 1824//1824 1059//1059 1058//1058 1821//1821
f 1836//1836 1828//1828 1067//1067 1096//1096
f 1822//1822 1060//1060 1068//1068 1831//1831
f 1084//1084 1065//1065 937//937 1076//1076
f 941//941 1079//1079 1075//1075 938//938
f 1046//1046 1083//1083 1076//1076 937//937
f 1653//1653 1676//1676 1079//1079 941//941
f 1077//1077 939//939 943//943 1081//1081
f 940//940 1078//1078 1080//1080 942//942
f 1826//1826 1833//1833 1078//1078 940//940
f 1652//1652 1677//1677 1081//1081 943//943
f 1832//1832 1803//1803 939//939 1077//1077
f 938//938 1075//1075 1082//1082 948//948
f 1833//1833 1834//1834 1086//1086 1078//1078
f 1832//1832 1077//1077 1086//1086 1834//1834
f 1077//1077 1081//1081 1085//1085 1086//1086
f 1086//1086 1085//1085 1080//1080 1078//1078
f 1678//1678 1075//1075 1079//1079 1676//1676
f 1678//1678 1085//1085 1081//1081 1677//1677
f 1661//1661 1679//1679 1091//1091 988//988
f 991//991 1092//1092 1090//1090 985//985
f 1069//1069 1096//1096 1089//1089 961//961
f 989//989 1087//1087 1088//1088 987//987
f 1809//1809 1835//1835 1093//1093 963//963
f 1662//1662 1680//1680 1094//1094 986//986
f 988//988 1091//1091 1092//1092 991//991
f 963//963 1093//1093 1094//1094 967//967
f 961//961 1089//1089 1095//1095 1048//1048
f 1829//1829 1836//1836 1096//1096 1069//1069
f 1706//1706 1684//1684 1101//1101 1204//1204
f 1705//1705 1683//1683 1103//1103 1172//1172
f 1169//1169 1137//1137 1102//1102 1171//1171
f 2108//2108 1138//1138 1109//1109 2110//2110
f 2104//2104 1686//1686 1108//1108 2101//2101
f 2105//2105 1685//1685 1110//1110 2111//2111
f 1709//1709 1681//1681 1100//1100 1209//1209
f 1710//1710 1682//1682 1098//1098 1210//1210
f 1212//1212 1136//1136 1099//1099 1215//1215
f 1851//1851 1186//1186 1114//1114 1837//1837
f 1199//1199 1206//1206 1102//1102 1137//1137
f 1853//1853 1197//1197 1113//1113 1838//1838
f 2096//2096 2099//2099 1120//1120 1840//1840
f 1164//1164 1161//1161 1106//1106 1116//1116
f 1211//1211 1210//1210 1098//1098 1118//1118
f 2098//2098 2111//2111 1110//1110 1115//1115
f 1170//1170 1172//1172 1103//1103 1117//1117
f 1186//1186 1188//1188 1097//1097 1114//1114
f 2099//2099 2100//2100 1105//1105 1120//1120
f 1166//1166 1165//1165 1120//1120 1105//1105
f 1707//1707 1207//1207 1101//1101 1684//1684
f 1708//1708 1205//1205 1103//1103 1683//1683
f 1704//1704 1713//1713 1227//1227 1157//1157
f 1154//1154 1230//1230 1231//1231 1160//1160
f 1847//1847 1859//1859 1226//1226 1150//1150
f 1699//1699 1714//1714 1232//1232 1159//1159
f 1157//1157 1227//1227 1230//1230 1154//1154
f 1694//1694 1689//1689 1121//1121 1146//1146
f 1131//1131 1123//1123 1121//1121 1135//1135
f 1149//1149 1125//1125 1124//1124 1147//1147
f 1842//1842 1858//1858 1123//1123 1131//1131
f 1693//1693 1690//1690 1127//1127 1148//1148
f 1257//1257 1266//1266 1126//1126 1129//1129
f 1151//1151 1128//1128 1122//1122 1145//1145
f 1148//1148 1127//1127 1128//1128 1151//1151
f 1127//1127 1133//1133 1130//1130 1128//1128
f 1128//1128 1130//1130 1140//1140 1122//1122
f 1204//1204 1101//1101 1137//1137 1169//1169
f 2101//2101 1108//1108 1138//1138 2108//2108
f 1209//1209 1100//1100 1136//1136 1212//1212
f 1262//1262 1185//1185 1141//1141 1265//1265
f 1207//1207 1199//1199 1137//1137 1101//1101
f 1253//1253 1200//1200 1142//1142 1264//1264
f 2103//2103 2109//2109 1144//1144 1258//1258
f 1266//1266 1256//1256 1152//1152 1126//1126
f 1690//1690 1692//1692 1133//1133 1127//1127
f 1858//1858 1847//1847 1150//1150 1123//1123
f 1125//1125 1132//1132 1134//1134 1124//1124
f 1123//1123 1150//1150 1146//1146 1121//1121
f 1689//1689 1691//1691 1135//1135 1121//1121
f 1254//1254 1261//1261 1153//1153 1225//1225
f 1226//1226 1155//1155 1159//1159 1232//1232
f 1713//1713 1693//1693 1148//1148 1227//1227
f 1859//1859 1848//1848 1155//1155 1226//1226
f 1227//1227 1148//1148 1151//1151 1230//1230
f 1228//1228 1149//1149 1147//1147 1229//1229
f 1230//1230 1151//1151 1145//1145 1231//1231
f 1714//1714 1694//1694 1146//1146 1232//1232
f 1718//1718 1704//1704 1157//1157 1283//1283
f 1284//1284 1154//1154 1160//1160 1282//1282
f 1288//1288 1259//1259 1184//1184 1281//1281
f 1139//1139 1107//1107 1162//1162 1167//1167
f 1840//1840 1120//1120 1165//1165 1849//1849
f 1208//1208 1205//1205 1161//1161 1164//1164
f 1198//1198 1197//1197 1165//1165 1166//1166
f 1687//1687 1112//1112 1163//1163 1695//1695
f 1688//1688 1106//1106 1161//1161 1696//1696
f 1112//1112 1139//1139 1167//1167 1163//1163
f 1258//1258 1144//1144 1168//1168 1255//1255
f 1195//1195 1174//1174 1189//1189 1194//1194
f 1279//1279 1156//1156 1158//1158 1280//1280
f 1702//1702 1697//1697 1191//1191 1193//1193
f 1874//1874 1852//1852 1182//1182 1285//1285
f 1224//1224 1222//1222 1178//1178 1182//1182
f 1854//1854 1202//1202 1175//1175 1850//1850
f 1252//1252 1201//1201 1173//1173 1260//1260
f 1682//1682 1702//1702 1193//1193 1098//1098
f 1187//1187 1190//1190 1174//1174 1195//1195
f 1703//1703 1698//1698 1190//1190 1187//1187
f 1163//1163 1167//1167 1199//1199 1207//1207
f 1196//1196 1193//1193 1191//1191 1176//1176
f 1260//1260 1173//1173 1185//1185 1262//1262
f 1202//1202 1203//1203 1192//1192 1175//1175
f 1719//1719 1699//1699 1159//1159 1286//1286
f 1695//1695 1163//1163 1207//1207 1707//1707
f 1283//1283 1157//1157 1154//1154 1284//1284
f 1174//1174 1169//1169 1171//1171 1189//1189
f 1250//1250 1221//1221 1184//1184 1259//1259
f 1681//1681 1703//1703 1187//1187 1100//1100
f 1136//1136 1195//1195 1194//1194 1099//1099
f 1118//1118 1098//1098 1193//1193 1196//1196
f 1856//1856 1224//1224 1182//1182 1852//1852
f 1285//1285 1182//1182 1178//1178 1286//1286
f 1697//1697 1705//1705 1172//1172 1191//1191
f 1175//1175 1192//1192 1188//1188 1186//1186
f 1850//1850 1175//1175 1186//1186 1851//1851
f 1100//1100 1187//1187 1195//1195 1136//1136
f 1117//1117 1103//1103 1205//1205 1208//1208
f 1849//1849 1165//1165 1197//1197 1853//1853
f 1167//1167 1162//1162 1206//1206 1199//1199
f 1264//1264 1142//1142 1201//1201 1252//1252
f 1113//1113 1104//1104 1203//1203 1202//1202
f 1696//1696 1161//1161 1205//1205 1708//1708
f 1104//1104 1113//1113 1197//1197 1198//1198
f 1255//1255 1168//1168 1200//1200 1253//1253
f 1838//1838 1113//1113 1202//1202 1854//1854
f 1698//1698 1706//1706 1204//1204 1190//1190
f 1190//1190 1204//1204 1169//1169 1174//1174
f 1176//1176 1191//1191 1172//1172 1170//1170
f 1711//1711 1709//1709 1209//1209 1217//1217
f 1712//1712 1710//1710 1210//1210 1218//1218
f 1220//1220 1212//1212 1215//1215 1223//1223
f 1219//1219 1218//1218 1210//1210 1211//1211
f 1217//1217 1209//1209 1212//1212 1220//1220
f 1114//1114 1097//1097 1214//1214 1216//1216
f 1265//1265 1141//1141 1213//1213 1251//1251
f 1837//1837 1114//1114 1216//1216 1855//1855
f 1216//1216 1214//1214 1222//1222 1224//1224
f 1251//1251 1213//1213 1221//1221 1250//1250
f 1855//1855 1216//1216 1224//1224 1856//1856
f 1701//1701 1711//1711 1217//1217 1177//1177
f 1700//1700 1712//1712 1218//1218 1179//1179
f 1183//1183 1220//1220 1223//1223 1180//1180
f 1181//1181 1179//1179 1218//1218 1219//1219
f 1177//1177 1217//1217 1220//1220 1183//1183
f 1156//1156 1228//1228 1229//1229 1158//1158
f 1256//1256 1254//1254 1225//1225 1152//1152
f 1150//1150 1226//1226 1232//1232 1146//1146
f 1185//1185 1243//1243 1233//1233 1141//1141
f 1200//1200 1245//1245 1234//1234 1142//1142
f 2109//2109 2102//2102 1236//1236 1144//1144
f 1152//1152 1225//1225 1249//1249 1239//1239
f 1129//1129 1126//1126 1237//1237 1238//1238
f 1126//1126 1152//1152 1239//1239 1237//1237
f 1225//1225 1153//1153 1240//1240 1249//1249
f 1144//1144 1236//1236 1241//1241 1168//1168
f 1281//1281 1184//1184 1244//1244 1287//1287
f 1201//1201 1246//1246 1242//1242 1173//1173
f 1221//1221 1248//1248 1244//1244 1184//1184
f 1173//1173 1242//1242 1243//1243 1185//1185
f 1168//1168 1241//1241 1245//1245 1200//1200
f 1142//1142 1234//1234 1246//1246 1201//1201
f 1141//1141 1233//1233 1247//1247 1213//1213
f 1213//1213 1247//1247 1248//1248 1221//1221
f 1864//1864 1255//1255 1253//1253 1862//1862
f 2097//2097 2103//2103 1258//1258 1846//1846
f 1846//1846 1258//1258 1255//1255 1864//1864
f 1860//1860 1250//1250 1259//1259 1867//1867
f 1841//1841 1866//1866 1256//1256 1266//1266
f 1844//1844 1264//1264 1252//1252 1861//1861
f 1843//1843 1265//1265 1251//1251 1863//1863
f 1857//1857 1868//1868 1261//1261 1254//1254
f 1869//1869 1262//1262 1265//1265 1843//1843
f 1862//1862 1253//1253 1264//1264 1844//1844
f 1870//1870 1260//1260 1262//1262 1869//1869
f 1866//1866 1857//1857 1254//1254 1256//1256
f 1865//1865 1841//1841 1266//1266 1257//1257
f 1863//1863 1251//1251 1250//1250 1860//1860
f 1875//1875 1867//1867 1259//1259 1288//1288
f 1861//1861 1252//1252 1260//1260 1870//1870
f 1276//1276 1257//1257 1129//1129 1268//1268
f 1133//1133 1271//1271 1267//1267 1130//1130
f 1238//1238 1275//1275 1268//1268 1129//1129
f 1692//1692 1715//1715 1271//1271 1133//1133
f 1269//1269 1131//1131 1135//1135 1273//1273
f 1132//1132 1270//1270 1272//1272 1134//1134
f 1865//1865 1872//1872 1270//1270 1132//1132
f 1691//1691 1716//1716 1273//1273 1135//1135
f 1871//1871 1842//1842 1131//1131 1269//1269
f 1130//1130 1267//1267 1274//1274 1140//1140
f 1872//1872 1873//1873 1278//1278 1270//1270
f 1871//1871 1269//1269 1278//1278 1873//1873
f 1269//1269 1273//1273 1277//1277 1278//1278
f 1278//1278 1277//1277 1272//1272 1270//1270
f 1717//1717 1267//1267 1271//1271 1715//1715
f 1717//1717 1277//1277 1273//1273 1716//1716
f 1700//1700 1718//1718 1283//1283 1180//1180
f 1183//1183 1284//1284 1282//1282 1177//1177
f 1261//1261 1288//1288 1281//1281 1153//1153
f 1181//1181 1279//1279 1280//1280 1179//1179
f 1848//1848 1874//1874 1285//1285 1155//1155
f 1701//1701 1719//1719 1286//1286 1178//1178
f 1180//1180 1283//1283 1284//1284 1183//1183
f 1155//1155 1285//1285 1286//1286 1159//1159
f 1153//1153 1281//1281 1287//1287 1240//1240
f 1868//1868 1875//1875 1288//1288 1261//1261
f 1745//1745 1723//1723 1293//1293 1396//1396
f 1744//1744 1722//1722 1295//1295 1364//1364
f 1361//1361 1329//1329 1294//1294 1363//1363
f 2115//2115 1330//1330 1301//1301 2093//2093
f 2117//2117 1725//1725 1300//1300 2106//2106
f 2116//2116 1724//1724 1302//1302 2092//2092
f 1748//1748 1720//1720 1292//1292 1401//1401
f 1749//1749 1721//1721 1290//1290 1402//1402
f 1404//1404 1328//1328 1291//1291 1407//1407
f 1890//1890 1378//1378 1306//1306 1876//1876
f 1391//1391 1398//1398 1294//1294 1329//1329
f 1892//1892 1389//1389 1305//1305 1877//1877
f 2113//2113 2123//2123 1312//1312 1879//1879
f 1356//1356 1353//1353 1298//1298 1308//1308
f 1403//1403 1402//1402 1290//1290 1310//1310
f 2122//2122 2092//2092 1302//1302 1307//1307
f 1362//1362 1364//1364 1295//1295 1309//1309
f 1378//1378 1380//1380 1289//1289 1306//1306
f 2123//2123 2107//2107 1297//1297 1312//1312
f 1358//1358 1357//1357 1312//1312 1297//1297
f 1746//1746 1399//1399 1293//1293 1723//1723
f 1747//1747 1397//1397 1295//1295 1722//1722
f 1743//1743 1752//1752 1419//1419 1349//1349
f 1346//1346 1422//1422 1423//1423 1352//1352
f 1886//1886 1898//1898 1418//1418 1342//1342
f 1738//1738 1753//1753 1424//1424 1351//1351
f 1349//1349 1419//1419 1422//1422 1346//1346
f 1733//1733 1728//1728 1313//1313 1338//1338
f 1323//1323 1315//1315 1313//1313 1327//1327
f 1341//1341 1317//1317 1316//1316 1339//1339
f 1881//1881 1897//1897 1315//1315 1323//1323
f 1732//1732 1729//1729 1319//1319 1340//1340
f 1449//1449 1458//1458 1318//1318 1321//1321
f 1343//1343 1320//1320 1314//1314 1337//1337
f 1340//1340 1319//1319 1320//1320 1343//1343
f 1319//1319 1325//1325 1322//1322 1320//1320
f 1320//1320 1322//1322 1332//1332 1314//1314
f 1396//1396 1293//1293 1329//1329 1361//1361
f 2106//2106 1300//1300 1330//1330 2115//2115
f 1401//1401 1292//1292 1328//1328 1404//1404
f 1454//1454 1377//1377 1333//1333 1457//1457
f 1399//1399 1391//1391 1329//1329 1293//1293
f 1445//1445 1392//1392 1334//1334 1456//1456
f 2124//2124 2114//2114 1336//1336 1450//1450
f 1458//1458 1448//1448 1344//1344 1318//1318
f 1729//1729 1731//1731 1325//1325 1319//1319
f 1897//1897 1886//1886 1342//1342 1315//1315
f 1317//1317 1324//1324 1326//1326 1316//1316
f 1315//1315 1342//1342 1338//1338 1313//1313
f 1728//1728 1730//1730 1327//1327 1313//1313
f 1446//1446 1453//1453 1345//1345 1417//1417
f 1418//1418 1347//1347 1351//1351 1424//1424
f 1752//1752 1732//1732 1340//1340 1419//1419
f 1898//1898 1887//1887 1347//1347 1418//1418
f 1419//1419 1340//1340 1343//1343 1422//1422
f 1420//1420 1341//1341 1339//1339 1421//1421
f 1422//1422 1343//1343 1337//1337 1423//1423
f 1753//1753 1733//1733 1338//1338 1424//1424
f 1757//1757 1743//1743 1349//1349 1475//1475
f 1476//1476 1346//1346 1352//1352 1474//1474
f 1480//1480 1451//1451 1376//1376 1473//1473
f 1331//1331 1299//1299 1354//1354 1359//1359
f 1879//1879 1312//1312 1357//1357 1888//1888
f 1400//1400 1397//1397 1353//1353 1356//1356
f 1390//1390 1389//1389 1357//1357 1358//1358
f 1726//1726 1304//1304 1355//1355 1734//1734
f 1727//1727 1298//1298 1353//1353 1735//1735
f 1304//1304 1331//1331 1359//1359 1355//1355
f 1450//1450 1336//1336 1360//1360 1447//1447
f 1387//1387 1366//1366 1381//1381 1386//1386
f 1471//1471 1348//1348 1350//1350 1472//1472
f 1741//1741 1736//1736 1383//1383 1385//1385
f 1913//1913 1891//1891 1374//1374 1477//1477
f 1416//1416 1414//1414 1370//1370 1374//1374
f 1893//1893 1394//1394 1367//1367 1889//1889
f 1444//1444 1393//1393 1365//1365 1452//1452
f 1721//1721 1741//1741 1385//1385 1290//1290
f 1379//1379 1382//1382 1366//1366 1387//1387
f 1742//1742 1737//1737 1382//1382 1379//1379
f 1355//1355 1359//1359 1391//1391 1399//1399
f 1388//1388 1385//1385 1383//1383 1368//1368
f 1452//1452 1365//1365 1377//1377 1454//1454
f 1394//1394 1395//1395 1384//1384 1367//1367
f 1758//1758 1738//1738 1351//1351 1478//1478
f 1734//1734 1355//1355 1399//1399 1746//1746
f 1475//1475 1349//1349 1346//1346 1476//1476
f 1366//1366 1361//1361 1363//1363 1381//1381
f 1442//1442 1413//1413 1376//1376 1451//1451
f 1720//1720 1742//1742 1379//1379 1292//1292
f 1328//1328 1387//1387 1386//1386 1291//1291
f 1310//1310 1290//1290 1385//1385 1388//1388
f 1895//1895 1416//1416 1374//1374 1891//1891
f 1477//1477 1374//1374 1370//1370 1478//1478
f 1736//1736 1744//1744 1364//1364 1383//1383
f 1367//1367 1384//1384 1380//1380 1378//1378
f 1889//1889 1367//1367 1378//1378 1890//1890
f 1292//1292 1379//1379 1387//1387 1328//1328
f 1309//1309 1295//1295 1397//1397 1400//1400
f 1888//1888 1357//1357 1389//1389 1892//1892
f 1359//1359 1354//1354 1398//1398 1391//1391
f 1456//1456 1334//1334 1393//1393 1444//1444
f 1305//1305 1296//1296 1395//1395 1394//1394
f 1735//1735 1353//1353 1397//1397 1747//1747
f 1296//1296 1305//1305 1389//1389 1390//1390
f 1447//1447 1360//1360 1392//1392 1445//1445
f 1877//1877 1305//1305 1394//1394 1893//1893
f 1737//1737 1745//1745 1396//1396 1382//1382
f 1382//1382 1396//1396 1361//1361 1366//1366
f 1368//1368 1383//1383 1364//1364 1362//1362
f 1750//1750 1748//1748 1401//1401 1409//1409
f 1751//1751 1749//1749 1402//1402 1410//1410
f 1412//1412 1404//1404 1407//1407 1415//1415
f 1411//1411 1410//1410 1402//1402 1403//1403
f 1409//1409 1401//1401 1404//1404 1412//1412
f 1306//1306 1289//1289 1406//1406 1408//1408
f 1457//1457 1333//1333 1405//1405 1443//1443
f 1876//1876 1306//1306 1408//1408 1894//1894
f 1408//1408 1406//1406 1414//1414 1416//1416
f 1443//1443 1405//1405 1413//1413 1442//1442
f 1894//1894 1408//1408 1416//1416 1895//1895
f 1740//1740 1750//1750 1409//1409 1369//1369
f 1739//1739 1751//1751 1410//1410 1371//1371
f 1375//1375 1412//1412 1415//1415 1372//1372
f 1373//1373 1371//1371 1410//1410 1411//1411
f 1369//1369 1409//1409 1412//1412 1375//1375
f 1348//1348 1420//1420 1421//1421 1350//1350
f 1448//1448 1446//1446 1417//1417 1344//1344
f 1342//1342 1418//1418 1424//1424 1338//1338
f 1377//1377 1435//1435 1425//1425 1333//1333
f 1392//1392 1437//1437 1426//1426 1334//1334
f 2114//2114 2125//2125 1428//1428 1336//1336
f 1344//1344 1417//1417 1441//1441 1431//1431
f 1321//1321 1318//1318 1429//1429 1430//1430
f 1318//1318 1344//1344 1431//1431 1429//1429
f 1417//1417 1345//1345 1432//1432 1441//1441
f 1336//1336 1428//1428 1433//1433 1360//1360
f 1473//1473 1376//1376 1436//1436 1479//1479
f 1393//1393 1438//1438 1434//1434 1365//1365
f 1413//1413 1440//1440 1436//1436 1376//1376
f 1365//1365 1434//1434 1435//1435 1377//1377
f 1360//1360 1433//1433 1437//1437 1392//1392
f 1334//1334 1426//1426 1438//1438 1393//1393
f 1333//1333 1425//1425 1439//1439 1405//1405
f 1405//1405 1439//1439 1440//1440 1413//1413
f 1903//1903 1447//1447 1445//1445 1901//1901
f 2112//2112 2124//2124 1450//1450 1885//1885
f 1885//1885 1450//1450 1447//1447 1903//1903
f 1899//1899 1442//1442 1451//1451 1906//1906
f 1880//1880 1905//1905 1448//1448 1458//1458
f 1883//1883 1456//1456 1444//1444 1900//1900
f 1882//1882 1457//1457 1443//1443 1902//1902
f 1896//1896 1907//1907 1453//1453 1446//1446
f 1908//1908 1454//1454 1457//1457 1882//1882
f 1901//1901 1445//1445 1456//1456 1883//1883
f 1909//1909 1452//1452 1454//1454 1908//1908
f 1905//1905 1896//1896 1446//1446 1448//1448
f 1904//1904 1880//1880 1458//1458 1449//1449
f 1902//1902 1443//1443 1442//1442 1899//1899
f 1914//1914 1906//1906 1451//1451 1480//1480
f 1900//1900 1444//1444 1452//1452 1909//1909
f 1468//1468 1449//1449 1321//1321 1460//1460
f 1325//1325 1463//1463 1459//1459 1322//1322
f 1430//1430 1467//1467 1460//1460 1321//1321
f 1731//1731 1754//1754 1463//1463 1325//1325
f 1461//1461 1323//1323 1327//1327 1465//1465
f 1324//1324 1462//1462 1464//1464 1326//1326
f 1904//1904 1911//1911 1462//1462 1324//1324
f 1730//1730 1755//1755 1465//1465 1327//1327
f 1910//1910 1881//1881 1323//1323 1461//1461
f 1322//1322 1459//1459 1466//1466 1332//1332
f 1911//1911 1912//1912 1470//1470 1462//1462
f 1910//1910 1461//1461 1470//1470 1912//1912
f 1461//1461 1465//1465 1469//1469 1470//1470
f 1470//1470 1469//1469 1464//1464 1462//1462
f 1756//1756 1459//1459 1463//1463 1754//1754
f 1756//1756 1469//1469 1465//1465 1755//1755
f 1739//1739 1757//1757 1475//1475 1372//1372
f 1375//1375 1476//1476 1474//1474 1369//1369
f 1453//1453 1480//1480 1473//1473 1345//1345
f 1373//1373 1471//1471 1472//1472 1371//1371
f 1887//1887 1913//1913 1477//1477 1347//1347
f 1740//1740 1758//1758 1478//1478 1370//1370
f 1372//1372 1475//1475 1476//1476 1375//1375
f 1347//1347 1477//1477 1478//1478 1351//1351
f 1345//1345 1473//1473 1479//1479 1432//1432
f 1907//1907 1914//1914 1480//1480 1453//1453
f 1542//1542 1481//1481 1484//1484 1537//1537
f 1543//1543 1483//1483 1482//1482 1538//1538
f 1540//1540 1502//1502 1483//1483 1543//1543
f 1566//1566 1530//1530 1485//1485 1561//1561
f 1539//1539 1538//1538 1482//1482 1486//1486
f 1530//1530 1532//1532 1481//1481 1485//1485
f 1518//1518 1557//1557 1555//1555 1517//1517
f 1514//1514 1558//1558 1559//1559 1520//1520
f 1564//1564 1570//1570 1554//1554 1510//1510
f 1520//1520 1559//1559 1560//1560 1519//1519
f 1517//1517 1555//1555 1558//1558 1514//1514
f 1505//1505 1488//1488 1487//1487 1506//1506
f 1497//1497 1489//1489 1487//1487 1501//1501
f 1509//1509 1491//1491 1490//1490 1507//1507
f 1563//1563 1562//1562 1489//1489 1497//1497
f 1507//1507 1490//1490 1493//1493 1508//1508
f 1575//1575 1580//1580 1492//1492 1495//1495
f 1511//1511 1494//1494 1488//1488 1505//1505
f 1508//1508 1493//1493 1494//1494 1511//1511
f 1493//1493 1499//1499 1496//1496 1494//1494
f 1494//1494 1496//1496 1503//1503 1488//1488
f 1537//1537 1484//1484 1502//1502 1540//1540
f 1578//1578 1529//1529 1504//1504 1579//1579
f 1580//1580 1574//1574 1512//1512 1492//1492
f 1490//1490 1500//1500 1499//1499 1493//1493
f 1562//1562 1564//1564 1510//1510 1489//1489
f 1491//1491 1498//1498 1500//1500 1490//1490
f 1489//1489 1510//1510 1506//1506 1487//1487
f 1488//1488 1503//1503 1501//1501 1487//1487
f 1573//1573 1577//1577 1513//1513 1553//1553
f 1554//1554 1515//1515 1519//1519 1560//1560
f 1557//1557 1507//1507 1508//1508 1555//1555
f 1570//1570 1565//1565 1515//1515 1554//1554
f 1555//1555 1508//1508 1511//1511 1558//1558
f 1556//1556 1509//1509 1507//1507 1557//1557
f 1558//1558 1511//1511 1505//1505 1559//1559
f 1559//1559 1505//1505 1506//1506 1560//1560
f 1594//1594 1518//1518 1517//1517 1597//1597
f 1598//1598 1514//1514 1520//1520 1596//1596
f 1602//1602 1576//1576 1528//1528 1595//1595
f 1593//1593 1516//1516 1518//1518 1594//1594
f 1601//1601 1567//1567 1526//1526 1599//1599
f 1552//1552 1550//1550 1522//1522 1526//1526
f 1483//1483 1534//1534 1533//1533 1482//1482
f 1596//1596 1520//1520 1519//1519 1600//1600
f 1597//1597 1517//1517 1514//1514 1598//1598
f 1571//1571 1549//1549 1528//1528 1576//1576
f 1481//1481 1532//1532 1531//1531 1484//1484
f 1502//1502 1535//1535 1534//1534 1483//1483
f 1486//1486 1482//1482 1533//1533 1536//1536
f 1569//1569 1552//1552 1526//1526 1567//1567
f 1599//1599 1526//1526 1522//1522 1600//1600
f 1484//1484 1531//1531 1535//1535 1502//1502
f 1550//1550 1542//1542 1537//1537 1545//1545
f 1551//1551 1543//1543 1538//1538 1546//1546
f 1548//1548 1540//1540 1543//1543 1551//1551
f 1547//1547 1546//1546 1538//1538 1539//1539
f 1545//1545 1537//1537 1540//1540 1548//1548
f 1485//1485 1481//1481 1542//1542 1544//1544
f 1579//1579 1504//1504 1541//1541 1572//1572
f 1561//1561 1485//1485 1544//1544 1568//1568
f 1544//1544 1542//1542 1550//1550 1552//1552
f 1572//1572 1541//1541 1549//1549 1571//1571
f 1568//1568 1544//1544 1552//1552 1569//1569
f 1522//1522 1550//1550 1545//1545 1521//1521
f 1524//1524 1551//1551 1546//1546 1523//1523
f 1527//1527 1548//1548 1551//1551 1524//1524
f 1525//1525 1523//1523 1546//1546 1547//1547
f 1521//1521 1545//1545 1548//1548 1527//1527
f 1516//1516 1556//1556 1557//1557 1518//1518
f 1574//1574 1573//1573 1553//1553 1512//1512
f 1510//1510 1554//1554 1560//1560 1506//1506
f 1529//1529 1566//1566 1561//1561 1504//1504
f 1512//1512 1553//1553 1570//1570 1564//1564
f 1495//1495 1492//1492 1562//1562 1563//1563
f 1492//1492 1512//1512 1564//1564 1562//1562
f 1553//1553 1513//1513 1565//1565 1570//1570
f 1595//1595 1528//1528 1567//1567 1601//1601
f 1549//1549 1569//1569 1567//1567 1528//1528
f 1504//1504 1561//1561 1568//1568 1541//1541
f 1541//1541 1568//1568 1569//1569 1549//1549
f 1547//1547 1571//1571 1576//1576 1525//1525
f 1491//1491 1509//1509 1574//1574 1580//1580
f 1486//1486 1579//1579 1572//1572 1539//1539
f 1556//1556 1516//1516 1577//1577 1573//1573
f 1536//1536 1578//1578 1579//1579 1486//1486
f 1509//1509 1556//1556 1573//1573 1574//1574
f 1498//1498 1491//1491 1580//1580 1575//1575
f 1539//1539 1572//1572 1571//1571 1547//1547
f 1593//1593 1525//1525 1576//1576 1602//1602
f 1590//1590 1575//1575 1495//1495 1582//1582
f 1499//1499 1585//1585 1581//1581 1496//1496
f 1563//1563 1589//1589 1582//1582 1495//1495
f 1500//1500 1586//1586 1585//1585 1499//1499
f 1583//1583 1497//1497 1501//1501 1587//1587
f 1498//1498 1584//1584 1586//1586 1500//1500
f 1575//1575 1590//1590 1584//1584 1498//1498
f 1503//1503 1588//1588 1587//1587 1501//1501
f 1589//1589 1563//1563 1497//1497 1583//1583
f 1496//1496 1581//1581 1588//1588 1503//1503
f 1590//1590 1582//1582 1592//1592 1584//1584
f 1589//1589 1583//1583 1592//1592 1582//1582
f 1583//1583 1587//1587 1591//1591 1592//1592
f 1592//1592 1591//1591 1586//1586 1584//1584
f 1591//1591 1581//1581 1585//1585 1586//1586
f 1581//1581 1591//1591 1587//1587 1588//1588
f 1523//1523 1594//1594 1597//1597 1524//1524
f 1527//1527 1598//1598 1596//1596 1521//1521
f 1577//1577 1602//1602 1595//1595 1513//1513
f 1525//1525 1593//1593 1594//1594 1523//1523
f 1565//1565 1601//1601 1599//1599 1515//1515
f 1521//1521 1596//1596 1600//1600 1522//1522
f 1524//1524 1597//1597 1598//1598 1527//1527
f 1515//1515 1599//1599 1600//1600 1519//1519
f 1513//1513 1595//1595 1601//1601 1565//1565
f 1516//1516 1593//1593 1602//1602 1577//1577
f 819//819 720//720 1606//1606 1628//1628
f 787//787 718//718 1605//1605 1627//1627
f 2070//2070 727//727 1608//1608 2080//2080
f 2072//2072 725//725 1607//1607 2081//2081
f 830//830 713//713 1603//1603 1631//1631
f 831//831 715//715 1604//1604 1632//1632
f 814//814 1629//1629 1606//1606 720//720
f 822//822 1630//1630 1605//1605 718//718
f 774//774 845//845 1635//1635 1626//1626
f 776//776 847//847 1636//1636 1621//1621
f 761//761 738//738 1611//1611 1616//1616
f 763//763 740//740 1612//1612 1615//1615
f 740//740 750//750 1614//1614 1612//1612
f 738//738 756//756 1613//1613 1611//1611
f 845//845 763//763 1615//1615 1635//1635
f 847//847 761//761 1616//1616 1636//1636
f 896//896 774//774 1626//1626 1640//1640
f 721//721 1609//1609 1617//1617 782//782
f 723//723 1610//1610 1618//1618 778//778
f 810//810 805//805 1619//1619 1624//1624
f 715//715 810//810 1624//1624 1604//1604
f 804//804 808//808 1620//1620 1625//1625
f 898//898 776//776 1621//1621 1641//1641
f 782//782 1617//1617 1629//1629 814//814
f 713//713 804//804 1625//1625 1603//1603
f 805//805 787//787 1627//1627 1619//1619
f 778//778 1618//1618 1630//1630 822//822
f 808//808 819//819 1628//1628 1620//1620
f 838//838 830//830 1631//1631 1633//1633
f 839//839 831//831 1632//1632 1634//1634
f 794//794 838//838 1633//1633 1623//1623
f 796//796 839//839 1634//1634 1622//1622
f 750//750 888//888 1637//1637 1614//1614
f 756//756 890//890 1638//1638 1613//1613
f 893//893 1639//1639 1637//1637 888//888
f 883//883 1639//1639 1638//1638 890//890
f 795//795 896//896 1640//1640 1622//1622
f 793//793 898//898 1641//1641 1623//1623
f 1011//1011 912//912 1645//1645 1667//1667
f 979//979 910//910 1644//1644 1666//1666
f 2121//2121 919//919 1647//1647 2089//2089
f 2119//2119 917//917 1646//1646 2088//2088
f 1022//1022 905//905 1642//1642 1670//1670
f 1023//1023 907//907 1643//1643 1671//1671
f 1006//1006 1668//1668 1645//1645 912//912
f 1014//1014 1669//1669 1644//1644 910//910
f 966//966 1037//1037 1674//1674 1665//1665
f 968//968 1039//1039 1675//1675 1660//1660
f 953//953 930//930 1650//1650 1655//1655
f 955//955 932//932 1651//1651 1654//1654
f 932//932 942//942 1653//1653 1651//1651
f 930//930 948//948 1652//1652 1650//1650
f 1037//1037 955//955 1654//1654 1674//1674
f 1039//1039 953//953 1655//1655 1675//1675
f 1088//1088 966//966 1665//1665 1679//1679
f 913//913 1648//1648 1656//1656 974//974
f 915//915 1649//1649 1657//1657 970//970
f 1002//1002 997//997 1658//1658 1663//1663
f 907//907 1002//1002 1663//1663 1643//1643
f 996//996 1000//1000 1659//1659 1664//1664
f 1090//1090 968//968 1660//1660 1680//1680
f 974//974 1656//1656 1668//1668 1006//1006
f 905//905 996//996 1664//1664 1642//1642
f 997//997 979//979 1666//1666 1658//1658
f 970//970 1657//1657 1669//1669 1014//1014
f 1000//1000 1011//1011 1667//1667 1659//1659
f 1030//1030 1022//1022 1670//1670 1672//1672
f 1031//1031 1023//1023 1671//1671 1673//1673
f 986//986 1030//1030 1672//1672 1662//1662
f 988//988 1031//1031 1673//1673 1661//1661
f 942//942 1080//1080 1676//1676 1653//1653
f 948//948 1082//1082 1677//1677 1652//1652
f 1085//1085 1678//1678 1676//1676 1080//1080
f 1075//1075 1678//1678 1677//1677 1082//1082
f 987//987 1088//1088 1679//1679 1661//1661
f 985//985 1090//1090 1680//1680 1662//1662
f 1203//1203 1104//1104 1684//1684 1706//1706
f 1171//1171 1102//1102 1683//1683 1705//1705
f 2100//2100 1111//1111 1686//1686 2104//2104
f 2110//2110 1109//1109 1685//1685 2105//2105
f 1214//1214 1097//1097 1681//1681 1709//1709
f 1215//1215 1099//1099 1682//1682 1710//1710
f 1198//1198 1707//1707 1684//1684 1104//1104
f 1206//1206 1708//1708 1683//1683 1102//1102
f 1158//1158 1229//1229 1713//1713 1704//1704
f 1160//1160 1231//1231 1714//1714 1699//1699
f 1145//1145 1122//1122 1689//1689 1694//1694
f 1147//1147 1124//1124 1690//1690 1693//1693
f 1124//1124 1134//1134 1692//1692 1690//1690
f 1122//1122 1140//1140 1691//1691 1689//1689
f 1229//1229 1147//1147 1693//1693 1713//1713
f 1231//1231 1145//1145 1694//1694 1714//1714
f 1280//1280 1158//1158 1704//1704 1718//1718
f 1105//1105 1687//1687 1695//1695 1166//1166
f 1107//1107 1688//1688 1696//1696 1162//1162
f 1194//1194 1189//1189 1697//1697 1702//1702
f 1099//1099 1194//1194 1702//1702 1682//1682
f 1188//1188 1192//1192 1698//1698 1703//1703
f 1282//1282 1160//1160 1699//1699 1719//1719
f 1166//1166 1695//1695 1707//1707 1198//1198
f 1097//1097 1188//1188 1703//1703 1681//1681
f 1189//1189 1171//1171 1705//1705 1697//1697
f 1162//1162 1696//1696 1708//1708 1206//1206
f 1192//1192 1203//1203 1706//1706 1698//1698
f 1222//1222 1214//1214 1709//1709 1711//1711
f 1223//1223 1215//1215 1710//1710 1712//1712
f 1178//1178 1222//1222 1711//1711 1701//1701
f 1180//1180 1223//1223 1712//1712 1700//1700
f 1134//1134 1272//1272 1715//1715 1692//1692
f 1140//1140 1274//1274 1716//1716 1691//1691
f 1277//1277 1717//1717 1715//1715 1272//1272
f 1267//1267 1717//1717 1716//1716 1274//1274
f 1179//1179 1280//1280 1718//1718 1700//1700
f 1177//1177 1282//1282 1719//1719 1701//1701
f 1395//1395 1296//1296 1723//1723 1745//1745
f 1363//1363 1294//1294 1722//1722 1744//1744
f 2107//2107 1303//1303 1725//1725 2117//2117
f 2093//2093 1301//1301 1724//1724 2116//2116
f 1406//1406 1289//1289 1720//1720 1748//1748
f 1407//1407 1291//1291 1721//1721 1749//1749
f 1390//1390 1746//1746 1723//1723 1296//1296
f 1398//1398 1747//1747 1722//1722 1294//1294
f 1350//1350 1421//1421 1752//1752 1743//1743
f 1352//1352 1423//1423 1753//1753 1738//1738
f 1337//1337 1314//1314 1728//1728 1733//1733
f 1339//1339 1316//1316 1729//1729 1732//1732
f 1316//1316 1326//1326 1731//1731 1729//1729
f 1314//1314 1332//1332 1730//1730 1728//1728
f 1421//1421 1339//1339 1732//1732 1752//1752
f 1423//1423 1337//1337 1733//1733 1753//1753
f 1472//1472 1350//1350 1743//1743 1757//1757
f 1297//1297 1726//1726 1734//1734 1358//1358
f 1299//1299 1727//1727 1735//1735 1354//1354
f 1386//1386 1381//1381 1736//1736 1741//1741
f 1291//1291 1386//1386 1741//1741 1721//1721
f 1380//1380 1384//1384 1737//1737 1742//1742
f 1474//1474 1352//1352 1738//1738 1758//1758
f 1358//1358 1734//1734 1746//1746 1390//1390
f 1289//1289 1380//1380 1742//1742 1720//1720
f 1381//1381 1363//1363 1744//1744 1736//1736
f 1354//1354 1735//1735 1747//1747 1398//1398
f 1384//1384 1395//1395 1745//1745 1737//1737
f 1414//1414 1406//1406 1748//1748 1750//1750
f 1415//1415 1407//1407 1749//1749 1751//1751
f 1370//1370 1414//1414 1750//1750 1740//1740
f 1372//1372 1415//1415 1751//1751 1739//1739
f 1326//1326 1464//1464 1754//1754 1731//1731
f 1332//1332 1466//1466 1755//1755 1730//1730
f 1469//1469 1756//1756 1754//1754 1464//1464
f 1459//1459 1756//1756 1755//1755 1466//1466
f 1371//1371 1472//1472 1757//1757 1739//1739
f 1369//1369 1474//1474 1758//1758 1740//1740
f 859//859 1773//1773 1759//1759 849//849
f 861//861 1775//1775 1760//1760 850//850
f 2078//2078 2082//2082 1762//1762 852//852
f 855//855 865//865 1781//1781 1769//1769
f 854//854 853//853 1780//1780 1764//1764
f 853//853 855//855 1769//1769 1780//1780
f 865//865 856//856 1770//1770 1781//1781
f 852//852 1762//1762 1771//1771 857//857
f 903//903 860//860 1774//1774 1796//1796
f 862//862 1776//1776 1772//1772 858//858
f 864//864 1778//1778 1774//1774 860//860
f 858//858 1772//1772 1773//1773 859//859
f 857//857 1771//1771 1775//1775 861//861
f 850//850 1760//1760 1776//1776 862//862
f 849//849 1759//1759 1777//1777 863//863
f 863//863 1777//1777 1778//1778 864//864
f 780//780 1786//1786 1784//1784 824//824
f 2074//2074 2083//2083 1768//1768 732//732
f 732//732 1768//1768 1786//1786 780//780
f 835//835 1782//1782 1789//1789 797//797
f 741//741 765//765 1788//1788 1763//1763
f 733//733 1766//1766 1783//1783 786//786
f 734//734 1765//1765 1785//1785 827//827
f 844//844 772//772 1790//1790 1779//1779
f 812//812 1791//1791 1765//1765 734//734
f 824//824 1784//1784 1766//1766 733//733
f 792//792 1792//1792 1791//1791 812//812
f 765//765 844//844 1779//1779 1788//1788
f 748//748 741//741 1763//1763 1787//1787
f 827//827 1785//1785 1782//1782 835//835
f 895//895 797//797 1789//1789 1797//1797
f 786//786 1783//1783 1792//1792 792//792
f 873//873 892//892 1794//1794 1787//1787
f 891//891 854//854 1764//1764 1793//1793
f 892//892 884//884 1795//1795 1794//1794
f 891//891 1793//1793 1795//1795 884//884
f 856//856 903//903 1796//1796 1770//1770
f 772//772 895//895 1797//1797 1790//1790
f 1051//1051 1812//1812 1798//1798 1041//1041
f 1053//1053 1814//1814 1799//1799 1042//1042
f 2091//2091 2095//2095 1801//1801 1044//1044
f 1047//1047 1057//1057 1820//1820 1808//1808
f 1046//1046 1045//1045 1819//1819 1803//1803
f 1045//1045 1047//1047 1808//1808 1819//1819
f 1057//1057 1048//1048 1809//1809 1820//1820
f 1044//1044 1801//1801 1810//1810 1049//1049
f 1095//1095 1052//1052 1813//1813 1835//1835
f 1054//1054 1815//1815 1811//1811 1050//1050
f 1056//1056 1817//1817 1813//1813 1052//1052
f 1050//1050 1811//1811 1812//1812 1051//1051
f 1049//1049 1810//1810 1814//1814 1053//1053
f 1042//1042 1799//1799 1815//1815 1054//1054
f 1041//1041 1798//1798 1816//1816 1055//1055
f 1055//1055 1816//1816 1817//1817 1056//1056
f 972//972 1825//1825 1823//1823 1016//1016
f 2087//2087 2094//2094 1807//1807 924//924
f 924//924 1807//1807 1825//1825 972//972
f 1027//1027 1821//1821 1828//1828 989//989
f 933//933 957//957 1827//1827 1802//1802
f 925//925 1805//1805 1822//1822 978//978
f 926//926 1804//1804 1824//1824 1019//1019
f 1036//1036 964//964 1829//1829 1818//1818
f 1004//1004 1830//1830 1804//1804 926//926
f 1016//1016 1823//1823 1805//1805 925//925
f 984//984 1831//1831 1830//1830 1004//1004
f 957//957 1036//1036 1818//1818 1827//1827
f 940//940 933//933 1802//1802 1826//1826
f 1019//1019 1824//1824 1821//1821 1027//1027
f 1087//1087 989//989 1828//1828 1836//1836
f 978//978 1822//1822 1831//1831 984//984
f 1065//1065 1084//1084 1833//1833 1826//1826
f 1083//1083 1046//1046 1803//1803 1832//1832
f 1084//1084 1076//1076 1834//1834 1833//1833
f 1083//1083 1832//1832 1834//1834 1076//1076
f 1048//1048 1095//1095 1835//1835 1809//1809
f 964//964 1087//1087 1836//1836 1829//1829
f 1243//1243 1851//1851 1837//1837 1233//1233
f 1245//1245 1853//1853 1838//1838 1234//1234
f 2102//2102 2096//2096 1840//1840 1236//1236
f 1239//1239 1249//1249 1859//1859 1847//1847
f 1238//1238 1237//1237 1858//1858 1842//1842
f 1237//1237 1239//1239 1847//1847 1858//1858
f 1249//1249 1240//1240 1848//1848 1859//1859
f 1236//1236 1840//1840 1849//1849 1241//1241
f 1287//1287 1244//1244 1852//1852 1874//1874
f 1246//1246 1854//1854 1850//1850 1242//1242
f 1248//1248 1856//1856 1852//1852 1244//1244
f 1242//1242 1850//1850 1851//1851 1243//1243
f 1241//1241 1849//1849 1853//1853 1245//1245
f 1234//1234 1838//1838 1854//1854 1246//1246
f 1233//1233 1837//1837 1855//1855 1247//1247
f 1247//1247 1855//1855 1856//1856 1248//1248
f 1164//1164 1864//1864 1862//1862 1208//1208
f 2098//2098 2097//2097 1846//1846 1116//1116
f 1116//1116 1846//1846 1864//1864 1164//1164
f 1219//1219 1860//1860 1867//1867 1181//1181
f 1125//1125 1149//1149 1866//1866 1841//1841
f 1117//1117 1844//1844 1861//1861 1170//1170
f 1118//1118 1843//1843 1863//1863 1211//1211
f 1228//1228 1156//1156 1868//1868 1857//1857
f 1196//1196 1869//1869 1843//1843 1118//1118
f 1208//1208 1862//1862 1844//1844 1117//1117
f 1176//1176 1870//1870 1869//1869 1196//1196
f 1149//1149 1228//1228 1857//1857 1866//1866
f 1132//1132 1125//1125 1841//1841 1865//1865
f 1211//1211 1863//1863 1860//1860 1219//1219
f 1279//1279 1181//1181 1867//1867 1875//1875
f 1170//1170 1861//1861 1870//1870 1176//1176
f 1257//1257 1276//1276 1872//1872 1865//1865
f 1275//1275 1238//1238 1842//1842 1871//1871
f 1276//1276 1268//1268 1873//1873 1872//1872
f 1275//1275 1871//1871 1873//1873 1268//1268
f 1240//1240 1287//1287 1874//1874 1848//1848
f 1156//1156 1279//1279 1875//1875 1868//1868
f 1435//1435 1890//1890 1876//1876 1425//1425
f 1437//1437 1892//1892 1877//1877 1426//1426
f 2125//2125 2113//2113 1879//1879 1428//1428
f 1431//1431 1441//1441 1898//1898 1886//1886
f 1430//1430 1429//1429 1897//1897 1881//1881
f 1429//1429 1431//1431 1886//1886 1897//1897
f 1441//1441 1432//1432 1887//1887 1898//1898
f 1428//1428 1879//1879 1888//1888 1433//1433
f 1479//1479 1436//1436 1891//1891 1913//1913
f 1438//1438 1893//1893 1889//1889 1434//1434
f 1440//1440 1895//1895 1891//1891 1436//1436
f 1434//1434 1889//1889 1890//1890 1435//1435
f 1433//1433 1888//1888 1892//1892 1437//1437
f 1426//1426 1877//1877 1893//1893 1438//1438
f 1425//1425 1876//1876 1894//1894 1439//1439
f 1439//1439 1894//1894 1895//1895 1440//1440
f 1356//1356 1903//1903 1901//1901 1400//1400
f 2122//2122 2112//2112 1885//1885 1308//1308
f 1308//1308 1885//1885 1903//1903 1356//1356
f 1411//1411 1899//1899 1906//1906 1373//1373
f 1317//1317 1341//1341 1905//1905 1880//1880
f 1309//1309 1883//1883 1900//1900 1362//1362
f 1310//1310 1882//1882 1902//1902 1403//1403
f 1420//1420 1348//1348 1907//1907 1896//1896
f 1388//1388 1908//1908 1882//1882 1310//1310
f 1400//1400 1901//1901 1883//1883 1309//1309
f 1368//1368 1909//1909 1908//1908 1388//1388
f 1341//1341 1420//1420 1896//1896 1905//1905
f 1324//1324 1317//1317 1880//1880 1904//1904
f 1403//1403 1902//1902 1899//1899 1411//1411
f 1471//1471 1373//1373 1906//1906 1914//1914
f 1362//1362 1900//1900 1909//1909 1368//1368
f 1449//1449 1468//1468 1911//1911 1904//1904
f 1467//1467 1430//1430 1881//1881 1910//1910
f 1468//1468 1460//1460 1912//1912 1911//1911
f 1467//1467 1910//1910 1912//1912 1460//1460
f 1432//1432 1479//1479 1913//1913 1887//1887
f 1348//1348 1471//1471 1914//1914 1907//1907
f 1138//1138 1931//1931 1930//1930 1109//1109
f 1071//1071 1928//1928 1926//1926 951//951
f 1939//1939 1330//1330 1300//1300 1935//1935
f 1946//1946 1884//1884 1307//1307 1938//1938
f 1608//1608 1943//1943 1915//1915 724//724
f 1945//1945 1761//1761 851//851 1921//1921
f 1330//1330 1939//1939 1936//1936 1301//1301
f 1944//1944 1724//1724 1301//1301 1936//1936
f 1455//1455 1942//1942 1940//1940 1335//1335
f 1884//1884 1946//1946 1942//1942 1455//1455
f 1263//1263 1934//1934 1932//1932 1143//1143
f 1943//1943 1608//1608 727//727 1917//1917
f 1927//1927 1043//1043 951//951 1926//1926
f 1925//1925 946//946 916//916 1923//1923
f 1921//1921 851//851 759//759 1920//1920
f 1941//1941 1427//1427 1335//1335 1940//1940
f 1761//1761 1945//1945 1918//1918 735//735
f 1933//1933 1235//1235 1143//1143 1932//1932
f 946//946 1925//1925 1924//1924 917//917
f 1919//1919 754//754 724//724 1915//1915
f 1917//1917 727//727 735//735 1918//1918
f 1938//1938 1307//1307 1302//1302 1937//1937
f 1724//1724 1944//1944 1937//1937 1302//1302
f 879//879 1922//1922 1920//1920 759//759
f 1931//1931 1138//1138 1108//1108 1929//1929
f 754//754 1919//1919 1916//1916 725//725
f 2573//2573 1933//1933 1932//1932 2572//2572
f 2576//2576 1959//1959 1957//1957 2575//2575
f 2577//2577 1941//1941 1940//1940 2578//2578
f 1968//1968 2023//2023 2005//2005 1970//1970
f 2571//2571 1927//1927 1926//1926 2575//2575
f 2581//2581 1965//1965 1963//1963 2572//2572
f 2580//2580 1953//1953 1951//1951 2574//2574
f 1979//1979 1953//1953 1958//1958 1982//1982
f 1965//1965 1971//1971 2476//2476 1974//1974
f 1685//1685 1109//1109 1930//1930 2069//2069
f 1979//1979 1978//1978 1951//1951 1953//1953
f 1979//1979 1995//1995 1992//1992 1978//1978
f 1959//1959 1983//1983 1981//1981 1957//1957
f 1991//1991 1972//1972 1949//1949 1975//1975
f 1982//1982 1958//1958 1957//1957 1981//1981
f 2009//2009 1929//1929 1108//1108 1686//1686
f 2001//2001 1999//1999 2035//2035 1974//1974
f 1997//1997 1982//1982 1981//1981 1996//1996
f 1974//1974 2035//2035 1963//1963 1965//1965
f 1983//1983 1998//1998 1996//1996 1981//1981
f 2024//2024 2006//2006 2002//2002 2021//2021
f 2064//2064 2012//2012 2028//2028 2058//2058
f 2006//2006 2024//2024 2022//2022 2003//2003
f 2058//2058 2028//2028 2038//2038 2039//2039
f 2030//2030 2040//2040 2039//2039 2038//2038
f 2633//2633 2480//2480 2050//2050 2617//2617
f 2014//2014 2059//2059 2040//2040 2030//2030
f 2480//2480 2488//2488 2047//2047 2050//2050
f 2012//2012 2064//2064 2057//2057 2029//2029
f 2481//2481 2061//2061 2067//2067 2490//2490
f 2482//2482 2053//2053 2042//2042 2486//2486
f 2483//2483 2060//2060 2054//2054 2478//2478
f 2490//2490 2067//2067 2010//2010 2487//2487
f 2057//2057 2068//2068 1989//1989 2063//2063
f 1646//1646 917//917 1924//1924 2052//2052
f 2486//2486 2042//2042 2045//2045 2478//2478
f 2477//2477 2066//2066 2060//2060 2483//2483
f 2482//2482 1990//1990 2061//2061 2481//2481
f 2036//2036 2058//2058 2039//2039 1988//1988
f 2063//2063 1989//1989 1976//1976 2065//2065
f 2396//2396 2395//2395 2002//2002 2006//2006
f 2029//2029 2057//2057 2063//2063 2013//2013
f 2002//2002 2395//2395 2027//2027 2059//2059
f 755//755 2076//2076 2072//2072 723//723
f 1609//1609 2080//2080 2071//2071 728//728
f 1610//1610 2081//2081 2073//2073 722//722
f 1761//1761 735//735 2075//2075 2082//2082
f 732//732 722//722 2073//2073 2074//2074
f 735//735 727//727 2070//2070 2075//2075
f 728//728 2071//2071 2076//2076 755//755
f 879//879 759//759 2077//2077 2079//2079
f 759//759 851//851 2078//2078 2077//2077
f 1767//1767 879//879 2079//2079 2083//2083
f 721//721 2070//2070 2080//2080 1609//1609
f 723//723 2072//2072 2081//2081 1610//1610
f 851//851 1761//1761 2082//2082 2078//2078
f 731//731 1767//1767 2083//2083 2074//2074
f 1806//1806 1071//1071 2090//2090 2094//2094
f 1648//1648 2089//2089 2120//2120 920//920
f 1649//1649 2088//2088 2118//2118 914//914
f 924//924 914//914 2118//2118 2087//2087
f 1116//1116 1106//1106 2111//2111 2098//2098
f 1800//1800 927//927 2086//2086 2095//2095
f 1845//1845 1263//1263 2103//2103 2097//2097
f 1143//1143 1235//1235 2102//2102 2109//2109
f 1071//1071 951//951 2084//2084 2090//2090
f 1112//1112 2101//2101 2108//2108 1139//1139
f 1043//1043 1800//1800 2095//2095 2091//2091
f 915//915 2119//2119 2088//2088 1649//1649
f 1688//1688 2105//2105 2111//2111 1106//1106
f 913//913 2121//2121 2089//2089 1648//1648
f 1687//1687 2104//2104 2101//2101 1112//1112
f 923//923 1806//1806 2094//2094 2087//2087
f 951//951 1043//1043 2091//2091 2084//2084
f 1335//1335 1427//1427 2125//2125 2114//2114
f 920//920 2120//2120 2085//2085 947//947
f 927//927 919//919 2121//2121 2086//2086
f 1235//1235 1839//1839 2096//2096 2102//2102
f 947//947 2085//2085 2119//2119 915//915
f 1115//1115 1845//1845 2097//2097 2098//2098
f 1455//1455 1335//1335 2114//2114 2124//2124
f 1839//1839 1119//1119 2099//2099 2096//2096
f 1331//1331 2115//2115 2093//2093 1299//1299
f 1878//1878 1311//1311 2123//2123 2113//2113
f 1726//1726 2117//2117 2106//2106 1304//1304
f 1107//1107 2110//2110 2105//2105 1688//1688
f 1119//1119 1111//1111 2100//2100 2099//2099
f 1139//1139 2108//2108 2110//2110 1107//1107
f 1105//1105 2100//2100 2104//2104 1687//1687
f 1263//1263 1143//1143 2109//2109 2103//2103
f 1299//1299 2093//2093 2116//2116 1727//1727
f 1304//1304 2106//2106 2115//2115 1331//1331
f 1427//1427 1878//1878 2113//2113 2125//2125
f 1884//1884 1455//1455 2124//2124 2112//2112
f 1297//1297 2107//2107 2117//2117 1726//1726
f 1307//1307 1884//1884 2112//2112 2122//2122
f 1311//1311 1303//1303 2107//2107 2123//2123
f 1727//1727 2116//2116 2092//2092 1298//1298
f 1308//1308 1298//1298 2092//2092 2122//2122
f 2141//2141 575//575 565//565 2131//2131
f 2134//2134 568//568 567//567 2133//2133
f 2126//2126 560//560 570//570 2136//2136
f 2133//2133 567//567 571//571 2137//2137
f 563//563 2129//2129 2130//2130 564//564
f 576//576 2142//2142 2138//2138 572//572
f 2137//2137 571//571 572//572 2138//2138
f 564//564 2130//2130 2131//2131 565//565
f 2618//2618 2616//2616 573//573 2139//2139
f 2132//2132 566//566 560//560 2126//2126
f 566//566 2132//2132 2127//2127 561//561
f 2139//2139 573//573 574//574 2140//2140
f 2136//2136 570//570 569//569 2135//2135
f 561//561 2127//2127 2128//2128 562//562
f 2140//2140 574//574 575//575 2141//2141
f 2135//2135 569//569 568//568 2134//2134
f 2154//2154 2137//2137 2138//2138 2155//2155
f 2130//2130 2147//2147 2148//2148 2131//2131
f 2619//2619 2618//2618 2139//2139 2156//2156
f 2149//2149 2132//2132 2126//2126 2143//2143
f 2132//2132 2149//2149 2144//2144 2127//2127
f 2156//2156 2139//2139 2140//2140 2157//2157
f 2153//2153 2136//2136 2135//2135 2152//2152
f 2127//2127 2144//2144 2145//2145 2128//2128
f 2157//2157 2140//2140 2141//2141 2158//2158
f 2152//2152 2135//2135 2134//2134 2151//2151
f 2158//2158 2141//2141 2131//2131 2148//2148
f 2151//2151 2134//2134 2133//2133 2150//2150
f 2143//2143 2126//2126 2136//2136 2153//2153
f 2150//2150 2133//2133 2137//2137 2154//2154
f 2129//2129 2146//2146 2147//2147 2130//2130
f 2142//2142 2159//2159 2155//2155 2138//2138
f 2620//2620 2619//2619 2156//2156 2173//2173
f 2166//2166 2149//2149 2143//2143 2160//2160
f 2149//2149 2166//2166 2161//2161 2144//2144
f 2173//2173 2156//2156 2157//2157 2174//2174
f 2170//2170 2153//2153 2152//2152 2169//2169
f 2144//2144 2161//2161 2162//2162 2145//2145
f 2174//2174 2157//2157 2158//2158 2175//2175
f 2169//2169 2152//2152 2151//2151 2168//2168
f 2175//2175 2158//2158 2148//2148 2165//2165
f 2168//2168 2151//2151 2150//2150 2167//2167
f 2160//2160 2143//2143 2153//2153 2170//2170
f 2167//2167 2150//2150 2154//2154 2171//2171
f 2146//2146 2163//2163 2164//2164 2147//2147
f 2159//2159 2176//2176 2172//2172 2155//2155
f 2171//2171 2154//2154 2155//2155 2172//2172
f 2147//2147 2164//2164 2165//2165 2148//2148
f 2190//2190 2173//2173 2174//2174 2191//2191
f 2187//2187 2170//2170 2169//2169 2186//2186
f 2161//2161 2178//2178 2179//2179 2162//2162
f 2191//2191 2174//2174 2175//2175 2192//2192
f 2186//2186 2169//2169 2168//2168 2185//2185
f 2192//2192 2175//2175 2165//2165 2182//2182
f 2185//2185 2168//2168 2167//2167 2184//2184
f 2177//2177 2160//2160 2170//2170 2187//2187
f 2184//2184 2167//2167 2171//2171 2188//2188
f 2163//2163 2180//2180 2181//2181 2164//2164
f 2176//2176 2193//2193 2189//2189 2172//2172
f 2188//2188 2171//2171 2172//2172 2189//2189
f 2164//2164 2181//2181 2182//2182 2165//2165
f 2621//2621 2620//2620 2173//2173 2190//2190
f 2183//2183 2166//2166 2160//2160 2177//2177
f 2166//2166 2183//2183 2178//2178 2161//2161
f 2622//2622 2621//2621 2190//2190 2207//2207
f 2200//2200 2183//2183 2177//2177 2194//2194
f 2183//2183 2200//2200 2195//2195 2178//2178
f 2207//2207 2190//2190 2191//2191 2208//2208
f 2204//2204 2187//2187 2186//2186 2203//2203
f 2178//2178 2195//2195 2196//2196 2179//2179
f 2208//2208 2191//2191 2192//2192 2209//2209
f 2203//2203 2186//2186 2185//2185 2202//2202
f 2209//2209 2192//2192 2182//2182 2199//2199
f 2202//2202 2185//2185 2184//2184 2201//2201
f 2194//2194 2177//2177 2187//2187 2204//2204
f 2201//2201 2184//2184 2188//2188 2205//2205
f 2180//2180 2197//2197 2198//2198 2181//2181
f 2193//2193 2210//2210 2206//2206 2189//2189
f 2205//2205 2188//2188 2189//2189 2206//2206
f 2181//2181 2198//2198 2199//2199 2182//2182
f 2224//2224 2207//2207 2208//2208 2225//2225
f 2221//2221 2204//2204 2203//2203 2220//2220
f 2195//2195 2212//2212 2213//2213 2196//2196
f 2225//2225 2208//2208 2209//2209 2226//2226
f 2220//2220 2203//2203 2202//2202 2219//2219
f 2226//2226 2209//2209 2199//2199 2216//2216
f 2219//2219 2202//2202 2201//2201 2218//2218
f 2211//2211 2194//2194 2204//2204 2221//2221
f 2218//2218 2201//2201 2205//2205 2222//2222
f 2197//2197 2214//2214 2215//2215 2198//2198
f 2210//2210 2227//2227 2223//2223 2206//2206
f 2222//2222 2205//2205 2206//2206 2223//2223
f 2198//2198 2215//2215 2216//2216 2199//2199
f 2623//2623 2622//2622 2207//2207 2224//2224
f 2217//2217 2200//2200 2194//2194 2211//2211
f 2200//2200 2217//2217 2212//2212 2195//2195
f 2242//2242 2225//2225 2226//2226 2243//2243
f 2237//2237 2220//2220 2219//2219 2236//2236
f 2243//2243 2226//2226 2216//2216 2233//2233
f 2236//2236 2219//2219 2218//2218 2235//2235
f 2228//2228 2211//2211 2221//2221 2238//2238
f 2235//2235 2218//2218 2222//2222 2239//2239
f 2214//2214 2231//2231 2232//2232 2215//2215
f 2227//2227 2244//2244 2240//2240 2223//2223
f 2239//2239 2222//2222 2223//2223 2240//2240
f 2215//2215 2232//2232 2233//2233 2216//2216
f 2624//2624 2623//2623 2224//2224 2241//2241
f 2234//2234 2217//2217 2211//2211 2228//2228
f 2217//2217 2234//2234 2229//2229 2212//2212
f 2241//2241 2224//2224 2225//2225 2242//2242
f 2238//2238 2221//2221 2220//2220 2237//2237
f 2212//2212 2229//2229 2230//2230 2213//2213
f 2260//2260 2243//2243 2233//2233 2250//2250
f 2253//2253 2236//2236 2235//2235 2252//2252
f 2245//2245 2228//2228 2238//2238 2255//2255
f 2252//2252 2235//2235 2239//2239 2256//2256
f 2231//2231 2248//2248 2249//2249 2232//2232
f 2244//2244 2261//2261 2257//2257 2240//2240
f 2256//2256 2239//2239 2240//2240 2257//2257
f 2232//2232 2249//2249 2250//2250 2233//2233
f 2625//2625 2624//2624 2241//2241 2258//2258
f 2251//2251 2234//2234 2228//2228 2245//2245
f 2234//2234 2251//2251 2246//2246 2229//2229
f 2258//2258 2241//2241 2242//2242 2259//2259
f 2255//2255 2238//2238 2237//2237 2254//2254
f 2229//2229 2246//2246 2247//2247 2230//2230
f 2259//2259 2242//2242 2243//2243 2260//2260
f 2254//2254 2237//2237 2236//2236 2253//2253
f 2262//2262 2245//2245 2255//2255 2272//2272
f 2269//2269 2252//2252 2256//2256 2273//2273
f 2248//2248 2265//2265 2266//2266 2249//2249
f 2261//2261 2278//2278 2274//2274 2257//2257
f 2273//2273 2256//2256 2257//2257 2274//2274
f 2249//2249 2266//2266 2267//2267 2250//2250
f 2626//2626 2625//2625 2258//2258 2275//2275
f 2268//2268 2251//2251 2245//2245 2262//2262
f 2251//2251 2268//2268 2263//2263 2246//2246
f 2275//2275 2258//2258 2259//2259 2276//2276
f 2272//2272 2255//2255 2254//2254 2271//2271
f 2246//2246 2263//2263 2264//2264 2247//2247
f 2276//2276 2259//2259 2260//2260 2277//2277
f 2271//2271 2254//2254 2253//2253 2270//2270
f 2277//2277 2260//2260 2250//2250 2267//2267
f 2270//2270 2253//2253 2252//2252 2269//2269
f 2278//2278 2295//2295 2291//2291 2274//2274
f 2290//2290 2273//2273 2274//2274 2291//2291
f 2266//2266 2283//2283 2284//2284 2267//2267
f 2627//2627 2626//2626 2275//2275 2292//2292
f 2285//2285 2268//2268 2262//2262 2279//2279
f 2268//2268 2285//2285 2280//2280 2263//2263
f 2292//2292 2275//2275 2276//2276 2293//2293
f 2289//2289 2272//2272 2271//2271 2288//2288
f 2263//2263 2280//2280 2281//2281 2264//2264
f 2293//2293 2276//2276 2277//2277 2294//2294
f 2288//2288 2271//2271 2270//2270 2287//2287
f 2294//2294 2277//2277 2267//2267 2284//2284
f 2287//2287 2270//2270 2269//2269 2286//2286
f 2279//2279 2262//2262 2272//2272 2289//2289
f 2286//2286 2269//2269 2273//2273 2290//2290
f 2265//2265 2282//2282 2283//2283 2266//2266
f 2628//2628 2627//2627 2292//2292 2309//2309
f 2302//2302 2285//2285 2279//2279 2296//2296
f 2285//2285 2302//2302 2297//2297 2280//2280
f 2309//2309 2292//2292 2293//2293 2310//2310
f 2306//2306 2289//2289 2288//2288 2305//2305
f 2280//2280 2297//2297 2298//2298 2281//2281
f 2310//2310 2293//2293 2294//2294 2311//2311
f 2305//2305 2288//2288 2287//2287 2304//2304
f 2311//2311 2294//2294 2284//2284 2301//2301
f 2304//2304 2287//2287 2286//2286 2303//2303
f 2296//2296 2279//2279 2289//2289 2306//2306
f 2303//2303 2286//2286 2290//2290 2307//2307
f 2282//2282 2299//2299 2300//2300 2283//2283
f 2295//2295 2312//2312 2308//2308 2291//2291
f 2307//2307 2290//2290 2291//2291 2308//2308
f 2283//2283 2300//2300 2301//2301 2284//2284
f 2326//2326 2309//2309 2310//2310 2327//2327
f 2323//2323 2306//2306 2305//2305 2322//2322
f 2297//2297 2314//2314 2315//2315 2298//2298
f 2327//2327 2310//2310 2311//2311 2328//2328
f 2322//2322 2305//2305 2304//2304 2321//2321
f 2328//2328 2311//2311 2301//2301 2318//2318
f 2321//2321 2304//2304 2303//2303 2320//2320
f 2313//2313 2296//2296 2306//2306 2323//2323
f 2320//2320 2303//2303 2307//2307 2324//2324
f 2299//2299 2316//2316 2317//2317 2300//2300
f 2312//2312 2329//2329 2325//2325 2308//2308
f 2324//2324 2307//2307 2308//2308 2325//2325
f 2300//2300 2317//2317 2318//2318 2301//2301
f 2629//2629 2628//2628 2309//2309 2326//2326
f 2319//2319 2302//2302 2296//2296 2313//2313
f 2302//2302 2319//2319 2314//2314 2297//2297
f 2344//2344 2327//2327 2328//2328 2345//2345
f 2339//2339 2322//2322 2321//2321 2338//2338
f 2345//2345 2328//2328 2318//2318 2335//2335
f 2338//2338 2321//2321 2320//2320 2337//2337
f 2330//2330 2313//2313 2323//2323 2340//2340
f 2337//2337 2320//2320 2324//2324 2341//2341
f 2316//2316 2333//2333 2334//2334 2317//2317
f 2329//2329 2346//2346 2342//2342 2325//2325
f 2341//2341 2324//2324 2325//2325 2342//2342
f 2317//2317 2334//2334 2335//2335 2318//2318
f 2630//2630 2629//2629 2326//2326 2343//2343
f 2336//2336 2319//2319 2313//2313 2330//2330
f 2319//2319 2336//2336 2331//2331 2314//2314
f 2343//2343 2326//2326 2327//2327 2344//2344
f 2340//2340 2323//2323 2322//2322 2339//2339
f 2314//2314 2331//2331 2332//2332 2315//2315
f 2362//2362 2345//2345 2335//2335 2352//2352
f 2355//2355 2338//2338 2337//2337 2354//2354
f 2347//2347 2330//2330 2340//2340 2357//2357
f 2354//2354 2337//2337 2341//2341 2358//2358
f 2333//2333 2350//2350 2351//2351 2334//2334
f 2346//2346 2363//2363 2359//2359 2342//2342
f 2358//2358 2341//2341 2342//2342 2359//2359
f 2334//2334 2351//2351 2352//2352 2335//2335
f 2631//2631 2630//2630 2343//2343 2360//2360
f 2353//2353 2336//2336 2330//2330 2347//2347
f 2336//2336 2353//2353 2348//2348 2331//2331
f 2360//2360 2343//2343 2344//2344 2361//2361
f 2357//2357 2340//2340 2339//2339 2356//2356
f 2331//2331 2348//2348 2349//2349 2332//2332
f 2361//2361 2344//2344 2345//2345 2362//2362
f 2356//2356 2339//2339 2338//2338 2355//2355
f 2647//2647 2347//2347 2357//2357 2646//2646
f 2649//2649 2354//2354 2358//2358 2648//2648
f 2651//2651 2367//2367 2368//2368 2650//2650
f 2653//2653 2380//2380 2376//2376 2652//2652
f 2648//2648 2358//2358 2359//2359 2652//2652
f 2650//2650 2368//2368 2369//2369 2654//2654
f 2665//2665 2631//2631 2360//2360 2655//2655
f 2656//2656 2353//2353 2347//2347 2647//2647
f 2656//2656 2370//2370 2365//2365 2657//2657
f 2655//2655 2360//2360 2361//2361 2658//2658
f 2646//2646 2357//2357 2356//2356 2659//2659
f 2657//2657 2365//2365 2366//2366 2660//2660
f 2658//2658 2361//2361 2362//2362 2661//2661
f 2659//2659 2356//2356 2355//2355 2662//2662
f 2661//2661 2362//2362 2352//2352 2654//2654
f 2662//2662 2355//2355 2354//2354 2649//2649
f 2059//2059 2027//2027 2393//2393 2040//2040
f 2064//2064 1980//1980 2068//2068 2057//2057
f 1972//1972 1991//1991 2065//2065 1976//1976
f 1980//1980 2064//2064 2058//2058 2036//2036
f 1962//1962 1960//1960 1988//1988 2393//2393
f 1956//1956 1954//1954 2068//2068 1980//1980
f 2040//2040 2393//2393 1988//1988 2039//2039
f 1969//1969 1967//1967 1936//1936 1939//1939
f 2391//2391 1923//1923 916//916 1647//1647
f 1607//1607 725//725 1916//1916 2392//2392
f 1647//1647 919//919 726//726 1607//1607
f 1607//1607 2392//2392 2391//2391 1647//1647
f 1939//1939 1935//1935 1966//1966 1969//1969
f 2395//2395 1966//1966 1935//1935 2394//2394
f 1686//1686 1111//1111 918//918 1646//1646
f 2393//2393 2027//2027 1961//1961 1962//1962
f 1646//1646 2052//2052 2009//2009 1686//1686
f 2027//2027 2395//2395 2394//2394 2069//2069
f 2396//2396 1973//1973 1967//1967 1969//1969
f 2006//2006 2003//2003 1973//1973 2396//2396
f 2394//2394 1935//1935 1300//1300 1725//1725
f 1685//1685 2069//2069 2394//2394 1725//1725
f 1725//1725 1303//1303 1110//1110 1685//1685
f 1969//1969 1966//1966 2395//2395 2396//2396
f 1984//1984 2035//2035 1999//1999 2000//2000
f 2676//2676 2677//2677 2366//2366 2365//2365
f 2675//2675 2676//2676 2365//2365 2370//2370
f 1530//1530 2399//2399 2401//2401 1532//1532
f 2405//2405 1536//1536 1533//1533 2402//2402
f 2406//2406 1566//1566 1529//1529 2398//2398
f 1578//1578 2407//2407 2398//2398 1529//1529
f 2403//2403 1534//1534 1535//1535 2404//2404
f 2402//2402 1533//1533 1534//1534 2403//2403
f 2407//2407 1578//1578 1536//1536 2405//2405
f 2404//2404 1535//1535 1531//1531 2400//2400
f 1566//1566 2406//2406 2399//2399 1530//1530
f 2400//2400 1531//1531 1532//1532 2401//2401
f 2414//2414 2404//2404 2400//2400 2410//2410
f 2410//2410 2400//2400 2401//2401 2411//2411
f 2406//2406 2416//2416 2409//2409 2399//2399
f 2415//2415 2405//2405 2402//2402 2412//2412
f 2399//2399 2409//2409 2411//2411 2401//2401
f 2416//2416 2406//2406 2398//2398 2408//2408
f 2407//2407 2417//2417 2408//2408 2398//2398
f 2417//2417 2407//2407 2405//2405 2415//2415
f 2413//2413 2403//2403 2404//2404 2414//2414
f 2412//2412 2402//2402 2403//2403 2413//2413
f 2423//2423 2413//2413 2414//2414 2424//2424
f 2422//2422 2412//2412 2413//2413 2423//2423
f 2424//2424 2414//2414 2410//2410 2420//2420
f 2420//2420 2410//2410 2411//2411 2421//2421
f 2416//2416 2426//2426 2419//2419 2409//2409
f 2425//2425 2415//2415 2412//2412 2422//2422
f 2409//2409 2419//2419 2421//2421 2411//2411
f 2426//2426 2416//2416 2408//2408 2418//2418
f 2417//2417 2427//2427 2418//2418 2408//2408
f 2427//2427 2417//2417 2415//2415 2425//2425
f 2436//2436 2426//2426 2418//2418 2428//2428
f 2427//2427 2437//2437 2428//2428 2418//2418
f 2437//2437 2427//2427 2425//2425 2435//2435
f 2433//2433 2423//2423 2424//2424 2434//2434
f 2432//2432 2422//2422 2423//2423 2433//2433
f 2434//2434 2424//2424 2420//2420 2430//2430
f 2430//2430 2420//2420 2421//2421 2431//2431
f 2426//2426 2436//2436 2429//2429 2419//2419
f 2435//2435 2425//2425 2422//2422 2432//2432
f 2419//2419 2429//2429 2431//2431 2421//2421
f 2436//2436 2446//2446 2439//2439 2429//2429
f 2445//2445 2435//2435 2432//2432 2442//2442
f 2429//2429 2439//2439 2441//2441 2431//2431
f 2446//2446 2436//2436 2428//2428 2438//2438
f 2437//2437 2447//2447 2438//2438 2428//2428
f 2447//2447 2437//2437 2435//2435 2445//2445
f 2443//2443 2433//2433 2434//2434 2444//2444
f 2442//2442 2432//2432 2433//2433 2443//2443
f 2444//2444 2434//2434 2430//2430 2440//2440
f 2440//2440 2430//2430 2431//2431 2441//2441
f 2454//2454 2444//2444 2440//2440 2450//2450
f 2450//2450 2440//2440 2441//2441 2451//2451
f 2446//2446 2456//2456 2449//2449 2439//2439
f 2455//2455 2445//2445 2442//2442 2452//2452
f 2439//2439 2449//2449 2451//2451 2441//2441
f 2456//2456 2446//2446 2438//2438 2448//2448
f 2447//2447 2457//2457 2448//2448 2438//2438
f 2457//2457 2447//2447 2445//2445 2455//2455
f 2453//2453 2443//2443 2444//2444 2454//2454
f 2452//2452 2442//2442 2443//2443 2453//2453
f 1987//1987 1986//1986 2450//2450 2451//2451
f 2007//2007 1987//1987 2451//2451 2449//2449
f 2019//2019 2461//2461 2460//2460 2018//2018
f 2018//2018 2460//2460 2459//2459 2017//2017
f 2017//2017 2459//2459 2458//2458 2016//2016
f 2461//2461 2463//2463 2462//2462 2460//2460
f 2463//2463 2465//2465 2464//2464 2462//2462
f 2465//2465 2468//2468 2467//2467 2464//2464
f 2031//2031 2589//2589 2493//2493 2588//2588
f 2468//2468 2471//2471 2470//2470 2467//2467
f 2471//2471 2474//2474 2473//2473 2470//2470
f 2485//2485 2049//2049 2591//2591 2473//2473
f 1993//1993 2485//2485 2473//2473 2474//2474
f 731//731 726//726 919//919 927//927
f 923//923 918//918 1111//1111 1119//1119
f 1767//1767 731//731 927//927 1800//1800
f 1800//1800 1043//1043 879//879 1767//1767
f 1043//1043 1927//1927 1922//1922 879//879
f 2580//2580 1922//1922 1927//1927 2571//2571
f 1992//1992 1995//1995 2019//2019 2585//2585
f 1982//1982 1997//1997 1995//1995 1979//1979
f 2008//2008 2007//2007 2449//2449 2456//2456
f 1806//1806 923//923 1119//1119 1839//1839
f 1839//1839 1235//1235 1071//1071 1806//1806
f 1115//1115 1110//1110 1303//1303 1311//1311
f 1845//1845 1115//1115 1311//1311 1878//1878
f 1878//1878 1427//1427 1263//1263 1845//1845
f 1427//1427 1941//1941 1934//1934 1263//1263
f 2581//2581 1934//1934 1941//1941 2577//2577
f 1984//1984 1983//1983 1959//1959 1964//1964
f 2000//2000 1998//1998 1983//1983 1984//1984
f 2035//2035 1984//1984 1964//1964 1963//1963
f 2573//2573 1964//1964 1959//1959 2576//2576
f 1928//1928 1071//1071 1235//1235 1933//1933
f 1971//1971 1970//1970 2005//2005 2476//2476
f 2477//2477 2041//2041 2047//2047 2488//2488
f 2059//2059 2014//2014 2021//2021 2002//2002
f 1976//1976 1989//1989 1948//1948 1950//1950
f 1976//1976 1950//1950 1947//1947 1972//1972
f 1980//1980 2036//2036 1955//1955 1956//1956
f 2003//2003 2023//2023 1968//1968 1973//1973
f 2025//2025 2008//2008 2456//2456 2448//2448
f 2034//2034 2033//2033 2488//2488 2480//2480
f 2043//2043 2481//2481 2490//2490 2037//2037
f 2066//2066 2477//2477 2488//2488 2033//2033
f 2041//2041 2477//2477 2483//2483 2044//2044
f 2037//2037 2490//2490 2487//2487 2046//2046
f 1990//1990 2482//2482 2486//2486 2062//2062
f 2044//2044 2483//2483 2478//2478 2045//2045
f 2053//2053 2482//2482 2481//2481 2043//2043
f 2062//2062 2486//2486 2478//2478 2054//2054
f 2005//2005 2004//2004 2492//2492 2476//2476
f 2470//2470 2473//2473 2591//2591 2592//2592
f 1974//1974 2476//2476 2492//2492 2001//2001
f 2467//2467 2470//2470 2592//2592 2594//2594
f 2026//2026 2025//2025 2448//2448 2457//2457
f 2457//2457 2455//2455 2582//2582 2026//2026
f 1994//1994 2582//2582 2455//2455 2452//2452
f 2051//2051 1994//1994 2452//2452 2453//2453
f 2453//2453 2454//2454 2489//2489 2051//2051
f 2487//2487 2588//2588 2493//2493 2046//2046
f 2479//2479 2048//2048 2055//2055 2491//2491
f 2491//2491 1985//1985 2056//2056 2479//2479
f 2022//2022 2011//2011 2023//2023 2003//2003
f 2015//2015 2383//2383 2589//2589 2031//2031
f 2675//2675 2674//2674 2387//2387 2388//2388
f 2674//2674 2673//2673 2386//2386 2387//2387
f 2673//2673 2672//2672 2385//2385 2386//2386
f 2672//2672 2671//2671 2389//2389 2385//2385
f 2671//2671 2670//2670 2397//2397 2389//2389
f 2663//2663 2651//2651 2350//2350 2533//2533
f 2532//2532 2533//2533 2350//2350 2333//2333
f 2536//2536 2531//2531 2316//2316 2299//2299
f 2502//2502 2503//2503 145//145 277//277
f 2503//2503 2504//2504 144//144 145//145
f 2504//2504 2505//2505 143//143 144//144
f 2505//2505 2506//2506 142//142 143//143
f 2506//2506 2507//2507 162//162 142//142
f 2507//2507 2508//2508 160//160 162//162
f 2508//2508 2509//2509 141//141 160//160
f 2510//2510 2509//2509 56//56 151//151
f 2510//2510 2511//2511 16//16 153//153
f 2512//2512 2511//2511 17//17 125//125
f 2512//2512 2513//2513 129//129 126//126
f 3789//3789 2513//2513 131//131 3787//3787
f 2514//2514 2502//2502 277//277 332//332
f 2514//2514 2515//2515 213//213 328//328
f 2516//2516 2515//2515 210//210 200//200
f 2517//2517 2516//2516 200//200 190//190
f 2518//2518 2517//2517 190//190 180//180
f 2519//2519 2518//2518 180//180 172//172
f 2519//2519 2520//2520 248//248 173//173
f 2521//2521 2520//2520 247//247 489//489
f 2521//2521 2522//2522 222//222 495//495
f 2522//2522 2523//2523 258//258 222//222
f 2524//2524 2523//2523 257//257 231//231
f 2524//2524 2525//2525 242//242 232//232
f 2525//2525 2526//2526 512//512 242//242
f 2526//2526 2527//2527 529//529 512//512
f 2528//2528 2527//2527 528//528 545//545
f 2528//2528 2529//2529 563//563 546//546
f 2529//2529 2530//2530 2129//2129 563//563
f 2670//2670 2669//2669 2390//2390 2397//2397
f 2669//2669 2668//2668 2570//2570 2390//2390
f 326//326 88//88 2503//2503 2502//2502
f 88//88 82//82 2504//2504 2503//2503
f 82//82 76//76 2505//2505 2504//2504
f 76//76 70//70 2506//2506 2505//2505
f 70//70 64//64 2507//2507 2506//2506
f 64//64 60//60 2508//2508 2507//2507
f 60//60 56//56 2509//2509 2508//2508
f 153//153 141//141 2509//2509 2510//2510
f 151//151 17//17 2511//2511 2510//2510
f 126//126 16//16 2511//2511 2512//2512
f 125//125 131//131 2513//2513 2512//2512
f 328//328 326//326 2502//2502 2514//2514
f 332//332 210//210 2515//2515 2514//2514
f 203//203 213//213 2515//2515 2516//2516
f 193//193 203//203 2516//2516 2517//2517
f 183//183 193//193 2517//2517 2518//2518
f 173//173 183//183 2518//2518 2519//2519
f 172//172 247//247 2520//2520 2519//2519
f 495//495 248//248 2520//2520 2521//2521
f 489//489 221//221 2522//2522 2521//2521
f 221//221 257//257 2523//2523 2522//2522
f 232//232 258//258 2523//2523 2524//2524
f 231//231 241//241 2525//2525 2524//2524
f 241//241 511//511 2526//2526 2525//2525
f 511//511 528//528 2527//2527 2526//2526
f 546//546 529//529 2527//2527 2528//2528
f 545//545 562//562 2529//2529 2528//2528
f 562//562 2128//2128 2530//2530 2529//2529
f 2043//2043 2037//2037 2381//2381 2388//2388
f 2053//2053 2043//2043 2388//2388 2387//2387
f 2387//2387 2386//2386 2042//2042 2053//2053
f 2386//2386 2385//2385 2045//2045 2042//2042
f 2044//2044 2045//2045 2385//2385 2389//2389
f 2333//2333 2316//2316 2531//2531 2532//2532
f 2041//2041 2044//2044 2389//2389 2397//2397
f 2397//2397 2390//2390 2047//2047 2041//2041
f 2667//2667 2668//2668 2376//2376 2380//2380
f 2660//2660 2366//2366 2534//2534 2663//2663
f 2332//2332 2349//2349 2533//2533 2532//2532
f 382//382 2538//2538 2537//2537 376//376
f 388//388 2539//2539 2538//2538 382//382
f 394//394 2540//2540 2539//2539 388//388
f 400//400 2541//2541 2540//2540 394//394
f 406//406 2542//2542 2541//2541 400//400
f 412//412 2543//2543 2542//2542 406//406
f 426//426 2544//2544 2549//2549 504//504
f 504//504 2549//2549 2545//2545 500//500
f 500//500 2545//2545 2546//2546 501//501
f 501//501 2546//2546 2547//2547 502//502
f 502//502 2547//2547 2548//2548 503//503
f 436//436 2550//2550 2544//2544 426//426
f 503//503 2548//2548 2551//2551 525//525
f 525//525 2551//2551 2552//2552 542//542
f 542//542 2552//2552 2553//2553 559//559
f 559//559 2553//2553 2554//2554 576//576
f 2142//2142 576//576 2554//2554 2555//2555
f 2159//2159 2142//2142 2555//2555 2556//2556
f 2176//2176 2159//2159 2556//2556 2557//2557
f 2193//2193 2176//2176 2557//2557 2558//2558
f 2210//2210 2193//2193 2558//2558 2559//2559
f 2227//2227 2210//2210 2559//2559 2560//2560
f 2244//2244 2227//2227 2560//2560 2561//2561
f 2261//2261 2244//2244 2561//2561 2562//2562
f 2278//2278 2261//2261 2562//2562 2563//2563
f 2295//2295 2278//2278 2563//2563 2564//2564
f 2312//2312 2295//2295 2564//2564 2565//2565
f 2329//2329 2312//2312 2565//2565 2566//2566
f 2346//2346 2329//2329 2566//2566 2567//2567
f 2363//2363 2346//2346 2567//2567 2568//2568
f 2653//2653 2363//2363 2568//2568 2664//2664
f 2666//2666 2667//2667 2380//2380 2569//2569
f 2050//2050 2047//2047 2390//2390 2570//2570
f 1961//1961 2027//2027 2069//2069 1930//1930
f 1964//1964 2573//2573 2572//2572 1963//1963
f 1952//1952 1945//1945 2574//2574 1951//1951
f 1962//1962 1961//1961 1930//1930 1931//1931
f 1931//1931 1929//1929 1960//1960 1962//1962
f 1928//1928 2576//2576 2575//2575 1926//1926
f 1988//1988 1960//1960 1929//1929 2009//2009
f 1971//1971 2577//2577 2578//2578 1970//1970
f 1945//1945 1921//1921 1920//1920 2574//2574
f 2009//2009 2052//2052 2036//2036 1988//1988
f 1955//1955 2036//2036 2052//2052 1924//1924
f 1956//1956 1955//1955 1924//1924 1925//1925
f 1925//1925 1923//1923 1954//1954 1956//1956
f 1958//1958 2571//2571 2575//2575 1957//1957
f 1934//1934 2581//2581 2572//2572 1932//1932
f 1946//1946 1938//1938 1970//1970 2578//2578
f 2068//2068 1954//1954 1923//1923 2391//2391
f 1922//1922 2580//2580 2574//2574 1920//1920
f 2391//2391 2392//2392 1989//1989 2068//2068
f 1948//1948 1989//1989 2392//2392 1916//1916
f 1950//1950 1948//1948 1916//1916 1919//1919
f 1946//1946 2578//2578 1940//1940 1942//1942
f 1919//1919 1915//1915 1947//1947 1950//1950
f 1972//1972 1947//1947 1915//1915 1943//1943
f 1943//1943 1917//1917 1949//1949 1972//1972
f 1975//1975 1949//1949 2579//2579 2599//2599
f 1952//1952 1977//1977 2599//2599 2579//2579
f 1938//1938 1937//1937 1968//1968 1970//1970
f 1973//1973 1968//1968 1937//1937 1944//1944
f 1944//1944 1936//1936 1967//1967 1973//1973
f 1917//1917 1918//1918 2579//2579 1949//1949
f 1953//1953 2580//2580 2571//2571 1958//1958
f 1965//1965 2581//2581 2577//2577 1971//1971
f 1933//1933 2573//2573 2576//2576 1928//1928
f 2454//2454 2450//2450 1986//1986 2489//2489
f 2583//2583 2584//2584 2582//2582 1994//1994
f 2032//2032 2583//2583 1994//1994 2051//2051
f 2065//2065 2020//2020 2013//2013 2063//2063
f 2588//2588 2487//2487 2010//2010 2586//2586
f 2617//2617 2050//2050 2570//2570 2635//2635
f 2031//2031 2032//2032 2051//2051 2489//2489
f 2617//2617 2635//2635 2497//2497 2048//2048
f 2587//2587 2020//2020 2065//2065 1991//1991
f 2020//2020 2587//2587 2586//2586 2010//2010
f 2586//2586 2587//2587 2583//2583 2032//2032
f 1991//1991 1975//1975 2583//2583 2587//2587
f 2013//2013 2020//2020 2010//2010 2067//2067
f 2029//2029 2013//2013 2067//2067 2061//2061
f 2485//2485 1993//1993 1985//1985 2491//2491
f 2491//2491 2055//2055 2049//2049 2485//2485
f 2475//2475 2048//2048 2497//2497 2495//2495
f 2472//2472 2475//2475 2495//2495 2496//2496
f 2469//2469 2472//2472 2496//2496 2498//2498
f 2466//2466 2469//2469 2498//2498 2500//2500
f 2494//2494 2466//2466 2500//2500 2499//2499
f 2383//2383 2494//2494 2499//2499 2535//2535
f 2589//2589 2383//2383 2535//2535 2501//2501
f 2493//2493 2589//2589 2501//2501 2382//2382
f 2475//2475 2590//2590 2055//2055 2048//2048
f 2458//2458 2383//2383 2015//2015 2016//2016
f 2472//2472 2484//2484 2590//2590 2475//2475
f 2055//2055 2590//2590 2591//2591 2049//2049
f 2464//2464 2467//2467 2594//2594 2596//2596
f 2596//2596 2598//2598 2462//2462 2464//2464
f 2592//2592 2591//2591 2590//2590 2484//2484
f 2484//2484 2593//2593 2594//2594 2592//2592
f 2593//2593 2595//2595 2596//2596 2594//2594
f 2595//2595 2597//2597 2598//2598 2596//2596
f 2469//2469 2593//2593 2484//2484 2472//2472
f 2595//2595 2593//2593 2469//2469 2466//2466
f 2466//2466 2494//2494 2597//2597 2595//2595
f 2462//2462 2598//2598 2459//2459 2460//2460
f 2598//2598 2597//2597 2458//2458 2459//2459
f 2458//2458 2597//2597 2494//2494 2383//2383
f 2023//2023 2011//2011 2004//2004 2005//2005
f 2012//2012 2029//2029 2061//2061 1990//1990
f 1990//1990 2062//2062 2028//2028 2012//2012
f 2062//2062 2054//2054 2038//2038 2028//2028
f 2030//2030 2038//2038 2054//2054 2060//2060
f 2014//2014 2030//2030 2060//2060 2066//2066
f 2021//2021 2014//2014 2066//2066 2033//2033
f 2024//2024 2021//2021 2033//2033 2034//2034
f 2004//2004 2011//2011 2056//2056 1985//1985
f 1985//1985 1993//1993 2492//2492 2004//2004
f 2001//2001 2492//2492 1993//1993 2474//2474
f 2474//2474 2471//2471 1999//1999 2001//2001
f 2000//2000 1999//1999 2471//2471 2468//2468
f 2468//2468 2465//2465 1998//1998 2000//2000
f 2465//2465 2463//2463 1996//1996 1998//1998
f 1997//1997 1996//1996 2463//2463 2461//2461
f 2461//2461 2019//2019 1995//1995 1997//1997
f 1952//1952 2579//2579 1918//1918 1945//1945
f 1978//1978 1992//1992 2599//2599 1977//1977
f 1952//1952 1951//1951 1978//1978 1977//1977
f 1975//1975 2599//2599 2584//2584 2583//2583
f 2538//2538 2601//2601 2600//2600 2537//2537
f 2539//2539 2602//2602 2601//2601 2538//2538
f 2540//2540 2603//2603 2602//2602 2539//2539
f 2541//2541 2604//2604 2603//2603 2540//2540
f 2542//2542 2605//2605 2604//2604 2541//2541
f 2543//2543 2606//2606 2605//2605 2542//2542
f 2544//2544 2607//2607 2612//2612 2549//2549
f 2549//2549 2612//2612 2608//2608 2545//2545
f 2545//2545 2608//2608 2609//2609 2546//2546
f 2546//2546 2609//2609 2610//2610 2547//2547
f 2547//2547 2610//2610 2611//2611 2548//2548
f 2550//2550 2634//2634 2607//2607 2544//2544
f 2548//2548 2611//2611 2613//2613 2551//2551
f 2551//2551 2613//2613 2614//2614 2552//2552
f 2552//2552 2614//2614 2615//2615 2553//2553
f 2553//2553 2615//2615 2616//2616 2554//2554
f 2479//2479 2633//2633 2617//2617 2048//2048
f 2555//2555 2554//2554 2616//2616 2618//2618
f 2556//2556 2555//2555 2618//2618 2619//2619
f 2557//2557 2556//2556 2619//2619 2620//2620
f 2558//2558 2557//2557 2620//2620 2621//2621
f 2559//2559 2558//2558 2621//2621 2622//2622
f 2560//2560 2559//2559 2622//2622 2623//2623
f 2561//2561 2560//2560 2623//2623 2624//2624
f 2562//2562 2561//2561 2624//2624 2625//2625
f 2563//2563 2562//2562 2625//2625 2626//2626
f 2564//2564 2563//2563 2626//2626 2627//2627
f 2565//2565 2564//2564 2627//2627 2628//2628
f 2566//2566 2565//2565 2628//2628 2629//2629
f 2567//2567 2566//2566 2629//2629 2630//2630
f 2568//2568 2567//2567 2630//2630 2631//2631
f 2664//2664 2568//2568 2631//2631 2665//2665
f 2046//2046 2493//2493 2382//2382 2384//2384
f 2037//2037 2046//2046 2384//2384 2381//2381
f 2011//2011 2022//2022 2636//2636 2056//2056
f 2479//2479 2056//2056 2636//2636 2633//2633
f 2034//2034 2636//2636 2022//2022 2024//2024
f 2633//2633 2636//2636 2034//2034 2480//2480
f 2637//2637 2638//2638 2282//2282 2265//2265
f 2637//2637 2639//2639 2247//2247 2264//2264
f 2640//2640 2639//2639 2248//2248 2231//2231
f 2640//2640 2641//2641 2213//2213 2230//2230
f 2642//2642 2641//2641 2214//2214 2197//2197
f 2643//2643 2642//2642 2197//2197 2180//2180
f 2644//2644 2643//2643 2180//2180 2163//2163
f 2645//2645 2644//2644 2163//2163 2146//2146
f 2264//2264 2281//2281 2638//2638 2637//2637
f 2265//2265 2248//2248 2639//2639 2637//2637
f 2230//2230 2247//2247 2639//2639 2640//2640
f 2231//2231 2214//2214 2641//2641 2640//2640
f 2196//2196 2213//2213 2641//2641 2642//2642
f 2179//2179 2196//2196 2642//2642 2643//2643
f 2162//2162 2179//2179 2643//2643 2644//2644
f 2145//2145 2162//2162 2644//2644 2645//2645
f 2638//2638 2536//2536 2299//2299 2282//2282
f 2532//2532 2531//2531 2315//2315 2332//2332
f 2530//2530 2645//2645 2146//2146 2129//2129
f 2281//2281 2298//2298 2536//2536 2638//2638
f 2128//2128 2145//2145 2645//2645 2530//2530
f 2298//2298 2315//2315 2531//2531 2536//2536
f 2032//2032 2031//2031 2588//2588 2586//2586
f 2026//2026 2582//2582 2584//2584 2585//2585
f 2585//2585 2019//2019 2025//2025 2026//2026
f 2019//2019 2018//2018 2008//2008 2025//2025
f 2018//2018 2017//2017 2007//2007 2008//2008
f 2017//2017 2016//2016 1987//1987 2007//2007
f 2016//2016 2015//2015 1986//1986 1987//1987
f 2015//2015 2031//2031 2489//2489 1986//1986
f 2685//2685 2684//2684 2367//2367 2534//2534
f 2684//2684 2683//2683 2368//2368 2367//2367
f 2683//2683 2682//2682 2369//2369 2368//2368
f 2681//2681 2682//2682 2499//2499 2500//2500
f 2680//2680 2681//2681 2500//2500 2498//2498
f 2679//2679 2680//2680 2498//2498 2496//2496
f 2678//2678 2679//2679 2496//2496 2495//2495
f 2678//2678 2666//2666 2569//2569 2632//2632
f 2677//2677 2685//2685 2534//2534 2366//2366
f 2364//2364 2647//2647 2646//2646 2374//2374
f 2371//2371 2649//2649 2648//2648 2375//2375
f 2350//2350 2651//2651 2650//2650 2351//2351
f 2363//2363 2653//2653 2652//2652 2359//2359
f 2375//2375 2648//2648 2652//2652 2376//2376
f 2351//2351 2650//2650 2654//2654 2352//2352
f 2632//2632 2665//2665 2655//2655 2377//2377
f 2370//2370 2656//2656 2647//2647 2364//2364
f 2353//2353 2656//2656 2657//2657 2348//2348
f 2377//2377 2655//2655 2658//2658 2378//2378
f 2374//2374 2646//2646 2659//2659 2373//2373
f 2348//2348 2657//2657 2660//2660 2349//2349
f 2378//2378 2658//2658 2661//2661 2379//2379
f 2373//2373 2659//2659 2662//2662 2372//2372
f 2379//2379 2661//2661 2654//2654 2369//2369
f 2372//2372 2662//2662 2649//2649 2371//2371
f 2534//2534 2367//2367 2651//2651 2663//2663
f 2349//2349 2660//2660 2663//2663 2533//2533
f 2380//2380 2653//2653 2664//2664 2569//2569
f 2569//2569 2664//2664 2665//2665 2632//2632
f 2497//2497 2635//2635 2667//2667 2666//2666
f 2370//2370 2364//2364 2674//2674 2675//2675
f 2378//2378 2379//2379 2681//2681 2680//2680
f 2388//2388 2381//2381 2676//2676 2675//2675
f 2535//2535 2499//2499 2682//2682 2683//2683
f 2381//2381 2384//2384 2677//2677 2676//2676
f 2375//2375 2376//2376 2668//2668 2669//2669
f 2384//2384 2382//2382 2685//2685 2677//2677
f 2373//2373 2372//2372 2671//2671 2672//2672
f 2371//2371 2375//2375 2669//2669 2670//2670
f 2501//2501 2535//2535 2683//2683 2684//2684
f 2632//2632 2377//2377 2679//2679 2678//2678
f 2374//2374 2373//2373 2672//2672 2673//2673
f 2372//2372 2371//2371 2670//2670 2671//2671
f 2495//2495 2497//2497 2666//2666 2678//2678
f 2379//2379 2369//2369 2682//2682 2681//2681
f 2364//2364 2374//2374 2673//2673 2674//2674
f 2635//2635 2570//2570 2668//2668 2667//2667
f 2377//2377 2378//2378 2680//2680 2679//2679
f 2382//2382 2501//2501 2684//2684 2685//2685
f 2599//2599 1992//1992 2585//2585 2584//2584
f 403//403 2693//2693 2692//2692 397//397
f 506//506 2699//2699 2696//2696 429//429
f 397//397 2692//2692 2691//2691 391//391
f 264//264 2688//2688 2686//2686 228//228
f 439//439 2697//2697 2698//2698 505//505
f 238//238 2687//2687 2688//2688 264//264
f 429//429 2696//2696 2697//2697 439//439
f 391//391 2691//2691 2690//2690 385//385
f 505//505 2698//2698 2687//2687 238//238
f 415//415 2695//2695 2694//2694 409//409
f 385//385 2690//2690 2689//2689 379//379
f 409//409 2694//2694 2693//2693 403//403
f 2694//2694 2708//2708 2707//2707 2693//2693
f 2687//2687 2701//2701 2702//2702 2688//2688
f 2695//2695 2709//2709 2708//2708 2694//2694
f 2690//2690 2704//2704 2703//2703 2689//2689
f 2699//2699 2713//2713 2710//2710 2696//2696
f 2691//2691 2705//2705 2704//2704 2690//2690
f 2696//2696 2710//2710 2711//2711 2697//2697
f 2692//2692 2706//2706 2705//2705 2691//2691
f 2697//2697 2711//2711 2712//2712 2698//2698
f 2693//2693 2707//2707 2706//2706 2692//2692
f 2688//2688 2702//2702 2700//2700 2686//2686
f 2698//2698 2712//2712 2701//2701 2687//2687
f 2712//2712 2726//2726 2715//2715 2701//2701
f 2708//2708 2722//2722 2721//2721 2707//2707
f 2701//2701 2715//2715 2716//2716 2702//2702
f 2709//2709 2723//2723 2722//2722 2708//2708
f 2704//2704 2718//2718 2717//2717 2703//2703
f 2713//2713 2727//2727 2724//2724 2710//2710
f 2705//2705 2719//2719 2718//2718 2704//2704
f 2710//2710 2724//2724 2725//2725 2711//2711
f 2706//2706 2720//2720 2719//2719 2705//2705
f 2711//2711 2725//2725 2726//2726 2712//2712
f 2707//2707 2721//2721 2720//2720 2706//2706
f 2702//2702 2716//2716 2714//2714 2700//2700
f 2726//2726 2740//2740 2729//2729 2715//2715
f 2722//2722 2736//2736 2735//2735 2721//2721
f 2715//2715 2729//2729 2730//2730 2716//2716
f 2723//2723 2737//2737 2736//2736 2722//2722
f 2718//2718 2732//2732 2731//2731 2717//2717
f 2727//2727 2741//2741 2738//2738 2724//2724
f 2719//2719 2733//2733 2732//2732 2718//2718
f 2724//2724 2738//2738 2739//2739 2725//2725
f 2720//2720 2734//2734 2733//2733 2719//2719
f 2725//2725 2739//2739 2740//2740 2726//2726
f 2721//2721 2735//2735 2734//2734 2720//2720
f 2716//2716 2730//2730 2728//2728 2714//2714
f 2740//2740 2754//2754 2743//2743 2729//2729
f 2736//2736 2750//2750 2749//2749 2735//2735
f 2729//2729 2743//2743 2744//2744 2730//2730
f 2737//2737 2751//2751 2750//2750 2736//2736
f 2732//2732 2746//2746 2745//2745 2731//2731
f 2741//2741 2755//2755 2752//2752 2738//2738
f 2733//2733 2747//2747 2746//2746 2732//2732
f 2738//2738 2752//2752 2753//2753 2739//2739
f 2734//2734 2748//2748 2747//2747 2733//2733
f 2739//2739 2753//2753 2754//2754 2740//2740
f 2735//2735 2749//2749 2748//2748 2734//2734
f 2730//2730 2744//2744 2742//2742 2728//2728
f 2754//2754 2768//2768 2757//2757 2743//2743
f 2750//2750 2764//2764 2763//2763 2749//2749
f 2743//2743 2757//2757 2758//2758 2744//2744
f 2751//2751 2765//2765 2764//2764 2750//2750
f 2746//2746 2760//2760 2759//2759 2745//2745
f 2755//2755 2769//2769 2766//2766 2752//2752
f 2747//2747 2761//2761 2760//2760 2746//2746
f 2752//2752 2766//2766 2767//2767 2753//2753
f 2748//2748 2762//2762 2761//2761 2747//2747
f 2753//2753 2767//2767 2768//2768 2754//2754
f 2749//2749 2763//2763 2762//2762 2748//2748
f 2744//2744 2758//2758 2756//2756 2742//2742
f 2758//2758 2772//2772 2770//2770 2756//2756
f 2768//2768 2782//2782 2771//2771 2757//2757
f 2764//2764 2778//2778 2777//2777 2763//2763
f 2757//2757 2771//2771 2772//2772 2758//2758
f 2765//2765 2779//2779 2778//2778 2764//2764
f 2760//2760 2774//2774 2773//2773 2759//2759
f 2769//2769 2783//2783 2780//2780 2766//2766
f 2761//2761 2775//2775 2774//2774 2760//2760
f 2766//2766 2780//2780 2781//2781 2767//2767
f 2762//2762 2776//2776 2775//2775 2761//2761
f 2767//2767 2781//2781 2782//2782 2768//2768
f 2763//2763 2777//2777 2776//2776 2762//2762
f 2777//2777 2791//2791 2790//2790 2776//2776
f 2772//2772 2786//2786 2784//2784 2770//2770
f 2782//2782 2796//2796 2785//2785 2771//2771
f 2778//2778 2792//2792 2791//2791 2777//2777
f 2771//2771 2785//2785 2786//2786 2772//2772
f 2779//2779 2793//2793 2792//2792 2778//2778
f 2774//2774 2788//2788 2787//2787 2773//2773
f 2783//2783 2797//2797 2794//2794 2780//2780
f 2775//2775 2789//2789 2788//2788 2774//2774
f 2780//2780 2794//2794 2795//2795 2781//2781
f 2776//2776 2790//2790 2789//2789 2775//2775
f 2781//2781 2795//2795 2796//2796 2782//2782
f 2903//2903 2810//2810 2811//2811 2902//2902
f 2791//2791 2806//2806 2805//2805 2790//2790
f 2905//2905 2800//2800 2798//2798 2904//2904
f 2902//2902 2811//2811 2799//2799 2906//2906
f 2792//2792 2807//2807 2806//2806 2791//2791
f 2906//2906 2799//2799 2800//2800 2905//2905
f 2793//2793 2808//2808 2807//2807 2792//2792
f 2788//2788 2803//2803 2802//2802 2787//2787
f 2789//2789 2804//2804 2803//2803 2788//2788
f 2790//2790 2805//2805 2804//2804 2789//2789
f 2810//2810 2824//2824 2825//2825 2811//2811
f 2909//2909 2821//2821 2820//2820 2908//2908
f 2800//2800 2815//2815 2813//2813 2798//2798
f 2811//2811 2825//2825 2814//2814 2799//2799
f 2910//2910 2822//2822 2821//2821 2909//2909
f 2799//2799 2814//2814 2815//2815 2800//2800
f 2911//2911 2823//2823 2822//2822 2910//2910
f 370//370 369//369 374//374 416//416
f 2913//2913 2818//2818 2817//2817 2912//2912
f 2915//2915 2819//2819 2818//2818 2913//2913
f 2908//2908 2820//2820 2819//2819 2915//2915
f 2827//2827 686//686 254//254 497//497
f 685//685 686//686 2827//2827 2828//2828
f 2686//2686 2700//2700 2828//2828 2827//2827
f 2700//2700 2714//2714 2829//2829 2828//2828
f 684//684 685//685 2828//2828 2829//2829
f 2865//2865 2866//2866 2843//2843 2849//2849
f 2756//2756 2770//2770 2865//2865 2864//2864
f 2865//2865 2849//2849 2855//2855 2864//2864
f 2742//2742 2756//2756 2864//2864 2830//2830
f 2919//2919 2816//2816 2809//2809 2914//2914
f 2864//2864 2855//2855 2861//2861 2830//2830
f 2914//2914 2809//2809 2832//2832 2917//2917
f 682//682 2836//2836 2835//2835 681//681
f 2918//2918 2801//2801 2816//2816 2919//2919
f 2728//2728 2742//2742 2830//2830 2831//2831
f 2850//2850 2840//2840 2838//2838 2852//2852
f 2836//2836 2842//2842 2841//2841 2835//2835
f 2830//2830 2861//2861 683//683 2831//2831
f 2852//2852 2838//2838 2834//2834 2856//2856
f 2846//2846 2844//2844 2840//2840 2850//2850
f 2858//2858 2850//2850 2852//2852 2839//2839
f 2839//2839 2852//2852 2856//2856 2833//2833
f 2862//2862 2846//2846 2850//2850 2858//2858
f 2842//2842 2848//2848 2847//2847 2841//2841
f 2714//2714 2728//2728 2831//2831 2829//2829
f 2857//2857 2862//2862 2858//2858 2863//2863
f 2845//2845 2839//2839 2833//2833 2851//2851
f 2863//2863 2858//2858 2839//2839 2845//2845
f 2848//2848 2854//2854 2853//2853 2847//2847
f 683//683 684//684 2829//2829 2831//2831
f 680//680 2857//2857 2863//2863 679//679
f 712//712 2845//2845 2851//2851 708//708
f 679//679 2863//2863 2845//2845 712//712
f 2921//2921 2860//2860 2859//2859 2920//2920
f 682//682 683//683 2861//2861 2836//2836
f 2842//2842 2836//2836 2861//2861 2855//2855
f 2848//2848 2842//2842 2855//2855 2849//2849
f 2848//2848 2849//2849 2843//2843 2854//2854
f 2921//2921 2922//2922 2837//2837 2860//2860
f 2770//2770 2784//2784 2866//2866 2865//2865
f 2916//2916 2867//2867 2837//2837 2922//2922
f 2904//2904 2798//2798 2867//2867 2916//2916
f 680//680 681//681 2835//2835 2857//2857
f 2835//2835 2841//2841 2862//2862 2857//2857
f 2846//2846 2862//2862 2841//2841 2847//2847
f 2844//2844 2846//2846 2847//2847 2853//2853
f 2918//2918 2844//2844 2853//2853 2920//2920
f 2923//2923 2903//2903 2795//2795 2794//2794
f 2907//2907 2923//2923 2794//2794 2797//2797
f 2870//2870 2875//2875 2874//2874 2869//2869
f 2871//2871 2876//2876 2875//2875 2870//2870
f 2872//2872 2877//2877 2876//2876 2871//2871
f 2873//2873 2878//2878 2877//2877 2872//2872
f 2875//2875 2880//2880 2879//2879 2874//2874
f 2876//2876 2881//2881 2880//2880 2875//2875
f 2877//2877 2882//2882 2881//2881 2876//2876
f 2878//2878 2883//2883 2882//2882 2877//2877
f 2879//2879 2880//2880 2881//2881 2884//2884
f 2881//2881 2882//2882 2883//2883 2884//2884
f 2870//2870 2869//2869 2832//2832 2809//2809
f 2859//2859 2888//2888 2885//2885 2801//2801
f 2860//2860 2889//2889 2888//2888 2859//2859
f 2867//2867 2890//2890 2887//2887 2837//2837
f 2837//2837 2887//2887 2889//2889 2860//2860
f 2801//2801 2885//2885 2886//2886 2816//2816
f 2798//2798 2813//2813 2890//2890 2867//2867
f 2809//2809 2816//2816 2886//2886 2870//2870
f 2889//2889 2900//2900 2899//2899 2888//2888
f 2887//2887 2898//2898 2900//2900 2889//2889
f 2824//2824 2894//2894 2895//2895 2825//2825
f 2890//2890 2901//2901 2898//2898 2887//2887
f 2825//2825 2895//2895 2892//2892 2814//2814
f 2888//2888 2899//2899 2896//2896 2885//2885
f 2813//2813 2891//2891 2901//2901 2890//2890
f 2815//2815 2893//2893 2891//2891 2813//2813
f 2814//2814 2892//2892 2893//2893 2815//2815
f 2885//2885 2896//2896 2897//2897 2886//2886
f 2886//2886 2897//2897 2871//2871 2870//2870
f 2795//2795 2903//2903 2902//2902 2796//2796
f 2786//2786 2905//2905 2904//2904 2784//2784
f 2796//2796 2902//2902 2906//2906 2785//2785
f 2785//2785 2906//2906 2905//2905 2786//2786
f 2806//2806 2909//2909 2908//2908 2805//2805
f 2807//2807 2910//2910 2909//2909 2806//2806
f 2808//2808 2911//2911 2910//2910 2807//2807
f 2803//2803 2913//2913 2912//2912 2802//2802
f 2804//2804 2915//2915 2913//2913 2803//2803
f 2805//2805 2908//2908 2915//2915 2804//2804
f 2840//2840 2919//2919 2914//2914 2838//2838
f 2838//2838 2914//2914 2917//2917 2834//2834
f 2844//2844 2918//2918 2919//2919 2840//2840
f 2854//2854 2921//2921 2920//2920 2853//2853
f 2854//2854 2843//2843 2922//2922 2921//2921
f 2866//2866 2916//2916 2922//2922 2843//2843
f 2784//2784 2904//2904 2916//2916 2866//2866
f 2801//2801 2918//2918 2920//2920 2859//2859
f 2868//2868 2810//2810 2903//2903 2923//2923
f 2812//2812 2868//2868 2923//2923 2907//2907
f 2891//2891 2931//2931 2932//2932 2901//2901
f 2898//2898 2924//2924 2933//2933 2900//2900
f 2892//2892 2930//2930 2929//2929 2893//2893
f 2896//2896 2926//2926 2925//2925 2897//2897
f 2897//2897 2925//2925 2872//2872 2871//2871
f 2900//2900 2933//2933 2934//2934 2899//2899
f 2894//2894 2928//2928 2927//2927 2895//2895
f 2901//2901 2932//2932 2924//2924 2898//2898
f 2899//2899 2934//2934 2926//2926 2896//2896
f 2893//2893 2929//2929 2931//2931 2891//2891
f 2895//2895 2927//2927 2930//2930 2892//2892
f 2928//2928 2894//2894 2936//2936 2937//2937
f 2894//2894 2824//2824 2935//2935 2936//2936
f 2824//2824 2810//2810 2868//2868 2935//2935
f 2812//2812 2826//2826 2935//2935 2868//2868
f 2822//2822 2943//2943 2942//2942 2821//2821
f 2818//2818 2939//2939 2938//2938 2817//2817
f 2821//2821 2942//2942 2941//2941 2820//2820
f 2820//2820 2941//2941 2940//2940 2819//2819
f 2823//2823 2944//2944 2943//2943 2822//2822
f 2819//2819 2940//2940 2939//2939 2818//2818
f 2940//2940 2947//2947 2946//2946 2939//2939
f 2943//2943 2950//2950 2949//2949 2942//2942
f 2939//2939 2946//2946 2945//2945 2938//2938
f 2942//2942 2949//2949 2948//2948 2941//2941
f 2941//2941 2948//2948 2947//2947 2940//2940
f 2944//2944 2951//2951 2950//2950 2943//2943
f 2826//2826 2959//2959 2936//2936 2935//2935
f 2959//2959 2960//2960 2937//2937 2936//2936
f 3150//3150 2968//2968 2967//2967 3149//3149
f 3152//3152 2963//2963 2962//2962 3151//3151
f 3153//3153 2964//2964 2963//2963 3152//3152
f 3155//3155 2965//2965 2964//2964 3153//3153
f 3156//3156 2966//2966 2965//2965 3155//3155
f 3154//3154 2969//2969 2961//2961 3157//3157
f 3149//3149 2967//2967 2966//2966 3156//3156
f 2969//2969 2971//2971 2970//2970 2961//2961
f 2973//2973 2981//2981 2980//2980 2972//2972
f 2974//2974 2982//2982 2981//2981 2973//2973
f 2975//2975 2983//2983 2982//2982 2974//2974
f 2976//2976 2984//2984 2983//2983 2975//2975
f 2977//2977 2985//2985 2984//2984 2976//2976
f 2978//2978 2986//2986 2985//2985 2977//2977
f 2981//2981 2990//2990 2989//2989 2980//2980
f 2982//2982 2991//2991 2990//2990 2981//2981
f 2987//2987 2996//2996 2988//2988 2979//2979
f 2983//2983 2992//2992 2991//2991 2982//2982
f 2984//2984 2993//2993 2992//2992 2983//2983
f 2985//2985 2994//2994 2993//2993 2984//2984
f 2986//2986 2995//2995 2994//2994 2985//2985
f 2995//2995 3004//3004 3003//3003 2994//2994
f 2990//2990 2999//2999 2998//2998 2989//2989
f 2991//2991 3000//3000 2999//2999 2990//2990
f 2996//2996 3005//3005 2997//2997 2988//2988
f 2992//2992 3001//3001 3000//3000 2991//2991
f 2993//2993 3002//3002 3001//3001 2992//2992
f 2994//2994 3003//3003 3002//3002 2993//2993
f 3004//3004 3013//3013 3012//3012 3003//3003
f 2999//2999 3008//3008 3007//3007 2998//2998
f 3000//3000 3009//3009 3008//3008 2999//2999
f 3005//3005 3014//3014 3006//3006 2997//2997
f 3001//3001 3010//3010 3009//3009 3000//3000
f 3002//3002 3011//3011 3010//3010 3001//3001
f 3003//3003 3012//3012 3011//3011 3002//3002
f 3009//3009 3018//3018 3017//3017 3008//3008
f 3014//3014 3023//3023 3015//3015 3006//3006
f 3010//3010 3019//3019 3018//3018 3009//3009
f 3011//3011 3020//3020 3019//3019 3010//3010
f 3012//3012 3021//3021 3020//3020 3011//3011
f 3013//3013 3022//3022 3021//3021 3012//3012
f 3008//3008 3017//3017 3016//3016 3007//3007
f 3017//3017 3026//3026 3025//3025 3016//3016
f 3023//3023 3031//3031 3024//3024 3015//3015
f 3020//3020 3028//3028 3027//3027 3019//3019
f 3021//3021 3029//3029 3028//3028 3020//3020
f 3022//3022 3030//3030 3029//3029 3021//3021
f 3159//3159 3032//3032 3035//3035 3158//3158
f 3161//3161 3036//3036 3037//3037 3160//3160
f 3158//3158 3035//3035 3034//3034 3162//3162
f 3162//3162 3034//3034 3036//3036 3161//3161
f 3163//3163 3033//3033 3032//3032 3159//3159
f 3033//3033 3039//3039 3038//3038 3032//3032
f 3032//3032 3038//3038 3041//3041 3035//3035
f 3036//3036 3042//3042 3043//3043 3037//3037
f 3035//3035 3041//3041 3040//3040 3034//3034
f 3034//3034 3040//3040 3042//3042 3036//3036
f 3045//3045 3051//3051 3050//3050 3044//3044
f 3044//3044 3050//3050 3053//3053 3047//3047
f 3048//3048 3054//3054 3055//3055 3049//3049
f 3047//3047 3053//3053 3052//3052 3046//3046
f 3046//3046 3052//3052 3054//3054 3048//3048
f 3051//3051 3057//3057 3056//3056 3050//3050
f 3050//3050 3056//3056 3059//3059 3053//3053
f 3054//3054 3060//3060 3061//3061 3055//3055
f 3053//3053 3059//3059 3058//3058 3052//3052
f 3052//3052 3058//3058 3060//3060 3054//3054
f 3057//3057 3063//3063 3062//3062 3056//3056
f 3056//3056 3062//3062 3065//3065 3059//3059
f 3060//3060 3066//3066 3067//3067 3061//3061
f 3059//3059 3065//3065 3064//3064 3058//3058
f 3058//3058 3064//3064 3066//3066 3060//3060
f 3063//3063 3069//3069 3068//3068 3062//3062
f 3062//3062 3068//3068 3071//3071 3065//3065
f 3066//3066 3072//3072 3073//3073 3067//3067
f 3065//3065 3071//3071 3070//3070 3064//3064
f 3064//3064 3070//3070 3072//3072 3066//3066
f 3069//3069 3075//3075 3074//3074 3068//3068
f 3068//3068 3074//3074 3077//3077 3071//3071
f 3079//3079 3078//3078 3179//3179 3171//3171
f 3071//3071 3077//3077 3076//3076 3070//3070
f 3173//3173 3181//3181 3180//3180 3172//3172
f 3163//3163 3157//3157 2961//2961 3033//3033
f 2961//2961 2970//2970 3039//3039 3033//3033
f 2979//2979 2988//2988 3051//3051 3045//3045
f 2988//2988 2997//2997 3057//3057 3051//3051
f 2997//2997 3006//3006 3063//3063 3057//3057
f 3006//3006 3015//3015 3069//3069 3063//3063
f 3015//3015 3024//3024 3075//3075 3069//3069
f 3082//3082 3088//3088 3121//3121 3120//3120
f 3126//3126 3084//3084 3085//3085 3127//3127
f 3127//3127 3085//3085 3083//3083 3132//3132
f 3132//3132 3083//3083 3082//3082 3128//3128
f 3131//3131 3081//3081 3084//3084 3126//3126
f 3081//3081 3087//3087 3090//3090 3084//3084
f 3085//3085 3091//3091 3089//3089 3083//3083
f 3084//3084 3090//3090 3091//3091 3085//3085
f 3120//3120 3121//3121 3086//3086 3080//3080
f 3083//3083 3089//3089 3088//3088 3082//3082
f 3093//3093 3099//3099 3102//3102 3096//3096
f 3097//3097 3103//3103 3101//3101 3095//3095
f 3096//3096 3102//3102 3103//3103 3097//3097
f 3122//3122 3123//3123 3098//3098 3092//3092
f 3095//3095 3101//3101 3100//3100 3094//3094
f 3099//3099 3105//3105 3108//3108 3102//3102
f 3103//3103 3109//3109 3107//3107 3101//3101
f 3102//3102 3108//3108 3109//3109 3103//3103
f 3123//3123 3124//3124 3104//3104 3098//3098
f 3101//3101 3107//3107 3106//3106 3100//3100
f 3105//3105 3111//3111 3114//3114 3108//3108
f 3109//3109 3115//3115 3113//3113 3107//3107
f 3108//3108 3114//3114 3115//3115 3109//3109
f 3124//3124 3125//3125 3110//3110 3104//3104
f 3107//3107 3113//3113 3112//3112 3106//3106
f 3111//3111 3116//3116 3118//3118 3114//3114
f 3114//3114 3118//3118 3119//3119 3115//3115
f 3094//3094 3100//3100 3123//3123 3122//3122
f 3100//3100 3106//3106 3124//3124 3123//3123
f 3106//3106 3112//3112 3125//3125 3124//3124
f 3134//3134 3136//3136 3135//3135 3133//3133
f 3134//3134 3141//3141 3142//3142 3136//3136
f 3141//3141 3145//3145 3146//3146 3142//3142
f 3129//3129 3128//3128 3082//3082 3120//3120
f 3120//3120 3080//3080 3130//3130 3129//3129
f 2958//2958 3150//3150 3149//3149 2957//2957
f 2953//2953 3152//3152 3151//3151 2952//2952
f 2954//2954 3153//3153 3152//3152 2953//2953
f 2955//2955 3155//3155 3153//3153 2954//2954
f 416//416 374//374 424//424 420//420
f 2956//2956 3156//3156 3155//3155 2955//2955
f 2957//2957 3149//3149 3156//3156 2956//2956
f 3055//3055 3061//3061 3105//3105 3099//3099
f 3037//3037 3043//3043 3087//3087 3081//3081
f 3160//3160 3037//3037 3081//3081 3131//3131
f 3067//3067 3073//3073 3116//3116 3111//3111
f 3049//3049 3055//3055 3099//3099 3093//3093
f 3061//3061 3067//3067 3111//3111 3105//3105
f 374//374 375//375 425//425 424//424
f 375//375 376//376 436//436 425//425
f 2550//2550 436//436 376//376 2537//2537
f 2634//2634 2550//2550 2537//2537 2600//2600
f 2600//2600 377//377 508//508 2634//2634
f 377//377 378//378 507//507 508//508
f 378//378 379//379 506//506 507//507
f 2699//2699 506//506 379//379 2689//2689
f 2689//2689 2703//2703 2713//2713 2699//2699
f 2703//2703 2717//2717 2727//2727 2713//2713
f 2717//2717 2731//2731 2741//2741 2727//2727
f 2731//2731 2745//2745 2755//2755 2741//2741
f 2745//2745 2759//2759 2769//2769 2755//2755
f 2759//2759 2773//2773 2783//2783 2769//2769
f 2773//2773 2787//2787 2797//2797 2783//2783
f 2907//2907 2797//2797 2787//2787 2802//2802
f 2802//2802 2912//2912 2812//2812 2907//2907
f 2912//2912 2817//2817 2826//2826 2812//2812
f 2817//2817 2938//2938 2959//2959 2826//2826
f 2938//2938 2945//2945 2960//2960 2959//2959
f 2952//2952 3151//3151 2969//2969 3154//3154
f 3151//3151 2962//2962 2971//2971 2969//2969
f 2972//2972 2980//2980 2996//2996 2987//2987
f 2980//2980 2989//2989 3005//3005 2996//2996
f 2989//2989 2998//2998 3014//3014 3005//3005
f 2998//2998 3007//3007 3023//3023 3014//3014
f 3031//3031 3023//3023 3007//3007 3016//3016
f 3113//3113 3115//3115 3119//3119 3117//3117
f 3169//3169 3077//3077 3074//3074 3166//3166
f 3075//3075 3167//3167 3166//3166 3074//3074
f 3024//3024 3164//3164 3167//3167 3075//3075
f 3079//3079 3119//3119 3118//3118 3170//3170
f 3077//3077 3169//3169 3168//3168 3076//3076
f 3164//3164 3024//3024 3031//3031 3165//3165
f 3119//3119 3079//3079 3171//3171 3117//3117
f 3073//3073 3173//3173 3172//3172 3116//3116
f 3170//3170 3118//3118 3116//3116 3172//3172
f 3016//3016 3025//3025 3165//3165 3031//3031
f 4412//4412 4411//4411 3146//3146 3175//3175
f 3175//3175 3146//3146 3145//3145 3174//3174
f 3178//3178 3170//3170 3172//3172 3180//3180
f 3078//3078 3079//3079 3170//3170 3178//3178
f 3183//3183 3175//3175 3174//3174 3182//3182
f 4413//4413 4412//4412 3175//3175 3183//3183
f 3187//3187 3183//3183 3182//3182 3186//3186
f 4414//4414 4413//4413 3183//3183 3187//3187
f 3181//3181 3173//3173 3191//3191 3192//3192
f 3191//3191 3173//3173 3073//3073 3072//3072
f 3072//3072 3070//3070 3076//3076 3191//3191
f 3192//3192 3191//3191 3076//3076 3168//3168
f 3027//3027 3190//3190 3018//3018 3019//3019
f 3190//3190 3193//3193 3017//3017 3018//3018
f 3193//3193 3194//3194 3026//3026 3017//3017
f 4415//4415 4414//4414 3187//3187 3209//3209
f 3204//3204 3178//3178 3180//3180 3206//3206
f 3025//3025 3195//3195 3199//3199 3165//3165
f 3194//3194 3213//3213 3196//3196 3026//3026
f 3167//3167 3201//3201 3200//3200 3166//3166
f 3181//3181 3207//3207 3206//3206 3180//3180
f 3164//3164 3198//3198 3201//3201 3167//3167
f 3207//3207 3181//3181 3192//3192 3212//3212
f 3198//3198 3164//3164 3165//3165 3199//3199
f 3078//3078 3197//3197 3205//3205 3179//3179
f 3203//3203 3169//3169 3166//3166 3200//3200
f 3169//3169 3203//3203 3202//3202 3168//3168
f 3209//3209 3187//3187 3186//3186 3208//3208
f 3026//3026 3196//3196 3195//3195 3025//3025
f 3168//3168 3202//3202 3212//3212 3192//3192
f 3197//3197 3078//3078 3178//3178 3204//3204
f 3195//3195 3214//3214 3218//3218 3199//3199
f 3217//3217 3198//3198 3199//3199 3218//3218
f 3216//3216 3197//3197 3204//3204 3223//3223
f 3222//3222 3203//3203 3200//3200 3219//3219
f 3196//3196 3215//3215 3214//3214 3195//3195
f 3228//3228 3209//3209 3208//3208 3227//3227
f 3203//3203 3222//3222 3221//3221 3202//3202
f 3223//3223 3204//3204 3206//3206 3225//3225
f 3226//3226 3207//3207 3212//3212 3231//3231
f 4416//4416 4415//4415 3209//3209 3228//3228
f 3201//3201 3220//3220 3219//3219 3200//3200
f 3197//3197 3216//3216 3224//3224 3205//3205
f 3202//3202 3221//3221 3231//3231 3212//3212
f 3198//3198 3217//3217 3220//3220 3201//3201
f 3207//3207 3226//3226 3225//3225 3206//3206
f 3213//3213 3232//3232 3215//3215 3196//3196
f 4774//4774 4755//4755 3243//3243 3235//3235
f 4756//4756 3246//3246 3243//3243 4755//4755
f 4757//4757 4756//4756 3265//3265 3266//3266
f 4758//4758 4757//4757 3266//3266 4418//4418
f 4758//4758 4418//4418 3267//3267 4759//4759
f 4760//4760 3249//3249 3248//3248 4759//4759
f 4761//4761 3251//3251 3249//3249 4760//4760
f 4761//4761 4762//4762 3234//3234 3251//3251
f 4762//4762 4763//4763 3233//3233 3234//3234
f 4763//4763 4764//4764 3237//3237 3233//3233
f 4765//4765 4764//4764 3256//3256 3255//3255
f 4765//4765 4766//4766 3239//3239 3236//3236
f 3298//3298 3279//3279 3276//3276 3295//3295
f 3272//3272 3291//3291 3290//3290 3271//3271
f 3304//3304 3285//3285 3284//3284 3303//3303
f 3279//3279 3298//3298 3297//3297 3278//3278
f 3299//3299 3280//3280 3282//3282 3301//3301
f 3302//3302 3283//3283 3288//3288 3307//3307
f 4420//4420 4419//4419 3285//3285 3304//3304
f 3277//3277 3296//3296 3295//3295 3276//3276
f 3273//3273 3292//3292 3300//3300 3281//3281
f 3278//3278 3297//3297 3307//3307 3288//3288
f 3274//3274 3293//3293 3296//3296 3277//3277
f 3283//3283 3302//3302 3301//3301 3282//3282
f 3289//3289 3308//3308 3291//3291 3272//3272
f 3271//3271 3290//3290 3294//3294 3275//3275
f 3293//3293 3274//3274 3275//3275 3294//3294
f 3292//3292 3273//3273 3280//3280 3299//3299
f 3297//3297 3316//3316 3326//3326 3307//3307
f 3293//3293 3312//3312 3315//3315 3296//3296
f 3302//3302 3321//3321 3320//3320 3301//3301
f 3308//3308 3327//3327 3310//3310 3291//3291
f 3290//3290 3309//3309 3313//3313 3294//3294
f 3312//3312 3293//3293 3294//3294 3313//3313
f 3311//3311 3292//3292 3299//3299 3318//3318
f 3317//3317 3298//3298 3295//3295 3314//3314
f 3291//3291 3310//3310 3309//3309 3290//3290
f 3323//3323 3304//3304 3303//3303 3322//3322
f 3298//3298 3317//3317 3316//3316 3297//3297
f 3318//3318 3299//3299 3301//3301 3320//3320
f 3321//3321 3302//3302 3307//3307 3326//3326
f 4421//4421 4420//4420 3304//3304 3323//3323
f 3296//3296 3315//3315 3314//3314 3295//3295
f 3292//3292 3311//3311 3319//3319 3300//3300
f 3330//3330 3311//3311 3318//3318 3337//3337
f 3336//3336 3317//3317 3314//3314 3333//3333
f 3310//3310 3329//3329 3328//3328 3309//3309
f 3342//3342 3323//3323 3322//3322 3341//3341
f 3317//3317 3336//3336 3335//3335 3316//3316
f 3337//3337 3318//3318 3320//3320 3339//3339
f 3340//3340 3321//3321 3326//3326 3345//3345
f 4422//4422 4421//4421 3323//3323 3342//3342
f 3315//3315 3334//3334 3333//3333 3314//3314
f 3311//3311 3330//3330 3338//3338 3319//3319
f 3316//3316 3335//3335 3345//3345 3326//3326
f 3312//3312 3331//3331 3334//3334 3315//3315
f 3321//3321 3340//3340 3339//3339 3320//3320
f 3327//3327 3346//3346 3329//3329 3310//3310
f 3309//3309 3328//3328 3332//3332 3313//3313
f 3331//3331 3312//3312 3313//3313 3332//3332
f 3335//3335 3354//3354 3364//3364 3345//3345
f 3331//3331 3350//3350 3353//3353 3334//3334
f 3340//3340 3359//3359 3358//3358 3339//3339
f 3346//3346 3365//3365 3348//3348 3329//3329
f 3328//3328 3347//3347 3351//3351 3332//3332
f 3350//3350 3331//3331 3332//3332 3351//3351
f 3349//3349 3330//3330 3337//3337 3356//3356
f 3355//3355 3336//3336 3333//3333 3352//3352
f 3329//3329 3348//3348 3347//3347 3328//3328
f 3361//3361 3342//3342 3341//3341 3360//3360
f 3336//3336 3355//3355 3354//3354 3335//3335
f 3356//3356 3337//3337 3339//3339 3358//3358
f 3359//3359 3340//3340 3345//3345 3364//3364
f 4423//4423 4422//4422 3342//3342 3361//3361
f 3334//3334 3353//3353 3352//3352 3333//3333
f 3330//3330 3349//3349 3357//3357 3338//3338
f 3368//3368 3349//3349 3356//3356 3375//3375
f 3374//3374 3355//3355 3352//3352 3371//3371
f 3348//3348 3367//3367 3366//3366 3347//3347
f 3380//3380 3361//3361 3360//3360 3379//3379
f 3355//3355 3374//3374 3373//3373 3354//3354
f 3375//3375 3356//3356 3358//3358 3377//3377
f 3378//3378 3359//3359 3364//3364 3383//3383
f 4424//4424 4423//4423 3361//3361 3380//3380
f 3353//3353 3372//3372 3371//3371 3352//3352
f 3349//3349 3368//3368 3376//3376 3357//3357
f 3354//3354 3373//3373 3383//3383 3364//3364
f 3350//3350 3369//3369 3372//3372 3353//3353
f 3359//3359 3378//3378 3377//3377 3358//3358
f 3365//3365 3384//3384 3367//3367 3348//3348
f 3347//3347 3366//3366 3370//3370 3351//3351
f 3369//3369 3350//3350 3351//3351 3370//3370
f 3368//3368 3387//3387 3395//3395 3376//3376
f 3373//3373 3392//3392 3402//3402 3383//3383
f 3369//3369 3388//3388 3391//3391 3372//3372
f 3378//3378 3397//3397 3396//3396 3377//3377
f 3384//3384 3403//3403 3386//3386 3367//3367
f 3366//3366 3385//3385 3389//3389 3370//3370
f 3388//3388 3369//3369 3370//3370 3389//3389
f 3387//3387 3368//3368 3375//3375 3394//3394
f 3393//3393 3374//3374 3371//3371 3390//3390
f 3367//3367 3386//3386 3385//3385 3366//3366
f 3399//3399 3380//3380 3379//3379 3398//3398
f 3374//3374 3393//3393 3392//3392 3373//3373
f 3394//3394 3375//3375 3377//3377 3396//3396
f 3397//3397 3378//3378 3383//3383 3402//3402
f 4425//4425 4424//4424 3380//3380 3399//3399
f 3372//3372 3391//3391 3390//3390 3371//3371
f 3406//3406 3387//3387 3394//3394 3413//3413
f 3412//3412 3393//3393 3390//3390 3409//3409
f 3386//3386 3405//3405 3404//3404 3385//3385
f 3418//3418 3399//3399 3398//3398 3417//3417
f 3393//3393 3412//3412 3411//3411 3392//3392
f 3413//3413 3394//3394 3396//3396 3415//3415
f 3416//3416 3397//3397 3402//3402 3421//3421
f 4426//4426 4425//4425 3399//3399 3418//3418
f 3391//3391 3410//3410 3409//3409 3390//3390
f 3387//3387 3406//3406 3414//3414 3395//3395
f 3392//3392 3411//3411 3421//3421 3402//3402
f 3388//3388 3407//3407 3410//3410 3391//3391
f 3397//3397 3416//3416 3415//3415 3396//3396
f 3403//3403 3422//3422 3405//3405 3386//3386
f 3385//3385 3404//3404 3408//3408 3389//3389
f 3407//3407 3388//3388 3389//3389 3408//3408
f 3435//3435 3416//3416 3421//3421 3440//3440
f 4427//4427 4426//4426 3418//3418 3437//3437
f 3410//3410 3429//3429 3428//3428 3409//3409
f 3406//3406 3425//3425 3433//3433 3414//3414
f 3411//3411 3430//3430 3440//3440 3421//3421
f 3407//3407 3426//3426 3429//3429 3410//3410
f 3416//3416 3435//3435 3434//3434 3415//3415
f 3422//3422 3441//3441 3424//3424 3405//3405
f 3404//3404 3423//3423 3427//3427 3408//3408
f 3426//3426 3407//3407 3408//3408 3427//3427
f 3425//3425 3406//3406 3413//3413 3432//3432
f 3431//3431 3412//3412 3409//3409 3428//3428
f 3405//3405 3424//3424 3423//3423 3404//3404
f 3437//3437 3418//3418 3417//3417 3436//3436
f 3412//3412 3431//3431 3430//3430 3411//3411
f 3432//3432 3413//3413 3415//3415 3434//3434
f 3445//3445 3426//3426 3427//3427 3446//3446
f 3444//3444 3425//3425 3432//3432 3451//3451
f 3450//3450 3431//3431 3428//3428 3447//3447
f 3424//3424 3443//3443 3442//3442 3423//3423
f 3456//3456 3437//3437 3436//3436 3455//3455
f 3431//3431 3450//3450 3449//3449 3430//3430
f 3451//3451 3432//3432 3434//3434 3453//3453
f 3454//3454 3435//3435 3440//3440 3459//3459
f 4428//4428 4427//4427 3437//3437 3456//3456
f 3429//3429 3448//3448 3447//3447 3428//3428
f 3425//3425 3444//3444 3452//3452 3433//3433
f 3430//3430 3449//3449 3459//3459 3440//3440
f 3426//3426 3445//3445 3448//3448 3429//3429
f 3435//3435 3454//3454 3453//3453 3434//3434
f 3441//3441 3460//3460 3443//3443 3424//3424
f 3423//3423 3442//3442 3446//3446 3427//3427
f 3473//3473 3454//3454 3459//3459 3478//3478
f 4429//4429 4428//4428 3456//3456 3475//3475
f 3448//3448 3467//3467 3466//3466 3447//3447
f 3444//3444 3463//3463 3471//3471 3452//3452
f 3449//3449 3468//3468 3478//3478 3459//3459
f 3445//3445 3464//3464 3467//3467 3448//3448
f 3454//3454 3473//3473 3472//3472 3453//3453
f 3460//3460 3479//3479 3462//3462 3443//3443
f 3442//3442 3461//3461 3465//3465 3446//3446
f 3464//3464 3445//3445 3446//3446 3465//3465
f 3463//3463 3444//3444 3451//3451 3470//3470
f 3469//3469 3450//3450 3447//3447 3466//3466
f 3443//3443 3462//3462 3461//3461 3442//3442
f 3475//3475 3456//3456 3455//3455 3474//3474
f 3450//3450 3469//3469 3468//3468 3449//3449
f 3470//3470 3451//3451 3453//3453 3472//3472
f 3479//3479 3498//3498 3481//3481 3462//3462
f 3461//3461 3480//3480 3484//3484 3465//3465
f 3483//3483 3464//3464 3465//3465 3484//3484
f 3482//3482 3463//3463 3470//3470 3489//3489
f 3488//3488 3469//3469 3466//3466 3485//3485
f 3462//3462 3481//3481 3480//3480 3461//3461
f 3494//3494 3475//3475 3474//3474 3493//3493
f 3469//3469 3488//3488 3487//3487 3468//3468
f 3489//3489 3470//3470 3472//3472 3491//3491
f 3492//3492 3473//3473 3478//3478 3497//3497
f 4430//4430 4429//4429 3475//3475 3494//3494
f 3467//3467 3486//3486 3485//3485 3466//3466
f 3463//3463 3482//3482 3490//3490 3471//3471
f 3468//3468 3487//3487 3497//3497 3478//3478
f 3464//3464 3483//3483 3486//3486 3467//3467
f 3473//3473 3492//3492 3491//3491 3472//3472
f 3488//3488 3507//3507 3506//3506 3487//3487
f 3508//3508 3489//3489 3491//3491 3510//3510
f 3511//3511 3492//3492 3497//3497 3516//3516
f 4431//4431 4430//4430 3494//3494 3513//3513
f 3486//3486 3505//3505 3504//3504 3485//3485
f 3482//3482 3501//3501 3509//3509 3490//3490
f 3487//3487 3506//3506 3516//3516 3497//3497
f 3483//3483 3502//3502 3505//3505 3486//3486
f 3492//3492 3511//3511 3510//3510 3491//3491
f 3498//3498 3517//3517 3500//3500 3481//3481
f 3480//3480 3499//3499 3503//3503 3484//3484
f 3502//3502 3483//3483 3484//3484 3503//3503
f 3501//3501 3482//3482 3489//3489 3508//3508
f 3507//3507 3488//3488 3485//3485 3504//3504
f 3481//3481 3500//3500 3499//3499 3480//3480
f 3513//3513 3494//3494 3493//3493 3512//3512
f 3517//3517 3536//3536 3519//3519 3500//3500
f 3499//3499 3518//3518 3522//3522 3503//3503
f 3521//3521 3502//3502 3503//3503 3522//3522
f 3520//3520 3501//3501 3508//3508 3527//3527
f 3526//3526 3507//3507 3504//3504 3523//3523
f 3500//3500 3519//3519 3518//3518 3499//3499
f 3532//3532 3513//3513 3512//3512 3531//3531
f 3507//3507 3526//3526 3525//3525 3506//3506
f 3527//3527 3508//3508 3510//3510 3529//3529
f 3530//3530 3511//3511 3516//3516 3535//3535
f 4432//4432 4431//4431 3513//3513 3532//3532
f 3505//3505 3524//3524 3523//3523 3504//3504
f 3501//3501 3520//3520 3528//3528 3509//3509
f 3506//3506 3525//3525 3535//3535 3516//3516
f 3502//3502 3521//3521 3524//3524 3505//3505
f 3511//3511 3530//3530 3529//3529 3510//3510
f 3551//3551 3532//3532 3531//3531 3550//3550
f 3526//3526 3545//3545 3544//3544 3525//3525
f 3546//3546 3527//3527 3529//3529 3548//3548
f 3549//3549 3530//3530 3535//3535 3554//3554
f 4433//4433 4432//4432 3532//3532 3551//3551
f 3524//3524 3543//3543 3542//3542 3523//3523
f 3520//3520 3539//3539 3547//3547 3528//3528
f 3525//3525 3544//3544 3554//3554 3535//3535
f 3521//3521 3540//3540 3543//3543 3524//3524
f 3530//3530 3549//3549 3548//3548 3529//3529
f 3536//3536 3555//3555 3538//3538 3519//3519
f 3518//3518 3537//3537 3541//3541 3522//3522
f 3540//3540 3521//3521 3522//3522 3541//3541
f 3539//3539 3520//3520 3527//3527 3546//3546
f 3545//3545 3526//3526 3523//3523 3542//3542
f 3519//3519 3538//3538 3537//3537 3518//3518
f 4390//4390 3886//3886 4346//4346 4343//4343
f 4365//4365 4360//4360 4359//4359 4366//4366
f 4399//4399 4453//4453 4408//4408 4392//4392
f 4392//4392 4408//4408 4260//4260 4459//4459
f 4391//4391 3565//3565 4459//4459 4260//4260
f 3604//3604 3564//3564 3565//3565 4391//4391
f 3592//3592 3561//3561 3564//3564 3604//3604
f 3561//3561 3592//3592 3574//3574 4434//4434
f 3571//3571 3562//3562 3561//3561 4434//4434
f 3562//3562 3571//3571 3572//3572 3590//3590
f 3562//3562 3590//3590 4380//4380 3563//3563
f 3549//3549 3582//3582 3577//3577 3548//3548
f 3586//3586 3568//3568 3575//3575 3593//3593
f 3567//3567 3585//3585 3584//3584 3566//3566
f 3597//3597 3579//3579 3578//3578 3596//3596
f 3574//3574 3592//3592 3591//3591 3573//3573
f 3593//3593 3575//3575 3577//3577 3595//3595
f 4436//4436 4435//4435 3579//3579 3597//3597
f 3564//3564 3561//3561 3562//3562 3563//3563
f 3568//3568 3586//3586 3594//3594 3576//3576
f 3573//3573 3591//3591 3600//3600 3582//3582
f 3569//3569 3587//3587 3590//3590 3572//3572
f 3583//3583 3601//3601 3585//3585 3567//3567
f 3566//3566 3584//3584 3588//3588 3570//3570
f 3587//3587 3569//3569 3570//3570 3588//3588
f 3586//3586 3602//3602 3606//3606 3594//3594
f 3591//3591 3603//3603 3609//3609 3600//3600
f 4395//4395 4307//4307 3563//3563 4380//4380
f 3602//3602 3586//3586 3593//3593 3605//3605
f 4241//4241 4251//4251 4266//4266 4255//4255
f 3592//3592 3604//3604 3603//3603 3591//3591
f 3605//3605 3593//3593 3595//3595 3607//3607
f 3674//3674 3664//3664 3611//3611 3630//3630
f 3673//3673 3678//3678 3639//3639 3624//3624
f 3684//3684 3691//3691 3615//3615 3618//3618
f 3667//3667 3669//3669 3620//3620 3617//3617
f 3692//3692 3686//3686 3622//3622 3638//3638
f 3689//3689 3637//3637 3629//3629 3687//3687
f 3676//3676 3674//3674 3630//3630 3634//3634
f 3682//3682 3612//3612 3633//3633 3688//3688
f 3688//3688 3633//3633 3637//3637 3689//3689
f 3672//3672 3676//3676 3634//3634 3626//3626
f 3693//3693 3650//3650 3654//3654 3696//3696
f 3685//3685 3656//3656 3651//3651 3694//3694
f 3690//3690 3697//3697 3655//3655 3652//3652
f 3695//3695 3683//3683 3657//3657 3653//3653
f 3694//3694 3651//3651 3650//3650 3693//3693
f 3669//3669 3680//3680 3660//3660 3620//3620
f 3695//3695 3699//3699 3659//3659 3619//3619
f 3698//3698 3684//3684 3618//3618 3658//3658
f 3632//3632 3610//3610 3665//3665 3675//3675
f 3625//3625 3641//3641 3679//3679 3670//3670
f 3614//3614 3621//3621 3668//3668 3666//3666
f 3636//3636 3632//3632 3675//3675 3677//3677
f 3627//3627 3636//3636 3677//3677 3671//3671
f 3621//3621 3661//3661 3681//3681 3668//3668
f 3644//3644 3643//3643 3691//3691 3684//3684
f 3649//3649 3645//3645 3686//3686 3692//3692
f 3648//3648 3689//3689 3687//3687 3646//3646
f 3642//3642 3682//3682 3688//3688 3647//3647
f 3647//3647 3688//3688 3689//3689 3648//3648
f 3635//3635 3693//3693 3696//3696 3628//3628
f 3613//3613 3685//3685 3694//3694 3631//3631
f 3640//3640 3623//3623 3697//3697 3690//3690
f 3619//3619 3616//3616 3683//3683 3695//3695
f 3631//3631 3694//3694 3693//3693 3635//3635
f 3653//3653 3663//3663 3699//3699 3695//3695
f 3662//3662 3644//3644 3684//3684 3698//3698
f 3672//3672 3626//3626 3625//3625 3670//3670
f 4191//4191 4190//4190 3627//3627 3624//3624
f 3741//3741 3742//3742 3713//3713 3710//3710
f 3749//3749 3752//3752 3701//3701 3704//3704
f 3737//3737 3739//3739 3706//3706 3703//3703
f 3753//3753 3750//3750 3708//3708 3712//3712
f 3746//3746 3741//3741 3710//3710 3732//3732
f 4326//4326 4340//4340 4329//4329 4327//4327
f 3751//3751 3755//3755 3722//3722 3720//3720
f 3754//3754 3748//3748 3723//3723 3721//3721
f 3739//3739 3744//3744 3726//3726 3706//3706
f 3754//3754 3757//3757 3725//3725 3705//3705
f 3756//3756 3749//3749 3704//3704 3724//3724
f 4327//4327 4329//4329 4330//4330 4328//4328
f 3750//3750 3758//3758 3733//3733 3708//3708
f 3755//3755 3759//3759 3735//3735 3722//3722
f 3711//3711 3715//3715 3743//3743 3740//3740
f 3700//3700 3707//3707 3738//3738 3736//3736
f 3731//3731 3711//3711 3740//3740 3747//3747
f 3707//3707 3727//3727 3745//3745 3738//3738
f 3717//3717 3716//3716 3752//3752 3749//3749
f 3719//3719 3718//3718 3750//3750 3753//3753
f 3714//3714 3709//3709 3755//3755 3751//3751
f 3705//3705 3702//3702 3748//3748 3754//3754
f 3721//3721 3729//3729 3757//3757 3754//3754
f 3728//3728 3717//3717 3749//3749 3756//3756
f 3718//3718 3734//3734 3758//3758 3750//3750
f 3709//3709 3730//3730 3759//3759 3755//3755
f 3774//3774 3772//3772 3764//3764 3760//3760
f 3775//3775 3767//3767 3768//3768 3774//3774
f 3773//3773 3766//3766 3767//3767 3775//3775
f 3771//3771 3765//3765 3766//3766 3773//3773
f 3776//3776 3781//3781 3769//3769 3768//3768
f 3767//3767 3777//3777 3776//3776 3768//3768
f 3766//3766 3778//3778 3777//3777 3767//3767
f 3768//3768 3769//3769 3772//3772 3774//3774
f 3761//3761 3775//3775 3774//3774 3760//3760
f 3762//3762 3773//3773 3775//3775 3761//3761
f 3763//3763 3771//3771 3773//3773 3762//3762
f 3765//3765 3779//3779 3778//3778 3766//3766
f 3770//3770 3780//3780 3779//3779 3765//3765
f 3783//3783 3788//3788 3781//3781 3776//3776
f 3780//3780 3787//3787 3786//3786 3779//3779
f 3779//3779 3786//3786 3785//3785 3778//3778
f 3778//3778 3785//3785 3784//3784 3777//3777
f 3777//3777 3784//3784 3783//3783 3776//3776
f 3782//3782 3789//3789 3787//3787 3780//3780
f 133//133 15//15 3788//3788 3783//3783
f 4202//4202 4203//4203 3790//3790 3610//3610
f 3665//3665 3610//3610 3790//3790 3797//3797
f 3798//3798 3808//3808 3802//3802 3792//3792
f 3807//3807 3797//3797 3790//3790 3800//3800
f 3808//3808 3798//3798 3794//3794 3804//3804
f 3799//3799 3809//3809 3805//3805 3795//3795
f 3809//3809 3799//3799 3793//3793 3803//3803
f 3796//3796 3806//3806 3801//3801 3791//3791
f 3818//3818 3808//3808 3804//3804 3814//3814
f 3809//3809 3819//3819 3815//3815 3805//3805
f 3819//3819 3809//3809 3803//3803 3813//3813
f 3806//3806 3816//3816 3811//3811 3801//3801
f 3808//3808 3818//3818 3812//3812 3802//3802
f 3817//3817 3807//3807 3800//3800 3810//3810
f 3861//3861 3829//3829 3825//3825 3860//3860
f 3867//3867 3826//3826 3821//3821 3866//3866
f 3870//3870 3828//3828 3822//3822 3868//3868
f 4374//4374 4375//4375 3875//3875 3886//3886
f 4331//4331 3864//3864 3875//3875 4375//4375
f 3846//3846 3841//3841 3831//3831 3836//3836
f 3848//3848 3842//3842 3832//3832 3838//3838
f 3838//3838 3834//3834 3844//3844 3848//3848
f 3849//3849 3845//3845 3835//3835 3839//3839
f 3839//3839 3833//3833 3843//3843 3849//3849
f 3837//3837 3830//3830 3840//3840 3847//3847
f 3829//3829 3823//3823 3833//3833 3839//3839
f 3839//3839 3835//3835 3825//3825 3829//3829
f 3828//3828 3824//3824 3834//3834 3838//3838
f 3838//3838 3832//3832 3822//3822 3828//3828
f 3836//3836 3831//3831 3821//3821 3826//3826
f 4336//4336 4237//4237 3864//3864 4331//4331
f 4335//4335 4242//4242 4237//4237 4336//4336
f 3827//3827 3820//3820 3830//3830 3837//3837
f 4242//4242 4332//4332 4333//4333 4237//4237
f 4237//4237 4333//4333 4334//4334 3864//3864
f 3829//3829 3861//3861 3862//3862 3823//3823
f 3827//3827 3869//3869 3863//3863 3820//3820
f 3828//3828 3870//3870 3865//3865 3824//3824
f 4446//4446 4447//4447 4253//4253 4341//4341
f 3879//3879 3857//3857 3850//3850 3871//3871
f 3880//3880 3858//3858 3854//3854 3876//3876
f 3859//3859 3881//3881 3877//3877 3855//3855
f 3881//3881 3859//3859 3853//3853 3874//3874
f 3856//3856 3878//3878 3872//3872 3851//3851
f 4373//4373 4374//4374 3886//3886 4390//4390
f 3858//3858 3880//3880 3873//3873 3852//3852
f 3890//3890 3879//3879 3871//3871 3882//3882
f 3891//3891 3880//3880 3876//3876 3887//3887
f 3864//3864 4334//4334 4347//4347 3875//3875
f 4340//4340 4326//4326 4363//4363 4358//4358
f 3881//3881 3892//3892 3888//3888 3877//3877
f 3892//3892 3881//3881 3874//3874 3885//3885
f 3878//3878 3889//3889 3883//3883 3872//3872
f 3880//3880 3891//3891 3884//3884 3873//3873
f 3934//3934 3935//3935 3906//3906 3903//3903
f 3942//3942 3945//3945 3894//3894 3897//3897
f 3930//3930 3932//3932 3899//3899 3896//3896
f 3946//3946 3943//3943 3901//3901 3905//3905
f 3939//3939 3934//3934 3903//3903 3925//3925
f 3944//3944 3948//3948 3915//3915 3913//3913
f 3947//3947 3941//3941 3916//3916 3914//3914
f 3932//3932 3937//3937 3919//3919 3899//3899
f 3947//3947 3950//3950 3918//3918 3898//3898
f 3949//3949 3942//3942 3897//3897 3917//3917
f 3943//3943 3951//3951 3926//3926 3901//3901
f 3948//3948 3952//3952 3928//3928 3915//3915
f 3904//3904 3908//3908 3936//3936 3933//3933
f 3893//3893 3900//3900 3931//3931 3929//3929
f 3924//3924 3904//3904 3933//3933 3940//3940
f 3900//3900 3920//3920 3938//3938 3931//3931
f 3910//3910 3909//3909 3945//3945 3942//3942
f 3912//3912 3911//3911 3943//3943 3946//3946
f 3907//3907 3902//3902 3948//3948 3944//3944
f 3898//3898 3895//3895 3941//3941 3947//3947
f 3914//3914 3922//3922 3950//3950 3947//3947
f 3921//3921 3910//3910 3942//3942 3949//3949
f 3911//3911 3927//3927 3951//3951 3943//3943
f 3902//3902 3923//3923 3952//3952 3948//3948
f 3994//3994 3962//3962 3958//3958 3993//3993
f 3999//3999 3959//3959 3954//3954 3998//3998
f 4002//4002 3961//3961 3955//3955 4000//4000
f 3979//3979 3974//3974 3964//3964 3969//3969
f 3981//3981 3975//3975 3965//3965 3971//3971
f 3971//3971 3967//3967 3977//3977 3981//3981
f 3982//3982 3978//3978 3968//3968 3972//3972
f 3972//3972 3966//3966 3976//3976 3982//3982
f 3970//3970 3963//3963 3973//3973 3980//3980
f 3962//3962 3956//3956 3966//3966 3972//3972
f 3972//3972 3968//3968 3958//3958 3962//3962
f 3961//3961 3957//3957 3967//3967 3971//3971
f 3971//3971 3965//3965 3955//3955 3961//3961
f 3969//3969 3964//3964 3954//3954 3959//3959
f 3960//3960 3953//3953 3963//3963 3970//3970
f 3962//3962 3994//3994 3995//3995 3956//3956
f 3960//3960 4001//4001 3996//3996 3953//3953
f 3961//3961 4002//4002 3997//3997 3957//3957
f 4010//4010 3990//3990 3983//3983 4003//4003
f 4011//4011 3991//3991 3987//3987 4007//4007
f 3992//3992 4012//4012 4008//4008 3988//3988
f 4012//4012 3992//3992 3986//3986 4006//4006
f 3989//3989 4009//4009 4004//4004 3984//3984
f 3991//3991 4011//4011 4005//4005 3985//3985
f 4020//4020 4010//4010 4003//4003 4013//4013
f 4021//4021 4011//4011 4007//4007 4017//4017
f 4012//4012 4022//4022 4018//4018 4008//4008
f 4022//4022 4012//4012 4006//4006 4016//4016
f 4009//4009 4019//4019 4014//4014 4004//4004
f 4011//4011 4021//4021 4015//4015 4005//4005
f 4064//4064 4065//4065 4036//4036 4033//4033
f 4072//4072 4075//4075 4024//4024 4027//4027
f 4060//4060 4062//4062 4029//4029 4026//4026
f 4076//4076 4073//4073 4031//4031 4035//4035
f 4069//4069 4064//4064 4033//4033 4055//4055
f 4074//4074 4078//4078 4045//4045 4043//4043
f 4077//4077 4071//4071 4046//4046 4044//4044
f 4062//4062 4067//4067 4049//4049 4029//4029
f 4077//4077 4080//4080 4048//4048 4028//4028
f 4079//4079 4072//4072 4027//4027 4047//4047
f 4073//4073 4081//4081 4056//4056 4031//4031
f 4078//4078 4082//4082 4058//4058 4045//4045
f 4034//4034 4038//4038 4066//4066 4063//4063
f 4023//4023 4030//4030 4061//4061 4059//4059
f 4054//4054 4034//4034 4063//4063 4070//4070
f 4030//4030 4050//4050 4068//4068 4061//4061
f 4040//4040 4039//4039 4075//4075 4072//4072
f 4042//4042 4041//4041 4073//4073 4076//4076
f 4037//4037 4032//4032 4078//4078 4074//4074
f 4028//4028 4025//4025 4071//4071 4077//4077
f 4044//4044 4052//4052 4080//4080 4077//4077
f 4051//4051 4040//4040 4072//4072 4079//4079
f 4041//4041 4057//4057 4081//4081 4073//4073
f 4032//4032 4053//4053 4082//4082 4078//4078
f 4124//4124 4092//4092 4088//4088 4123//4123
f 4129//4129 4089//4089 4084//4084 4128//4128
f 4132//4132 4091//4091 4085//4085 4130//4130
f 4109//4109 4104//4104 4094//4094 4099//4099
f 4111//4111 4105//4105 4095//4095 4101//4101
f 4101//4101 4097//4097 4107//4107 4111//4111
f 4112//4112 4108//4108 4098//4098 4102//4102
f 4102//4102 4096//4096 4106//4106 4112//4112
f 4100//4100 4093//4093 4103//4103 4110//4110
f 4092//4092 4086//4086 4096//4096 4102//4102
f 4102//4102 4098//4098 4088//4088 4092//4092
f 4091//4091 4087//4087 4097//4097 4101//4101
f 4101//4101 4095//4095 4085//4085 4091//4091
f 4099//4099 4094//4094 4084//4084 4089//4089
f 4090//4090 4083//4083 4093//4093 4100//4100
f 4092//4092 4124//4124 4125//4125 4086//4086
f 4090//4090 4131//4131 4126//4126 4083//4083
f 4091//4091 4132//4132 4127//4127 4087//4087
f 4140//4140 4120//4120 4113//4113 4133//4133
f 4141//4141 4121//4121 4117//4117 4137//4137
f 4122//4122 4142//4142 4138//4138 4118//4118
f 4142//4142 4122//4122 4116//4116 4136//4136
f 4119//4119 4139//4139 4134//4134 4114//4114
f 4121//4121 4141//4141 4135//4135 4115//4115
f 4150//4150 4140//4140 4133//4133 4143//4143
f 4151//4151 4141//4141 4137//4137 4147//4147
f 4142//4142 4152//4152 4148//4148 4138//4138
f 4152//4152 4142//4142 4136//4136 4146//4146
f 4139//4139 4149//4149 4144//4144 4134//4134
f 4141//4141 4151//4151 4145//4145 4135//4135
f 4158//4158 4166//4166 4162//4162 4154//4154
f 4162//4162 4166//4166 4174//4174 4170//4170
f 3706//3706 3726//3726 4537//4537 4536//4536
f 4719//4719 4753//4753 4726//4726 4174//4174
f 4540//4540 4573//4573 4156//4156 4164//4164
f 4167//4167 4159//4159 4155//4155 4163//4163
f 4160//4160 4168//4168 4164//4164 4156//4156
f 4168//4168 4160//4160 4154//4154 4162//4162
f 4159//4159 4167//4167 4161//4161 4153//4153
f 4175//4175 4167//4167 4163//4163 4171//4171
f 4168//4168 4176//4176 4172//4172 4164//4164
f 4176//4176 4168//4168 4162//4162 4170//4170
f 4167//4167 4175//4175 4169//4169 4161//4161
f 4358//4358 4363//4363 4366//4366 4359//4359
f 3720//3720 3722//3722 4509//4509 4508//4508
f 3866//3866 4534//4534 4493//4493 3731//3731
f 4084//4084 4094//4094 4514//4514 4513//4513
f 3745//3745 4538//4538 4553//4553 3724//3724
f 3866//3866 3821//3821 4533//4533 4534//4534
f 3964//3964 3974//3974 4525//4525 4550//4550
f 3896//3896 3899//3899 4583//4583 4542//4542
f 3871//3871 3850//3850 4545//4545 4544//4544
f 3819//3819 3813//3813 3884//3884 3891//3891
f 3891//3891 3887//3887 3815//3815 3819//3819
f 3732//3732 3710//3710 4494//4494 4493//4493
f 3882//3882 3871//3871 4544//4544 4543//4543
f 3892//3892 3885//3885 4015//4015 4021//4021
f 4022//4022 4016//4016 4145//4145 4151//4151
f 4151//4151 4147//4147 4018//4018 4022//4022
f 4021//4021 4017//4017 3888//3888 3892//3892
f 4146//4146 4150//4150 4169//4169 4175//4175
f 4152//4152 4146//4146 4175//4175 4171//4171
f 3721//3721 3723//3723 4507//4507 4556//4556
f 3993//3993 3958//3958 4565//4565 4564//4564
f 3851//3851 4545//4545 4531//4531 3841//3841
f 3715//3715 3711//3711 4494//4494 4495//4495
f 4331//4331 4375//4375 4369//4369 4323//4323
f 3925//3925 3903//3903 4511//4511 4177//4177
f 4338//4338 4352//4352 4347//4347 4334//4334
f 4243//4243 4256//4256 4263//4263 4248//4248
f 4307//4307 4395//4395 4259//4259 3589//3589
f 4260//4260 4246//4246 4248//4248 4263//4263
f 4240//4240 4254//4254 4265//4265 4250//4250
f 4321//4321 4356//4356 4352//4352 4338//4338
f 3565//3565 3564//3564 3563//3563 4307//4307
f 4249//4249 4264//4264 4257//4257 4244//4244
f 4459//4459 3565//3565 4307//4307 3589//3589
f 4264//4264 4249//4249 4250//4250 4265//4265
f 4403//4403 4404//4404 4264//4264 4265//4265
f 4404//4404 4405//4405 4257//4257 4264//4264
f 4403//4403 4389//4389 3606//3606 3602//3602
f 4353//4353 4410//4410 4350//4350 4348//4348
f 4391//4391 4407//4407 3603//3603 3604//3604
f 4253//4253 4267//4267 4252//4252 4238//4238
f 4407//4407 4388//4388 3609//3609 3603//3603
f 4282//4282 4279//4279 4278//4278 4281//4281
f 4279//4279 4282//4282 4280//4280 4277//4277
f 3589//3589 4259//4259 4410//4410 4258//4258
f 4230//4230 4231//4231 4215//4215 4214//4214
f 4227//4227 4230//4230 4214//4214 4211//4211
f 4247//4247 4262//4262 4295//4295 4291//4291
f 4318//4318 4312//4312 4278//4278 4274//4274
f 4313//4313 3560//3560 4312//4312 4318//4318
f 4314//4314 4308//4308 3560//3560 4313//4313
f 4314//4314 4315//4315 4309//4309 4308//4308
f 4309//4309 4315//4315 4316//4316 4310//4310
f 4316//4316 4317//4317 4311//4311 4310//4310
f 4298//4298 4294//4294 4293//4293 4297//4297
f 4296//4296 4292//4292 4294//4294 4298//4298
f 4211//4211 4212//4212 4228//4228 4227//4227
f 4212//4212 4213//4213 4229//4229 4228//4228
f 4213//4213 4216//4216 4232//4232 4229//4229
f 4455//4455 4468//4468 4311//4311 4317//4317
f 4468//4468 4455//4455 4454//4454 4467//4467
f 3745//3745 3727//3727 4537//4537 4538//4538
f 3835//3835 3845//3845 4557//4557 4506//4506
f 3876//3876 3854//3854 4558//4558 4559//4559
f 4374//4374 4373//4373 4371//4371 4370//4370
f 4225//4225 4232//4232 4216//4216 4209//4209
f 4292//4292 4467//4467 4454//4454 4288//4288
f 4288//4288 4290//4290 4294//4294 4292//4292
f 4290//4290 4289//4289 4293//4293 4294//4294
f 4465//4465 4464//4464 4320//4320 4322//4322
f 4287//4287 4291//4291 4293//4293 4289//4289
f 4247//4247 4291//4291 4287//4287 4231//4231
f 4225//4225 4209//4209 4210//4210 4226//4226
f 4233//4233 4226//4226 4210//4210 4217//4217
f 4217//4217 4218//4218 4234//4234 4233//4233
f 4223//4223 4234//4234 4218//4218 4207//4207
f 4208//4208 4224//4224 4223//4223 4207//4207
f 4235//4235 4224//4224 4208//4208 4219//4219
f 4219//4219 4220//4220 4236//4236 4235//4235
f 4337//4337 4320//4320 4321//4321 4338//4338
f 4339//4339 4322//4322 4320//4320 4337//4337
f 4353//4353 4456//4456 4258//4258 4410//4410
f 4351//4351 4346//4346 4347//4347 4352//4352
f 4324//4324 4336//4336 4331//4331 4323//4323
f 4221//4221 4236//4236 4220//4220 4205//4205
f 4206//4206 4222//4222 4221//4221 4205//4205
f 4251//4251 4252//4252 4267//4267 4266//4266
f 4325//4325 4335//4335 4336//4336 4324//4324
f 4206//4206 4268//4268 4272//4272 4222//4222
f 4379//4379 3608//3608 4401//4401 4400//4400
f 4333//4333 4337//4337 4338//4338 4334//4334
f 4332//4332 4339//4339 4337//4337 4333//4333
f 4442//4442 4444//4444 4280//4280 4282//4282
f 4341//4341 4239//4239 4276//4276 4342//4342
f 4348//4348 4343//4343 4346//4346 4351//4351
f 4436//4436 3597//3597 4379//4379 4451//4451
f 4372//4372 4345//4345 4344//4344 4378//4378
f 4446//4446 4341//4341 4342//4342 4445//4445
f 4353//4353 4348//4348 4351//4351 4355//4355
f 4355//4355 4351//4351 4352//4352 4356//4356
f 4400//4400 4401//4401 4255//4255 4266//4266
f 4452//4452 4400//4400 4266//4266 4448//4448
f 4374//4374 4370//4370 4369//4369 4375//4375
f 4368//4368 4371//4371 4373//4373 4376//4376
f 4368//4368 4376//4376 4377//4377 4367//4367
f 4376//4376 4372//4372 4378//4378 4377//4377
f 4385//4385 4382//4382 3588//3588 3584//3584
f 4384//4384 4383//4383 3585//3585 3601//3601
f 4383//4383 4385//4385 3584//3584 3585//3585
f 3599//3599 3581//3581 3580//3580 3598//3598
f 4440//4440 4462//4462 4463//4463 4441//4441
f 4441//4441 4463//4463 4464//4464 4439//4439
f 4439//4439 4464//4464 4465//4465 4438//4438
f 4387//4387 4380//4380 3590//3590 3587//3587
f 4396//4396 4397//4397 4344//4344 4381//4381
f 4350//4350 4381//4381 4344//4344 4345//4345
f 4394//4394 4397//4397 4382//4382 4385//4385
f 4406//4406 4398//4398 4383//4383 4384//4384
f 4398//4398 4394//4394 4385//4385 4383//4383
f 4396//4396 4395//4395 4380//4380 4387//4387
f 3587//3587 3588//3588 4382//4382 4387//4387
f 4451//4451 4379//4379 4400//4400 4452//4452
f 4392//4392 4459//4459 3589//3589 4258//4258
f 4387//4387 4382//4382 4397//4397 4396//4396
f 4377//4377 4378//4378 4394//4394 4398//4398
f 3605//3605 3607//3607 4405//4405 4404//4404
f 4367//4367 4377//4377 4398//4398 4406//4406
f 4345//4345 4343//4343 4348//4348 4350//4350
f 4399//4399 4392//4392 4258//4258 4456//4456
f 4345//4345 4372//4372 4390//4390 4343//4343
f 4461//4461 4399//4399 4456//4456 4460//4460
f 4378//4378 4344//4344 4397//4397 4394//4394
f 4260//4260 4263//4263 4407//4407 4391//4391
f 4265//4265 4254//4254 4389//4389 4403//4403
f 3597//3597 3596//3596 3608//3608 4379//4379
f 3602//3602 3605//3605 4404//4404 4403//4403
f 4263//4263 4256//4256 4388//4388 4407//4407
f 4381//4381 4259//4259 4395//4395 4396//4396
f 4340//4340 4358//4358 4445//4445 4444//4444
f 4358//4358 4359//4359 4446//4446 4445//4445
f 3596//3596 3578//3578 3576//3576 3594//3594
f 3595//3595 3577//3577 3582//3582 3600//3600
f 4359//4359 4360//4360 4447//4447 4446//4446
f 4261//4261 4247//4247 4231//4231 4230//4230
f 3756//3756 3724//3724 4553//4553 4554//4554
f 4282//4282 4281//4281 4443//4443 4442//4442
f 4245//4245 4261//4261 4230//4230 4227//4227
f 4449//4449 4447//4447 4360//4360 4361//4361
f 4448//4448 4449//4449 4361//4361 4357//4357
f 4452//4452 4448//4448 4357//4357 4402//4402
f 3136//3136 4409//4409 4450//4450 3135//3135
f 3136//3136 3142//3142 4354//4354 4409//4409
f 3142//3142 3146//3146 4411//4411 4354//4354
f 4267//4267 4449//4449 4448//4448 4266//4266
f 4253//4253 4447//4447 4449//4449 4267//4267
f 4402//4402 4349//4349 4451//4451 4452//4452
f 4355//4355 4460//4460 4456//4456 4353//4353
f 4245//4245 4453//4453 4457//4457 4261//4261
f 4410//4410 4259//4259 4381//4381 4350//4350
f 4376//4376 4373//4373 4390//4390 4372//4372
f 4272//4272 4268//4268 4269//4269 4273//4273
f 4437//4437 4438//4438 4465//4465 4466//4466
f 4356//4356 4462//4462 4460//4460 4355//4355
f 4466//4466 4465//4465 4322//4322 4319//4319
f 4320//4320 4464//4464 4463//4463 4321//4321
f 4262//4262 4440//4440 4441//4441 4295//4295
f 4458//4458 4245//4245 4227//4227 4228//4228
f 4441//4441 4439//4439 4297//4297 4295//4295
f 4261//4261 4457//4457 4262//4262 4247//4247
f 4458//4458 4246//4246 4260//4260 4408//4408
f 4298//4298 4297//4297 4439//4439 4438//4438
f 4440//4440 4461//4461 4460//4460 4462//4462
f 4296//4296 4298//4298 4438//4438 4437//4437
f 4275//4275 4273//4273 4269//4269 4271//4271
f 4349//4349 3598//3598 4436//4436 4451//4451
f 4342//4342 4280//4280 4444//4444 4445//4445
f 4280//4280 4342//4342 4276//4276 4277//4277
f 4228//4228 4229//4229 4246//4246 4458//4458
f 4463//4463 4462//4462 4356//4356 4321//4321
f 4165//4165 4157//4157 4153//4153 4161//4161
f 4161//4161 4169//4169 4173//4173 4165//4165
f 3854//3854 3844//3844 4557//4557 4558//4558
f 4572//4572 4567//4567 4166//4166 4158//4158
f 4044//4044 4046//4046 4517//4517 4530//4530
f 4047//4047 4068//4068 4502//4502 4549//4549
f 3734//3734 3718//3718 4509//4509 4503//4503
f 4271//4271 4270//4270 4274//4274 4275//4275
f 4306//4306 4318//4318 4274//4274 4270//4270
f 4229//4229 4232//4232 4248//4248 4246//4246
f 4243//4243 4248//4248 4232//4232 4225//4225
f 4297//4297 4293//4293 4291//4291 4295//4295
f 4140//4140 4150//4150 4146//4146 4136//4136
f 4243//4243 4225//4225 4226//4226 4244//4244
f 4313//4313 4318//4318 4306//4306 4299//4299
f 4299//4299 4300//4300 4314//4314 4313//4313
f 3703//3703 3706//3706 4536//4536 4535//4535
f 4453//4453 4245//4245 4458//4458 4408//4408
f 3886//3886 3875//3875 4347//4347 4346//4346
f 4067//4067 4062//4062 4028//4028 4048//4048
f 4025//4025 4028//4028 4062//4062 4060//4060
f 4065//4065 4064//4064 4032//4032 4037//4037
f 4053//4053 4032//4032 4064//4064 4069//4069
f 4056//4056 4130//4130 4129//4129 4070//4070
f 4131//4131 4090//4090 4086//4086 4125//4125
f 4090//4090 4100//4100 4096//4096 4086//4086
f 4100//4100 4110//4110 4106//4106 4096//4096
f 4110//4110 4103//4103 4113//4113 4120//4120
f 4061//4061 4068//4068 4047//4047 4027//4027
f 4059//4059 4061//4061 4027//4027 4024//4024
f 4035//4035 4031//4031 4063//4063 4066//4066
f 4070//4070 4063//4063 4031//4031 4056//4056
f 4132//4132 4130//4130 4056//4056 4081//4081
f 4081//4081 4057//4057 4127//4127 4132//4132
f 4501//4501 4500//4500 4127//4127 4057//4057
f 4130//4130 4085//4085 4089//4089 4129//4129
f 4085//4085 4095//4095 4099//4099 4089//4089
f 4095//4095 4105//4105 4109//4109 4099//4099
f 4110//4110 4120//4120 4116//4116 4106//4106
f 4112//4112 4106//4106 4116//4116 4122//4122
f 4120//4120 4140//4140 4136//4136 4116//4116
f 4292//4292 4296//4296 4469//4469 4467//4467
f 4360//4360 4365//4365 4362//4362 4361//4361
f 4361//4361 4362//4362 4364//4364 4357//4357
f 4357//4357 4364//4364 4393//4393 4402//4402
f 4402//4402 4393//4393 4386//4386 4349//4349
f 4349//4349 4386//4386 3599//3599 3598//3598
f 4453//4453 4399//4399 4461//4461 4457//4457
f 4457//4457 4461//4461 4440//4440 4262//4262
f 4249//4249 4244//4244 4226//4226 4233//4233
f 4233//4233 4234//4234 4250//4250 4249//4249
f 4240//4240 4250//4250 4234//4234 4223//4223
f 4224//4224 4241//4241 4240//4240 4223//4223
f 4300//4300 4301//4301 4315//4315 4314//4314
f 4316//4316 4315//4315 4301//4301 4302//4302
f 4302//4302 4303//4303 4317//4317 4316//4316
f 4303//4303 4304//4304 4455//4455 4317//4317
f 4251//4251 4241//4241 4224//4224 4235//4235
f 4235//4235 4236//4236 4252//4252 4251//4251
f 4471//4471 4312//4312 3560//3560 3559//3559
f 4308//4308 3558//3558 3559//3559 3560//3560
f 3558//3558 4308//4308 4309//4309 3557//3557
f 4470//4470 4311//4311 4468//4468 4472//4472
f 3556//3556 4310//4310 4311//4311 4470//4470
f 4310//4310 3556//3556 3557//3557 4309//4309
f 4472//4472 4468//4468 4467//4467 4469//4469
f 4281//4281 4278//4278 4312//4312 4471//4471
f 4473//4473 4242//4242 4335//4335 4477//4477
f 4330//4330 4443//4443 4479//4479 4475//4475
f 4478//4478 4339//4339 4332//4332 4476//4476
f 4242//4242 4473//4473 4476//4476 4332//4332
f 4477//4477 4335//4335 4325//4325 4474//4474
f 4443//4443 4281//4281 4471//4471 4479//4479
f 4319//4319 4322//4322 4339//4339 4478//4478
f 4487//4487 4483//4483 4485//4485 4486//4486
f 4489//4489 4480//4480 4481//4481 4488//4488
f 4490//4490 4470//4470 4472//4472 4486//4486
f 4491//4491 3558//3558 3557//3557 4488//4488
f 4489//4489 3556//3556 4470//4470 4490//4490
f 4330//4330 4329//4329 4442//4442 4443//4443
f 4469//4469 4487//4487 4486//4486 4472//4472
f 3556//3556 4489//4489 4488//4488 3557//3557
f 4484//4484 4490//4490 4486//4486 4485//4485
f 4480//4480 4489//4489 4490//4490 4484//4484
f 3558//3558 4491//4491 4492//4492 3559//3559
f 4478//4478 4476//4476 4485//4485 4483//4483
f 4444//4444 4442//4442 4329//4329 4340//4340
f 4437//4437 4487//4487 4469//4469 4296//4296
f 4478//4478 4483//4483 4466//4466 4319//4319
f 4471//4471 3559//3559 4492//4492 4479//4479
f 4437//4437 4466//4466 4483//4483 4487//4487
f 4477//4477 4474//4474 4481//4481 4480//4480
f 4473//4473 4477//4477 4480//4480 4484//4484
f 4328//4328 4330//4330 4475//4475 4482//4482
f 4328//4328 4482//4482 4474//4474 4325//4325
f 4484//4484 4485//4485 4476//4476 4473//4473
f 4341//4341 4253//4253 4238//4238 4239//4239
f 4238//4238 4252//4252 4236//4236 4221//4221
f 4238//4238 4221//4221 4222//4222 4239//4239
f 4304//4304 4305//4305 4454//4454 4455//4455
f 4288//4288 4454//4454 4305//4305 4284//4284
f 4137//4137 4117//4117 4575//4575 4576//4576
f 3663//3663 3653//3653 4178//4178 4192//4192
f 3653//3653 3657//3657 4179//4179 4178//4178
f 4200//4200 4201//4201 3801//3801 3811//3811
f 4201//4201 4203//4203 3791//3791 3801//3801
f 3793//3793 3613//3613 3665//3665 3797//3797
f 3685//3685 3613//3613 3793//3793 3799//3799
f 4204//4204 4202//4202 3610//3610 3632//3632
f 4189//4189 4204//4204 3632//3632 3636//3636
f 4189//4189 4190//4190 3626//3626 3634//3634
f 3673//3673 3624//3624 3627//3627 3671//3671
f 3628//3628 3623//3623 3673//3673 3671//3671
f 4194//4194 4191//4191 3624//3624 3639//3639
f 4193//4193 4195//4195 3621//3621 3614//3614
f 4195//4195 4197//4197 3661//3661 3621//3621
f 4198//4198 4197//4197 3660//3660 3680//3680
f 4196//4196 4199//4199 3659//3659 3699//3699
f 4196//4196 4192//4192 3662//3662 3698//3698
f 4198//4198 3680//3680 3659//3659 4199//4199
f 3668//3668 3681//3681 3658//3658 3618//3618
f 3666//3666 3668//3668 3618//3618 3615//3615
f 3638//3638 3622//3622 3670//3670 3679//3679
f 3697//3697 3623//3623 3628//3628 3696//3696
f 3696//3696 3654//3654 3655//3655 3697//3697
f 3676//3676 3672//3672 3629//3629 3637//3637
f 3637//3637 3633//3633 3674//3674 3676//3676
f 3633//3633 3612//3612 3664//3664 3674//3674
f 3799//3799 3795//3795 3656//3656 3685//3685
f 4186//4186 4185//4185 3656//3656 3795//3795
f 3792//3792 3802//3802 3806//3806 3796//3796
f 3816//3816 3806//3806 3802//3802 3812//3812
f 3652//3652 3655//3655 4181//4181 4180//4180
f 4188//4188 4187//4187 3805//3805 3815//3815
f 4187//4187 4186//4186 3795//3795 3805//3805
f 3682//3682 3642//3642 3794//3794 3798//3798
f 3798//3798 3792//3792 3612//3612 3682//3682
f 4184//4184 4185//4185 3642//3642 3647//3647
f 4183//4183 4184//4184 3647//3647 3648//3648
f 4182//4182 4183//4183 3648//3648 3646//3646
f 4182//4182 4181//4181 3655//3655 3654//3654
f 3686//3686 3645//3645 3646//3646 3687//3687
f 4180//4180 4181//4181 3645//3645 3649//3649
f 4178//4178 4179//4179 3643//3643 3644//3644
f 4192//4192 4178//4178 3644//3644 3662//3662
f 3646//3646 3645//3645 4181//4181 4182//4182
f 3654//3654 3650//3650 4183//4183 4182//4182
f 4560//4560 4559//4559 3877//3877 3888//3888
f 4559//4559 4558//4558 3855//3855 3877//3877
f 3858//3858 3852//3852 3842//3842 3848//3848
f 4506//4506 4557//4557 3844//3844 3834//3834
f 4505//4505 4506//4506 3834//3834 3824//3824
f 4504//4504 4505//4505 3824//3824 3865//3865
f 3746//3746 3732//3732 3863//3863 3869//3869
f 4503//4503 4509//4509 3722//3722 3735//3735
f 4508//4508 4509//4509 3718//3718 3719//3719
f 4556//4556 4507//4507 3716//3716 3717//3717
f 4555//4555 4556//4556 3717//3717 3728//3728
f 4554//4554 4555//4555 3728//3728 3756//3756
f 4554//4554 4553//4553 3725//3725 3757//3757
f 3744//3744 3739//3739 3705//3705 3725//3725
f 3738//3738 3745//3745 3724//3724 3704//3704
f 4538//4538 3744//3744 3725//3725 4553//4553
f 4538//4538 4537//4537 3726//3726 3744//3744
f 4536//4536 4537//4537 3727//3727 3707//3707
f 4535//4535 4536//4536 3707//3707 3700//3700
f 4495//4495 4494//4494 3710//3710 3713//3713
f 4493//4493 4494//4494 3711//3711 3731//3731
f 3862//3862 3730//3730 3746//3746 3869//3869
f 3759//3759 3730//3730 3862//3862 3861//3861
f 3861//3861 3860//3860 3735//3735 3759//3759
f 4534//4534 4533//4533 3820//3820 3863//3863
f 4533//4533 4532//4532 3830//3830 3820//3820
f 4532//4532 4531//4531 3840//3840 3830//3830
f 3848//3848 3844//3844 3854//3854 3858//3858
f 4558//4558 4557//4557 3845//3845 3855//3855
f 3859//3859 3855//3855 3845//3845 3849//3849
f 4544//4544 4545//4545 3851//3851 3872//3872
f 4543//4543 4544//4544 3872//3872 3883//3883
f 3650//3650 3651//3651 4184//4184 4183//4183
f 3651//3651 3656//3656 4185//4185 4184//4184
f 3804//3804 3794//3794 4186//4186 4187//4187
f 4284//4284 4286//4286 4290//4290 4288//4288
f 4286//4286 4285//4285 4289//4289 4290//4290
f 4222//4222 4272//4272 4276//4276 4239//4239
f 4277//4277 4276//4276 4272//4272 4273//4273
f 4254//4254 4240//4240 4241//4241 4255//4255
f 4389//4389 4254//4254 4255//4255 4401//4401
f 4401//4401 3608//3608 3606//3606 4389//4389
f 3594//3594 3606//3606 3608//3608 3596//3596
f 3600//3600 3609//3609 3607//3607 3595//3595
f 4405//4405 3607//3607 3609//3609 4388//4388
f 4388//4388 4256//4256 4257//4257 4405//4405
f 4256//4256 4243//4243 4244//4244 4257//4257
f 4279//4279 4277//4277 4273//4273 4275//4275
f 4275//4275 4274//4274 4278//4278 4279//4279
f 4285//4285 4283//4283 4287//4287 4289//4289
f 4231//4231 4287//4287 4283//4283 4215//4215
f 3814//3814 3804//3804 4187//4187 4188//4188
f 3794//3794 3642//3642 4185//4185 4186//4186
f 3681//3681 4198//4198 4199//4199 3658//3658
f 4519//4519 4520//4520 4004//4004 4014//4014
f 4520//4520 4521//4521 3984//3984 4004//4004
f 3989//3989 3984//3984 3974//3974 3979//3979
f 4550//4550 4525//4525 3973//3973 3963//3963
f 4551//4551 4550//4550 3963//3963 3953//3953
f 4552//4552 4551//4551 3953//3953 3996//3996
f 3926//3926 4000//4000 3999//3999 3940//3940
f 4177//4177 4511//4511 3904//3904 3924//3924
f 4512//4512 4511//4511 3903//3903 3906//3906
f 4542//4542 4583//4583 3900//3900 3893//3893
f 4583//4583 4582//4582 3920//3920 3900//3900
f 4581//4581 4582//4582 3919//3919 3937//3937
f 4580//4580 4568//4568 3918//3918 3950//3950
f 4580//4580 4569//4569 3921//3921 3949//3949
f 4569//4569 4570//4570 3910//3910 3921//3921
f 4570//4570 4498//4498 3909//3909 3910//3910
f 4568//4568 3917//3917 3938//3938 4581//4581
f 3931//3931 3938//3938 3917//3917 3897//3897
f 3929//3929 3931//3931 3897//3897 3894//3894
f 3905//3905 3901//3901 3933//3933 3936//3936
f 3940//3940 3933//3933 3901//3901 3926//3926
f 4002//4002 4000//4000 3926//3926 3951//3951
f 3951//3951 3927//3927 3997//3997 4002//4002
f 4546//4546 4564//4564 3997//3997 3927//3927
f 4000//4000 3955//3955 3959//3959 3999//3999
f 3955//3955 3965//3965 3969//3969 3959//3959
f 3965//3965 3975//3975 3979//3979 3969//3969
f 3975//3975 3985//3985 3989//3989 3979//3979
f 3991//3991 3985//3985 3975//3975 3981//3981
f 3981//3981 3977//3977 3987//3987 3991//3991
f 4009//4009 3989//3989 3985//3985 4005//4005
f 4005//4005 4015//4015 4019//4019 4009//4009
f 3890//3890 4019//4019 4015//4015 3885//3885
f 3879//3879 3890//3890 3885//3885 3874//3874
f 3857//3857 3879//3879 3874//3874 3853//3853
f 3849//3849 3843//3843 3853//3853 3859//3859
f 3853//3853 3843//3843 3847//3847 3857//3857
f 3847//3847 3840//3840 3850//3850 3857//3857
f 3837//3837 3847//3847 3843//3843 3833//3833
f 3827//3827 3837//3837 3833//3833 3823//3823
f 3869//3869 3827//3827 3823//3823 3862//3862
f 4504//4504 3865//3865 3734//3734 4503//4503
f 3758//3758 3734//3734 3865//3865 3870//3870
f 3870//3870 3868//3868 3733//3733 3758//3758
f 3730//3730 3709//3709 3741//3741 3746//3746
f 3742//3742 3741//3741 3709//3709 3714//3714
f 3702//3702 3705//3705 3739//3739 3737//3737
f 3736//3736 3738//3738 3704//3704 3701//3701
f 3712//3712 3708//3708 3740//3740 3743//3743
f 3747//3747 3740//3740 3708//3708 3733//3733
f 3733//3733 3868//3868 3867//3867 3747//3747
f 3867//3867 3866//3866 3731//3731 3747//3747
f 4534//4534 3863//3863 3732//3732 4493//4493
f 3868//3868 3822//3822 3826//3826 3867//3867
f 3822//3822 3832//3832 3836//3836 3826//3826
f 3832//3832 3842//3842 3846//3846 3836//3836
f 3842//3842 3852//3852 3856//3856 3846//3846
f 3856//3856 3851//3851 3841//3841 3846//3846
f 4545//4545 3850//3850 3840//3840 4531//4531
f 3878//3878 3856//3856 3852//3852 3873//3873
f 3873//3873 3884//3884 3889//3889 3878//3878
f 3817//3817 3889//3889 3884//3884 3813//3813
f 3813//3813 3803//3803 3807//3807 3817//3817
f 3797//3797 3807//3807 3803//3803 3793//3793
f 3792//3792 3796//3796 3664//3664 3612//3612
f 3796//3796 3791//3791 3611//3611 3664//3664
f 3675//3675 3665//3665 3613//3613 3631//3631
f 3677//3677 3675//3675 3631//3631 3635//3635
f 3635//3635 3628//3628 3671//3671 3677//3677
f 3687//3687 3629//3629 3622//3622 3686//3686
f 3629//3629 3672//3672 3670//3670 3622//3622
f 3678//3678 3673//3673 3623//3623 3640//3640
f 3616//3616 3619//3619 3669//3669 3667//3667
f 3680//3680 3669//3669 3619//3619 3659//3659
f 3937//3937 3932//3932 3898//3898 3918//3918
f 3895//3895 3898//3898 3932//3932 3930//3930
f 3935//3935 3934//3934 3902//3902 3907//3907
f 3923//3923 3902//3902 3934//3934 3939//3939
f 3994//3994 3993//3993 3928//3928 3952//3952
f 3952//3952 3923//3923 3995//3995 3994//3994
f 3939//3939 4001//4001 3995//3995 3923//3923
f 4001//4001 3960//3960 3956//3956 3995//3995
f 3960//3960 3970//3970 3966//3966 3956//3956
f 3970//3970 3980//3980 3976//3976 3966//3966
f 4518//4518 4579//4579 3987//3987 3977//3977
f 3992//3992 3988//3988 3978//3978 3982//3982
f 3982//3982 3976//3976 3986//3986 3992//3992
f 3990//3990 4010//4010 4006//4006 3986//3986
f 4010//4010 4020//4020 4016//4016 4006//4006
f 4145//4145 4016//4016 4020//4020 4149//4149
f 4135//4135 4145//4145 4149//4149 4139//4139
f 4139//4139 4119//4119 4115//4115 4135//4135
f 4122//4122 4118//4118 4108//4108 4112//4112
f 4523//4523 4522//4522 4134//4134 4144//4144
f 4522//4522 4529//4529 4114//4114 4134//4134
f 4574//4574 4575//4575 4117//4117 4107//4107
f 4111//4111 4107//4107 4117//4117 4121//4121
f 4121//4121 4115//4115 4105//4105 4111//4111
f 4514//4514 4515//4515 4103//4103 4093//4093
f 4513//4513 4514//4514 4093//4093 4083//4083
f 4571//4571 4513//4513 4083//4083 4126//4126
f 4124//4124 4123//4123 4058//4058 4082//4082
f 4082//4082 4053//4053 4125//4125 4124//4124
f 4053//4053 4069//4069 4131//4131 4125//4125
f 4528//4528 4527//4527 4034//4034 4054//4054
f 4526//4526 4527//4527 4033//4033 4036//4036
f 4563//4563 4562//4562 4030//4030 4023//4023
f 4562//4562 4561//4561 4050//4050 4030//4030
f 4502//4502 4561//4561 4049//4049 4067//4067
f 4549//4549 4502//4502 4067//4067 4048//4048
f 4548//4548 4549//4549 4048//4048 4080//4080
f 4548//4548 4547//4547 4051//4051 4079//4079
f 4547//4547 4530//4530 4040//4040 4051//4051
f 4530//4530 4517//4517 4039//4039 4040//4040
f 4516//4516 4510//4510 4041//4041 4042//4042
f 4501//4501 4510//4510 4045//4045 4058//4058
f 4129//4129 4128//4128 4054//4054 4070//4070
f 4069//4069 4055//4055 4126//4126 4131//4131
f 4528//4528 4054//4054 4128//4128 4571//4571
f 4500//4500 4499//4499 4087//4087 4127//4127
f 4499//4499 4541//4541 4097//4097 4087//4087
f 4541//4541 4574//4574 4107//4107 4097//4097
f 4109//4109 4105//4105 4115//4115 4119//4119
f 4119//4119 4114//4114 4104//4104 4109//4109
f 4515//4515 4104//4104 4114//4114 4529//4529
f 4576//4576 4575//4575 4118//4118 4138//4138
f 4524//4524 4576//4576 4138//4138 4148//4148
f 4496//4496 4497//4497 3911//3911 3912//3912
f 4546//4546 4497//4497 3915//3915 3928//3928
f 3939//3939 3925//3925 3996//3996 4001//4001
f 3999//3999 3998//3998 3924//3924 3940//3940
f 4177//4177 3924//3924 3998//3998 4552//4552
f 4564//4564 4565//4565 3957//3957 3997//3997
f 4565//4565 4566//4566 3967//3967 3957//3957
f 4566//4566 4518//4518 3977//3977 3967//3967
f 3976//3976 3980//3980 3990//3990 3986//3986
f 3980//3980 3973//3973 3983//3983 3990//3990
f 4525//4525 3974//3974 3984//3984 4521//4521
f 4578//4578 4579//4579 3988//3988 4008//4008
f 4577//4577 4578//4578 4008//4008 4018//4018
f 3699//3699 3663//3663 4192//4192 4196//4196
f 3698//3698 3658//3658 4199//4199 4196//4196
f 3550//3550 3531//3531 3528//3528 3547//3547
f 3553//3553 3534//3534 3533//3533 3552//3552
f 3514//3514 3533//3533 3534//3534 3515//3515
f 3509//3509 3528//3528 3531//3531 3512//3512
f 3490//3490 3509//3509 3512//3512 3493//3493
f 3471//3471 3490//3490 3493//3493 3474//3474
f 3495//3495 3514//3514 3515//3515 3496//3496
f 3476//3476 3495//3495 3496//3496 3477//3477
f 3452//3452 3471//3471 3474//3474 3455//3455
f 3457//3457 3476//3476 3477//3477 3458//3458
f 3458//3458 3439//3439 3438//3438 3457//3457
f 3433//3433 3452//3452 3455//3455 3436//3436
f 3414//3414 3433//3433 3436//3436 3417//3417
f 3419//3419 3438//3438 3439//3439 3420//3420
f 3420//3420 3401//3401 3400//3400 3419//3419
f 3395//3395 3414//3414 3417//3417 3398//3398
f 3376//3376 3395//3395 3398//3398 3379//3379
f 3357//3357 3376//3376 3379//3379 3360//3360
f 3401//3401 3382//3382 3381//3381 3400//3400
f 3382//3382 3363//3363 3362//3362 3381//3381
f 3363//3363 3344//3344 3343//3343 3362//3362
f 3344//3344 3325//3325 3324//3324 3343//3343
f 3325//3325 3306//3306 3305//3305 3324//3324
f 3338//3338 3357//3357 3360//3360 3341//3341
f 3319//3319 3338//3338 3341//3341 3322//3322
f 3300//3300 3319//3319 3322//3322 3303//3303
f 3303//3303 3284//3284 3281//3281 3300//3300
f 3306//3306 3287//3287 3286//3286 3305//3305
f 4766//4766 4767//4767 3238//3238 3239//3239
f 4768//4768 4767//4767 3257//3257 3260//3260
f 4768//4768 4769//4769 3240//3240 3241//3241
f 4769//4769 4770//4770 3250//3250 3240//3240
f 3205//3205 3224//3224 3227//3227 3208//3208
f 3179//3179 3205//3205 3208//3208 3186//3186
f 3171//3171 3179//3179 3186//3186 3182//3182
f 3117//3117 3171//3171 3182//3182 3174//3174
f 3113//3113 3117//3117 3174//3174 3145//3145
f 3112//3112 3113//3113 3145//3145 3141//3141
f 3125//3125 3112//3112 3141//3141 3134//3134
f 3134//3134 3133//3133 3110//3110 3125//3125
f 3210//3210 3229//3229 3230//3230 3211//3211
f 3188//3188 3210//3210 3211//3211 3189//3189
f 3189//3189 3185//3185 3184//3184 3188//3188
f 3185//3185 3177//3177 3176//3176 3184//3184
f 3177//3177 3148//3148 3147//3147 3176//3176
f 3143//3143 3147//3147 3148//3148 3144//3144
f 3138//3138 3143//3143 3144//3144 3140//3140
f 3140//3140 3139//3139 3137//3137 3138//3138
f 3681//3681 3661//3661 4197//4197 4198//4198
f 3620//3620 3660//3660 4197//4197 4195//4195
f 3617//3617 3620//3620 4195//4195 4193//4193
f 3641//3641 3625//3625 4191//4191 4194//4194
f 3636//3636 3627//3627 4190//4190 4189//4189
f 3634//3634 3630//3630 4204//4204 4189//4189
f 3630//3630 3611//3611 4202//4202 4204//4204
f 3800//3800 3790//3790 4203//4203 4201//4201
f 3810//3810 3800//3800 4201//4201 4200//4200
f 3611//3611 3791//3791 4203//4203 4202//4202
f 3625//3625 3626//3626 4190//4190 4191//4191
f 3860//3860 4504//4504 4503//4503 3735//3735
f 3860//3860 3825//3825 4505//4505 4504//4504
f 3928//3928 3993//3993 4564//4564 4546//4546
f 3938//3938 3920//3920 4582//4582 4581//4581
f 3821//3821 3831//3831 4532//4532 4533//4533
f 3831//3831 3841//3841 4531//4531 4532//4532
f 3757//3757 3729//3729 4555//4555 4554//4554
f 3825//3825 3835//3835 4506//4506 4505//4505
f 3887//3887 3876//3876 4559//4559 4560//4560
f 3729//3729 3721//3721 4556//4556 4555//4555
f 3914//3914 3916//3916 4498//4498 4570//4570
f 3958//3958 3968//3968 4566//4566 4565//4565
f 3925//3925 4177//4177 4552//4552 3996//3996
f 4052//4052 4044//4044 4530//4530 4547//4547
f 4038//4038 4034//4034 4527//4527 4526//4526
f 4013//4013 4003//4003 4520//4520 4519//4519
f 3908//3908 3904//3904 4511//4511 4512//4512
f 4026//4026 4029//4029 4562//4562 4563//4563
f 4017//4017 4007//4007 4578//4578 4577//4577
f 3913//3913 3915//3915 4497//4497 4496//4496
f 3998//3998 3954//3954 4551//4551 4552//4552
f 3973//3973 4525//4525 4521//4521 3983//3983
f 3949//3949 3917//3917 4568//4568 4580//4580
f 4003//4003 3983//3983 4521//4521 4520//4520
f 4080//4080 4052//4052 4547//4547 4548//4548
f 3918//3918 4568//4568 4581//4581 3937//3937
f 4123//4123 4088//4088 4499//4499 4500//4500
f 3950//3950 3922//3922 4569//4569 4580//4580
f 4055//4055 4033//4033 4527//4527 4528//4528
f 4147//4147 4137//4137 4576//4576 4524//4524
f 4088//4088 4098//4098 4541//4541 4499//4499
f 3927//3927 3911//3911 4497//4497 4546//4546
f 4098//4098 4108//4108 4574//4574 4541//4541
f 3922//3922 3914//3914 4570//4570 4569//4569
f 3968//3968 3978//3978 4518//4518 4566//4566
f 4007//4007 3987//3987 4579//4579 4578//4578
f 3978//3978 3988//3988 4579//4579 4518//4518
f 3899//3899 3919//3919 4582//4582 4583//4583
f 3954//3954 3964//3964 4550//4550 4551//4551
f 4094//4094 4104//4104 4515//4515 4514//4514
f 4128//4128 4084//4084 4513//4513 4571//4571
f 4043//4043 4045//4045 4510//4510 4516//4516
f 4108//4108 4118//4118 4575//4575 4574//4574
f 4055//4055 4528//4528 4571//4571 4126//4126
f 4143//4143 4133//4133 4522//4522 4523//4523
f 4058//4058 4123//4123 4500//4500 4501//4501
f 4133//4133 4113//4113 4529//4529 4522//4522
f 4079//4079 4047//4047 4549//4549 4548//4548
f 4678//4678 4720//4720 4155//4155 4682//4682
f 4029//4029 4049//4049 4561//4561 4562//4562
f 4057//4057 4041//4041 4510//4510 4501//4501
f 4103//4103 4515//4515 4529//4529 4113//4113
f 4068//4068 4050//4050 4561//4561 4502//4502
f 4157//4157 4165//4165 4567//4567 4572//4572
f 4718//4718 4721//4721 4720//4720 4678//4678
f 4020//4020 4013//4013 4144//4144 4149//4149
f 3890//3890 3882//3882 4014//4014 4019//4019
f 3817//3817 3810//3810 3883//3883 3889//3889
f 4722//4722 4723//4723 3816//3816 3812//3812
f 4725//4725 4726//4726 4211//4211 4214//4214
f 4723//4723 4727//4727 3811//3811 3816//3816
f 4728//4728 4727//4727 4268//4268 4206//4206
f 4728//4728 4729//4729 3810//3810 4200//4200
f 4729//4729 4730//4730 3883//3883 3810//3810
f 4731//4731 4730//4730 4220//4220 4219//4219
f 4731//4731 4732//4732 3882//3882 4543//4543
f 4733//4733 4732//4732 4208//4208 4207//4207
f 4733//4733 4734//4734 4519//4519 4014//4014
f 4735//4735 4734//4734 4218//4218 4217//4217
f 4735//4735 4736//4736 4144//4144 4013//4013
f 4736//4736 4737//4737 4523//4523 4144//4144
f 4737//4737 4738//4738 4143//4143 4523//4523
f 4739//4739 4724//4724 4215//4215 4283//4283
f 4741//4741 4722//4722 3812//3812 3818//3818
f 4741//4741 4742//4742 4306//4306 4270//4270
f 4743//4743 4742//4742 3814//3814 4188//4188
f 4743//4743 4744//4744 4300//4300 4299//4299
f 4744//4744 4745//4745 4301//4301 4300//4300
f 4746//4746 4740//4740 4285//4285 4286//4286
f 4747//4747 4746//4746 4286//4286 4284//4284
f 4747//4747 4748//4748 4147//4147 4524//4524
f 4749//4749 4748//4748 4305//4305 4304//4304
f 3888//3888 4017//4017 4577//4577 4560//4560
f 4750//4750 4749//4749 4304//4304 4303//4303
f 4751//4751 4750//4750 4303//4303 4302//4302
f 4751//4751 4745//4745 3887//3887 4560//4560
f 4625//4625 4626//4626 4597//4597 4594//4594
f 3743//3743 3715//3715 3700//3700 3736//3736
f 4633//4633 4636//4636 4585//4585 4588//4588
f 3712//3712 3743//3743 3736//3736 3701//3701
f 4621//4621 4623//4623 4590//4590 4587//4587
f 3753//3753 3712//3712 3701//3701 3752//3752
f 3752//3752 3716//3716 3719//3719 3753//3753
f 4637//4637 4634//4634 4592//4592 4596//4596
f 4630//4630 4625//4625 4594//4594 4616//4616
f 4508//4508 3719//3719 3716//3716 4507//4507
f 4635//4635 4639//4639 4606//4606 4604//4604
f 4507//4507 3723//3723 3720//3720 4508//4508
f 4638//4638 4632//4632 4607//4607 4605//4605
f 4623//4623 4628//4628 4610//4610 4590//4590
f 4638//4638 4641//4641 4609//4609 4589//4589
f 4640//4640 4633//4633 4588//4588 4608//4608
f 4634//4634 4642//4642 4617//4617 4592//4592
f 4639//4639 4643//4643 4619//4619 4606//4606
f 4595//4595 4599//4599 4627//4627 4624//4624
f 3751//3751 3720//3720 3723//3723 3748//3748
f 4584//4584 4591//4591 4622//4622 4620//4620
f 3748//3748 3702//3702 3714//3714 3751//3751
f 4615//4615 4595//4595 4624//4624 4631//4631
f 4591//4591 4611//4611 4629//4629 4622//4622
f 3702//3702 3737//3737 3742//3742 3714//3714
f 4601//4601 4600//4600 4636//4636 4633//4633
f 3737//3737 3703//3703 3713//3713 3742//3742
f 4603//4603 4602//4602 4634//4634 4637//4637
f 4495//4495 3713//3713 3703//3703 4535//4535
f 4598//4598 4593//4593 4639//4639 4635//4635
f 4535//4535 3700//3700 3715//3715 4495//4495
f 4589//4589 4586//4586 4632//4632 4638//4638
f 4605//4605 4613//4613 4641//4641 4638//4638
f 4612//4612 4601//4601 4633//4633 4640//4640
f 4602//4602 4618//4618 4642//4642 4634//4634
f 4593//4593 4614//4614 4643//4643 4639//4639
f 4685//4685 4653//4653 4649//4649 4684//4684
f 4690//4690 4650//4650 4645//4645 4689//4689
f 4693//4693 4652//4652 4646//4646 4691//4691
f 4670//4670 4665//4665 4655//4655 4660//4660
f 4672//4672 4666//4666 4656//4656 4662//4662
f 4662//4662 4658//4658 4668//4668 4672//4672
f 4673//4673 4669//4669 4659//4659 4663//4663
f 4663//4663 4657//4657 4667//4667 4673//4673
f 4661//4661 4654//4654 4664//4664 4671//4671
f 4653//4653 4647//4647 4657//4657 4663//4663
f 4663//4663 4659//4659 4649//4649 4653//4653
f 4652//4652 4648//4648 4658//4658 4662//4662
f 4662//4662 4656//4656 4646//4646 4652//4652
f 4660//4660 4655//4655 4645//4645 4650//4650
f 4651//4651 4644//4644 4654//4654 4661//4661
f 4653//4653 4685//4685 4686//4686 4647//4647
f 4651//4651 4692//4692 4687//4687 4644//4644
f 4652//4652 4693//4693 4688//4688 4648//4648
f 4645//4645 4655//4655 4700//4700 4699//4699
f 4193//4193 3614//3614 3641//3641 4194//4194
f 4605//4605 4607//4607 4703//4703 4708//4708
f 4608//4608 4629//4629 4697//4697 4712//4712
f 4628//4628 4623//4623 4589//4589 4609//4609
f 4586//4586 4589//4589 4623//4623 4621//4621
f 3679//3679 3641//3641 3614//3614 3666//3666
f 3638//3638 3679//3679 3666//3666 3615//3615
f 4626//4626 4625//4625 4593//4593 4598//4598
f 4614//4614 4593//4593 4625//4625 4630//4630
f 4617//4617 4691//4691 4690//4690 4631//4631
f 4692//4692 4651//4651 4647//4647 4686//4686
f 4651//4651 4661//4661 4657//4657 4647//4647
f 4661//4661 4671//4671 4667//4667 4657//4657
f 4671//4671 4664//4664 4674//4674 4681//4681
f 4622//4622 4629//4629 4608//4608 4588//4588
f 4620//4620 4622//4622 4588//4588 4585//4585
f 3692//3692 3638//3638 3615//3615 3691//3691
f 3691//3691 3643//3643 3649//3649 3692//3692
f 4596//4596 4592//4592 4624//4624 4627//4627
f 4631//4631 4624//4624 4592//4592 4617//4617
f 4693//4693 4691//4691 4617//4617 4642//4642
f 4642//4642 4618//4618 4688//4688 4693//4693
f 4696//4696 4695//4695 4688//4688 4618//4618
f 4691//4691 4646//4646 4650//4650 4690//4690
f 4646//4646 4656//4656 4660//4660 4650//4650
f 4656//4656 4666//4666 4670//4670 4660//4660
f 4671//4671 4681//4681 4677//4677 4667//4667
f 4673//4673 4667//4667 4677//4677 4683//4683
f 4683//4683 4679//4679 4669//4669 4673//4673
f 4717//4717 4718//4718 4678//4678 4668//4668
f 4672//4672 4668//4668 4678//4678 4682//4682
f 4682//4682 4676//4676 4666//4666 4672//4672
f 4700//4700 4701//4701 4664//4664 4654//4654
f 4699//4699 4700//4700 4654//4654 4644//4644
f 4716//4716 4699//4699 4644//4644 4687//4687
f 4685//4685 4684//4684 4619//4619 4643//4643
f 4643//4643 4614//4614 4686//4686 4685//4685
f 4614//4614 4630//4630 4692//4692 4686//4686
f 4706//4706 4705//4705 4595//4595 4615//4615
f 4704//4704 4705//4705 4594//4594 4597//4597
f 4180//4180 3649//3649 3643//3643 4179//4179
f 4179//4179 3657//3657 3652//3652 4180//4180
f 4715//4715 4714//4714 4591//4591 4584//4584
f 4714//4714 4713//4713 4611//4611 4591//4591
f 4697//4697 4713//4713 4610//4610 4628//4628
f 4712//4712 4697//4697 4628//4628 4609//4609
f 4711//4711 4712//4712 4609//4609 4641//4641
f 4711//4711 4710//4710 4612//4612 4640//4640
f 4710//4710 4708//4708 4601//4601 4612//4612
f 4708//4708 4703//4703 4600//4600 4601//4601
f 3690//3690 3652//3652 3657//3657 3683//3683
f 3683//3683 3616//3616 3640//3640 3690//3690
f 4702//4702 4698//4698 4602//4602 4603//4603
f 4696//4696 4698//4698 4606//4606 4619//4619
f 4690//4690 4689//4689 4615//4615 4631//4631
f 4630//4630 4616//4616 4687//4687 4692//4692
f 4706//4706 4615//4615 4689//4689 4716//4716
f 4695//4695 4694//4694 4648//4648 4688//4688
f 4694//4694 4709//4709 4658//4658 4648//4648
f 4709//4709 4717//4717 4668//4668 4658//4658
f 4670//4670 4666//4666 4676//4676 4680//4680
f 4680//4680 4675//4675 4665//4665 4670//4670
f 4701//4701 4665//4665 4675//4675 4707//4707
f 4613//4613 4605//4605 4708//4708 4710//4710
f 4599//4599 4595//4595 4705//4705 4704//4704
f 4587//4587 4590//4590 4714//4714 4715//4715
f 4641//4641 4613//4613 4710//4710 4711//4711
f 4684//4684 4649//4649 4694//4694 4695//4695
f 4616//4616 4594//4594 4705//4705 4706//4706
f 4649//4649 4659//4659 4709//4709 4694//4694
f 4659//4659 4669//4669 4717//4717 4709//4709
f 4655//4655 4665//4665 4701//4701 4700//4700
f 4689//4689 4645//4645 4699//4699 4716//4716
f 4604//4604 4606//4606 4698//4698 4702//4702
f 4669//4669 4679//4679 4718//4718 4717//4717
f 4616//4616 4706//4706 4716//4716 4687//4687
f 4619//4619 4684//4684 4695//4695 4696//4696
f 4640//4640 4608//4608 4712//4712 4711//4711
f 3616//3616 3667//3667 3678//3678 3640//3640
f 3667//3667 3617//3617 3639//3639 3678//3678
f 4590//4590 4610//4610 4713//4713 4714//4714
f 4194//4194 3639//3639 3617//3617 4193//4193
f 4618//4618 4602//4602 4698//4698 4696//4696
f 4664//4664 4701//4701 4707//4707 4674//4674
f 4629//4629 4611//4611 4713//4713 4697//4697
f 4707//4707 4675//4675 4157//4157 4572//4572
f 4572//4572 4158//4158 4674//4674 4707//4707
f 4675//4675 4680//4680 4153//4153 4157//4157
f 4159//4159 4153//4153 4680//4680 4676//4676
f 4676//4676 4682//4682 4155//4155 4159//4159
f 4158//4158 4154//4154 4681//4681 4674//4674
f 4677//4677 4681//4681 4154//4154 4160//4160
f 4160//4160 4156//4156 4683//4683 4677//4677
f 4679//4679 4683//4683 4156//4156 4573//4573
f 4567//4567 4719//4719 4174//4174 4166//4166
f 4165//4165 4173//4173 4719//4719 4567//4567
f 4752//4752 4738//4738 4216//4216 4213//4213
f 4753//4753 4752//4752 4213//4213 4212//4212
f 4726//4726 4753//4753 4212//4212 4211//4211
f 4721//4721 4718//4718 4679//4679 4573//4573
f 4573//4573 4155//4155 4720//4720 4721//4721
f 4163//4163 4155//4155 4573//4573 4540//4540
f 4173//4173 4752//4752 4753//4753 4719//4719
f 4740//4740 4739//4739 4283//4283 4285//4285
f 4271//4271 4269//4269 4723//4723 4722//4722
f 4269//4269 4268//4268 4727//4727 4723//4723
f 4200//4200 3811//3811 4727//4727 4728//4728
f 4206//4206 4205//4205 4729//4729 4728//4728
f 4205//4205 4220//4220 4730//4730 4729//4729
f 4543//4543 3883//3883 4730//4730 4731//4731
f 4219//4219 4208//4208 4732//4732 4731//4731
f 4014//4014 3882//3882 4732//4732 4733//4733
f 4207//4207 4218//4218 4734//4734 4733//4733
f 4013//4013 4519//4519 4734//4734 4735//4735
f 4217//4217 4210//4210 4736//4736 4735//4735
f 4210//4210 4209//4209 4737//4737 4736//4736
f 4209//4209 4216//4216 4738//4738 4737//4737
f 4214//4214 4215//4215 4724//4724 4725//4725
f 4270//4270 4271//4271 4722//4722 4741//4741
f 3818//3818 3814//3814 4742//4742 4741//4741
f 4299//4299 4306//4306 4742//4742 4743//4743
f 4188//4188 3815//3815 4744//4744 4743//4743
f 3815//3815 3887//3887 4745//4745 4744//4744
f 4171//4171 4539//4539 4148//4148 4152//4152
f 4524//4524 4148//4148 4746//4746 4747//4747
f 4284//4284 4305//4305 4748//4748 4747//4747
f 4018//4018 4147//4147 4748//4748 4749//4749
f 4577//4577 4018//4018 4749//4749 4750//4750
f 4560//4560 4577//4577 4750//4750 4751//4751
f 4302//4302 4301//4301 4745//4745 4751//4751
f 4150//4150 4143//4143 4173//4173 4169//4169
f 4752//4752 4173//4173 4143//4143 4738//4738
f 4170//4170 4174//4174 4726//4726 4725//4725
f 4176//4176 4170//4170 4725//4725 4724//4724
f 4724//4724 4739//4739 4172//4172 4176//4176
f 4171//4171 4163//4163 4540//4540 4539//4539
f 4164//4164 4172//4172 4539//4539 4540//4540
f 4148//4148 4539//4539 4740//4740 4746//4746
f 4539//4539 4172//4172 4739//4739 4740//4740
f 4474//4474 4482//4482 4754//4754 4481//4481
f 4479//4479 4492//4492 4491//4491 4475//4475
f 4488//4488 4481//4481 4754//4754 4491//4491
f 4475//4475 4491//4491 4754//4754 4482//4482
f 4325//4325 4324//4324 4327//4327 4328//4328
f 4324//4324 4323//4323 4326//4326 4327//4327
f 4323//4323 4369//4369 4363//4363 4326//4326
f 4369//4369 4370//4370 4366//4366 4363//4363
f 4370//4370 4371//4371 4365//4365 4366//4366
f 4362//4362 4365//4365 4371//4371 4368//4368
f 4364//4364 4362//4362 4368//4368 4367//4367
f 4393//4393 4364//4364 4367//4367 4406//4406
f 4406//4406 4384//4384 4386//4386 4393//4393
f 4384//4384 3601//3601 3599//3599 4386//4386
f 3601//3601 3583//3583 3581//3581 3599//3599
f 4435//4435 4436//4436 3598//3598 3580//3580
f 4432//4432 4433//4433 3552//3552 3533//3533
f 3555//3555 3536//3536 3534//3534 3553//3553
f 3536//3536 3517//3517 3515//3515 3534//3534
f 4431//4431 4432//4432 3533//3533 3514//3514
f 4430//4430 4431//4431 3514//3514 3495//3495
f 3517//3517 3498//3498 3496//3496 3515//3515
f 3498//3498 3479//3479 3477//3477 3496//3496
f 3479//3479 3460//3460 3458//3458 3477//3477
f 3439//3439 3458//3458 3460//3460 3441//3441
f 3441//3441 3422//3422 3420//3420 3439//3439
f 3401//3401 3420//3420 3422//3422 3403//3403
f 3403//3403 3384//3384 3382//3382 3401//3401
f 3384//3384 3365//3365 3363//3363 3382//3382
f 3365//3365 3346//3346 3344//3344 3363//3363
f 3325//3325 3344//3344 3346//3346 3327//3327
f 3327//3327 3308//3308 3306//3306 3325//3325
f 3308//3308 3289//3289 3287//3287 3306//3306
f 4771//4771 4770//4770 3269//3269 3264//3264
f 4771//4771 4772//4772 3244//3244 3245//3245
f 3226//3226 3231//3231 3250//3250 3245//3245
f 3245//3245 3244//3244 3225//3225 3226//3226
f 3211//3211 3230//3230 3232//3232 3213//3213
f 3213//3213 3194//3194 3189//3189 3211//3211
f 3185//3185 3189//3189 3194//3194 3193//3193
f 3177//3177 3185//3185 3193//3193 3190//3190
f 3190//3190 3027//3027 3148//3148 3177//3177
f 3144//3144 3148//3148 3027//3027 3028//3028
f 3140//3140 3144//3144 3028//3028 3029//3029
f 3139//3139 3140//3140 3029//3029 3030//3030
f 3138//3138 3137//3137 4450//4450 4409//4409
f 4409//4409 4354//4354 3143//3143 3138//3138
f 4354//4354 4411//4411 3147//3147 3143//3143
f 3176//3176 3147//3147 4411//4411 4412//4412
f 3184//3184 3176//3176 4412//4412 4413//4413
f 3188//3188 3184//3184 4413//4413 4414//4414
f 4414//4414 4415//4415 3210//3210 3188//3188
f 4415//4415 4416//4416 3229//3229 3210//3210
f 3223//3223 3225//3225 3244//3244 3242//3242
f 3216//3216 3223//3223 3242//3242 3235//3235
f 4773//4773 4772//4772 3263//3263 3261//3261
f 4774//4774 4773//4773 3261//3261 3254//3254
f 4419//4419 4420//4420 3305//3305 3286//3286
f 3324//3324 3305//3305 4420//4420 4421//4421
f 4421//4421 4422//4422 3343//3343 3324//3324
f 3362//3362 3343//3343 4422//4422 4423//4423
f 4423//4423 4424//4424 3381//3381 3362//3362
f 3400//3400 3381//3381 4424//4424 4425//4425
f 4425//4425 4426//4426 3419//3419 3400//3400
f 4426//4426 4427//4427 3438//3438 3419//3419
f 4427//4427 4428//4428 3457//3457 3438//3438
f 4428//4428 4429//4429 3476//3476 3457//3457
f 4429//4429 4430//4430 3495//3495 3476//3476
f 4542//4542 3893//3893 3908//3908 4512//4512
f 4512//4512 3906//3906 3896//3896 4542//4542
f 3930//3930 3896//3896 3906//3906 3935//3935
f 3936//3936 3908//3908 3893//3893 3929//3929
f 3905//3905 3936//3936 3929//3929 3894//3894
f 3946//3946 3905//3905 3894//3894 3945//3945
f 3945//3945 3909//3909 3912//3912 3946//3946
f 4496//4496 3912//3912 3909//3909 4498//4498
f 4498//4498 3916//3916 3913//3913 4496//4496
f 3944//3944 3913//3913 3916//3916 3941//3941
f 3941//3941 3895//3895 3907//3907 3944//3944
f 3895//3895 3930//3930 3935//3935 3907//3907
f 4563//4563 4023//4023 4038//4038 4526//4526
f 4526//4526 4036//4036 4026//4026 4563//4563
f 4060//4060 4026//4026 4036//4036 4065//4065
f 4025//4025 4060//4060 4065//4065 4037//4037
f 4071//4071 4025//4025 4037//4037 4074//4074
f 4074//4074 4043//4043 4046//4046 4071//4071
f 4517//4517 4046//4046 4043//4043 4516//4516
f 4516//4516 4042//4042 4039//4039 4517//4517
f 4075//4075 4039//4039 4042//4042 4076//4076
f 4076//4076 4035//4035 4024//4024 4075//4075
f 4035//4035 4066//4066 4059//4059 4024//4024
f 4066//4066 4038//4038 4023//4023 4059//4059
f 4627//4627 4599//4599 4584//4584 4620//4620
f 4596//4596 4627//4627 4620//4620 4585//4585
f 4637//4637 4596//4596 4585//4585 4636//4636
f 4636//4636 4600//4600 4603//4603 4637//4637
f 4702//4702 4603//4603 4600//4600 4703//4703
f 4703//4703 4607//4607 4604//4604 4702//4702
f 4635//4635 4604//4604 4607//4607 4632//4632
f 4632//4632 4586//4586 4598//4598 4635//4635
f 4586//4586 4621//4621 4626//4626 4598//4598
f 4621//4621 4587//4587 4597//4597 4626//4626
f 4704//4704 4597//4597 4587//4587 4715//4715
f 4715//4715 4584//4584 4599//4599 4704//4704
f 3240//3240 3250//3250 3231//3231 3221//3221
f 3241//3241 3240//3240 3221//3221 3222//3222
f 3222//3222 3219//3219 3238//3238 3241//3241
f 3239//3239 3238//3238 3219//3219 3220//3220
f 3236//3236 3239//3239 3220//3220 3217//3217
f 3217//3217 3218//3218 3237//3237 3236//3236
f 3233//3233 3237//3237 3218//3218 3214//3214
f 3234//3234 3233//3233 3214//3214 3215//3215
f 3251//3251 3234//3234 3215//3215 3232//3232
f 3232//3232 3230//3230 3249//3249 3251//3251
f 3248//3248 3249//3249 3230//3230 3229//3229
f 3229//3229 4416//4416 4417//4417 3248//3248
f 4416//4416 3228//3228 3247//3247 4417//4417
f 3228//3228 3227//3227 3246//3246 3247//3247
f 3243//3243 3246//3246 3227//3227 3224//3224
f 3235//3235 3243//3243 3224//3224 3216//3216
f 3254//3254 3261//3261 3280//3280 3273//3273
f 3261//3261 3263//3263 3282//3282 3280//3280
f 3283//3283 3282//3282 3263//3263 3264//3264
f 3264//3264 3269//3269 3288//3288 3283//3283
f 3278//3278 3288//3288 3269//3269 3259//3259
f 3279//3279 3278//3278 3259//3259 3260//3260
f 3260//3260 3257//3257 3276//3276 3279//3279
f 3277//3277 3276//3276 3257//3257 3258//3258
f 3274//3274 3277//3277 3258//3258 3255//3255
f 3255//3255 3256//3256 3275//3275 3274//3274
f 3271//3271 3275//3275 3256//3256 3252//3252
f 3272//3272 3271//3271 3252//3252 3253//3253
f 3289//3289 3272//3272 3253//3253 3270//3270
f 3287//3287 3289//3289 3270//3270 3268//3268
f 3268//3268 3267//3267 3286//3286 3287//3287
f 3267//3267 4418//4418 4419//4419 3286//3286
f 4418//4418 3266//3266 3285//3285 4419//4419
f 3266//3266 3265//3265 3284//3284 3285//3285
f 3281//3281 3284//3284 3265//3265 3262//3262
f 3273//3273 3281//3281 3262//3262 3254//3254
f 3254//3254 3262//3262 4755//4755 4774//4774
f 3265//3265 4756//4756 4755//4755 3262//3262
f 3247//3247 3246//3246 4756//4756 4757//4757
f 4417//4417 3247//3247 4757//4757 4758//4758
f 4417//4417 4758//4758 4759//4759 3248//3248
f 3268//3268 4760//4760 4759//4759 3267//3267
f 3270//3270 4761//4761 4760//4760 3268//3268
f 3270//3270 3253//3253 4762//4762 4761//4761
f 3253//3253 3252//3252 4763//4763 4762//4762
f 3252//3252 3256//3256 4764//4764 4763//4763
f 3236//3236 3237//3237 4764//4764 4765//4765
f 3255//3255 3258//3258 4766//4766 4765//4765
f 3258//3258 3257//3257 4767//4767 4766//4766
f 3241//3241 3238//3238 4767//4767 4768//4768
f 3260//3260 3259//3259 4769//4769 4768//4768
f 3259//3259 3269//3269 4770//4770 4769//4769
f 3245//3245 3250//3250 4770//4770 4771//4771
f 3264//3264 3263//3263 4772//4772 4771//4771
f 3242//3242 3244//3244 4772//4772 4773//4773
f 3235//3235 3242//3242 4773//4773 4774//4774
f 4778//4778 4781//4781 12//12 8//8
f 4775//4775 4778//4778 8//8 4//4
f 4779//4779 4776//4776 4777//4777 4780//4780
f 4779//4779 4778//4778 4775//4775 4776//4776
f 4782//4782 4779//4779 4780//4780 4783//4783
f 4782//4782 4781//4781 4778//4778 4779//4779
f 4784//4784 4788//4788 4789//4789 4785//4785
f 4792//4792 4793//4793 4791//4791 4790//4790
f 4794//4794 4795//4795 4793//4793 4792//4792
f 4796//4796 4797//4797 4795//4795 4794//4794
f 4798//4798 4799//4799 4797//4797 4796//4796
f 4800//4800 4801//4801 4799//4799 4798//4798
f 4804//4804 4805//4805 4803//4803 4802//4802
f 4806//4806 4807//4807 4805//4805 4804//4804
f 4808//4808 4809//4809 4807//4807 4806//4806
f 4810//4810 4811//4811 4809//4809 4808//4808
f 4812//4812 4813//4813 4811//4811 4810//4810
f 4814//4814 4815//4815 4813//4813 4812//4812
f 4903//4903 4902//4902 4821//4821 4822//4822
f 4822//4822 4821//4821 4824//4824 4825//4825
f 4825//4825 4824//4824 4827//4827 4828//4828
f 4828//4828 4827//4827 4830//4830 4832//4832
f 4836//4836 4831//4831 4848//4848 4843//4843
f 4842//4842 4838//4838 4843//4843 4837//4837
f 4832//4832 4830//4830 4835//4835 4837//4837
f 4837//4837 4835//4835 4840//4840 4842//4842
f 4841//4841 4836//4836 4843//4843 4838//4838
f 4837//4837 4843//4843 4848//4848 4832//4832
f 4842//4842 4840//4840 4845//4845 4847//4847
f 4831//4831 4834//4834 4829//4829 4918//4918
f 4835//4835 75//75 81//81 4840//4840
f 4846//4846 4841//4841 4838//4838 4833//4833
f 4812//4812 4819//4819 4820//4820 4814//4814
f 4810//4810 4818//4818 4819//4819 4812//4812
f 4808//4808 4817//4817 4818//4818 4810//4810
f 4824//4824 59//59 63//63 4827//4827
f 4790//4790 4805//4805 4807//4807 4792//4792
f 4792//4792 4807//4807 4809//4809 4794//4794
f 4794//4794 4809//4809 4811//4811 4796//4796
f 4796//4796 4811//4811 4813//4813 4798//4798
f 4798//4798 4813//4813 4815//4815 4800//4800
f 4791//4791 4793//4793 4851//4851 4850//4850
f 4799//4799 4801//4801 4855//4855 4854//4854
f 4797//4797 4799//4799 4854//4854 4853//4853
f 4795//4795 4797//4797 4853//4853 4852//4852
f 4793//4793 4795//4795 4852//4852 4851//4851
f 4854//4854 4855//4855 4860//4860 4859//4859
f 4851//4851 4852//4852 4857//4857 4856//4856
f 4852//4852 4853//4853 4858//4858 4857//4857
f 4853//4853 4854//4854 4859//4859 4858//4858
f 4859//4859 4860//4860 4865//4865 4864//4864
f 4856//4856 4857//4857 4862//4862 4861//4861
f 4857//4857 4858//4858 4863//4863 4862//4862
f 4858//4858 4859//4859 4864//4864 4863//4863
f 4864//4864 4865//4865 4870//4870 4869//4869
f 4861//4861 4862//4862 4867//4867 4866//4866
f 4862//4862 4863//4863 4868//4868 4867//4867
f 4863//4863 4864//4864 4869//4869 4868//4868
f 4869//4869 4870//4870 4875//4875 4874//4874
f 4866//4866 4867//4867 4872//4872 4871//4871
f 4867//4867 4868//4868 4873//4873 4872//4872
f 4868//4868 4869//4869 4874//4874 4873//4873
f 4874//4874 4875//4875 4880//4880 4879//4879
f 4871//4871 4872//4872 4877//4877 4876//4876
f 4872//4872 4873//4873 4878//4878 4877//4877
f 4873//4873 4874//4874 4879//4879 4878//4878
f 4913//4913 4909//4909 124//124 123//123
f 4910//4910 4912//4912 121//121 120//120
f 4912//4912 4911//4911 122//122 121//121
f 4911//4911 4913//4913 123//123 122//122
f 4827//4827 63//63 69//69 4830//4830
f 75//75 4835//4835 4830//4830 69//69
f 4840//4840 81//81 87//87 4845//4845
f 4785//4785 4888//4888 4889//4889 4784//4784
f 4884//4884 4891//4891 4892//4892 4886//4886
f 4890//4890 4892//4892 4891//4891 4883//4883
f 4881//4881 4887//4887 4886//4886 4892//4892
f 4881//4881 4892//4892 4890//4890 4787//4787
f 4823//4823 4893//4893 4894//4894 4826//4826
f 4848//4848 4831//4831 4918//4918 4919//4919
f 4832//4832 4848//4848 4919//4919 4828//4828
f 4842//4842 4847//4847 4833//4833 4838//4838
f 4844//4844 4841//4841 4846//4846 4849//4849
f 4839//4839 4836//4836 4841//4841 4844//4844
f 4836//4836 4839//4839 4834//4834 4831//4831
f 4893//4893 4896//4896 4895//4895 4894//4894
f 4905//4905 4890//4890 4883//4883 4904//4904
f 4905//4905 4893//4893 4823//4823 4906//4906
f 4915//4915 4914//4914 4816//4816 4897//4897
f 4817//4817 4898//4898 4899//4899 4818//4818
f 4818//4818 4899//4899 4900//4900 4819//4819
f 4819//4819 4900//4900 4901//4901 4820//4820
f 4908//4908 4897//4897 4816//4816 4907//4907
f 4789//4789 4788//4788 4902//4902 4903//4903
f 4893//4893 4905//4905 4904//4904 4896//4896
f 4890//4890 4905//4905 4906//4906 4787//4787
f 4921//4921 4923//4923 4911//4911 4912//4912
f 4924//4924 4921//4921 4912//4912 4910//4910
f 4920//4920 4922//4922 4909//4909 4913//4913
f 4923//4923 4920//4920 4913//4913 4911//4911
f 4884//4884 4888//4888 4785//4785 4891//4891
f 4891//4891 4785//4785 4789//4789 4883//4883
f 4903//4903 4904//4904 4883//4883 4789//4789
f 4904//4904 4903//4903 4822//4822 4896//4896
f 4825//4825 4895//4895 4896//4896 4822//4822
f 4821//4821 55//55 59//59 4824//4824
f 4902//4902 148//148 55//55 4821//4821
f 148//148 4902//4902 4788//4788 52//52
f 52//52 4788//4788 4784//4784 20//20
f 4889//4889 15//15 20//20 4784//4784
f 8465//8465 8464//8464 4886//4886 4887//4887
f 8464//8464 8463//8463 4884//4884 4886//4886
f 8463//8463 8462//8462 4888//4888 4884//4884
f 8462//8462 8461//8461 4889//4889 4888//4888
f 4917//4917 4916//4916 4914//4914 4915//4915
f 4802//4802 4816//4816 4914//4914 4804//4804
f 4804//4804 4914//4914 4916//4916 4806//4806
f 4894//4894 4918//4918 4829//4829 4826//4826
f 4895//4895 4919//4919 4918//4918 4894//4894
f 4828//4828 4919//4919 4895//4895 4825//4825
f 4917//4917 4898//4898 4817//4817 4916//4916
f 4806//4806 4916//4916 4817//4817 4808//4808
f 4877//4877 4878//4878 4923//4923 4921//4921
f 4876//4876 4877//4877 4921//4921 4924//4924
f 4879//4879 4880//4880 4922//4922 4920//4920
f 4878//4878 4879//4879 4920//4920 4923//4923
f 5020//5020 4966//4966 4956//4956 5019//5019
f 5019//5019 4956//4956 4946//4946 5018//5018
f 5018//5018 4946//4946 4936//4936 5017//5017
f 5017//5017 4936//4936 4926//4926 5016//5016
f 5016//5016 4926//4926 4997//4997 5024//5024
f 5231//5231 5225//5225 4971//4971 5021//5021
f 5021//5021 4971//4971 5007//5007 5025//5025
f 5025//5025 5007//5007 4981//4981 5022//5022
f 5022//5022 4981//4981 4991//4991 5023//5023
f 4966//4966 4965//4965 4955//4955 4956//4956
f 4956//4956 4955//4955 4945//4945 4946//4946
f 4946//4946 4945//4945 4935//4935 4936//4936
f 4936//4936 4935//4935 4927//4927 4926//4926
f 4926//4926 4927//4927 4998//4998 4997//4997
f 5225//5225 5224//5224 4972//4972 4971//4971
f 4971//4971 4972//4972 5008//5008 5007//5007
f 5007//5007 5008//5008 4982//4982 4981//4981
f 4981//4981 4982//4982 4992//4992 4991//4991
f 4958//4958 4959//4959 4949//4949 4948//4948
f 4948//4948 4949//4949 4939//4939 4938//4938
f 4938//4938 4939//4939 4929//4929 4928//4928
f 4928//4928 4929//4929 5000//5000 4999//4999
f 5230//5230 5229//5229 4974//4974 4973//4973
f 4973//4973 4974//4974 5010//5010 5009//5009
f 5009//5009 5010//5010 4984//4984 4983//4983
f 4983//4983 4984//4984 4994//4994 4993//4993
f 5036//5036 5070//5070 5068//5068 5094//5094
f 4959//4959 4960//4960 4950//4950 4949//4949
f 4949//4949 4950//4950 4940//4940 4939//4939
f 4939//4939 4940//4940 4930//4930 4929//4929
f 4929//4929 4930//4930 5001//5001 5000//5000
f 5229//5229 5228//5228 4975//4975 4974//4974
f 4974//4974 4975//4975 5011//5011 5010//5010
f 5010//5010 5011//5011 5203//5203 5213//5213
f 4984//4984 4985//4985 4995//4995 4994//4994
f 214//214 5064//5064 5086//5086 343//343
f 4960//4960 4961//4961 4951//4951 4950//4950
f 4950//4950 4951//4951 4941//4941 4940//4940
f 4940//4940 4941//4941 4931//4931 4930//4930
f 4930//4930 4931//4931 5002//5002 5001//5001
f 5228//5228 5227//5227 4976//4976 4975//4975
f 4975//4975 4976//4976 5012//5012 5011//5011
f 4985//4985 5213//5213 5193//5193 5202//5202
f 5064//5064 5068//5068 5070//5070 5086//5086
f 4961//4961 4962//4962 4952//4952 4951//4951
f 4951//4951 4952//4952 4942//4942 4941//4941
f 4941//4941 4942//4942 4932//4932 4931//4931
f 4931//4931 4932//4932 5003//5003 5002//5002
f 5227//5227 5234//5234 4977//4977 4976//4976
f 4976//4976 4977//4977 5013//5013 5012//5012
f 5012//5012 5013//5013 4987//4987 4986//4986
f 4959//4959 5036//5036 5094//5094 4960//4960
f 4962//4962 4963//4963 4953//4953 4952//4952
f 4952//4952 4953//4953 4943//4943 4942//4942
f 4942//4942 4943//4943 4933//4933 4932//4932
f 4932//4932 4933//4933 5004//5004 5003//5003
f 5234//5234 5233//5233 4978//4978 4977//4977
f 4977//4977 4978//4978 5014//5014 5013//5013
f 5013//5013 5014//5014 4988//4988 4987//4987
f 216//216 217//217 5038//5038 5040//5040
f 4963//4963 4964//4964 4954//4954 4953//4953
f 4953//4953 4954//4954 4944//4944 4943//4943
f 4943//4943 4944//4944 4934//4934 4933//4933
f 4933//4933 4934//4934 5005//5005 5004//5004
f 5233//5233 5232//5232 4979//4979 4978//4978
f 4978//4978 4979//4979 5015//5015 5014//5014
f 5014//5014 5015//5015 4989//4989 4988//4988
f 217//217 287//287 5037//5037 5038//5038
f 215//215 216//216 5040//5040 5041//5041
f 214//214 215//215 5041//5041 5064//5064
f 5028//5028 5029//5029 4820//4820 4901//4901
f 4967//4967 5020//5020 5019//5019 4957//4957
f 4957//4957 5019//5019 5018//5018 4947//4947
f 4947//4947 5018//5018 5017//5017 4937//4937
f 4937//4937 5017//5017 5016//5016 4925//4925
f 4925//4925 5016//5016 5024//5024 4996//4996
f 5226//5226 5231//5231 5021//5021 4970//4970
f 4970//4970 5021//5021 5025//5025 5006//5006
f 5006//5006 5025//5025 5022//5022 4980//4980
f 4980//4980 5022//5022 5023//5023 4990//4990
f 5064//5064 5041//5041 5069//5069 5068//5068
f 5038//5038 5037//5037 5089//5089 5088//5088
f 4969//4969 5071//5071 5036//5036 4959//4959
f 5040//5040 5038//5038 5088//5088 5087//5087
f 5041//5041 5040//5040 5087//5087 5069//5069
f 5071//5071 5039//5039 5070//5070 5036//5036
f 4968//4968 4969//4969 4959//4959 4958//4958
f 5027//5027 5026//5026 4846//4846 4833//4833
f 5072//5072 5027//5027 4833//4833 4847//4847
f 5026//5026 5073//5073 4849//4849 4846//4846
f 5081//5081 5080//5080 4966//4966 5020//5020
f 5030//5030 5074//5074 4815//4815 4814//4814
f 5062//5062 5061//5061 4870//4870 4865//4865
f 5057//5057 5058//5058 4909//4909 4922//4922
f 5063//5063 5062//5062 4865//4865 4860//4860
f 5058//5058 311//311 124//124 4909//4909
f 4922//4922 4880//4880 5059//5059 5057//5057
f 5065//5065 5063//5063 4860//4860 4855//4855
f 5067//5067 5066//5066 4801//4801 4800//4800
f 5060//5060 5059//5059 4880//4880 4875//4875
f 5066//5066 5065//5065 4855//4855 4801//4801
f 5061//5061 5060//5060 4875//4875 4870//4870
f 5048//5048 5049//5049 5065//5065 5066//5066
f 5053//5053 5054//5054 5059//5059 5060//5060
f 5047//5047 5048//5048 5066//5066 5067//5067
f 5052//5052 5053//5053 5060//5060 5061//5061
f 5051//5051 5052//5052 5061//5061 5062//5062
f 5050//5050 5051//5051 5062//5062 5063//5063
f 5056//5056 5055//5055 5058//5058 5057//5057
f 5049//5049 5050//5050 5063//5063 5065//5065
f 5057//5057 5059//5059 5054//5054 5056//5056
f 5055//5055 306//306 311//311 5058//5058
f 5042//5042 5035//5035 5052//5052 5051//5051
f 5035//5035 5034//5034 5053//5053 5052//5052
f 5034//5034 5033//5033 5054//5054 5053//5053
f 5046//5046 5045//5045 5048//5048 5047//5047
f 5056//5056 5054//5054 5033//5033 5031//5031
f 5045//5045 5044//5044 5049//5049 5048//5048
f 5031//5031 5032//5032 5055//5055 5056//5056
f 5044//5044 5043//5043 5050//5050 5049//5049
f 5043//5043 5042//5042 5051//5051 5050//5050
f 5079//5079 5080//5080 5029//5029 5028//5028
f 5078//5078 5077//5077 5026//5026 5027//5027
f 5076//5076 5078//5078 5027//5027 5072//5072
f 5077//5077 5075//5075 5073//5073 5026//5026
f 4814//4814 4820//4820 5029//5029 5030//5030
f 5081//5081 5082//5082 5074//5074 5030//5030
f 4965//4965 4966//4966 5080//5080 5079//5079
f 5067//5067 5074//5074 5082//5082 5047//5047
f 5020//5020 4967//4967 5082//5082 5081//5081
f 4969//4969 4968//4968 5075//5075 5077//5077
f 5030//5030 5029//5029 5080//5080 5081//5081
f 5039//5039 5071//5071 5078//5078 5076//5076
f 5071//5071 4969//4969 5077//5077 5078//5078
f 5047//5047 5082//5082 4967//4967 5046//5046
f 5067//5067 4800//4800 4815//4815 5074//5074
f 4845//4845 87//87 337//337 5083//5083
f 5083//5083 337//337 339//339 5084//5084
f 5085//5085 341//341 343//343 5086//5086
f 5069//5069 5087//5087 5092//5092 5093//5093
f 5087//5087 5088//5088 5091//5091 5092//5092
f 5088//5088 5089//5089 5090//5090 5091//5091
f 5068//5068 5069//5069 5093//5093 5094//5094
f 5072//5072 4847//4847 4845//4845 5083//5083
f 5084//5084 5076//5076 5072//5072 5083//5083
f 5076//5076 5084//5084 5085//5085 5039//5039
f 5039//5039 5085//5085 5086//5086 5070//5070
f 5094//5094 5093//5093 4961//4961 4960//4960
f 5091//5091 5090//5090 4964//4964 4963//4963
f 5092//5092 5091//5091 4963//4963 4962//4962
f 5093//5093 5092//5092 4962//4962 4961//4961
f 5096//5096 354//354 282//282 5032//5032
f 5103//5103 5102//5102 5044//5044 5045//5045
f 5031//5031 5033//5033 5097//5097 5095//5095
f 5102//5102 5101//5101 5043//5043 5044//5044
f 5095//5095 5096//5096 5032//5032 5031//5031
f 5101//5101 5100//5100 5042//5042 5043//5043
f 5100//5100 5099//5099 5035//5035 5042//5042
f 5099//5099 5098//5098 5034//5034 5035//5035
f 5098//5098 5097//5097 5033//5033 5034//5034
f 5104//5104 5103//5103 5045//5045 5046//5046
f 5110//5110 5109//5109 5099//5099 5100//5100
f 5109//5109 5108//5108 5098//5098 5099//5099
f 5108//5108 5107//5107 5097//5097 5098//5098
f 5114//5114 5113//5113 5103//5103 5104//5104
f 5106//5106 365//365 354//354 5096//5096
f 5113//5113 5112//5112 5102//5102 5103//5103
f 5095//5095 5097//5097 5107//5107 5105//5105
f 5112//5112 5111//5111 5101//5101 5102//5102
f 5105//5105 5106//5106 5096//5096 5095//5095
f 5111//5111 5110//5110 5100//5100 5101//5101
f 5121//5121 5115//5115 5116//5116 5122//5122
f 5125//5125 5119//5119 5120//5120 5126//5126
f 5122//5122 5116//5116 5117//5117 5123//5123
f 7331//7331 7330//7330 5118//5118 5124//5124
f 5124//5124 5118//5118 5119//5119 5125//5125
f 5127//5127 5121//5121 5122//5122 5128//5128
f 5131//5131 5125//5125 5126//5126 5132//5132
f 5128//5128 5122//5122 5123//5123 5129//5129
f 7332//7332 7331//7331 5124//5124 5130//5130
f 5130//5130 5124//5124 5125//5125 5131//5131
f 5133//5133 5127//5127 5128//5128 5134//5134
f 5137//5137 5131//5131 5132//5132 5138//5138
f 5134//5134 5128//5128 5129//5129 5135//5135
f 7333//7333 7332//7332 5130//5130 5136//5136
f 5136//5136 5130//5130 5131//5131 5137//5137
f 5139//5139 5133//5133 5134//5134 5140//5140
f 5143//5143 5137//5137 5138//5138 5144//5144
f 5140//5140 5134//5134 5135//5135 5141//5141
f 7334//7334 7333//7333 5136//5136 5142//5142
f 5142//5142 5136//5136 5137//5137 5143//5143
f 5145//5145 5139//5139 5140//5140 5146//5146
f 5149//5149 5143//5143 5144//5144 5150//5150
f 5146//5146 5140//5140 5141//5141 5147//5147
f 7335//7335 7334//7334 5142//5142 5148//5148
f 5148//5148 5142//5142 5143//5143 5149//5149
f 410//410 5145//5145 5146//5146 411//411
f 414//414 5149//5149 5150//5150 415//415
f 411//411 5146//5146 5147//5147 412//412
f 2606//2606 7335//7335 5148//5148 413//413
f 413//413 5148//5148 5149//5149 414//414
f 5115//5115 5121//5121 5109//5109 5110//5110
f 5121//5121 5127//5127 5108//5108 5109//5109
f 5127//5127 5133//5133 5107//5107 5108//5108
f 5105//5105 5107//5107 5133//5133 5139//5139
f 5139//5139 5145//5145 5106//5106 5105//5105
f 5145//5145 410//410 365//365 5106//5106
f 4947//4947 5114//5114 5104//5104 4957//4957
f 4957//4957 5104//5104 5046//5046 4967//4967
f 5154//5154 5153//5153 5113//5113 5114//5114
f 5153//5153 5152//5152 5112//5112 5113//5113
f 5152//5152 5151//5151 5111//5111 5112//5112
f 5180//5180 5190//5190 5236//5236 5235//5235
f 5158//5158 5157//5157 5153//5153 5154//5154
f 5243//5243 5162//5162 5163//5163 5242//5242
f 5157//5157 5156//5156 5152//5152 5153//5153
f 5242//5242 5163//5163 5164//5164 5241//5241
f 5156//5156 5155//5155 5151//5151 5152//5152
f 5217//5217 5180//5180 5235//5235 5239//5239
f 5162//5162 5216//5216 5218//5218 5172//5172
f 7336//7336 7341//7341 5216//5216 5162//5162
f 5168//5168 5167//5167 5157//5157 5158//5158
f 5162//5162 5172//5172 5173//5173 5163//5163
f 5167//5167 5166//5166 5156//5156 5157//5157
f 5163//5163 5173//5173 5174//5174 5164//5164
f 5166//5166 5165//5165 5155//5155 5156//5156
f 5165//5165 5169//5169 5159//5159 5155//5155
f 5169//5169 5170//5170 5160//5160 5159//5159
f 7341//7341 7337//7337 5181//5181 5216//5216
f 5216//5216 5181//5181 5182//5182 5218//5218
f 5220//5220 5219//5219 5167//5167 5168//5168
f 5219//5219 5221//5221 5166//5166 5167//5167
f 5221//5221 5222//5222 5165//5165 5166//5166
f 5222//5222 5223//5223 5169//5169 5165//5165
f 5223//5223 5217//5217 5170//5170 5169//5169
f 5189//5189 5190//5190 5180//5180 5179//5179
f 7337//7337 7338//7338 5191//5191 5181//5181
f 5181//5181 5191//5191 5192//5192 5182//5182
f 5188//5188 5187//5187 5177//5177 5178//5178
f 5215//5215 5214//5214 5203//5203 4986//4986
f 5187//5187 5186//5186 5176//5176 5177//5177
f 5192//5192 5193//5193 5214//5214 5182//5182
f 5186//5186 5185//5185 5175//5175 5176//5176
f 5185//5185 5189//5189 5179//5179 5175//5175
f 5198//5198 5199//5199 5190//5190 5189//5189
f 7338//7338 7339//7339 5200//5200 5191//5191
f 5191//5191 5200//5200 5201//5201 5192//5192
f 5197//5197 5196//5196 5187//5187 5188//5188
f 5192//5192 5201//5201 5202//5202 5193//5193
f 5196//5196 5195//5195 5186//5186 5187//5187
f 4984//4984 5010//5010 5213//5213 4985//4985
f 5195//5195 5194//5194 5185//5185 5186//5186
f 5194//5194 5198//5198 5189//5189 5185//5185
f 5204//5204 5208//5208 5198//5198 5194//5194
f 5208//5208 5209//5209 5199//5199 5198//5198
f 7339//7339 7340//7340 5210//5210 5200//5200
f 5200//5200 5210//5210 5211//5211 5201//5201
f 5207//5207 5206//5206 5196//5196 5197//5197
f 5201//5201 5211//5211 5212//5212 5202//5202
f 5206//5206 5205//5205 5195//5195 5196//5196
f 5202//5202 5212//5212 4995//4995 4985//4985
f 5205//5205 5204//5204 5194//5194 5195//5195
f 4987//4987 4988//4988 5184//5184 5183//5183
f 5203//5203 5214//5214 5193//5193 5213//5213
f 5203//5203 5011//5011 5012//5012 4986//4986
f 5215//5215 4986//4986 4987//4987 5183//5183
f 5170//5170 5217//5217 5239//5239 5161//5161
f 5178//5178 5177//5177 5219//5219 5220//5220
f 5177//5177 5176//5176 5221//5221 5219//5219
f 5218//5218 5182//5182 5214//5214 5215//5215
f 5176//5176 5175//5175 5222//5222 5221//5221
f 5175//5175 5179//5179 5223//5223 5222//5222
f 5179//5179 5180//5180 5217//5217 5223//5223
f 5002//5002 5003//5003 5234//5234 5227//5227
f 5000//5000 5001//5001 5228//5228 5229//5229
f 5024//5024 4997//4997 5225//5225 5231//5231
f 4996//4996 5024//5024 5231//5231 5226//5226
f 5001//5001 5002//5002 5227//5227 5228//5228
f 4997//4997 4998//4998 5224//5224 5225//5225
f 4999//4999 5000//5000 5229//5229 5230//5230
f 5004//5004 5005//5005 5232//5232 5233//5233
f 5003//5003 5004//5004 5233//5233 5234//5234
f 5172//5172 5218//5218 5215//5215 5183//5183
f 4937//4937 5154//5154 5114//5114 4947//4947
f 4925//4925 5158//5158 5154//5154 4937//4937
f 5158//5158 4925//4925 4996//4996 5168//5168
f 5226//5226 5220//5220 5168//5168 4996//4996
f 5220//5220 5226//5226 4970//4970 5178//5178
f 5178//5178 4970//4970 5006//5006 5188//5188
f 4980//4980 5197//5197 5188//5188 5006//5006
f 5197//5197 4980//4980 4990//4990 5207//5207
f 5183//5183 5184//5184 5173//5173 5172//5172
f 5190//5190 5199//5199 5237//5237 5236//5236
f 5199//5199 5209//5209 5238//5238 5237//5237
f 7363//7363 7336//7336 5162//5162 5243//5243
f 5184//5184 5240//5240 5174//5174 5173//5173
f 5184//5184 4988//4988 4989//4989 5240//5240
f 5171//5171 5160//5160 5170//5170 5161//5161
f 5210//5210 5257//5257 5258//5258 5211//5211
f 5254//5254 5253//5253 5206//5206 5207//5207
f 5023//5023 4991//4991 5245//5245 5250//5250
f 5211//5211 5258//5258 5259//5259 5212//5212
f 5260//5260 5238//5238 5209//5209 5256//5256
f 5253//5253 5252//5252 5205//5205 5206//5206
f 4991//4991 4992//4992 5246//5246 5245//5245
f 5252//5252 5251//5251 5204//5204 5205//5205
f 5250//5250 5244//5244 4990//4990 5023//5023
f 5251//5251 5255//5255 5208//5208 5204//5204
f 5255//5255 5256//5256 5209//5209 5208//5208
f 5244//5244 5254//5254 5207//5207 4990//4990
f 4993//4993 4994//4994 5248//5248 5247//5247
f 7340//7340 7342//7342 5257//5257 5210//5210
f 4994//4994 4995//4995 5249//5249 5248//5248
f 5212//5212 5259//5259 5249//5249 4995//4995
f 5257//5257 5274//5274 5275//5275 5258//5258
f 5271//5271 5270//5270 5253//5253 5254//5254
f 5245//5245 5246//5246 5263//5263 5262//5262
f 5258//5258 5275//5275 5276//5276 5259//5259
f 5270//5270 5269//5269 5252//5252 5253//5253
f 5259//5259 5276//5276 5266//5266 5249//5249
f 5269//5269 5268//5268 5251//5251 5252//5252
f 5261//5261 5271//5271 5254//5254 5244//5244
f 5268//5268 5272//5272 5255//5255 5251//5251
f 5247//5247 5248//5248 5265//5265 5264//5264
f 5277//5277 5260//5260 5256//5256 5273//5273
f 5272//5272 5273//5273 5256//5256 5255//5255
f 5248//5248 5249//5249 5266//5266 5265//5265
f 7342//7342 7343//7343 5274//5274 5257//5257
f 5267//5267 5261//5261 5244//5244 5250//5250
f 5250//5250 5245//5245 5262//5262 5267//5267
f 5275//5275 5292//5292 5293//5293 5276//5276
f 5287//5287 5286//5286 5269//5269 5270//5270
f 5276//5276 5293//5293 5283//5283 5266//5266
f 5286//5286 5285//5285 5268//5268 5269//5269
f 5278//5278 5288//5288 5271//5271 5261//5261
f 5285//5285 5289//5289 5272//5272 5268//5268
f 5264//5264 5265//5265 5282//5282 5281//5281
f 5294//5294 5277//5277 5273//5273 5290//5290
f 5289//5289 5290//5290 5273//5273 5272//5272
f 5265//5265 5266//5266 5283//5283 5282//5282
f 7343//7343 7344//7344 5291//5291 5274//5274
f 5284//5284 5278//5278 5261//5261 5267//5267
f 5267//5267 5262//5262 5279//5279 5284//5284
f 5274//5274 5291//5291 5292//5292 5275//5275
f 5288//5288 5287//5287 5270//5270 5271//5271
f 5262//5262 5263//5263 5280//5280 5279//5279
f 5293//5293 5310//5310 5300//5300 5283//5283
f 5303//5303 5302//5302 5285//5285 5286//5286
f 5295//5295 5305//5305 5288//5288 5278//5278
f 5302//5302 5306//5306 5289//5289 5285//5285
f 5281//5281 5282//5282 5299//5299 5298//5298
f 5311//5311 5294//5294 5290//5290 5307//5307
f 5306//5306 5307//5307 5290//5290 5289//5289
f 5282//5282 5283//5283 5300//5300 5299//5299
f 7344//7344 7345//7345 5308//5308 5291//5291
f 5301//5301 5295//5295 5278//5278 5284//5284
f 5284//5284 5279//5279 5296//5296 5301//5301
f 5291//5291 5308//5308 5309//5309 5292//5292
f 5305//5305 5304//5304 5287//5287 5288//5288
f 5279//5279 5280//5280 5297//5297 5296//5296
f 5292//5292 5309//5309 5310//5310 5293//5293
f 5304//5304 5303//5303 5286//5286 5287//5287
f 5335//5335 5319//5319 5320//5320 5336//5336
f 5342//5342 5326//5326 5327//5327 5343//5343
f 5336//5336 5320//5320 5321//5321 5337//5337
f 5328//5328 5343//5343 5327//5327 5312//5312
f 5337//5337 5321//5321 5322//5322 5338//5338
f 5328//5328 5312//5312 5313//5313 5329//5329
f 5338//5338 5322//5322 5323//5323 5339//5339
f 5332//5332 5316//5316 5317//5317 5333//5333
f 5329//5329 5313//5313 5314//5314 5330//5330
f 5339//5339 5323//5323 5324//5324 5340//5340
f 5333//5333 5317//5317 5318//5318 5334//5334
f 5331//5331 5315//5315 5316//5316 5332//5332
f 5340//5340 5324//5324 5325//5325 5341//5341
f 5334//5334 5318//5318 5319//5319 5335//5335
f 5330//5330 5314//5314 5315//5315 5331//5331
f 5341//5341 5325//5325 5326//5326 5342//5342
f 5342//5342 5343//5343 5328//5328 5329//5329
f 5341//5341 5342//5342 5329//5329 5330//5330
f 5340//5340 5341//5341 5330//5330 5331//5331
f 5339//5339 5340//5340 5331//5331 5332//5332
f 5332//5332 5333//5333 5338//5338 5339//5339
f 5333//5333 5334//5334 5337//5337 5338//5338
f 5334//5334 5335//5335 5336//5336 5337//5337
f 5319//5319 5351//5351 5352//5352 5320//5320
f 5326//5326 5358//5358 5359//5359 5327//5327
f 5320//5320 5352//5352 5353//5353 5321//5321
f 5312//5312 5327//5327 5359//5359 5344//5344
f 5321//5321 5353//5353 5354//5354 5322//5322
f 5312//5312 5344//5344 5345//5345 5313//5313
f 5322//5322 5354//5354 5355//5355 5323//5323
f 5316//5316 5348//5348 5349//5349 5317//5317
f 5313//5313 5345//5345 5346//5346 5314//5314
f 5323//5323 5355//5355 5356//5356 5324//5324
f 5317//5317 5349//5349 5350//5350 5318//5318
f 5315//5315 5347//5347 5348//5348 5316//5316
f 5324//5324 5356//5356 5357//5357 5325//5325
f 5318//5318 5350//5350 5351//5351 5319//5319
f 5314//5314 5346//5346 5347//5347 5315//5315
f 5325//5325 5357//5357 5358//5358 5326//5326
f 5344//5344 5359//5359 5375//5375 5360//5360
f 5353//5353 5369//5369 5370//5370 5354//5354
f 5344//5344 5360//5360 5361//5361 5345//5345
f 5354//5354 5370//5370 5371//5371 5355//5355
f 5348//5348 5364//5364 5365//5365 5349//5349
f 5345//5345 5361//5361 5362//5362 5346//5346
f 5355//5355 5371//5371 5372//5372 5356//5356
f 5349//5349 5365//5365 5366//5366 5350//5350
f 5347//5347 5363//5363 5364//5364 5348//5348
f 5356//5356 5372//5372 5373//5373 5357//5357
f 5350//5350 5366//5366 5367//5367 5351//5351
f 5346//5346 5362//5362 5363//5363 5347//5347
f 5357//5357 5373//5373 5374//5374 5358//5358
f 5351//5351 5367//5367 5368//5368 5352//5352
f 5358//5358 5374//5374 5375//5375 5359//5359
f 5352//5352 5368//5368 5369//5369 5353//5353
f 5425//5425 5390//5390 5391//5391 5424//5424
f 5427//5427 5384//5384 5385//5385 5426//5426
f 5428//5428 5424//5424 5391//5391 5376//5376
f 5426//5426 5385//5385 5386//5386 5429//5429
f 5428//5428 5376//5376 5377//5377 5430//5430
f 5429//5429 5386//5386 5387//5387 5431//5431
f 5433//5433 5380//5380 5381//5381 5432//5432
f 5430//5430 5377//5377 5378//5378 5434//5434
f 5431//5431 5387//5387 5388//5388 5435//5435
f 5432//5432 5381//5381 5382//5382 5436//5436
f 5437//5437 5379//5379 5380//5380 5433//5433
f 5435//5435 5388//5388 5389//5389 5438//5438
f 5436//5436 5382//5382 5383//5383 5439//5439
f 5434//5434 5378//5378 5379//5379 5437//5437
f 5438//5438 5389//5389 5390//5390 5425//5425
f 5439//5439 5383//5383 5384//5384 5427//5427
f 5376//5376 5391//5391 5407//5407 5392//5392
f 5385//5385 5401//5401 5402//5402 5386//5386
f 5376//5376 5392//5392 5393//5393 5377//5377
f 5386//5386 5402//5402 5403//5403 5387//5387
f 5380//5380 5396//5396 5397//5397 5381//5381
f 5377//5377 5393//5393 5394//5394 5378//5378
f 5387//5387 5403//5403 5404//5404 5388//5388
f 5381//5381 5397//5397 5398//5398 5382//5382
f 5379//5379 5395//5395 5396//5396 5380//5380
f 5388//5388 5404//5404 5405//5405 5389//5389
f 5382//5382 5398//5398 5399//5399 5383//5383
f 5378//5378 5394//5394 5395//5395 5379//5379
f 5389//5389 5405//5405 5406//5406 5390//5390
f 5383//5383 5399//5399 5400//5400 5384//5384
f 5390//5390 5406//5406 5407//5407 5391//5391
f 5384//5384 5400//5400 5401//5401 5385//5385
f 5406//5406 5422//5422 5423//5423 5407//5407
f 5400//5400 5416//5416 5417//5417 5401//5401
f 5392//5392 5407//5407 5423//5423 5408//5408
f 5401//5401 5417//5417 5418//5418 5402//5402
f 5392//5392 5408//5408 5409//5409 5393//5393
f 5402//5402 5418//5418 5419//5419 5403//5403
f 5396//5396 5412//5412 5413//5413 5397//5397
f 5393//5393 5409//5409 5410//5410 5394//5394
f 5403//5403 5419//5419 5420//5420 5404//5404
f 5397//5397 5413//5413 5414//5414 5398//5398
f 5395//5395 5411//5411 5412//5412 5396//5396
f 5404//5404 5420//5420 5421//5421 5405//5405
f 5398//5398 5414//5414 5415//5415 5399//5399
f 5394//5394 5410//5410 5411//5411 5395//5395
f 5405//5405 5421//5421 5422//5422 5406//5406
f 5399//5399 5415//5415 5416//5416 5400//5400
f 5374//5374 5425//5425 5424//5424 5375//5375
f 5368//5368 5427//5427 5426//5426 5369//5369
f 5360//5360 5375//5375 5424//5424 5428//5428
f 5369//5369 5426//5426 5429//5429 5370//5370
f 5360//5360 5428//5428 5430//5430 5361//5361
f 5370//5370 5429//5429 5431//5431 5371//5371
f 5364//5364 5433//5433 5432//5432 5365//5365
f 5361//5361 5430//5430 5434//5434 5362//5362
f 5371//5371 5431//5431 5435//5435 5372//5372
f 5365//5365 5432//5432 5436//5436 5366//5366
f 5363//5363 5437//5437 5433//5433 5364//5364
f 5372//5372 5435//5435 5438//5438 5373//5373
f 5366//5366 5436//5436 5439//5439 5367//5367
f 5362//5362 5434//5434 5437//5437 5363//5363
f 5373//5373 5438//5438 5425//5425 5374//5374
f 5367//5367 5439//5439 5427//5427 5368//5368
f 5423//5423 4944//4944 4954//4954 5408//5408
f 5422//5422 4934//4934 4944//4944 5423//5423
f 5408//5408 4954//4954 4964//4964 5409//5409
f 5090//5090 5410//5410 5409//5409 4964//4964
f 5089//5089 5411//5411 5410//5410 5090//5090
f 5440//5440 5441//5441 5412//5412 5411//5411
f 5441//5441 5442//5442 5413//5413 5412//5412
f 5442//5442 5443//5443 5414//5414 5413//5413
f 705//705 706//706 5441//5441 5440//5440
f 706//706 707//707 5442//5442 5441//5441
f 707//707 708//708 5443//5443 5442//5442
f 287//287 705//705 5440//5440 5037//5037
f 5037//5037 5440//5440 5411//5411 5089//5089
f 4934//4934 5422//5422 5421//5421 5005//5005
f 5232//5232 7546//7546 7415//7415 4979//4979
f 6359//6359 5551//5551 5448//5448 6337//6337
f 6358//6358 5519//5519 5450//5450 6336//6336
f 5516//5516 5518//5518 5449//5449 5484//5484
f 6807//6807 6803//6803 5456//5456 5485//5485
f 6811//6811 6802//6802 5455//5455 6339//6339
f 6812//6812 6804//6804 5457//5457 6338//6338
f 6362//6362 5556//5556 5447//5447 6334//6334
f 6363//6363 5557//5557 5445//5445 6335//6335
f 5559//5559 5562//5562 5446//5446 5483//5483
f 6504//6504 6490//6490 5461//5461 5533//5533
f 5546//5546 5484//5484 5449//5449 5553//5553
f 6506//6506 6491//6491 5460//5460 5544//5544
f 6813//6813 6493//6493 5467//5467 6806//6806
f 5511//5511 5463//5463 5453//5453 5508//5508
f 5558//5558 5465//5465 5445//5445 5557//5557
f 6805//6805 5462//5462 5457//5457 6804//6804
f 5517//5517 5464//5464 5450//5450 5519//5519
f 5533//5533 5461//5461 5444//5444 5535//5535
f 6806//6806 5467//5467 5452//5452 6801//6801
f 5513//5513 5452//5452 5467//5467 5512//5512
f 6360//6360 6337//6337 5448//5448 5554//5554
f 6361//6361 6336//6336 5450//5450 5552//5552
f 6357//6357 5504//5504 5574//5574 6366//6366
f 5501//5501 5507//5507 5578//5578 5577//5577
f 6500//6500 5497//5497 5573//5573 6512//6512
f 6352//6352 5506//5506 5579//5579 6367//6367
f 5504//5504 5501//5501 5577//5577 5574//5574
f 6347//6347 5493//5493 5468//5468 6342//6342
f 5478//5478 5482//5482 5468//5468 5470//5470
f 5496//5496 5494//5494 5471//5471 5472//5472
f 6495//6495 5478//5478 5470//5470 6511//6511
f 6346//6346 5495//5495 5474//5474 6343//6343
f 5604//5604 5476//5476 5473//5473 5613//5613
f 5498//5498 5492//5492 5469//5469 5475//5475
f 5495//5495 5498//5498 5475//5475 5474//5474
f 5474//5474 5475//5475 5477//5477 5480//5480
f 5475//5475 5469//5469 5487//5487 5477//5477
f 5551//5551 5516//5516 5484//5484 5448//5448
f 6802//6802 6807//6807 5485//5485 5455//5455
f 5556//5556 5559//5559 5483//5483 5447//5447
f 5609//5609 5612//5612 5488//5488 5532//5532
f 5554//5554 5448//5448 5484//5484 5546//5546
f 5600//5600 5611//5611 5489//5489 5547//5547
f 6810//6810 5605//5605 5491//5491 6808//6808
f 5613//5613 5473//5473 5499//5499 5603//5603
f 6343//6343 5474//5474 5480//5480 6345//6345
f 6511//6511 5470//5470 5497//5497 6500//6500
f 5472//5472 5471//5471 5481//5481 5479//5479
f 5470//5470 5468//5468 5493//5493 5497//5497
f 6342//6342 5468//5468 5482//5482 6344//6344
f 5601//5601 5572//5572 5500//5500 5608//5608
f 5573//5573 5579//5579 5506//5506 5502//5502
f 6366//6366 5574//5574 5495//5495 6346//6346
f 6512//6512 5573//5573 5502//5502 6501//6501
f 5574//5574 5577//5577 5498//5498 5495//5495
f 5575//5575 5576//5576 5494//5494 5496//5496
f 5577//5577 5578//5578 5492//5492 5498//5498
f 6367//6367 5579//5579 5493//5493 6347//6347
f 6371//6371 5630//5630 5504//5504 6357//6357
f 5631//5631 5629//5629 5507//5507 5501//5501
f 5635//5635 5628//5628 5531//5531 5606//5606
f 5486//5486 5514//5514 5509//5509 5454//5454
f 6493//6493 6502//6502 5512//5512 5467//5467
f 5555//5555 5511//5511 5508//5508 5552//5552
f 5545//5545 5513//5513 5512//5512 5544//5544
f 6340//6340 6348//6348 5510//5510 5459//5459
f 6341//6341 6349//6349 5508//5508 5453//5453
f 5459//5459 5510//5510 5514//5514 5486//5486
f 5605//5605 5602//5602 5515//5515 5491//5491
f 5542//5542 5541//5541 5536//5536 5521//5521
f 5626//5626 5627//5627 5505//5505 5503//5503
f 6355//6355 5540//5540 5538//5538 6350//6350
f 6527//6527 5632//5632 5529//5529 6505//6505
f 5571//5571 5529//5529 5525//5525 5569//5569
f 6507//6507 6503//6503 5522//5522 5549//5549
f 5599//5599 5607//5607 5520//5520 5548//5548
f 6335//6335 5445//5445 5540//5540 6355//6355
f 5534//5534 5542//5542 5521//5521 5537//5537
f 6356//6356 5534//5534 5537//5537 6351//6351
f 5510//5510 5554//5554 5546//5546 5514//5514
f 5543//5543 5523//5523 5538//5538 5540//5540
f 5607//5607 5609//5609 5532//5532 5520//5520
f 5549//5549 5522//5522 5539//5539 5550//5550
f 6372//6372 5633//5633 5506//5506 6352//6352
f 6348//6348 6360//6360 5554//5554 5510//5510
f 5630//5630 5631//5631 5501//5501 5504//5504
f 5521//5521 5536//5536 5518//5518 5516//5516
f 5597//5597 5606//5606 5531//5531 5568//5568
f 6334//6334 5447//5447 5534//5534 6356//6356
f 5483//5483 5446//5446 5541//5541 5542//5542
f 5465//5465 5543//5543 5540//5540 5445//5445
f 6509//6509 6505//6505 5529//5529 5571//5571
f 5632//5632 5633//5633 5525//5525 5529//5529
f 6350//6350 5538//5538 5519//5519 6358//6358
f 5522//5522 5533//5533 5535//5535 5539//5539
f 6503//6503 6504//6504 5533//5533 5522//5522
f 5447//5447 5483//5483 5542//5542 5534//5534
f 5464//5464 5555//5555 5552//5552 5450//5450
f 6502//6502 6506//6506 5544//5544 5512//5512
f 5514//5514 5546//5546 5553//5553 5509//5509
f 5611//5611 5599//5599 5548//5548 5489//5489
f 5460//5460 5549//5549 5550//5550 5451//5451
f 6349//6349 6361//6361 5552//5552 5508//5508
f 5451//5451 5545//5545 5544//5544 5460//5460
f 5602//5602 5600//5600 5547//5547 5515//5515
f 6491//6491 6507//6507 5549//5549 5460//5460
f 6351//6351 5537//5537 5551//5551 6359//6359
f 5537//5537 5521//5521 5516//5516 5551//5551
f 5523//5523 5517//5517 5519//5519 5538//5538
f 6364//6364 5564//5564 5556//5556 6362//6362
f 6365//6365 5565//5565 5557//5557 6363//6363
f 5567//5567 5570//5570 5562//5562 5559//5559
f 5566//5566 5558//5558 5557//5557 5565//5565
f 5564//5564 5567//5567 5559//5559 5556//5556
f 5461//5461 5563//5563 5561//5561 5444//5444
f 5612//5612 5598//5598 5560//5560 5488//5488
f 6490//6490 6508//6508 5563//5563 5461//5461
f 5563//5563 5571//5571 5569//5569 5561//5561
f 5598//5598 5597//5597 5568//5568 5560//5560
f 6508//6508 6509//6509 5571//5571 5563//5563
f 6354//6354 5524//5524 5564//5564 6364//6364
f 6353//6353 5526//5526 5565//5565 6365//6365
f 5530//5530 5527//5527 5570//5570 5567//5567
f 5528//5528 5566//5566 5565//5565 5526//5526
f 5524//5524 5530//5530 5567//5567 5564//5564
f 5503//5503 5505//5505 5576//5576 5575//5575
f 5603//5603 5499//5499 5572//5572 5601//5601
f 5497//5497 5493//5493 5579//5579 5573//5573
f 5532//5532 5488//5488 5580//5580 5590//5590
f 5547//5547 5489//5489 5581//5581 5592//5592
f 6808//6808 5491//5491 5583//5583 6809//6809
f 5499//5499 5586//5586 5596//5596 5572//5572
f 5476//5476 5585//5585 5584//5584 5473//5473
f 5473//5473 5584//5584 5586//5586 5499//5499
f 5572//5572 5596//5596 5587//5587 5500//5500
f 5491//5491 5515//5515 5588//5588 5583//5583
f 5628//5628 5634//5634 5591//5591 5531//5531
f 5548//5548 5520//5520 5589//5589 5593//5593
f 5568//5568 5531//5531 5591//5591 5595//5595
f 5520//5520 5532//5532 5590//5590 5589//5589
f 5515//5515 5547//5547 5592//5592 5588//5588
f 5489//5489 5548//5548 5593//5593 5581//5581
f 5488//5488 5560//5560 5594//5594 5580//5580
f 5560//5560 5568//5568 5595//5595 5594//5594
f 6517//6517 6515//6515 5600//5600 5602//5602
f 6814//6814 6499//6499 5605//5605 6810//6810
f 6499//6499 6517//6517 5602//5602 5605//5605
f 6513//6513 6520//6520 5606//5606 5597//5597
f 6494//6494 5613//5613 5603//5603 6519//6519
f 6497//6497 6514//6514 5599//5599 5611//5611
f 6496//6496 6516//6516 5598//5598 5612//5612
f 6510//6510 5601//5601 5608//5608 6521//6521
f 6522//6522 6496//6496 5612//5612 5609//5609
f 6515//6515 6497//6497 5611//5611 5600//5600
f 6523//6523 6522//6522 5609//5609 5607//5607
f 6519//6519 5603//5603 5601//5601 6510//6510
f 6518//6518 5604//5604 5613//5613 6494//6494
f 6516//6516 6513//6513 5597//5597 5598//5598
f 6528//6528 5635//5635 5606//5606 6520//6520
f 6514//6514 6523//6523 5607//5607 5599//5599
f 5623//5623 5615//5615 5476//5476 5604//5604
f 5480//5480 5477//5477 5614//5614 5618//5618
f 5585//5585 5476//5476 5615//5615 5622//5622
f 6345//6345 5480//5480 5618//5618 6368//6368
f 5616//5616 5620//5620 5482//5482 5478//5478
f 5479//5479 5481//5481 5619//5619 5617//5617
f 6518//6518 5479//5479 5617//5617 6525//6525
f 6344//6344 5482//5482 5620//5620 6369//6369
f 6524//6524 5616//5616 5478//5478 6495//6495
f 5477//5477 5487//5487 5621//5621 5614//5614
f 6525//6525 5617//5617 5625//5625 6526//6526
f 6524//6524 6526//6526 5625//5625 5616//5616
f 5616//5616 5625//5625 5624//5624 5620//5620
f 5625//5625 5617//5617 5619//5619 5624//5624
f 6370//6370 6368//6368 5618//5618 5614//5614
f 6370//6370 6369//6369 5620//5620 5624//5624
f 6353//6353 5527//5527 5630//5630 6371//6371
f 5530//5530 5524//5524 5629//5629 5631//5631
f 5608//5608 5500//5500 5628//5628 5635//5635
f 5528//5528 5526//5526 5627//5627 5626//5626
f 6501//6501 5502//5502 5632//5632 6527//6527
f 6354//6354 5525//5525 5633//5633 6372//6372
f 5527//5527 5530//5530 5631//5631 5630//5630
f 5502//5502 5506//5506 5633//5633 5632//5632
f 5500//5500 5587//5587 5634//5634 5628//5628
f 6521//6521 5608//5608 5635//5635 6528//6528
f 6398//6398 5743//5743 5640//5640 6376//6376
f 6397//6397 5711//5711 5642//5642 6375//6375
f 5708//5708 5710//5710 5641//5641 5676//5676
f 6816//6816 6850//6850 5648//5648 5677//5677
f 6820//6820 6851//6851 5647//5647 6378//6378
f 6819//6819 6849//6849 5649//5649 6377//6377
f 6401//6401 5748//5748 5639//5639 6373//6373
f 6402//6402 5749//5749 5637//5637 6374//6374
f 5751//5751 5754//5754 5638//5638 5675//5675
f 6543//6543 6529//6529 5653//5653 5725//5725
f 5738//5738 5676//5676 5641//5641 5745//5745
f 6545//6545 6530//6530 5652//5652 5736//5736
f 6826//6826 6532//6532 5659//5659 6817//6817
f 5703//5703 5655//5655 5645//5645 5700//5700
f 5750//5750 5657//5657 5637//5637 5749//5749
f 6818//6818 5654//5654 5649//5649 6849//6849
f 5709//5709 5656//5656 5642//5642 5711//5711
f 5725//5725 5653//5653 5636//5636 5727//5727
f 6817//6817 5659//5659 5644//5644 6852//6852
f 5705//5705 5644//5644 5659//5659 5704//5704
f 6399//6399 6376//6376 5640//5640 5746//5746
f 6400//6400 6375//6375 5642//5642 5744//5744
f 6396//6396 5696//5696 5766//5766 6405//6405
f 5693//5693 5699//5699 5770//5770 5769//5769
f 6539//6539 5689//5689 5765//5765 6551//6551
f 6391//6391 5698//5698 5771//5771 6406//6406
f 5696//5696 5693//5693 5769//5769 5766//5766
f 6386//6386 5685//5685 5660//5660 6381//6381
f 5670//5670 5674//5674 5660//5660 5662//5662
f 5688//5688 5686//5686 5663//5663 5664//5664
f 6534//6534 5670//5670 5662//5662 6550//6550
f 6385//6385 5687//5687 5666//5666 6382//6382
f 5796//5796 5668//5668 5665//5665 5805//5805
f 5690//5690 5684//5684 5661//5661 5667//5667
f 5687//5687 5690//5690 5667//5667 5666//5666
f 5666//5666 5667//5667 5669//5669 5672//5672
f 5667//5667 5661//5661 5679//5679 5669//5669
f 5743//5743 5708//5708 5676//5676 5640//5640
f 6851//6851 6816//6816 5677//5677 5647//5647
f 5748//5748 5751//5751 5675//5675 5639//5639
f 5801//5801 5804//5804 5680//5680 5724//5724
f 5746//5746 5640//5640 5676//5676 5738//5738
f 5792//5792 5803//5803 5681//5681 5739//5739
f 6821//6821 5797//5797 5683//5683 6815//6815
f 5805//5805 5665//5665 5691//5691 5795//5795
f 6382//6382 5666//5666 5672//5672 6384//6384
f 6550//6550 5662//5662 5689//5689 6539//6539
f 5664//5664 5663//5663 5673//5673 5671//5671
f 5662//5662 5660//5660 5685//5685 5689//5689
f 6381//6381 5660//5660 5674//5674 6383//6383
f 5793//5793 5764//5764 5692//5692 5800//5800
f 5765//5765 5771//5771 5698//5698 5694//5694
f 6405//6405 5766//5766 5687//5687 6385//6385
f 6551//6551 5765//5765 5694//5694 6540//6540
f 5766//5766 5769//5769 5690//5690 5687//5687
f 5767//5767 5768//5768 5686//5686 5688//5688
f 5769//5769 5770//5770 5684//5684 5690//5690
f 6406//6406 5771//5771 5685//5685 6386//6386
f 6410//6410 5822//5822 5696//5696 6396//6396
f 5823//5823 5821//5821 5699//5699 5693//5693
f 5827//5827 5820//5820 5723//5723 5798//5798
f 5678//5678 5706//5706 5701//5701 5646//5646
f 6532//6532 6541//6541 5704//5704 5659//5659
f 5747//5747 5703//5703 5700//5700 5744//5744
f 5737//5737 5705//5705 5704//5704 5736//5736
f 6379//6379 6387//6387 5702//5702 5651//5651
f 6380//6380 6388//6388 5700//5700 5645//5645
f 5651//5651 5702//5702 5706//5706 5678//5678
f 5797//5797 5794//5794 5707//5707 5683//5683
f 5734//5734 5733//5733 5728//5728 5713//5713
f 5818//5818 5819//5819 5697//5697 5695//5695
f 6394//6394 5732//5732 5730//5730 6389//6389
f 6566//6566 5824//5824 5721//5721 6544//6544
f 5763//5763 5721//5721 5717//5717 5761//5761
f 6546//6546 6542//6542 5714//5714 5741//5741
f 5791//5791 5799//5799 5712//5712 5740//5740
f 6374//6374 5637//5637 5732//5732 6394//6394
f 5726//5726 5734//5734 5713//5713 5729//5729
f 6395//6395 5726//5726 5729//5729 6390//6390
f 5702//5702 5746//5746 5738//5738 5706//5706
f 5735//5735 5715//5715 5730//5730 5732//5732
f 5799//5799 5801//5801 5724//5724 5712//5712
f 5741//5741 5714//5714 5731//5731 5742//5742
f 6411//6411 5825//5825 5698//5698 6391//6391
f 6387//6387 6399//6399 5746//5746 5702//5702
f 5822//5822 5823//5823 5693//5693 5696//5696
f 5713//5713 5728//5728 5710//5710 5708//5708
f 5789//5789 5798//5798 5723//5723 5760//5760
f 6373//6373 5639//5639 5726//5726 6395//6395
f 5675//5675 5638//5638 5733//5733 5734//5734
f 5657//5657 5735//5735 5732//5732 5637//5637
f 6548//6548 6544//6544 5721//5721 5763//5763
f 5824//5824 5825//5825 5717//5717 5721//5721
f 6389//6389 5730//5730 5711//5711 6397//6397
f 5714//5714 5725//5725 5727//5727 5731//5731
f 6542//6542 6543//6543 5725//5725 5714//5714
f 5639//5639 5675//5675 5734//5734 5726//5726
f 5656//5656 5747//5747 5744//5744 5642//5642
f 6541//6541 6545//6545 5736//5736 5704//5704
f 5706//5706 5738//5738 5745//5745 5701//5701
f 5803//5803 5791//5791 5740//5740 5681//5681
f 5652//5652 5741//5741 5742//5742 5643//5643
f 6388//6388 6400//6400 5744//5744 5700//5700
f 5643//5643 5737//5737 5736//5736 5652//5652
f 5794//5794 5792//5792 5739//5739 5707//5707
f 6530//6530 6546//6546 5741//5741 5652//5652
f 6390//6390 5729//5729 5743//5743 6398//6398
f 5729//5729 5713//5713 5708//5708 5743//5743
f 5715//5715 5709//5709 5711//5711 5730//5730
f 6403//6403 5756//5756 5748//5748 6401//6401
f 6404//6404 5757//5757 5749//5749 6402//6402
f 5759//5759 5762//5762 5754//5754 5751//5751
f 5758//5758 5750//5750 5749//5749 5757//5757
f 5756//5756 5759//5759 5751//5751 5748//5748
f 5653//5653 5755//5755 5753//5753 5636//5636
f 5804//5804 5790//5790 5752//5752 5680//5680
f 6529//6529 6547//6547 5755//5755 5653//5653
f 5755//5755 5763//5763 5761//5761 5753//5753
f 5790//5790 5789//5789 5760//5760 5752//5752
f 6547//6547 6548//6548 5763//5763 5755//5755
f 6393//6393 5716//5716 5756//5756 6403//6403
f 6392//6392 5718//5718 5757//5757 6404//6404
f 5722//5722 5719//5719 5762//5762 5759//5759
f 5720//5720 5758//5758 5757//5757 5718//5718
f 5716//5716 5722//5722 5759//5759 5756//5756
f 5695//5695 5697//5697 5768//5768 5767//5767
f 5795//5795 5691//5691 5764//5764 5793//5793
f 5689//5689 5685//5685 5771//5771 5765//5765
f 5724//5724 5680//5680 5772//5772 5782//5782
f 5739//5739 5681//5681 5773//5773 5784//5784
f 6815//6815 5683//5683 5775//5775 6822//6822
f 5691//5691 5778//5778 5788//5788 5764//5764
f 5668//5668 5777//5777 5776//5776 5665//5665
f 5665//5665 5776//5776 5778//5778 5691//5691
f 5764//5764 5788//5788 5779//5779 5692//5692
f 5683//5683 5707//5707 5780//5780 5775//5775
f 5820//5820 5826//5826 5783//5783 5723//5723
f 5740//5740 5712//5712 5781//5781 5785//5785
f 5760//5760 5723//5723 5783//5783 5787//5787
f 5712//5712 5724//5724 5782//5782 5781//5781
f 5707//5707 5739//5739 5784//5784 5780//5780
f 5681//5681 5740//5740 5785//5785 5773//5773
f 5680//5680 5752//5752 5786//5786 5772//5772
f 5752//5752 5760//5760 5787//5787 5786//5786
f 6556//6556 6554//6554 5792//5792 5794//5794
f 6825//6825 6538//6538 5797//5797 6821//6821
f 6538//6538 6556//6556 5794//5794 5797//5797
f 6552//6552 6559//6559 5798//5798 5789//5789
f 6533//6533 5805//5805 5795//5795 6558//6558
f 6536//6536 6553//6553 5791//5791 5803//5803
f 6535//6535 6555//6555 5790//5790 5804//5804
f 6549//6549 5793//5793 5800//5800 6560//6560
f 6561//6561 6535//6535 5804//5804 5801//5801
f 6554//6554 6536//6536 5803//5803 5792//5792
f 6562//6562 6561//6561 5801//5801 5799//5799
f 6558//6558 5795//5795 5793//5793 6549//6549
f 6557//6557 5796//5796 5805//5805 6533//6533
f 6555//6555 6552//6552 5789//5789 5790//5790
f 6567//6567 5827//5827 5798//5798 6559//6559
f 6553//6553 6562//6562 5799//5799 5791//5791
f 5815//5815 5807//5807 5668//5668 5796//5796
f 5672//5672 5669//5669 5806//5806 5810//5810
f 5777//5777 5668//5668 5807//5807 5814//5814
f 6384//6384 5672//5672 5810//5810 6407//6407
f 5808//5808 5812//5812 5674//5674 5670//5670
f 5671//5671 5673//5673 5811//5811 5809//5809
f 6557//6557 5671//5671 5809//5809 6564//6564
f 6383//6383 5674//5674 5812//5812 6408//6408
f 6563//6563 5808//5808 5670//5670 6534//6534
f 5669//5669 5679//5679 5813//5813 5806//5806
f 6564//6564 5809//5809 5817//5817 6565//6565
f 6563//6563 6565//6565 5817//5817 5808//5808
f 5808//5808 5817//5817 5816//5816 5812//5812
f 5817//5817 5809//5809 5811//5811 5816//5816
f 6409//6409 6407//6407 5810//5810 5806//5806
f 6409//6409 6408//6408 5812//5812 5816//5816
f 6392//6392 5719//5719 5822//5822 6410//6410
f 5722//5722 5716//5716 5821//5821 5823//5823
f 5800//5800 5692//5692 5820//5820 5827//5827
f 5720//5720 5718//5718 5819//5819 5818//5818
f 6540//6540 5694//5694 5824//5824 6566//6566
f 6393//6393 5717//5717 5825//5825 6411//6411
f 5719//5719 5722//5722 5823//5823 5822//5822
f 5694//5694 5698//5698 5825//5825 5824//5824
f 5692//5692 5779//5779 5826//5826 5820//5820
f 6560//6560 5800//5800 5827//5827 6567//6567
f 6437//6437 5935//5935 5832//5832 6415//6415
f 6436//6436 5903//5903 5834//5834 6414//6414
f 5900//5900 5902//5902 5833//5833 5868//5868
f 6839//6839 6841//6841 5840//5840 5869//5869
f 6835//6835 6832//6832 5839//5839 6417//6417
f 6836//6836 6842//6842 5841//5841 6416//6416
f 6440//6440 5940//5940 5831//5831 6412//6412
f 6441//6441 5941//5941 5829//5829 6413//6413
f 5943//5943 5946//5946 5830//5830 5867//5867
f 6582//6582 6568//6568 5845//5845 5917//5917
f 5930//5930 5868//5868 5833//5833 5937//5937
f 6584//6584 6569//6569 5844//5844 5928//5928
f 6827//6827 6571//6571 5851//5851 6830//6830
f 5895//5895 5847//5847 5837//5837 5892//5892
f 5942//5942 5849//5849 5829//5829 5941//5941
f 6829//6829 5846//5846 5841//5841 6842//6842
f 5901//5901 5848//5848 5834//5834 5903//5903
f 5917//5917 5845//5845 5828//5828 5919//5919
f 6830//6830 5851//5851 5836//5836 6831//6831
f 5897//5897 5836//5836 5851//5851 5896//5896
f 6438//6438 6415//6415 5832//5832 5938//5938
f 6439//6439 6414//6414 5834//5834 5936//5936
f 6435//6435 5888//5888 5958//5958 6444//6444
f 5885//5885 5891//5891 5962//5962 5961//5961
f 6578//6578 5881//5881 5957//5957 6590//6590
f 6430//6430 5890//5890 5963//5963 6445//6445
f 5888//5888 5885//5885 5961//5961 5958//5958
f 6425//6425 5877//5877 5852//5852 6420//6420
f 5862//5862 5866//5866 5852//5852 5854//5854
f 5880//5880 5878//5878 5855//5855 5856//5856
f 6573//6573 5862//5862 5854//5854 6589//6589
f 6424//6424 5879//5879 5858//5858 6421//6421
f 5988//5988 5860//5860 5857//5857 5997//5997
f 5882//5882 5876//5876 5853//5853 5859//5859
f 5879//5879 5882//5882 5859//5859 5858//5858
f 5858//5858 5859//5859 5861//5861 5864//5864
f 5859//5859 5853//5853 5871//5871 5861//5861
f 5935//5935 5900//5900 5868//5868 5832//5832
f 6832//6832 6839//6839 5869//5869 5839//5839
f 5940//5940 5943//5943 5867//5867 5831//5831
f 5993//5993 5996//5996 5872//5872 5916//5916
f 5938//5938 5832//5832 5868//5868 5930//5930
f 5984//5984 5995//5995 5873//5873 5931//5931
f 6834//6834 5989//5989 5875//5875 6840//6840
f 5997//5997 5857//5857 5883//5883 5987//5987
f 6421//6421 5858//5858 5864//5864 6423//6423
f 6589//6589 5854//5854 5881//5881 6578//6578
f 5856//5856 5855//5855 5865//5865 5863//5863
f 5854//5854 5852//5852 5877//5877 5881//5881
f 6420//6420 5852//5852 5866//5866 6422//6422
f 5985//5985 5956//5956 5884//5884 5992//5992
f 5957//5957 5963//5963 5890//5890 5886//5886
f 6444//6444 5958//5958 5879//5879 6424//6424
f 6590//6590 5957//5957 5886//5886 6579//6579
f 5958//5958 5961//5961 5882//5882 5879//5879
f 5959//5959 5960//5960 5878//5878 5880//5880
f 5961//5961 5962//5962 5876//5876 5882//5882
f 6445//6445 5963//5963 5877//5877 6425//6425
f 6449//6449 6014//6014 5888//5888 6435//6435
f 6015//6015 6013//6013 5891//5891 5885//5885
f 6019//6019 6012//6012 5915//5915 5990//5990
f 5870//5870 5898//5898 5893//5893 5838//5838
f 6571//6571 6580//6580 5896//5896 5851//5851
f 5939//5939 5895//5895 5892//5892 5936//5936
f 5929//5929 5897//5897 5896//5896 5928//5928
f 6418//6418 6426//6426 5894//5894 5843//5843
f 6419//6419 6427//6427 5892//5892 5837//5837
f 5843//5843 5894//5894 5898//5898 5870//5870
f 5989//5989 5986//5986 5899//5899 5875//5875
f 5926//5926 5925//5925 5920//5920 5905//5905
f 6010//6010 6011//6011 5889//5889 5887//5887
f 6433//6433 5924//5924 5922//5922 6428//6428
f 6605//6605 6016//6016 5913//5913 6583//6583
f 5955//5955 5913//5913 5909//5909 5953//5953
f 6585//6585 6581//6581 5906//5906 5933//5933
f 5983//5983 5991//5991 5904//5904 5932//5932
f 6413//6413 5829//5829 5924//5924 6433//6433
f 5918//5918 5926//5926 5905//5905 5921//5921
f 6434//6434 5918//5918 5921//5921 6429//6429
f 5894//5894 5938//5938 5930//5930 5898//5898
f 5927//5927 5907//5907 5922//5922 5924//5924
f 5991//5991 5993//5993 5916//5916 5904//5904
f 5933//5933 5906//5906 5923//5923 5934//5934
f 6450//6450 6017//6017 5890//5890 6430//6430
f 6426//6426 6438//6438 5938//5938 5894//5894
f 6014//6014 6015//6015 5885//5885 5888//5888
f 5905//5905 5920//5920 5902//5902 5900//5900
f 5981//5981 5990//5990 5915//5915 5952//5952
f 6412//6412 5831//5831 5918//5918 6434//6434
f 5867//5867 5830//5830 5925//5925 5926//5926
f 5849//5849 5927//5927 5924//5924 5829//5829
f 6587//6587 6583//6583 5913//5913 5955//5955
f 6016//6016 6017//6017 5909//5909 5913//5913
f 6428//6428 5922//5922 5903//5903 6436//6436
f 5906//5906 5917//5917 5919//5919 5923//5923
f 6581//6581 6582//6582 5917//5917 5906//5906
f 5831//5831 5867//5867 5926//5926 5918//5918
f 5848//5848 5939//5939 5936//5936 5834//5834
f 6580//6580 6584//6584 5928//5928 5896//5896
f 5898//5898 5930//5930 5937//5937 5893//5893
f 5995//5995 5983//5983 5932//5932 5873//5873
f 5844//5844 5933//5933 5934//5934 5835//5835
f 6427//6427 6439//6439 5936//5936 5892//5892
f 5835//5835 5929//5929 5928//5928 5844//5844
f 5986//5986 5984//5984 5931//5931 5899//5899
f 6569//6569 6585//6585 5933//5933 5844//5844
f 6429//6429 5921//5921 5935//5935 6437//6437
f 5921//5921 5905//5905 5900//5900 5935//5935
f 5907//5907 5901//5901 5903//5903 5922//5922
f 6442//6442 5948//5948 5940//5940 6440//6440
f 6443//6443 5949//5949 5941//5941 6441//6441
f 5951//5951 5954//5954 5946//5946 5943//5943
f 5950//5950 5942//5942 5941//5941 5949//5949
f 5948//5948 5951//5951 5943//5943 5940//5940
f 5845//5845 5947//5947 5945//5945 5828//5828
f 5996//5996 5982//5982 5944//5944 5872//5872
f 6568//6568 6586//6586 5947//5947 5845//5845
f 5947//5947 5955//5955 5953//5953 5945//5945
f 5982//5982 5981//5981 5952//5952 5944//5944
f 6586//6586 6587//6587 5955//5955 5947//5947
f 6432//6432 5908//5908 5948//5948 6442//6442
f 6431//6431 5910//5910 5949//5949 6443//6443
f 5914//5914 5911//5911 5954//5954 5951//5951
f 5912//5912 5950//5950 5949//5949 5910//5910
f 5908//5908 5914//5914 5951//5951 5948//5948
f 5887//5887 5889//5889 5960//5960 5959//5959
f 5987//5987 5883//5883 5956//5956 5985//5985
f 5881//5881 5877//5877 5963//5963 5957//5957
f 5916//5916 5872//5872 5964//5964 5974//5974
f 5931//5931 5873//5873 5965//5965 5976//5976
f 6840//6840 5875//5875 5967//5967 6833//6833
f 5883//5883 5970//5970 5980//5980 5956//5956
f 5860//5860 5969//5969 5968//5968 5857//5857
f 5857//5857 5968//5968 5970//5970 5883//5883
f 5956//5956 5980//5980 5971//5971 5884//5884
f 5875//5875 5899//5899 5972//5972 5967//5967
f 6012//6012 6018//6018 5975//5975 5915//5915
f 5932//5932 5904//5904 5973//5973 5977//5977
f 5952//5952 5915//5915 5975//5975 5979//5979
f 5904//5904 5916//5916 5974//5974 5973//5973
f 5899//5899 5931//5931 5976//5976 5972//5972
f 5873//5873 5932//5932 5977//5977 5965//5965
f 5872//5872 5944//5944 5978//5978 5964//5964
f 5944//5944 5952//5952 5979//5979 5978//5978
f 6595//6595 6593//6593 5984//5984 5986//5986
f 6828//6828 6577//6577 5989//5989 6834//6834
f 6577//6577 6595//6595 5986//5986 5989//5989
f 6591//6591 6598//6598 5990//5990 5981//5981
f 6572//6572 5997//5997 5987//5987 6597//6597
f 6575//6575 6592//6592 5983//5983 5995//5995
f 6574//6574 6594//6594 5982//5982 5996//5996
f 6588//6588 5985//5985 5992//5992 6599//6599
f 6600//6600 6574//6574 5996//5996 5993//5993
f 6593//6593 6575//6575 5995//5995 5984//5984
f 6601//6601 6600//6600 5993//5993 5991//5991
f 6597//6597 5987//5987 5985//5985 6588//6588
f 6596//6596 5988//5988 5997//5997 6572//6572
f 6594//6594 6591//6591 5981//5981 5982//5982
f 6606//6606 6019//6019 5990//5990 6598//6598
f 6592//6592 6601//6601 5991//5991 5983//5983
f 6007//6007 5999//5999 5860//5860 5988//5988
f 5864//5864 5861//5861 5998//5998 6002//6002
f 5969//5969 5860//5860 5999//5999 6006//6006
f 6423//6423 5864//5864 6002//6002 6446//6446
f 6000//6000 6004//6004 5866//5866 5862//5862
f 5863//5863 5865//5865 6003//6003 6001//6001
f 6596//6596 5863//5863 6001//6001 6603//6603
f 6422//6422 5866//5866 6004//6004 6447//6447
f 6602//6602 6000//6000 5862//5862 6573//6573
f 5861//5861 5871//5871 6005//6005 5998//5998
f 6603//6603 6001//6001 6009//6009 6604//6604
f 6602//6602 6604//6604 6009//6009 6000//6000
f 6000//6000 6009//6009 6008//6008 6004//6004
f 6009//6009 6001//6001 6003//6003 6008//6008
f 6448//6448 6446//6446 6002//6002 5998//5998
f 6448//6448 6447//6447 6004//6004 6008//6008
f 6431//6431 5911//5911 6014//6014 6449//6449
f 5914//5914 5908//5908 6013//6013 6015//6015
f 5992//5992 5884//5884 6012//6012 6019//6019
f 5912//5912 5910//5910 6011//6011 6010//6010
f 6579//6579 5886//5886 6016//6016 6605//6605
f 6432//6432 5909//5909 6017//6017 6450//6450
f 5911//5911 5914//5914 6015//6015 6014//6014
f 5886//5886 5890//5890 6017//6017 6016//6016
f 5884//5884 5971//5971 6018//6018 6012//6012
f 6599//6599 5992//5992 6019//6019 6606//6606
f 6476//6476 6127//6127 6024//6024 6454//6454
f 6475//6475 6095//6095 6026//6026 6453//6453
f 6092//6092 6094//6094 6025//6025 6060//6060
f 6846//6846 6824//6824 6032//6032 6061//6061
f 6848//6848 6837//6837 6031//6031 6456//6456
f 6847//6847 6823//6823 6033//6033 6455//6455
f 6479//6479 6132//6132 6023//6023 6451//6451
f 6480//6480 6133//6133 6021//6021 6452//6452
f 6135//6135 6138//6138 6022//6022 6059//6059
f 6621//6621 6607//6607 6037//6037 6109//6109
f 6122//6122 6060//6060 6025//6025 6129//6129
f 6623//6623 6608//6608 6036//6036 6120//6120
f 6844//6844 6610//6610 6043//6043 6854//6854
f 6087//6087 6039//6039 6029//6029 6084//6084
f 6134//6134 6041//6041 6021//6021 6133//6133
f 6853//6853 6038//6038 6033//6033 6823//6823
f 6093//6093 6040//6040 6026//6026 6095//6095
f 6109//6109 6037//6037 6020//6020 6111//6111
f 6854//6854 6043//6043 6028//6028 6838//6838
f 6089//6089 6028//6028 6043//6043 6088//6088
f 6477//6477 6454//6454 6024//6024 6130//6130
f 6478//6478 6453//6453 6026//6026 6128//6128
f 6474//6474 6080//6080 6150//6150 6483//6483
f 6077//6077 6083//6083 6154//6154 6153//6153
f 6617//6617 6073//6073 6149//6149 6629//6629
f 6469//6469 6082//6082 6155//6155 6484//6484
f 6080//6080 6077//6077 6153//6153 6150//6150
f 6464//6464 6069//6069 6044//6044 6459//6459
f 6054//6054 6058//6058 6044//6044 6046//6046
f 6072//6072 6070//6070 6047//6047 6048//6048
f 6612//6612 6054//6054 6046//6046 6628//6628
f 6463//6463 6071//6071 6050//6050 6460//6460
f 6180//6180 6052//6052 6049//6049 6189//6189
f 6074//6074 6068//6068 6045//6045 6051//6051
f 6071//6071 6074//6074 6051//6051 6050//6050
f 6050//6050 6051//6051 6053//6053 6056//6056
f 6051//6051 6045//6045 6063//6063 6053//6053
f 6127//6127 6092//6092 6060//6060 6024//6024
f 6837//6837 6846//6846 6061//6061 6031//6031
f 6132//6132 6135//6135 6059//6059 6023//6023
f 6185//6185 6188//6188 6064//6064 6108//6108
f 6130//6130 6024//6024 6060//6060 6122//6122
f 6176//6176 6187//6187 6065//6065 6123//6123
f 6855//6855 6181//6181 6067//6067 6845//6845
f 6189//6189 6049//6049 6075//6075 6179//6179
f 6460//6460 6050//6050 6056//6056 6462//6462
f 6628//6628 6046//6046 6073//6073 6617//6617
f 6048//6048 6047//6047 6057//6057 6055//6055
f 6046//6046 6044//6044 6069//6069 6073//6073
f 6459//6459 6044//6044 6058//6058 6461//6461
f 6177//6177 6148//6148 6076//6076 6184//6184
f 6149//6149 6155//6155 6082//6082 6078//6078
f 6483//6483 6150//6150 6071//6071 6463//6463
f 6629//6629 6149//6149 6078//6078 6618//6618
f 6150//6150 6153//6153 6074//6074 6071//6071
f 6151//6151 6152//6152 6070//6070 6072//6072
f 6153//6153 6154//6154 6068//6068 6074//6074
f 6484//6484 6155//6155 6069//6069 6464//6464
f 6488//6488 6206//6206 6080//6080 6474//6474
f 6207//6207 6205//6205 6083//6083 6077//6077
f 6211//6211 6204//6204 6107//6107 6182//6182
f 6062//6062 6090//6090 6085//6085 6030//6030
f 6610//6610 6619//6619 6088//6088 6043//6043
f 6131//6131 6087//6087 6084//6084 6128//6128
f 6121//6121 6089//6089 6088//6088 6120//6120
f 6457//6457 6465//6465 6086//6086 6035//6035
f 6458//6458 6466//6466 6084//6084 6029//6029
f 6035//6035 6086//6086 6090//6090 6062//6062
f 6181//6181 6178//6178 6091//6091 6067//6067
f 6118//6118 6117//6117 6112//6112 6097//6097
f 6202//6202 6203//6203 6081//6081 6079//6079
f 6472//6472 6116//6116 6114//6114 6467//6467
f 6644//6644 6208//6208 6105//6105 6622//6622
f 6147//6147 6105//6105 6101//6101 6145//6145
f 6624//6624 6620//6620 6098//6098 6125//6125
f 6175//6175 6183//6183 6096//6096 6124//6124
f 6452//6452 6021//6021 6116//6116 6472//6472
f 6110//6110 6118//6118 6097//6097 6113//6113
f 6473//6473 6110//6110 6113//6113 6468//6468
f 6086//6086 6130//6130 6122//6122 6090//6090
f 6119//6119 6099//6099 6114//6114 6116//6116
f 6183//6183 6185//6185 6108//6108 6096//6096
f 6125//6125 6098//6098 6115//6115 6126//6126
f 6489//6489 6209//6209 6082//6082 6469//6469
f 6465//6465 6477//6477 6130//6130 6086//6086
f 6206//6206 6207//6207 6077//6077 6080//6080
f 6097//6097 6112//6112 6094//6094 6092//6092
f 6173//6173 6182//6182 6107//6107 6144//6144
f 6451//6451 6023//6023 6110//6110 6473//6473
f 6059//6059 6022//6022 6117//6117 6118//6118
f 6041//6041 6119//6119 6116//6116 6021//6021
f 6626//6626 6622//6622 6105//6105 6147//6147
f 6208//6208 6209//6209 6101//6101 6105//6105
f 6467//6467 6114//6114 6095//6095 6475//6475
f 6098//6098 6109//6109 6111//6111 6115//6115
f 6620//6620 6621//6621 6109//6109 6098//6098
f 6023//6023 6059//6059 6118//6118 6110//6110
f 6040//6040 6131//6131 6128//6128 6026//6026
f 6619//6619 6623//6623 6120//6120 6088//6088
f 6090//6090 6122//6122 6129//6129 6085//6085
f 6187//6187 6175//6175 6124//6124 6065//6065
f 6036//6036 6125//6125 6126//6126 6027//6027
f 6466//6466 6478//6478 6128//6128 6084//6084
f 6027//6027 6121//6121 6120//6120 6036//6036
f 6178//6178 6176//6176 6123//6123 6091//6091
f 6608//6608 6624//6624 6125//6125 6036//6036
f 6468//6468 6113//6113 6127//6127 6476//6476
f 6113//6113 6097//6097 6092//6092 6127//6127
f 6099//6099 6093//6093 6095//6095 6114//6114
f 6481//6481 6140//6140 6132//6132 6479//6479
f 6482//6482 6141//6141 6133//6133 6480//6480
f 6143//6143 6146//6146 6138//6138 6135//6135
f 6142//6142 6134//6134 6133//6133 6141//6141
f 6140//6140 6143//6143 6135//6135 6132//6132
f 6037//6037 6139//6139 6137//6137 6020//6020
f 6188//6188 6174//6174 6136//6136 6064//6064
f 6607//6607 6625//6625 6139//6139 6037//6037
f 6139//6139 6147//6147 6145//6145 6137//6137
f 6174//6174 6173//6173 6144//6144 6136//6136
f 6625//6625 6626//6626 6147//6147 6139//6139
f 6471//6471 6100//6100 6140//6140 6481//6481
f 6470//6470 6102//6102 6141//6141 6482//6482
f 6106//6106 6103//6103 6146//6146 6143//6143
f 6104//6104 6142//6142 6141//6141 6102//6102
f 6100//6100 6106//6106 6143//6143 6140//6140
f 6079//6079 6081//6081 6152//6152 6151//6151
f 6179//6179 6075//6075 6148//6148 6177//6177
f 6073//6073 6069//6069 6155//6155 6149//6149
f 6108//6108 6064//6064 6156//6156 6166//6166
f 6123//6123 6065//6065 6157//6157 6168//6168
f 6845//6845 6067//6067 6159//6159 6856//6856
f 6075//6075 6162//6162 6172//6172 6148//6148
f 6052//6052 6161//6161 6160//6160 6049//6049
f 6049//6049 6160//6160 6162//6162 6075//6075
f 6148//6148 6172//6172 6163//6163 6076//6076
f 6067//6067 6091//6091 6164//6164 6159//6159
f 6204//6204 6210//6210 6167//6167 6107//6107
f 6124//6124 6096//6096 6165//6165 6169//6169
f 6144//6144 6107//6107 6167//6167 6171//6171
f 6096//6096 6108//6108 6166//6166 6165//6165
f 6091//6091 6123//6123 6168//6168 6164//6164
f 6065//6065 6124//6124 6169//6169 6157//6157
f 6064//6064 6136//6136 6170//6170 6156//6156
f 6136//6136 6144//6144 6171//6171 6170//6170
f 6634//6634 6632//6632 6176//6176 6178//6178
f 6843//6843 6616//6616 6181//6181 6855//6855
f 6616//6616 6634//6634 6178//6178 6181//6181
f 6630//6630 6637//6637 6182//6182 6173//6173
f 6611//6611 6189//6189 6179//6179 6636//6636
f 6614//6614 6631//6631 6175//6175 6187//6187
f 6613//6613 6633//6633 6174//6174 6188//6188
f 6627//6627 6177//6177 6184//6184 6638//6638
f 6639//6639 6613//6613 6188//6188 6185//6185
f 6632//6632 6614//6614 6187//6187 6176//6176
f 6640//6640 6639//6639 6185//6185 6183//6183
f 6636//6636 6179//6179 6177//6177 6627//6627
f 6635//6635 6180//6180 6189//6189 6611//6611
f 6633//6633 6630//6630 6173//6173 6174//6174
f 6645//6645 6211//6211 6182//6182 6637//6637
f 6631//6631 6640//6640 6183//6183 6175//6175
f 6199//6199 6191//6191 6052//6052 6180//6180
f 6056//6056 6053//6053 6190//6190 6194//6194
f 6161//6161 6052//6052 6191//6191 6198//6198
f 6462//6462 6056//6056 6194//6194 6485//6485
f 6192//6192 6196//6196 6058//6058 6054//6054
f 6055//6055 6057//6057 6195//6195 6193//6193
f 6635//6635 6055//6055 6193//6193 6642//6642
f 6461//6461 6058//6058 6196//6196 6486//6486
f 6641//6641 6192//6192 6054//6054 6612//6612
f 6053//6053 6063//6063 6197//6197 6190//6190
f 6642//6642 6193//6193 6201//6201 6643//6643
f 6641//6641 6643//6643 6201//6201 6192//6192
f 6192//6192 6201//6201 6200//6200 6196//6196
f 6201//6201 6193//6193 6195//6195 6200//6200
f 6487//6487 6485//6485 6194//6194 6190//6190
f 6487//6487 6486//6486 6196//6196 6200//6200
f 6470//6470 6103//6103 6206//6206 6488//6488
f 6106//6106 6100//6100 6205//6205 6207//6207
f 6184//6184 6076//6076 6204//6204 6211//6211
f 6104//6104 6102//6102 6203//6203 6202//6202
f 6618//6618 6078//6078 6208//6208 6644//6644
f 6471//6471 6101//6101 6209//6209 6489//6489
f 6103//6103 6106//6106 6207//6207 6206//6206
f 6078//6078 6082//6082 6209//6209 6208//6208
f 6076//6076 6163//6163 6210//6210 6204//6204
f 6638//6638 6184//6184 6211//6211 6645//6645
f 6273//6273 6268//6268 6215//6215 6212//6212
f 6274//6274 6269//6269 6213//6213 6214//6214
f 6271//6271 6274//6274 6214//6214 6233//6233
f 6297//6297 6292//6292 6216//6216 6261//6261
f 6270//6270 6217//6217 6213//6213 6269//6269
f 6261//6261 6216//6216 6212//6212 6263//6263
f 6249//6249 6248//6248 6286//6286 6288//6288
f 6245//6245 6251//6251 6290//6290 6289//6289
f 6295//6295 6241//6241 6285//6285 6301//6301
f 6251//6251 6250//6250 6291//6291 6290//6290
f 6248//6248 6245//6245 6289//6289 6286//6286
f 6236//6236 6237//6237 6218//6218 6219//6219
f 6228//6228 6232//6232 6218//6218 6220//6220
f 6240//6240 6238//6238 6221//6221 6222//6222
f 6294//6294 6228//6228 6220//6220 6293//6293
f 6238//6238 6239//6239 6224//6224 6221//6221
f 6306//6306 6226//6226 6223//6223 6311//6311
f 6242//6242 6236//6236 6219//6219 6225//6225
f 6239//6239 6242//6242 6225//6225 6224//6224
f 6224//6224 6225//6225 6227//6227 6230//6230
f 6225//6225 6219//6219 6234//6234 6227//6227
f 6268//6268 6271//6271 6233//6233 6215//6215
f 6309//6309 6310//6310 6235//6235 6260//6260
f 6311//6311 6223//6223 6243//6243 6305//6305
f 6221//6221 6224//6224 6230//6230 6231//6231
f 6293//6293 6220//6220 6241//6241 6295//6295
f 6222//6222 6221//6221 6231//6231 6229//6229
f 6220//6220 6218//6218 6237//6237 6241//6241
f 6219//6219 6218//6218 6232//6232 6234//6234
f 6304//6304 6284//6284 6244//6244 6308//6308
f 6285//6285 6291//6291 6250//6250 6246//6246
f 6288//6288 6286//6286 6239//6239 6238//6238
f 6301//6301 6285//6285 6246//6246 6296//6296
f 6286//6286 6289//6289 6242//6242 6239//6239
f 6287//6287 6288//6288 6238//6238 6240//6240
f 6289//6289 6290//6290 6236//6236 6242//6242
f 6290//6290 6291//6291 6237//6237 6236//6236
f 6325//6325 6328//6328 6248//6248 6249//6249
f 6329//6329 6327//6327 6251//6251 6245//6245
f 6333//6333 6326//6326 6259//6259 6307//6307
f 6324//6324 6325//6325 6249//6249 6247//6247
f 6332//6332 6330//6330 6257//6257 6298//6298
f 6283//6283 6257//6257 6253//6253 6281//6281
f 6214//6214 6213//6213 6264//6264 6265//6265
f 6327//6327 6331//6331 6250//6250 6251//6251
f 6328//6328 6329//6329 6245//6245 6248//6248
f 6302//6302 6307//6307 6259//6259 6280//6280
f 6212//6212 6215//6215 6262//6262 6263//6263
f 6233//6233 6214//6214 6265//6265 6266//6266
f 6217//6217 6267//6267 6264//6264 6213//6213
f 6300//6300 6298//6298 6257//6257 6283//6283
f 6330//6330 6331//6331 6253//6253 6257//6257
f 6215//6215 6233//6233 6266//6266 6262//6262
f 6281//6281 6276//6276 6268//6268 6273//6273
f 6282//6282 6277//6277 6269//6269 6274//6274
f 6279//6279 6282//6282 6274//6274 6271//6271
f 6278//6278 6270//6270 6269//6269 6277//6277
f 6276//6276 6279//6279 6271//6271 6268//6268
f 6216//6216 6275//6275 6273//6273 6212//6212
f 6310//6310 6303//6303 6272//6272 6235//6235
f 6292//6292 6299//6299 6275//6275 6216//6216
f 6275//6275 6283//6283 6281//6281 6273//6273
f 6303//6303 6302//6302 6280//6280 6272//6272
f 6299//6299 6300//6300 6283//6283 6275//6275
f 6253//6253 6252//6252 6276//6276 6281//6281
f 6255//6255 6254//6254 6277//6277 6282//6282
f 6258//6258 6255//6255 6282//6282 6279//6279
f 6256//6256 6278//6278 6277//6277 6254//6254
f 6252//6252 6258//6258 6279//6279 6276//6276
f 6247//6247 6249//6249 6288//6288 6287//6287
f 6305//6305 6243//6243 6284//6284 6304//6304
f 6241//6241 6237//6237 6291//6291 6285//6285
f 6260//6260 6235//6235 6292//6292 6297//6297
f 6243//6243 6295//6295 6301//6301 6284//6284
f 6226//6226 6294//6294 6293//6293 6223//6223
f 6223//6223 6293//6293 6295//6295 6243//6243
f 6284//6284 6301//6301 6296//6296 6244//6244
f 6326//6326 6332//6332 6298//6298 6259//6259
f 6280//6280 6259//6259 6298//6298 6300//6300
f 6235//6235 6272//6272 6299//6299 6292//6292
f 6272//6272 6280//6280 6300//6300 6299//6299
f 6278//6278 6256//6256 6307//6307 6302//6302
f 6222//6222 6311//6311 6305//6305 6240//6240
f 6217//6217 6270//6270 6303//6303 6310//6310
f 6287//6287 6304//6304 6308//6308 6247//6247
f 6267//6267 6217//6217 6310//6310 6309//6309
f 6240//6240 6305//6305 6304//6304 6287//6287
f 6229//6229 6306//6306 6311//6311 6222//6222
f 6270//6270 6278//6278 6302//6302 6303//6303
f 6324//6324 6333//6333 6307//6307 6256//6256
f 6321//6321 6313//6313 6226//6226 6306//6306
f 6230//6230 6227//6227 6312//6312 6316//6316
f 6294//6294 6226//6226 6313//6313 6320//6320
f 6231//6231 6230//6230 6316//6316 6317//6317
f 6314//6314 6318//6318 6232//6232 6228//6228
f 6229//6229 6231//6231 6317//6317 6315//6315
f 6306//6306 6229//6229 6315//6315 6321//6321
f 6234//6234 6232//6232 6318//6318 6319//6319
f 6320//6320 6314//6314 6228//6228 6294//6294
f 6227//6227 6234//6234 6319//6319 6312//6312
f 6321//6321 6315//6315 6323//6323 6313//6313
f 6320//6320 6313//6313 6323//6323 6314//6314
f 6314//6314 6323//6323 6322//6322 6318//6318
f 6323//6323 6315//6315 6317//6317 6322//6322
f 6322//6322 6317//6317 6316//6316 6312//6312
f 6312//6312 6319//6319 6318//6318 6322//6322
f 6254//6254 6255//6255 6328//6328 6325//6325
f 6258//6258 6252//6252 6327//6327 6329//6329
f 6308//6308 6244//6244 6326//6326 6333//6333
f 6256//6256 6254//6254 6325//6325 6324//6324
f 6296//6296 6246//6246 6330//6330 6332//6332
f 6252//6252 6253//6253 6331//6331 6327//6327
f 6255//6255 6258//6258 6329//6329 6328//6328
f 6246//6246 6250//6250 6331//6331 6330//6330
f 6244//6244 6296//6296 6332//6332 6326//6326
f 6247//6247 6308//6308 6333//6333 6324//6324
f 5550//5550 6359//6359 6337//6337 5451//5451
f 5518//5518 6358//6358 6336//6336 5449//5449
f 6801//6801 6811//6811 6339//6339 5458//5458
f 6803//6803 6812//6812 6338//6338 5456//5456
f 5561//5561 6362//6362 6334//6334 5444//5444
f 5562//5562 6363//6363 6335//6335 5446//5446
f 5545//5545 5451//5451 6337//6337 6360//6360
f 5553//5553 5449//5449 6336//6336 6361//6361
f 5505//5505 6357//6357 6366//6366 5576//5576
f 5507//5507 6352//6352 6367//6367 5578//5578
f 5492//5492 6347//6347 6342//6342 5469//5469
f 5494//5494 6346//6346 6343//6343 5471//5471
f 5471//5471 6343//6343 6345//6345 5481//5481
f 5469//5469 6342//6342 6344//6344 5487//5487
f 5576//5576 6366//6366 6346//6346 5494//5494
f 5578//5578 6367//6367 6347//6347 5492//5492
f 5627//5627 6371//6371 6357//6357 5505//5505
f 5452//5452 5513//5513 6348//6348 6340//6340
f 5454//5454 5509//5509 6349//6349 6341//6341
f 5541//5541 6355//6355 6350//6350 5536//5536
f 5446//5446 6335//6335 6355//6355 5541//5541
f 5535//5535 6356//6356 6351//6351 5539//5539
f 5629//5629 6372//6372 6352//6352 5507//5507
f 5513//5513 5545//5545 6360//6360 6348//6348
f 5444//5444 6334//6334 6356//6356 5535//5535
f 5536//5536 6350//6350 6358//6358 5518//5518
f 5509//5509 5553//5553 6361//6361 6349//6349
f 5539//5539 6351//6351 6359//6359 5550//5550
f 5569//5569 6364//6364 6362//6362 5561//5561
f 5570//5570 6365//6365 6363//6363 5562//5562
f 5525//5525 6354//6354 6364//6364 5569//5569
f 5527//5527 6353//6353 6365//6365 5570//5570
f 5481//5481 6345//6345 6368//6368 5619//5619
f 5487//5487 6344//6344 6369//6369 5621//5621
f 5624//5624 5619//5619 6368//6368 6370//6370
f 5614//5614 5621//5621 6369//6369 6370//6370
f 5526//5526 6353//6353 6371//6371 5627//5627
f 5524//5524 6354//6354 6372//6372 5629//5629
f 5742//5742 6398//6398 6376//6376 5643//5643
f 5710//5710 6397//6397 6375//6375 5641//5641
f 6852//6852 6820//6820 6378//6378 5650//5650
f 6850//6850 6819//6819 6377//6377 5648//5648
f 5753//5753 6401//6401 6373//6373 5636//5636
f 5754//5754 6402//6402 6374//6374 5638//5638
f 5737//5737 5643//5643 6376//6376 6399//6399
f 5745//5745 5641//5641 6375//6375 6400//6400
f 5697//5697 6396//6396 6405//6405 5768//5768
f 5699//5699 6391//6391 6406//6406 5770//5770
f 5684//5684 6386//6386 6381//6381 5661//5661
f 5686//5686 6385//6385 6382//6382 5663//5663
f 5663//5663 6382//6382 6384//6384 5673//5673
f 5661//5661 6381//6381 6383//6383 5679//5679
f 5768//5768 6405//6405 6385//6385 5686//5686
f 5770//5770 6406//6406 6386//6386 5684//5684
f 5819//5819 6410//6410 6396//6396 5697//5697
f 5644//5644 5705//5705 6387//6387 6379//6379
f 5646//5646 5701//5701 6388//6388 6380//6380
f 5733//5733 6394//6394 6389//6389 5728//5728
f 5638//5638 6374//6374 6394//6394 5733//5733
f 5727//5727 6395//6395 6390//6390 5731//5731
f 5821//5821 6411//6411 6391//6391 5699//5699
f 5705//5705 5737//5737 6399//6399 6387//6387
f 5636//5636 6373//6373 6395//6395 5727//5727
f 5728//5728 6389//6389 6397//6397 5710//5710
f 5701//5701 5745//5745 6400//6400 6388//6388
f 5731//5731 6390//6390 6398//6398 5742//5742
f 5761//5761 6403//6403 6401//6401 5753//5753
f 5762//5762 6404//6404 6402//6402 5754//5754
f 5717//5717 6393//6393 6403//6403 5761//5761
f 5719//5719 6392//6392 6404//6404 5762//5762
f 5673//5673 6384//6384 6407//6407 5811//5811
f 5679//5679 6383//6383 6408//6408 5813//5813
f 5816//5816 5811//5811 6407//6407 6409//6409
f 5806//5806 5813//5813 6408//6408 6409//6409
f 5718//5718 6392//6392 6410//6410 5819//5819
f 5716//5716 6393//6393 6411//6411 5821//5821
f 5934//5934 6437//6437 6415//6415 5835//5835
f 5902//5902 6436//6436 6414//6414 5833//5833
f 6831//6831 6835//6835 6417//6417 5842//5842
f 6841//6841 6836//6836 6416//6416 5840//5840
f 5945//5945 6440//6440 6412//6412 5828//5828
f 5946//5946 6441//6441 6413//6413 5830//5830
f 5929//5929 5835//5835 6415//6415 6438//6438
f 5937//5937 5833//5833 6414//6414 6439//6439
f 5889//5889 6435//6435 6444//6444 5960//5960
f 5891//5891 6430//6430 6445//6445 5962//5962
f 5876//5876 6425//6425 6420//6420 5853//5853
f 5878//5878 6424//6424 6421//6421 5855//5855
f 5855//5855 6421//6421 6423//6423 5865//5865
f 5853//5853 6420//6420 6422//6422 5871//5871
f 5960//5960 6444//6444 6424//6424 5878//5878
f 5962//5962 6445//6445 6425//6425 5876//5876
f 6011//6011 6449//6449 6435//6435 5889//5889
f 5836//5836 5897//5897 6426//6426 6418//6418
f 5838//5838 5893//5893 6427//6427 6419//6419
f 5925//5925 6433//6433 6428//6428 5920//5920
f 5830//5830 6413//6413 6433//6433 5925//5925
f 5919//5919 6434//6434 6429//6429 5923//5923
f 6013//6013 6450//6450 6430//6430 5891//5891
f 5897//5897 5929//5929 6438//6438 6426//6426
f 5828//5828 6412//6412 6434//6434 5919//5919
f 5920//5920 6428//6428 6436//6436 5902//5902
f 5893//5893 5937//5937 6439//6439 6427//6427
f 5923//5923 6429//6429 6437//6437 5934//5934
f 5953//5953 6442//6442 6440//6440 5945//5945
f 5954//5954 6443//6443 6441//6441 5946//5946
f 5909//5909 6432//6432 6442//6442 5953//5953
f 5911//5911 6431//6431 6443//6443 5954//5954
f 5865//5865 6423//6423 6446//6446 6003//6003
f 5871//5871 6422//6422 6447//6447 6005//6005
f 6008//6008 6003//6003 6446//6446 6448//6448
f 5998//5998 6005//6005 6447//6447 6448//6448
f 5910//5910 6431//6431 6449//6449 6011//6011
f 5908//5908 6432//6432 6450//6450 6013//6013
f 6126//6126 6476//6476 6454//6454 6027//6027
f 6094//6094 6475//6475 6453//6453 6025//6025
f 6838//6838 6848//6848 6456//6456 6034//6034
f 6824//6824 6847//6847 6455//6455 6032//6032
f 6137//6137 6479//6479 6451//6451 6020//6020
f 6138//6138 6480//6480 6452//6452 6022//6022
f 6121//6121 6027//6027 6454//6454 6477//6477
f 6129//6129 6025//6025 6453//6453 6478//6478
f 6081//6081 6474//6474 6483//6483 6152//6152
f 6083//6083 6469//6469 6484//6484 6154//6154
f 6068//6068 6464//6464 6459//6459 6045//6045
f 6070//6070 6463//6463 6460//6460 6047//6047
f 6047//6047 6460//6460 6462//6462 6057//6057
f 6045//6045 6459//6459 6461//6461 6063//6063
f 6152//6152 6483//6483 6463//6463 6070//6070
f 6154//6154 6484//6484 6464//6464 6068//6068
f 6203//6203 6488//6488 6474//6474 6081//6081
f 6028//6028 6089//6089 6465//6465 6457//6457
f 6030//6030 6085//6085 6466//6466 6458//6458
f 6117//6117 6472//6472 6467//6467 6112//6112
f 6022//6022 6452//6452 6472//6472 6117//6117
f 6111//6111 6473//6473 6468//6468 6115//6115
f 6205//6205 6489//6489 6469//6469 6083//6083
f 6089//6089 6121//6121 6477//6477 6465//6465
f 6020//6020 6451//6451 6473//6473 6111//6111
f 6112//6112 6467//6467 6475//6475 6094//6094
f 6085//6085 6129//6129 6478//6478 6466//6466
f 6115//6115 6468//6468 6476//6476 6126//6126
f 6145//6145 6481//6481 6479//6479 6137//6137
f 6146//6146 6482//6482 6480//6480 6138//6138
f 6101//6101 6471//6471 6481//6481 6145//6145
f 6103//6103 6470//6470 6482//6482 6146//6146
f 6057//6057 6462//6462 6485//6485 6195//6195
f 6063//6063 6461//6461 6486//6486 6197//6197
f 6200//6200 6195//6195 6485//6485 6487//6487
f 6190//6190 6197//6197 6486//6486 6487//6487
f 6102//6102 6470//6470 6488//6488 6203//6203
f 6100//6100 6471//6471 6489//6489 6205//6205
f 5590//5590 5580//5580 6490//6490 6504//6504
f 5592//5592 5581//5581 6491//6491 6506//6506
f 6809//6809 5583//5583 6493//6493 6813//6813
f 5586//5586 6500//6500 6512//6512 5596//5596
f 5585//5585 6495//6495 6511//6511 5584//5584
f 5584//5584 6511//6511 6500//6500 5586//5586
f 5596//5596 6512//6512 6501//6501 5587//5587
f 5583//5583 5588//5588 6502//6502 6493//6493
f 5634//5634 6527//6527 6505//6505 5591//5591
f 5593//5593 5589//5589 6503//6503 6507//6507
f 5595//5595 5591//5591 6505//6505 6509//6509
f 5589//5589 5590//5590 6504//6504 6503//6503
f 5588//5588 5592//5592 6506//6506 6502//6502
f 5581//5581 5593//5593 6507//6507 6491//6491
f 5580//5580 5594//5594 6508//6508 6490//6490
f 5594//5594 5595//5595 6509//6509 6508//6508
f 5511//5511 5555//5555 6515//6515 6517//6517
f 6805//6805 5463//5463 6499//6499 6814//6814
f 5463//5463 5511//5511 6517//6517 6499//6499
f 5566//5566 5528//5528 6520//6520 6513//6513
f 5472//5472 6494//6494 6519//6519 5496//5496
f 5464//5464 5517//5517 6514//6514 6497//6497
f 5465//5465 5558//5558 6516//6516 6496//6496
f 5575//5575 6510//6510 6521//6521 5503//5503
f 5543//5543 5465//5465 6496//6496 6522//6522
f 5555//5555 5464//5464 6497//6497 6515//6515
f 5523//5523 5543//5543 6522//6522 6523//6523
f 5496//5496 6519//6519 6510//6510 5575//5575
f 5479//5479 6518//6518 6494//6494 5472//5472
f 5558//5558 5566//5566 6513//6513 6516//6516
f 5626//5626 6528//6528 6520//6520 5528//5528
f 5517//5517 5523//5523 6523//6523 6514//6514
f 5604//5604 6518//6518 6525//6525 5623//5623
f 5622//5622 6524//6524 6495//6495 5585//5585
f 5623//5623 6525//6525 6526//6526 5615//5615
f 5622//5622 5615//5615 6526//6526 6524//6524
f 5587//5587 6501//6501 6527//6527 5634//5634
f 5503//5503 6521//6521 6528//6528 5626//5626
f 5782//5782 5772//5772 6529//6529 6543//6543
f 5784//5784 5773//5773 6530//6530 6545//6545
f 6822//6822 5775//5775 6532//6532 6826//6826
f 5778//5778 6539//6539 6551//6551 5788//5788
f 5777//5777 6534//6534 6550//6550 5776//5776
f 5776//5776 6550//6550 6539//6539 5778//5778
f 5788//5788 6551//6551 6540//6540 5779//5779
f 5775//5775 5780//5780 6541//6541 6532//6532
f 5826//5826 6566//6566 6544//6544 5783//5783
f 5785//5785 5781//5781 6542//6542 6546//6546
f 5787//5787 5783//5783 6544//6544 6548//6548
f 5781//5781 5782//5782 6543//6543 6542//6542
f 5780//5780 5784//5784 6545//6545 6541//6541
f 5773//5773 5785//5785 6546//6546 6530//6530
f 5772//5772 5786//5786 6547//6547 6529//6529
f 5786//5786 5787//5787 6548//6548 6547//6547
f 5703//5703 5747//5747 6554//6554 6556//6556
f 6818//6818 5655//5655 6538//6538 6825//6825
f 5655//5655 5703//5703 6556//6556 6538//6538
f 5758//5758 5720//5720 6559//6559 6552//6552
f 5664//5664 6533//6533 6558//6558 5688//5688
f 5656//5656 5709//5709 6553//6553 6536//6536
f 5657//5657 5750//5750 6555//6555 6535//6535
f 5767//5767 6549//6549 6560//6560 5695//5695
f 5735//5735 5657//5657 6535//6535 6561//6561
f 5747//5747 5656//5656 6536//6536 6554//6554
f 5715//5715 5735//5735 6561//6561 6562//6562
f 5688//5688 6558//6558 6549//6549 5767//5767
f 5671//5671 6557//6557 6533//6533 5664//5664
f 5750//5750 5758//5758 6552//6552 6555//6555
f 5818//5818 6567//6567 6559//6559 5720//5720
f 5709//5709 5715//5715 6562//6562 6553//6553
f 5796//5796 6557//6557 6564//6564 5815//5815
f 5814//5814 6563//6563 6534//6534 5777//5777
f 5815//5815 6564//6564 6565//6565 5807//5807
f 5814//5814 5807//5807 6565//6565 6563//6563
f 5779//5779 6540//6540 6566//6566 5826//5826
f 5695//5695 6560//6560 6567//6567 5818//5818
f 5974//5974 5964//5964 6568//6568 6582//6582
f 5976//5976 5965//5965 6569//6569 6584//6584
f 6833//6833 5967//5967 6571//6571 6827//6827
f 5970//5970 6578//6578 6590//6590 5980//5980
f 5969//5969 6573//6573 6589//6589 5968//5968
f 5968//5968 6589//6589 6578//6578 5970//5970
f 5980//5980 6590//6590 6579//6579 5971//5971
f 5967//5967 5972//5972 6580//6580 6571//6571
f 6018//6018 6605//6605 6583//6583 5975//5975
f 5977//5977 5973//5973 6581//6581 6585//6585
f 5979//5979 5975//5975 6583//6583 6587//6587
f 5973//5973 5974//5974 6582//6582 6581//6581
f 5972//5972 5976//5976 6584//6584 6580//6580
f 5965//5965 5977//5977 6585//6585 6569//6569
f 5964//5964 5978//5978 6586//6586 6568//6568
f 5978//5978 5979//5979 6587//6587 6586//6586
f 5895//5895 5939//5939 6593//6593 6595//6595
f 6829//6829 5847//5847 6577//6577 6828//6828
f 5847//5847 5895//5895 6595//6595 6577//6577
f 5950//5950 5912//5912 6598//6598 6591//6591
f 5856//5856 6572//6572 6597//6597 5880//5880
f 5848//5848 5901//5901 6592//6592 6575//6575
f 5849//5849 5942//5942 6594//6594 6574//6574
f 5959//5959 6588//6588 6599//6599 5887//5887
f 5927//5927 5849//5849 6574//6574 6600//6600
f 5939//5939 5848//5848 6575//6575 6593//6593
f 5907//5907 5927//5927 6600//6600 6601//6601
f 5880//5880 6597//6597 6588//6588 5959//5959
f 5863//5863 6596//6596 6572//6572 5856//5856
f 5942//5942 5950//5950 6591//6591 6594//6594
f 6010//6010 6606//6606 6598//6598 5912//5912
f 5901//5901 5907//5907 6601//6601 6592//6592
f 5988//5988 6596//6596 6603//6603 6007//6007
f 6006//6006 6602//6602 6573//6573 5969//5969
f 6007//6007 6603//6603 6604//6604 5999//5999
f 6006//6006 5999//5999 6604//6604 6602//6602
f 5971//5971 6579//6579 6605//6605 6018//6018
f 5887//5887 6599//6599 6606//6606 6010//6010
f 6166//6166 6156//6156 6607//6607 6621//6621
f 6168//6168 6157//6157 6608//6608 6623//6623
f 6856//6856 6159//6159 6610//6610 6844//6844
f 6162//6162 6617//6617 6629//6629 6172//6172
f 6161//6161 6612//6612 6628//6628 6160//6160
f 6160//6160 6628//6628 6617//6617 6162//6162
f 6172//6172 6629//6629 6618//6618 6163//6163
f 6159//6159 6164//6164 6619//6619 6610//6610
f 6210//6210 6644//6644 6622//6622 6167//6167
f 6169//6169 6165//6165 6620//6620 6624//6624
f 6171//6171 6167//6167 6622//6622 6626//6626
f 6165//6165 6166//6166 6621//6621 6620//6620
f 6164//6164 6168//6168 6623//6623 6619//6619
f 6157//6157 6169//6169 6624//6624 6608//6608
f 6156//6156 6170//6170 6625//6625 6607//6607
f 6170//6170 6171//6171 6626//6626 6625//6625
f 6087//6087 6131//6131 6632//6632 6634//6634
f 6853//6853 6039//6039 6616//6616 6843//6843
f 6039//6039 6087//6087 6634//6634 6616//6616
f 6142//6142 6104//6104 6637//6637 6630//6630
f 6048//6048 6611//6611 6636//6636 6072//6072
f 6040//6040 6093//6093 6631//6631 6614//6614
f 6041//6041 6134//6134 6633//6633 6613//6613
f 6151//6151 6627//6627 6638//6638 6079//6079
f 6119//6119 6041//6041 6613//6613 6639//6639
f 6131//6131 6040//6040 6614//6614 6632//6632
f 6099//6099 6119//6119 6639//6639 6640//6640
f 6072//6072 6636//6636 6627//6627 6151//6151
f 6055//6055 6635//6635 6611//6611 6048//6048
f 6134//6134 6142//6142 6630//6630 6633//6633
f 6202//6202 6645//6645 6637//6637 6104//6104
f 6093//6093 6099//6099 6640//6640 6631//6631
f 6180//6180 6635//6635 6642//6642 6199//6199
f 6198//6198 6641//6641 6612//6612 6161//6161
f 6199//6199 6642//6642 6643//6643 6191//6191
f 6198//6198 6191//6191 6643//6643 6641//6641
f 6163//6163 6618//6618 6644//6644 6210//6210
f 6079//6079 6638//6638 6645//6645 6202//6202
f 5869//5869 5840//5840 6661//6661 6662//6662
f 5802//5802 5682//5682 6657//6657 6659//6659
f 6670//6670 6666//6666 6031//6031 6061//6061
f 6677//6677 6669//6669 6038//6038 6615//6615
f 6339//6339 5455//5455 6646//6646 6674//6674
f 6676//6676 6652//6652 5582//5582 6492//6492
f 6061//6061 6032//6032 6667//6667 6670//6670
f 6675//6675 6667//6667 6032//6032 6455//6455
f 6186//6186 6066//6066 6671//6671 6673//6673
f 6615//6615 6186//6186 6673//6673 6677//6677
f 5994//5994 5874//5874 6663//6663 6665//6665
f 6674//6674 6648//6648 5458//5458 6339//6339
f 6658//6658 6657//6657 5682//5682 5774//5774
f 6656//6656 6654//6654 5647//5647 5677//5677
f 6652//6652 6651//6651 5490//5490 5582//5582
f 6672//6672 6671//6671 6066//6066 6158//6158
f 6492//6492 5466//5466 6649//6649 6676//6676
f 6664//6664 6663//6663 5874//5874 5966//5966
f 5677//5677 5648//5648 6655//6655 6656//6656
f 6650//6650 6646//6646 5455//5455 5485//5485
f 6648//6648 6649//6649 5466//5466 5458//5458
f 6669//6669 6668//6668 6033//6033 6038//6038
f 6455//6455 6033//6033 6668//6668 6675//6675
f 5610//5610 5490//5490 6651//6651 6653//6653
f 6662//6662 6660//6660 5839//5839 5869//5869
f 5485//5485 5456//5456 6647//6647 6650//6650
f 7303//7303 7302//7302 6663//6663 6664//6664
f 7306//7306 7305//7305 6688//6688 6690//6690
f 7307//7307 7308//7308 6671//6671 6672//6672
f 6699//6699 6701//6701 6736//6736 6754//6754
f 7301//7301 7305//7305 6657//6657 6658//6658
f 7311//7311 7302//7302 6694//6694 6696//6696
f 7310//7310 7304//7304 6682//6682 6684//6684
f 6710//6710 6713//6713 6689//6689 6684//6684
f 6696//6696 6705//6705 7207//7207 6702//6702
f 6416//6416 6800//6800 6661//6661 5840//5840
f 6710//6710 6684//6684 6682//6682 6709//6709
f 6710//6710 6709//6709 6723//6723 6726//6726
f 6690//6690 6688//6688 6712//6712 6714//6714
f 6722//6722 6706//6706 6680//6680 6703//6703
f 6713//6713 6712//6712 6688//6688 6689//6689
f 6740//6740 6417//6417 5839//5839 6660//6660
f 6732//6732 6705//6705 6766//6766 6730//6730
f 6728//6728 6727//6727 6712//6712 6713//6713
f 6705//6705 6696//6696 6694//6694 6766//6766
f 6714//6714 6712//6712 6727//6727 6729//6729
f 6755//6755 6752//6752 6733//6733 6737//6737
f 6795//6795 6789//6789 6759//6759 6743//6743
f 6737//6737 6734//6734 6753//6753 6755//6755
f 6789//6789 6770//6770 6769//6769 6759//6759
f 6761//6761 6769//6769 6770//6770 6771//6771
f 7362//7362 7346//7346 6781//6781 7211//7211
f 6745//6745 6761//6761 6771//6771 6790//6790
f 7211//7211 6781//6781 6778//6778 7219//7219
f 6743//6743 6760//6760 6788//6788 6795//6795
f 7212//7212 7221//7221 6798//6798 6792//6792
f 7213//7213 7217//7217 6773//6773 6784//6784
f 7214//7214 7209//7209 6785//6785 6791//6791
f 7221//7221 7218//7218 6741//6741 6798//6798
f 6788//6788 6794//6794 6720//6720 6799//6799
f 6377//6377 6783//6783 6655//6655 5648//5648
f 7217//7217 7209//7209 6776//6776 6773//6773
f 7208//7208 7214//7214 6791//6791 6797//6797
f 7213//7213 7212//7212 6792//6792 6721//6721
f 6767//6767 6719//6719 6770//6770 6789//6789
f 6794//6794 6796//6796 6707//6707 6720//6720
f 7127//7127 6737//6737 6733//6733 7126//7126
f 6760//6760 6744//6744 6794//6794 6788//6788
f 6733//6733 6790//6790 6758//6758 7126//7126
f 5486//5486 5454//5454 6803//6803 6807//6807
f 6340//6340 5459//5459 6802//6802 6811//6811
f 6341//6341 5453//5453 6804//6804 6812//6812
f 6492//6492 6813//6813 6806//6806 5466//5466
f 5463//5463 6805//6805 6804//6804 5453//5453
f 5466//5466 6806//6806 6801//6801 5458//5458
f 5459//5459 5486//5486 6807//6807 6802//6802
f 5610//5610 6810//6810 6808//6808 5490//5490
f 5490//5490 6808//6808 6809//6809 5582//5582
f 6498//6498 6814//6814 6810//6810 5610//5610
f 5452//5452 6340//6340 6811//6811 6801//6801
f 5454//5454 6341//6341 6812//6812 6803//6803
f 5582//5582 6809//6809 6813//6813 6492//6492
f 5462//5462 6805//6805 6814//6814 6498//6498
f 6537//6537 6825//6825 6821//6821 5802//5802
f 6379//6379 5651//5651 6851//6851 6820//6820
f 6380//6380 5645//5645 6849//6849 6819//6819
f 5655//5655 6818//6818 6849//6849 5645//5645
f 5847//5847 6829//6829 6842//6842 5837//5837
f 6531//6531 6826//6826 6817//6817 5658//5658
f 6576//6576 6828//6828 6834//6834 5994//5994
f 5874//5874 6840//6840 6833//6833 5966//5966
f 5802//5802 6821//6821 6815//6815 5682//5682
f 5843//5843 5870//5870 6839//6839 6832//6832
f 5774//5774 6822//6822 6826//6826 6531//6531
f 5646//5646 6380//6380 6819//6819 6850//6850
f 6419//6419 5837//5837 6842//6842 6836//6836
f 5644//5644 6379//6379 6820//6820 6852//6852
f 6418//6418 5843//5843 6832//6832 6835//6835
f 5654//5654 6818//6818 6825//6825 6537//6537
f 5682//5682 6815//6815 6822//6822 5774//5774
f 6066//6066 6845//6845 6856//6856 6158//6158
f 5651//5651 5678//5678 6816//6816 6851//6851
f 5658//5658 6817//6817 6852//6852 5650//5650
f 5966//5966 6833//6833 6827//6827 6570//6570
f 5678//5678 5646//5646 6850//6850 6816//6816
f 5846//5846 6829//6829 6828//6828 6576//6576
f 6186//6186 6855//6855 6845//6845 6066//6066
f 6570//6570 6827//6827 6830//6830 5850//5850
f 6062//6062 6030//6030 6824//6824 6846//6846
f 6609//6609 6844//6844 6854//6854 6042//6042
f 6457//6457 6035//6035 6837//6837 6848//6848
f 5838//5838 6419//6419 6836//6836 6841//6841
f 5850//5850 6830//6830 6831//6831 5842//5842
f 5870//5870 5838//5838 6841//6841 6839//6839
f 5836//5836 6418//6418 6835//6835 6831//6831
f 5994//5994 6834//6834 6840//6840 5874//5874
f 6030//6030 6458//6458 6847//6847 6824//6824
f 6035//6035 6062//6062 6846//6846 6837//6837
f 6158//6158 6856//6856 6844//6844 6609//6609
f 6615//6615 6843//6843 6855//6855 6186//6186
f 6028//6028 6457//6457 6848//6848 6838//6838
f 6038//6038 6853//6853 6843//6843 6615//6615
f 6042//6042 6854//6854 6838//6838 6034//6034
f 6458//6458 6029//6029 6823//6823 6847//6847
f 6039//6039 6853//6853 6823//6823 6029//6029
f 6872//6872 6862//6862 5300//5300 5310//5310
f 6865//6865 6864//6864 5302//5302 5303//5303
f 6857//6857 6867//6867 5305//5305 5295//5295
f 6864//6864 6868//6868 5306//5306 5302//5302
f 5298//5298 5299//5299 6861//6861 6860//6860
f 5311//5311 5307//5307 6869//6869 6873//6873
f 6868//6868 6869//6869 5307//5307 5306//5306
f 5299//5299 5300//5300 6862//6862 6861//6861
f 7347//7347 6870//6870 5308//5308 7345//7345
f 6863//6863 6857//6857 5295//5295 5301//5301
f 5301//5301 5296//5296 6858//6858 6863//6863
f 6870//6870 6871//6871 5309//5309 5308//5308
f 6867//6867 6866//6866 5304//5304 5305//5305
f 5296//5296 5297//5297 6859//6859 6858//6858
f 6871//6871 6872//6872 5310//5310 5309//5309
f 6866//6866 6865//6865 5303//5303 5304//5304
f 6885//6885 6886//6886 6869//6869 6868//6868
f 6861//6861 6862//6862 6879//6879 6878//6878
f 7348//7348 6887//6887 6870//6870 7347//7347
f 6880//6880 6874//6874 6857//6857 6863//6863
f 6863//6863 6858//6858 6875//6875 6880//6880
f 6887//6887 6888//6888 6871//6871 6870//6870
f 6884//6884 6883//6883 6866//6866 6867//6867
f 6858//6858 6859//6859 6876//6876 6875//6875
f 6888//6888 6889//6889 6872//6872 6871//6871
f 6883//6883 6882//6882 6865//6865 6866//6866
f 6889//6889 6879//6879 6862//6862 6872//6872
f 6882//6882 6881//6881 6864//6864 6865//6865
f 6874//6874 6884//6884 6867//6867 6857//6857
f 6881//6881 6885//6885 6868//6868 6864//6864
f 6860//6860 6861//6861 6878//6878 6877//6877
f 6873//6873 6869//6869 6886//6886 6890//6890
f 7349//7349 6904//6904 6887//6887 7348//7348
f 6897//6897 6891//6891 6874//6874 6880//6880
f 6880//6880 6875//6875 6892//6892 6897//6897
f 6904//6904 6905//6905 6888//6888 6887//6887
f 6901//6901 6900//6900 6883//6883 6884//6884
f 6875//6875 6876//6876 6893//6893 6892//6892
f 6905//6905 6906//6906 6889//6889 6888//6888
f 6900//6900 6899//6899 6882//6882 6883//6883
f 6906//6906 6896//6896 6879//6879 6889//6889
f 6899//6899 6898//6898 6881//6881 6882//6882
f 6891//6891 6901//6901 6884//6884 6874//6874
f 6898//6898 6902//6902 6885//6885 6881//6881
f 6877//6877 6878//6878 6895//6895 6894//6894
f 6890//6890 6886//6886 6903//6903 6907//6907
f 6902//6902 6903//6903 6886//6886 6885//6885
f 6878//6878 6879//6879 6896//6896 6895//6895
f 6921//6921 6922//6922 6905//6905 6904//6904
f 6918//6918 6917//6917 6900//6900 6901//6901
f 6892//6892 6893//6893 6910//6910 6909//6909
f 6922//6922 6923//6923 6906//6906 6905//6905
f 6917//6917 6916//6916 6899//6899 6900//6900
f 6923//6923 6913//6913 6896//6896 6906//6906
f 6916//6916 6915//6915 6898//6898 6899//6899
f 6908//6908 6918//6918 6901//6901 6891//6891
f 6915//6915 6919//6919 6902//6902 6898//6898
f 6894//6894 6895//6895 6912//6912 6911//6911
f 6907//6907 6903//6903 6920//6920 6924//6924
f 6919//6919 6920//6920 6903//6903 6902//6902
f 6895//6895 6896//6896 6913//6913 6912//6912
f 7350//7350 6921//6921 6904//6904 7349//7349
f 6914//6914 6908//6908 6891//6891 6897//6897
f 6897//6897 6892//6892 6909//6909 6914//6914
f 7351//7351 6938//6938 6921//6921 7350//7350
f 6931//6931 6925//6925 6908//6908 6914//6914
f 6914//6914 6909//6909 6926//6926 6931//6931
f 6938//6938 6939//6939 6922//6922 6921//6921
f 6935//6935 6934//6934 6917//6917 6918//6918
f 6909//6909 6910//6910 6927//6927 6926//6926
f 6939//6939 6940//6940 6923//6923 6922//6922
f 6934//6934 6933//6933 6916//6916 6917//6917
f 6940//6940 6930//6930 6913//6913 6923//6923
f 6933//6933 6932//6932 6915//6915 6916//6916
f 6925//6925 6935//6935 6918//6918 6908//6908
f 6932//6932 6936//6936 6919//6919 6915//6915
f 6911//6911 6912//6912 6929//6929 6928//6928
f 6924//6924 6920//6920 6937//6937 6941//6941
f 6936//6936 6937//6937 6920//6920 6919//6919
f 6912//6912 6913//6913 6930//6930 6929//6929
f 6955//6955 6956//6956 6939//6939 6938//6938
f 6952//6952 6951//6951 6934//6934 6935//6935
f 6926//6926 6927//6927 6944//6944 6943//6943
f 6956//6956 6957//6957 6940//6940 6939//6939
f 6951//6951 6950//6950 6933//6933 6934//6934
f 6957//6957 6947//6947 6930//6930 6940//6940
f 6950//6950 6949//6949 6932//6932 6933//6933
f 6942//6942 6952//6952 6935//6935 6925//6925
f 6949//6949 6953//6953 6936//6936 6932//6932
f 6928//6928 6929//6929 6946//6946 6945//6945
f 6941//6941 6937//6937 6954//6954 6958//6958
f 6953//6953 6954//6954 6937//6937 6936//6936
f 6929//6929 6930//6930 6947//6947 6946//6946
f 7352//7352 6955//6955 6938//6938 7351//7351
f 6948//6948 6942//6942 6925//6925 6931//6931
f 6931//6931 6926//6926 6943//6943 6948//6948
f 6973//6973 6974//6974 6957//6957 6956//6956
f 6968//6968 6967//6967 6950//6950 6951//6951
f 6974//6974 6964//6964 6947//6947 6957//6957
f 6967//6967 6966//6966 6949//6949 6950//6950
f 6959//6959 6969//6969 6952//6952 6942//6942
f 6966//6966 6970//6970 6953//6953 6949//6949
f 6945//6945 6946//6946 6963//6963 6962//6962
f 6958//6958 6954//6954 6971//6971 6975//6975
f 6970//6970 6971//6971 6954//6954 6953//6953
f 6946//6946 6947//6947 6964//6964 6963//6963
f 7353//7353 6972//6972 6955//6955 7352//7352
f 6965//6965 6959//6959 6942//6942 6948//6948
f 6948//6948 6943//6943 6960//6960 6965//6965
f 6972//6972 6973//6973 6956//6956 6955//6955
f 6969//6969 6968//6968 6951//6951 6952//6952
f 6943//6943 6944//6944 6961//6961 6960//6960
f 6991//6991 6981//6981 6964//6964 6974//6974
f 6984//6984 6983//6983 6966//6966 6967//6967
f 6976//6976 6986//6986 6969//6969 6959//6959
f 6983//6983 6987//6987 6970//6970 6966//6966
f 6962//6962 6963//6963 6980//6980 6979//6979
f 6975//6975 6971//6971 6988//6988 6992//6992
f 6987//6987 6988//6988 6971//6971 6970//6970
f 6963//6963 6964//6964 6981//6981 6980//6980
f 7354//7354 6989//6989 6972//6972 7353//7353
f 6982//6982 6976//6976 6959//6959 6965//6965
f 6965//6965 6960//6960 6977//6977 6982//6982
f 6989//6989 6990//6990 6973//6973 6972//6972
f 6986//6986 6985//6985 6968//6968 6969//6969
f 6960//6960 6961//6961 6978//6978 6977//6977
f 6990//6990 6991//6991 6974//6974 6973//6973
f 6985//6985 6984//6984 6967//6967 6968//6968
f 6993//6993 7003//7003 6986//6986 6976//6976
f 7000//7000 7004//7004 6987//6987 6983//6983
f 6979//6979 6980//6980 6997//6997 6996//6996
f 6992//6992 6988//6988 7005//7005 7009//7009
f 7004//7004 7005//7005 6988//6988 6987//6987
f 6980//6980 6981//6981 6998//6998 6997//6997
f 7355//7355 7006//7006 6989//6989 7354//7354
f 6999//6999 6993//6993 6976//6976 6982//6982
f 6982//6982 6977//6977 6994//6994 6999//6999
f 7006//7006 7007//7007 6990//6990 6989//6989
f 7003//7003 7002//7002 6985//6985 6986//6986
f 6977//6977 6978//6978 6995//6995 6994//6994
f 7007//7007 7008//7008 6991//6991 6990//6990
f 7002//7002 7001//7001 6984//6984 6985//6985
f 7008//7008 6998//6998 6981//6981 6991//6991
f 7001//7001 7000//7000 6983//6983 6984//6984
f 7009//7009 7005//7005 7022//7022 7026//7026
f 7021//7021 7022//7022 7005//7005 7004//7004
f 6997//6997 6998//6998 7015//7015 7014//7014
f 7356//7356 7023//7023 7006//7006 7355//7355
f 7016//7016 7010//7010 6993//6993 6999//6999
f 6999//6999 6994//6994 7011//7011 7016//7016
f 7023//7023 7024//7024 7007//7007 7006//7006
f 7020//7020 7019//7019 7002//7002 7003//7003
f 6994//6994 6995//6995 7012//7012 7011//7011
f 7024//7024 7025//7025 7008//7008 7007//7007
f 7019//7019 7018//7018 7001//7001 7002//7002
f 7025//7025 7015//7015 6998//6998 7008//7008
f 7018//7018 7017//7017 7000//7000 7001//7001
f 7010//7010 7020//7020 7003//7003 6993//6993
f 7017//7017 7021//7021 7004//7004 7000//7000
f 6996//6996 6997//6997 7014//7014 7013//7013
f 7357//7357 7040//7040 7023//7023 7356//7356
f 7033//7033 7027//7027 7010//7010 7016//7016
f 7016//7016 7011//7011 7028//7028 7033//7033
f 7040//7040 7041//7041 7024//7024 7023//7023
f 7037//7037 7036//7036 7019//7019 7020//7020
f 7011//7011 7012//7012 7029//7029 7028//7028
f 7041//7041 7042//7042 7025//7025 7024//7024
f 7036//7036 7035//7035 7018//7018 7019//7019
f 7042//7042 7032//7032 7015//7015 7025//7025
f 7035//7035 7034//7034 7017//7017 7018//7018
f 7027//7027 7037//7037 7020//7020 7010//7010
f 7034//7034 7038//7038 7021//7021 7017//7017
f 7013//7013 7014//7014 7031//7031 7030//7030
f 7026//7026 7022//7022 7039//7039 7043//7043
f 7038//7038 7039//7039 7022//7022 7021//7021
f 7014//7014 7015//7015 7032//7032 7031//7031
f 7057//7057 7058//7058 7041//7041 7040//7040
f 7054//7054 7053//7053 7036//7036 7037//7037
f 7028//7028 7029//7029 7046//7046 7045//7045
f 7058//7058 7059//7059 7042//7042 7041//7041
f 7053//7053 7052//7052 7035//7035 7036//7036
f 7059//7059 7049//7049 7032//7032 7042//7042
f 7052//7052 7051//7051 7034//7034 7035//7035
f 7044//7044 7054//7054 7037//7037 7027//7027
f 7051//7051 7055//7055 7038//7038 7034//7034
f 7030//7030 7031//7031 7048//7048 7047//7047
f 7043//7043 7039//7039 7056//7056 7060//7060
f 7055//7055 7056//7056 7039//7039 7038//7038
f 7031//7031 7032//7032 7049//7049 7048//7048
f 7358//7358 7057//7057 7040//7040 7357//7357
f 7050//7050 7044//7044 7027//7027 7033//7033
f 7033//7033 7028//7028 7045//7045 7050//7050
f 7075//7075 7076//7076 7059//7059 7058//7058
f 7070//7070 7069//7069 7052//7052 7053//7053
f 7076//7076 7066//7066 7049//7049 7059//7059
f 7069//7069 7068//7068 7051//7051 7052//7052
f 7061//7061 7071//7071 7054//7054 7044//7044
f 7068//7068 7072//7072 7055//7055 7051//7051
f 7047//7047 7048//7048 7065//7065 7064//7064
f 7060//7060 7056//7056 7073//7073 7077//7077
f 7072//7072 7073//7073 7056//7056 7055//7055
f 7048//7048 7049//7049 7066//7066 7065//7065
f 7359//7359 7074//7074 7057//7057 7358//7358
f 7067//7067 7061//7061 7044//7044 7050//7050
f 7050//7050 7045//7045 7062//7062 7067//7067
f 7074//7074 7075//7075 7058//7058 7057//7057
f 7071//7071 7070//7070 7053//7053 7054//7054
f 7045//7045 7046//7046 7063//7063 7062//7062
f 7093//7093 7083//7083 7066//7066 7076//7076
f 7086//7086 7085//7085 7068//7068 7069//7069
f 7078//7078 7088//7088 7071//7071 7061//7061
f 7085//7085 7089//7089 7072//7072 7068//7068
f 7064//7064 7065//7065 7082//7082 7081//7081
f 7077//7077 7073//7073 7090//7090 7094//7094
f 7089//7089 7090//7090 7073//7073 7072//7072
f 7065//7065 7066//7066 7083//7083 7082//7082
f 7360//7360 7091//7091 7074//7074 7359//7359
f 7084//7084 7078//7078 7061//7061 7067//7067
f 7067//7067 7062//7062 7079//7079 7084//7084
f 7091//7091 7092//7092 7075//7075 7074//7074
f 7088//7088 7087//7087 7070//7070 7071//7071
f 7062//7062 7063//7063 7080//7080 7079//7079
f 7092//7092 7093//7093 7076//7076 7075//7075
f 7087//7087 7086//7086 7069//7069 7070//7070
f 7376//7376 7375//7375 7088//7088 7078//7078
f 7378//7378 7377//7377 7089//7089 7085//7085
f 7380//7380 7379//7379 7099//7099 7098//7098
f 7382//7382 7381//7381 7107//7107 7111//7111
f 7377//7377 7381//7381 7090//7090 7089//7089
f 7379//7379 7383//7383 7100//7100 7099//7099
f 7394//7394 7384//7384 7091//7091 7360//7360
f 7385//7385 7376//7376 7078//7078 7084//7084
f 7385//7385 7386//7386 7096//7096 7101//7101
f 7384//7384 7387//7387 7092//7092 7091//7091
f 7375//7375 7388//7388 7087//7087 7088//7088
f 7386//7386 7389//7389 7097//7097 7096//7096
f 7387//7387 7390//7390 7093//7093 7092//7092
f 7388//7388 7391//7391 7086//7086 7087//7087
f 7390//7390 7383//7383 7083//7083 7093//7093
f 7391//7391 7378//7378 7085//7085 7086//7086
f 6790//6790 6771//6771 7124//7124 6758//6758
f 6795//6795 6788//6788 6799//6799 6711//6711
f 6703//6703 6707//6707 6796//6796 6722//6722
f 6711//6711 6767//6767 6789//6789 6795//6795
f 6693//6693 7124//7124 6719//6719 6691//6691
f 6687//6687 6711//6711 6799//6799 6685//6685
f 6771//6771 6770//6770 6719//6719 7124//7124
f 6700//6700 6670//6670 6667//6667 6698//6698
f 7122//7122 6378//6378 5647//5647 6654//6654
f 6338//6338 7123//7123 6647//6647 5456//5456
f 6378//6378 6338//6338 5457//5457 5650//5650
f 6338//6338 6378//6378 7122//7122 7123//7123
f 6670//6670 6700//6700 6697//6697 6666//6666
f 7126//7126 7125//7125 6666//6666 6697//6697
f 6417//6417 6377//6377 5649//5649 5842//5842
f 7124//7124 6693//6693 6692//6692 6758//6758
f 6377//6377 6417//6417 6740//6740 6783//6783
f 6758//6758 6800//6800 7125//7125 7126//7126
f 7127//7127 6700//6700 6698//6698 6704//6704
f 6737//6737 7127//7127 6704//6704 6734//6734
f 7125//7125 6456//6456 6031//6031 6666//6666
f 6416//6416 6456//6456 7125//7125 6800//6800
f 6456//6456 6416//6416 5841//5841 6034//6034
f 6700//6700 7127//7127 7126//7126 6697//6697
f 6715//6715 6731//6731 6730//6730 6766//6766
f 7405//7405 7096//7096 7097//7097 7406//7406
f 7404//7404 7101//7101 7096//7096 7405//7405
f 6261//6261 6263//6263 7132//7132 7130//7130
f 7136//7136 7133//7133 6264//6264 6267//6267
f 7137//7137 7129//7129 6260//6260 6297//6297
f 6309//6309 6260//6260 7129//7129 7138//7138
f 7134//7134 7135//7135 6266//6266 6265//6265
f 7133//7133 7134//7134 6265//6265 6264//6264
f 7138//7138 7136//7136 6267//6267 6309//6309
f 7135//7135 7131//7131 6262//6262 6266//6266
f 6297//6297 6261//6261 7130//7130 7137//7137
f 7131//7131 7132//7132 6263//6263 6262//6262
f 7145//7145 7141//7141 7131//7131 7135//7135
f 7141//7141 7142//7142 7132//7132 7131//7131
f 7137//7137 7130//7130 7140//7140 7147//7147
f 7146//7146 7143//7143 7133//7133 7136//7136
f 7130//7130 7132//7132 7142//7142 7140//7140
f 7147//7147 7139//7139 7129//7129 7137//7137
f 7138//7138 7129//7129 7139//7139 7148//7148
f 7148//7148 7146//7146 7136//7136 7138//7138
f 7144//7144 7145//7145 7135//7135 7134//7134
f 7143//7143 7144//7144 7134//7134 7133//7133
f 7154//7154 7155//7155 7145//7145 7144//7144
f 7153//7153 7154//7154 7144//7144 7143//7143
f 7155//7155 7151//7151 7141//7141 7145//7145
f 7151//7151 7152//7152 7142//7142 7141//7141
f 7147//7147 7140//7140 7150//7150 7157//7157
f 7156//7156 7153//7153 7143//7143 7146//7146
f 7140//7140 7142//7142 7152//7152 7150//7150
f 7157//7157 7149//7149 7139//7139 7147//7147
f 7148//7148 7139//7139 7149//7149 7158//7158
f 7158//7158 7156//7156 7146//7146 7148//7148
f 7167//7167 7159//7159 7149//7149 7157//7157
f 7158//7158 7149//7149 7159//7159 7168//7168
f 7168//7168 7166//7166 7156//7156 7158//7158
f 7164//7164 7165//7165 7155//7155 7154//7154
f 7163//7163 7164//7164 7154//7154 7153//7153
f 7165//7165 7161//7161 7151//7151 7155//7155
f 7161//7161 7162//7162 7152//7152 7151//7151
f 7157//7157 7150//7150 7160//7160 7167//7167
f 7166//7166 7163//7163 7153//7153 7156//7156
f 7150//7150 7152//7152 7162//7162 7160//7160
f 7167//7167 7160//7160 7170//7170 7177//7177
f 7176//7176 7173//7173 7163//7163 7166//7166
f 7160//7160 7162//7162 7172//7172 7170//7170
f 7177//7177 7169//7169 7159//7159 7167//7167
f 7168//7168 7159//7159 7169//7169 7178//7178
f 7178//7178 7176//7176 7166//7166 7168//7168
f 7174//7174 7175//7175 7165//7165 7164//7164
f 7173//7173 7174//7174 7164//7164 7163//7163
f 7175//7175 7171//7171 7161//7161 7165//7165
f 7171//7171 7172//7172 7162//7162 7161//7161
f 7185//7185 7181//7181 7171//7171 7175//7175
f 7181//7181 7182//7182 7172//7172 7171//7171
f 7177//7177 7170//7170 7180//7180 7187//7187
f 7186//7186 7183//7183 7173//7173 7176//7176
f 7170//7170 7172//7172 7182//7182 7180//7180
f 7187//7187 7179//7179 7169//7169 7177//7177
f 7178//7178 7169//7169 7179//7179 7188//7188
f 7188//7188 7186//7186 7176//7176 7178//7178
f 7184//7184 7185//7185 7175//7175 7174//7174
f 7183//7183 7184//7184 7174//7174 7173//7173
f 6718//6718 7182//7182 7181//7181 6717//6717
f 6738//6738 7180//7180 7182//7182 6718//6718
f 6750//6750 6749//6749 7191//7191 7192//7192
f 6749//6749 6748//6748 7190//7190 7191//7191
f 6748//6748 6747//6747 7189//7189 7190//7190
f 7192//7192 7191//7191 7193//7193 7194//7194
f 7194//7194 7193//7193 7195//7195 7196//7196
f 7196//7196 7195//7195 7198//7198 7199//7199
f 6762//6762 7318//7318 7224//7224 7319//7319
f 7199//7199 7198//7198 7201//7201 7202//7202
f 7202//7202 7201//7201 7204//7204 7205//7205
f 7216//7216 7204//7204 7321//7321 6780//6780
f 6724//6724 7205//7205 7204//7204 7216//7216
f 5462//5462 5658//5658 5650//5650 5457//5457
f 5654//5654 5850//5850 5842//5842 5649//5649
f 6498//6498 6531//6531 5658//5658 5462//5462
f 6531//6531 6498//6498 5610//5610 5774//5774
f 5774//5774 5610//5610 6653//6653 6658//6658
f 7310//7310 7301//7301 6658//6658 6653//6653
f 6723//6723 7315//7315 6750//6750 6726//6726
f 6713//6713 6710//6710 6726//6726 6728//6728
f 6739//6739 7187//7187 7180//7180 6738//6738
f 6537//6537 6570//6570 5850//5850 5654//5654
f 6570//6570 6537//6537 5802//5802 5966//5966
f 5846//5846 6042//6042 6034//6034 5841//5841
f 6576//6576 6609//6609 6042//6042 5846//5846
f 6609//6609 6576//6576 5994//5994 6158//6158
f 6158//6158 5994//5994 6665//6665 6672//6672
f 7311//7311 7307//7307 6672//6672 6665//6665
f 6715//6715 6695//6695 6690//6690 6714//6714
f 6731//6731 6715//6715 6714//6714 6729//6729
f 6766//6766 6694//6694 6695//6695 6715//6715
f 7303//7303 7306//7306 6690//6690 6695//6695
f 6659//6659 6664//6664 5966//5966 5802//5802
f 6702//6702 7207//7207 6736//6736 6701//6701
f 7208//7208 7219//7219 6778//6778 6772//6772
f 6790//6790 6733//6733 6752//6752 6745//6745
f 6707//6707 6681//6681 6679//6679 6720//6720
f 6707//6707 6703//6703 6678//6678 6681//6681
f 6711//6711 6687//6687 6686//6686 6767//6767
f 6734//6734 6704//6704 6699//6699 6754//6754
f 6756//6756 7179//7179 7187//7187 6739//6739
f 6765//6765 7211//7211 7219//7219 6764//6764
f 6774//6774 6768//6768 7221//7221 7212//7212
f 6797//6797 6764//6764 7219//7219 7208//7208
f 6772//6772 6775//6775 7214//7214 7208//7208
f 6768//6768 6777//6777 7218//7218 7221//7221
f 6721//6721 6793//6793 7217//7217 7213//7213
f 6775//6775 6776//6776 7209//7209 7214//7214
f 6784//6784 6774//6774 7212//7212 7213//7213
f 6793//6793 6785//6785 7209//7209 7217//7217
f 6736//6736 7207//7207 7223//7223 6735//6735
f 7201//7201 7322//7322 7321//7321 7204//7204
f 6705//6705 6732//6732 7223//7223 7207//7207
f 7198//7198 7324//7324 7322//7322 7201//7201
f 6757//6757 7188//7188 7179//7179 6756//6756
f 7188//7188 6757//6757 7312//7312 7186//7186
f 6725//6725 7183//7183 7186//7186 7312//7312
f 6782//6782 7184//7184 7183//7183 6725//6725
f 7184//7184 6782//6782 7220//7220 7185//7185
f 7218//7218 6777//6777 7224//7224 7318//7318
f 7210//7210 7222//7222 6786//6786 6779//6779
f 7222//7222 7210//7210 6787//6787 6716//6716
f 6753//6753 6734//6734 6754//6754 6742//6742
f 6746//6746 6762//6762 7319//7319 7114//7114
f 7404//7404 7119//7119 7118//7118 7403//7403
f 7403//7403 7118//7118 7117//7117 7402//7402
f 7402//7402 7117//7117 7116//7116 7401//7401
f 7401//7401 7116//7116 7120//7120 7400//7400
f 7400//7400 7120//7120 7128//7128 7399//7399
f 7392//7392 7264//7264 7081//7081 7380//7380
f 7263//7263 7064//7064 7081//7081 7264//7264
f 7267//7267 7030//7030 7047//7047 7262//7262
f 7233//7233 5028//5028 4901//4901 7234//7234
f 7234//7234 4901//4901 4900//4900 7235//7235
f 7235//7235 4900//4900 4899//4899 7236//7236
f 7236//7236 4899//4899 4898//4898 7237//7237
f 7237//7237 4898//4898 4917//4917 7238//7238
f 7238//7238 4917//4917 4915//4915 7239//7239
f 7239//7239 4915//4915 4897//4897 7240//7240
f 7241//7241 4906//4906 4823//4823 7240//7240
f 7241//7241 4908//4908 4786//4786 7242//7242
f 7243//7243 4881//4881 4787//4787 7242//7242
f 7243//7243 4882//4882 4885//4885 7244//7244
f 8466//8466 8465//8465 4887//4887 7244//7244
f 7245//7245 5079//5079 5028//5028 7233//7233
f 7245//7245 5075//5075 4968//4968 7246//7246
f 7247//7247 4955//4955 4965//4965 7246//7246
f 7248//7248 4945//4945 4955//4955 7247//7247
f 7249//7249 4935//4935 4945//4945 7248//7248
f 7250//7250 4927//4927 4935//4935 7249//7249
f 7250//7250 4928//4928 4999//4999 7251//7251
f 7252//7252 5224//5224 4998//4998 7251//7251
f 7252//7252 5230//5230 4973//4973 7253//7253
f 7253//7253 4973//4973 5009//5009 7254//7254
f 7255//7255 4982//4982 5008//5008 7254//7254
f 7255//7255 4983//4983 4993//4993 7256//7256
f 7256//7256 4993//4993 5247//5247 7257//7257
f 7257//7257 5247//5247 5264//5264 7258//7258
f 7259//7259 5280//5280 5263//5263 7258//7258
f 7259//7259 5281//5281 5298//5298 7260//7260
f 7260//7260 5298//5298 6860//6860 7261//7261
f 7399//7399 7128//7128 7121//7121 7398//7398
f 7398//7398 7121//7121 7300//7300 7397//7397
f 5073//5073 7233//7233 7234//7234 4849//4849
f 4849//4849 7234//7234 7235//7235 4844//4844
f 4844//4844 7235//7235 7236//7236 4839//4839
f 4839//4839 7236//7236 7237//7237 4834//4834
f 4834//4834 7237//7237 7238//7238 4829//4829
f 4829//4829 7238//7238 7239//7239 4826//4826
f 4826//4826 7239//7239 7240//7240 4823//4823
f 4908//4908 7241//7241 7240//7240 4897//4897
f 4906//4906 7241//7241 7242//7242 4787//4787
f 4882//4882 7243//7243 7242//7242 4786//4786
f 4881//4881 7243//7243 7244//7244 4887//4887
f 5075//5075 7245//7245 7233//7233 5073//5073
f 5079//5079 7245//7245 7246//7246 4965//4965
f 4958//4958 7247//7247 7246//7246 4968//4968
f 4948//4948 7248//7248 7247//7247 4958//4958
f 4938//4938 7249//7249 7248//7248 4948//4948
f 4928//4928 7250//7250 7249//7249 4938//4938
f 4927//4927 7250//7250 7251//7251 4998//4998
f 5230//5230 7252//7252 7251//7251 4999//4999
f 5224//5224 7252//7252 7253//7253 4972//4972
f 4972//4972 7253//7253 7254//7254 5008//5008
f 4983//4983 7255//7255 7254//7254 5009//5009
f 4982//4982 7255//7255 7256//7256 4992//4992
f 4992//4992 7256//7256 7257//7257 5246//5246
f 5246//5246 7257//7257 7258//7258 5263//5263
f 5281//5281 7259//7259 7258//7258 5264//5264
f 5280//5280 7259//7259 7260//7260 5297//5297
f 5297//5297 7260//7260 7261//7261 6859//6859
f 6774//6774 7119//7119 7112//7112 6768//6768
f 6784//6784 7118//7118 7119//7119 6774//6774
f 7118//7118 6784//6784 6773//6773 7117//7117
f 7117//7117 6773//6773 6776//6776 7116//7116
f 6775//6775 7120//7120 7116//7116 6776//6776
f 7064//7064 7263//7263 7262//7262 7047//7047
f 6772//6772 7128//7128 7120//7120 6775//6775
f 7128//7128 6772//6772 6778//6778 7121//7121
f 7396//7396 7111//7111 7107//7107 7397//7397
f 7389//7389 7392//7392 7265//7265 7097//7097
f 7063//7063 7263//7263 7264//7264 7080//7080
f 5123//5123 5117//5117 7268//7268 7269//7269
f 5129//5129 5123//5123 7269//7269 7270//7270
f 5135//5135 5129//5129 7270//7270 7271//7271
f 5141//5141 5135//5135 7271//7271 7272//7272
f 5147//5147 5141//5141 7272//7272 7273//7273
f 412//412 5147//5147 7273//7273 2543//2543
f 5161//5161 5239//5239 7279//7279 7274//7274
f 5239//5239 5235//5235 7275//7275 7279//7279
f 5235//5235 5236//5236 7276//7276 7275//7275
f 5236//5236 5237//5237 7277//7277 7276//7276
f 5237//5237 5238//5238 7278//7278 7277//7277
f 5171//5171 5161//5161 7274//7274 7280//7280
f 5238//5238 5260//5260 7281//7281 7278//7278
f 5260//5260 5277//5277 7282//7282 7281//7281
f 5277//5277 5294//5294 7283//7283 7282//7282
f 5294//5294 5311//5311 7284//7284 7283//7283
f 6873//6873 7285//7285 7284//7284 5311//5311
f 6890//6890 7286//7286 7285//7285 6873//6873
f 6907//6907 7287//7287 7286//7286 6890//6890
f 6924//6924 7288//7288 7287//7287 6907//6907
f 6941//6941 7289//7289 7288//7288 6924//6924
f 6958//6958 7290//7290 7289//7289 6941//6941
f 6975//6975 7291//7291 7290//7290 6958//6958
f 6992//6992 7292//7292 7291//7291 6975//6975
f 7009//7009 7293//7293 7292//7292 6992//6992
f 7026//7026 7294//7294 7293//7293 7009//7009
f 7043//7043 7295//7295 7294//7294 7026//7026
f 7060//7060 7296//7296 7295//7295 7043//7043
f 7077//7077 7297//7297 7296//7296 7060//7060
f 7094//7094 7298//7298 7297//7297 7077//7077
f 7382//7382 7393//7393 7298//7298 7094//7094
f 7395//7395 7299//7299 7111//7111 7396//7396
f 6781//6781 7300//7300 7121//7121 6778//6778
f 6692//6692 6661//6661 6800//6800 6758//6758
f 6695//6695 6694//6694 7302//7302 7303//7303
f 6683//6683 6682//6682 7304//7304 6676//6676
f 6693//6693 6662//6662 6661//6661 6692//6692
f 6662//6662 6693//6693 6691//6691 6660//6660
f 6659//6659 6657//6657 7305//7305 7306//7306
f 6719//6719 6740//6740 6660//6660 6691//6691
f 6702//6702 6701//6701 7308//7308 7307//7307
f 6676//6676 7304//7304 6651//6651 6652//6652
f 6740//6740 6719//6719 6767//6767 6783//6783
f 6686//6686 6655//6655 6783//6783 6767//6767
f 6687//6687 6656//6656 6655//6655 6686//6686
f 6656//6656 6687//6687 6685//6685 6654//6654
f 6689//6689 6688//6688 7305//7305 7301//7301
f 6665//6665 6663//6663 7302//7302 7311//7311
f 6677//6677 7308//7308 6701//6701 6669//6669
f 6799//6799 7122//7122 6654//6654 6685//6685
f 6653//6653 6651//6651 7304//7304 7310//7310
f 7122//7122 6799//6799 6720//6720 7123//7123
f 6679//6679 6647//6647 7123//7123 6720//6720
f 6681//6681 6650//6650 6647//6647 6679//6679
f 6677//6677 6673//6673 6671//6671 7308//7308
f 6650//6650 6681//6681 6678//6678 6646//6646
f 6703//6703 6674//6674 6646//6646 6678//6678
f 6674//6674 6703//6703 6680//6680 6648//6648
f 6706//6706 7329//7329 7309//7309 6680//6680
f 6683//6683 7309//7309 7329//7329 6708//6708
f 6669//6669 6701//6701 6699//6699 6668//6668
f 6704//6704 6675//6675 6668//6668 6699//6699
f 6675//6675 6704//6704 6698//6698 6667//6667
f 6648//6648 6680//6680 7309//7309 6649//6649
f 6684//6684 6689//6689 7301//7301 7310//7310
f 6696//6696 6702//6702 7307//7307 7311//7311
f 6664//6664 6659//6659 7306//7306 7303//7303
f 7185//7185 7220//7220 6717//6717 7181//7181
f 7313//7313 6725//6725 7312//7312 7314//7314
f 6763//6763 6782//6782 6725//6725 7313//7313
f 6796//6796 6794//6794 6744//6744 6751//6751
f 7318//7318 7316//7316 6741//6741 7218//7218
f 7346//7346 7364//7364 7300//7300 6781//6781
f 6762//6762 7220//7220 6782//6782 6763//6763
f 7346//7346 6779//6779 7228//7228 7364//7364
f 7317//7317 6722//6722 6796//6796 6751//6751
f 6751//6751 6741//6741 7316//7316 7317//7317
f 7316//7316 6763//6763 7313//7313 7317//7317
f 6722//6722 7317//7317 7313//7313 6706//6706
f 6744//6744 6798//6798 6741//6741 6751//6751
f 6760//6760 6792//6792 6798//6798 6744//6744
f 7216//7216 7222//7222 6716//6716 6724//6724
f 7222//7222 7216//7216 6780//6780 6786//6786
f 7206//7206 7226//7226 7228//7228 6779//6779
f 7203//7203 7227//7227 7226//7226 7206//7206
f 7200//7200 7229//7229 7227//7227 7203//7203
f 7197//7197 7231//7231 7229//7229 7200//7200
f 7225//7225 7230//7230 7231//7231 7197//7197
f 7114//7114 7266//7266 7230//7230 7225//7225
f 7319//7319 7232//7232 7266//7266 7114//7114
f 7224//7224 7113//7113 7232//7232 7319//7319
f 7206//7206 6779//6779 6786//6786 7320//7320
f 7189//7189 6747//6747 6746//6746 7114//7114
f 7203//7203 7206//7206 7320//7320 7215//7215
f 6786//6786 6780//6780 7321//7321 7320//7320
f 7195//7195 7326//7326 7324//7324 7198//7198
f 7326//7326 7195//7195 7193//7193 7328//7328
f 7322//7322 7215//7215 7320//7320 7321//7321
f 7215//7215 7322//7322 7324//7324 7323//7323
f 7323//7323 7324//7324 7326//7326 7325//7325
f 7325//7325 7326//7326 7328//7328 7327//7327
f 7200//7200 7203//7203 7215//7215 7323//7323
f 7325//7325 7197//7197 7200//7200 7323//7323
f 7197//7197 7325//7325 7327//7327 7225//7225
f 7193//7193 7191//7191 7190//7190 7328//7328
f 7328//7328 7190//7190 7189//7189 7327//7327
f 7189//7189 7114//7114 7225//7225 7327//7327
f 6754//6754 6736//6736 6735//6735 6742//6742
f 6743//6743 6721//6721 6792//6792 6760//6760
f 6721//6721 6743//6743 6759//6759 6793//6793
f 6793//6793 6759//6759 6769//6769 6785//6785
f 6761//6761 6791//6791 6785//6785 6769//6769
f 6745//6745 6797//6797 6791//6791 6761//6761
f 6752//6752 6764//6764 6797//6797 6745//6745
f 6755//6755 6765//6765 6764//6764 6752//6752
f 6735//6735 6716//6716 6787//6787 6742//6742
f 6716//6716 6735//6735 7223//7223 6724//6724
f 6732//6732 7205//7205 6724//6724 7223//7223
f 7205//7205 6732//6732 6730//6730 7202//7202
f 6731//6731 7199//7199 7202//7202 6730//6730
f 7199//7199 6731//6731 6729//6729 7196//7196
f 7196//7196 6729//6729 6727//6727 7194//7194
f 6728//6728 7192//7192 7194//7194 6727//6727
f 7192//7192 6728//6728 6726//6726 6750//6750
f 6683//6683 6676//6676 6649//6649 7309//7309
f 6709//6709 6708//6708 7329//7329 6723//6723
f 6683//6683 6708//6708 6709//6709 6682//6682
f 6706//6706 7313//7313 7314//7314 7329//7329
f 7269//7269 7268//7268 7330//7330 7331//7331
f 7270//7270 7269//7269 7331//7331 7332//7332
f 7271//7271 7270//7270 7332//7332 7333//7333
f 7272//7272 7271//7271 7333//7333 7334//7334
f 7273//7273 7272//7272 7334//7334 7335//7335
f 2543//2543 7273//7273 7335//7335 2606//2606
f 7274//7274 7279//7279 7341//7341 7336//7336
f 7279//7279 7275//7275 7337//7337 7341//7341
f 7275//7275 7276//7276 7338//7338 7337//7337
f 7276//7276 7277//7277 7339//7339 7338//7338
f 7277//7277 7278//7278 7340//7340 7339//7339
f 7280//7280 7274//7274 7336//7336 7363//7363
f 7278//7278 7281//7281 7342//7342 7340//7340
f 7281//7281 7282//7282 7343//7343 7342//7342
f 7282//7282 7283//7283 7344//7344 7343//7343
f 7283//7283 7284//7284 7345//7345 7344//7344
f 7210//7210 6779//6779 7346//7346 7362//7362
f 7285//7285 7347//7347 7345//7345 7284//7284
f 7286//7286 7348//7348 7347//7347 7285//7285
f 7287//7287 7349//7349 7348//7348 7286//7286
f 7288//7288 7350//7350 7349//7349 7287//7287
f 7289//7289 7351//7351 7350//7350 7288//7288
f 7290//7290 7352//7352 7351//7351 7289//7289
f 7291//7291 7353//7353 7352//7352 7290//7290
f 7292//7292 7354//7354 7353//7353 7291//7291
f 7293//7293 7355//7355 7354//7354 7292//7292
f 7294//7294 7356//7356 7355//7355 7293//7293
f 7295//7295 7357//7357 7356//7356 7294//7294
f 7296//7296 7358//7358 7357//7357 7295//7295
f 7297//7297 7359//7359 7358//7358 7296//7296
f 7298//7298 7360//7360 7359//7359 7297//7297
f 7393//7393 7394//7394 7360//7360 7298//7298
f 6777//6777 7115//7115 7113//7113 7224//7224
f 6768//6768 7112//7112 7115//7115 6777//6777
f 6742//6742 6787//6787 7365//7365 6753//6753
f 7210//7210 7362//7362 7365//7365 6787//6787
f 6765//6765 6755//6755 6753//6753 7365//7365
f 7362//7362 7211//7211 6765//6765 7365//7365
f 7366//7366 6996//6996 7013//7013 7367//7367
f 7366//7366 6995//6995 6978//6978 7368//7368
f 7369//7369 6962//6962 6979//6979 7368//7368
f 7369//7369 6961//6961 6944//6944 7370//7370
f 7371//7371 6928//6928 6945//6945 7370//7370
f 7372//7372 6911//6911 6928//6928 7371//7371
f 7373//7373 6894//6894 6911//6911 7372//7372
f 7374//7374 6877//6877 6894//6894 7373//7373
f 6995//6995 7366//7366 7367//7367 7012//7012
f 6996//6996 7366//7366 7368//7368 6979//6979
f 6961//6961 7369//7369 7368//7368 6978//6978
f 6962//6962 7369//7369 7370//7370 6945//6945
f 6927//6927 7371//7371 7370//7370 6944//6944
f 6910//6910 7372//7372 7371//7371 6927//6927
f 6893//6893 7373//7373 7372//7372 6910//6910
f 6876//6876 7374//7374 7373//7373 6893//6893
f 7367//7367 7013//7013 7030//7030 7267//7267
f 7263//7263 7063//7063 7046//7046 7262//7262
f 7261//7261 6860//6860 6877//6877 7374//7374
f 7012//7012 7367//7367 7267//7267 7029//7029
f 6859//6859 7261//7261 7374//7374 6876//6876
f 7029//7029 7267//7267 7262//7262 7046//7046
f 6763//6763 7316//7316 7318//7318 6762//6762
f 6757//6757 7315//7315 7314//7314 7312//7312
f 7315//7315 6757//6757 6756//6756 6750//6750
f 6750//6750 6756//6756 6739//6739 6749//6749
f 6749//6749 6739//6739 6738//6738 6748//6748
f 6748//6748 6738//6738 6718//6718 6747//6747
f 6747//6747 6718//6718 6717//6717 6746//6746
f 6746//6746 6717//6717 7220//7220 6762//6762
f 7414//7414 7265//7265 7098//7098 7413//7413
f 7413//7413 7098//7098 7099//7099 7412//7412
f 7412//7412 7099//7099 7100//7100 7411//7411
f 7410//7410 7231//7231 7230//7230 7411//7411
f 7409//7409 7229//7229 7231//7231 7410//7410
f 7408//7408 7227//7227 7229//7229 7409//7409
f 7407//7407 7226//7226 7227//7227 7408//7408
f 7407//7407 7361//7361 7299//7299 7395//7395
f 7406//7406 7097//7097 7265//7265 7414//7414
f 7095//7095 7105//7105 7375//7375 7376//7376
f 7102//7102 7106//7106 7377//7377 7378//7378
f 7081//7081 7082//7082 7379//7379 7380//7380
f 7094//7094 7090//7090 7381//7381 7382//7382
f 7106//7106 7107//7107 7381//7381 7377//7377
f 7082//7082 7083//7083 7383//7383 7379//7379
f 7361//7361 7108//7108 7384//7384 7394//7394
f 7101//7101 7095//7095 7376//7376 7385//7385
f 7084//7084 7079//7079 7386//7386 7385//7385
f 7108//7108 7109//7109 7387//7387 7384//7384
f 7105//7105 7104//7104 7388//7388 7375//7375
f 7079//7079 7080//7080 7389//7389 7386//7386
f 7109//7109 7110//7110 7390//7390 7387//7387
f 7104//7104 7103//7103 7391//7391 7388//7388
f 7110//7110 7100//7100 7383//7383 7390//7390
f 7103//7103 7102//7102 7378//7378 7391//7391
f 7265//7265 7392//7392 7380//7380 7098//7098
f 7080//7080 7264//7264 7392//7392 7389//7389
f 7111//7111 7299//7299 7393//7393 7382//7382
f 7299//7299 7361//7361 7394//7394 7393//7393
f 7228//7228 7395//7395 7396//7396 7364//7364
f 7101//7101 7404//7404 7403//7403 7095//7095
f 7109//7109 7409//7409 7410//7410 7110//7110
f 7119//7119 7404//7404 7405//7405 7112//7112
f 7266//7266 7412//7412 7411//7411 7230//7230
f 7112//7112 7405//7405 7406//7406 7115//7115
f 7106//7106 7398//7398 7397//7397 7107//7107
f 7115//7115 7406//7406 7414//7414 7113//7113
f 7104//7104 7401//7401 7400//7400 7103//7103
f 7102//7102 7399//7399 7398//7398 7106//7106
f 7232//7232 7413//7413 7412//7412 7266//7266
f 7361//7361 7407//7407 7408//7408 7108//7108
f 7105//7105 7402//7402 7401//7401 7104//7104
f 7103//7103 7400//7400 7399//7399 7102//7102
f 7226//7226 7407//7407 7395//7395 7228//7228
f 7110//7110 7410//7410 7411//7411 7100//7100
f 7095//7095 7403//7403 7402//7402 7105//7105
f 7364//7364 7396//7396 7397//7397 7300//7300
f 7108//7108 7408//7408 7409//7409 7109//7109
f 7113//7113 7414//7414 7413//7413 7232//7232
f 7329//7329 7314//7314 7315//7315 6723//6723
f 5144//5144 5138//5138 7421//7421 7422//7422
f 5241//5241 5164//5164 7424//7424 7427//7427
f 5138//5138 5132//5132 7420//7420 7421//7421
f 5015//5015 4979//4979 7415//7415 7417//7417
f 5174//5174 5240//5240 7426//7426 7425//7425
f 4989//4989 5015//5015 7417//7417 7416//7416
f 5164//5164 5174//5174 7425//7425 7424//7424
f 5132//5132 5126//5126 7419//7419 7420//7420
f 5240//5240 4989//4989 7416//7416 7426//7426
f 415//415 5150//5150 7423//7423 2695//2695
f 5126//5126 5120//5120 7418//7418 7419//7419
f 5150//5150 5144//5144 7422//7422 7423//7423
f 7423//7423 7422//7422 7435//7435 7436//7436
f 7416//7416 7417//7417 7430//7430 7429//7429
f 2695//2695 7423//7423 7436//7436 2709//2709
f 7419//7419 7418//7418 7431//7431 7432//7432
f 7427//7427 7424//7424 7437//7437 7440//7440
f 7420//7420 7419//7419 7432//7432 7433//7433
f 7424//7424 7425//7425 7438//7438 7437//7437
f 7421//7421 7420//7420 7433//7433 7434//7434
f 7425//7425 7426//7426 7439//7439 7438//7438
f 7422//7422 7421//7421 7434//7434 7435//7435
f 7417//7417 7415//7415 7428//7428 7430//7430
f 7426//7426 7416//7416 7429//7429 7439//7439
f 7439//7439 7429//7429 7442//7442 7452//7452
f 7436//7436 7435//7435 7448//7448 7449//7449
f 7429//7429 7430//7430 7443//7443 7442//7442
f 2709//2709 7436//7436 7449//7449 2723//2723
f 7432//7432 7431//7431 7444//7444 7445//7445
f 7440//7440 7437//7437 7450//7450 7453//7453
f 7433//7433 7432//7432 7445//7445 7446//7446
f 7437//7437 7438//7438 7451//7451 7450//7450
f 7434//7434 7433//7433 7446//7446 7447//7447
f 7438//7438 7439//7439 7452//7452 7451//7451
f 7435//7435 7434//7434 7447//7447 7448//7448
f 7430//7430 7428//7428 7441//7441 7443//7443
f 7452//7452 7442//7442 7455//7455 7465//7465
f 7449//7449 7448//7448 7461//7461 7462//7462
f 7442//7442 7443//7443 7456//7456 7455//7455
f 2723//2723 7449//7449 7462//7462 2737//2737
f 7445//7445 7444//7444 7457//7457 7458//7458
f 7453//7453 7450//7450 7463//7463 7466//7466
f 7446//7446 7445//7445 7458//7458 7459//7459
f 7450//7450 7451//7451 7464//7464 7463//7463
f 7447//7447 7446//7446 7459//7459 7460//7460
f 7451//7451 7452//7452 7465//7465 7464//7464
f 7448//7448 7447//7447 7460//7460 7461//7461
f 7443//7443 7441//7441 7454//7454 7456//7456
f 7465//7465 7455//7455 7468//7468 7478//7478
f 7462//7462 7461//7461 7474//7474 7475//7475
f 7455//7455 7456//7456 7469//7469 7468//7468
f 2737//2737 7462//7462 7475//7475 2751//2751
f 7458//7458 7457//7457 7470//7470 7471//7471
f 7466//7466 7463//7463 7476//7476 7479//7479
f 7459//7459 7458//7458 7471//7471 7472//7472
f 7463//7463 7464//7464 7477//7477 7476//7476
f 7460//7460 7459//7459 7472//7472 7473//7473
f 7464//7464 7465//7465 7478//7478 7477//7477
f 7461//7461 7460//7460 7473//7473 7474//7474
f 7456//7456 7454//7454 7467//7467 7469//7469
f 7478//7478 7468//7468 7481//7481 7491//7491
f 7475//7475 7474//7474 7487//7487 7488//7488
f 7468//7468 7469//7469 7482//7482 7481//7481
f 2751//2751 7475//7475 7488//7488 2765//2765
f 7471//7471 7470//7470 7483//7483 7484//7484
f 7479//7479 7476//7476 7489//7489 7492//7492
f 7472//7472 7471//7471 7484//7484 7485//7485
f 7476//7476 7477//7477 7490//7490 7489//7489
f 7473//7473 7472//7472 7485//7485 7486//7486
f 7477//7477 7478//7478 7491//7491 7490//7490
f 7474//7474 7473//7473 7486//7486 7487//7487
f 7469//7469 7467//7467 7480//7480 7482//7482
f 7482//7482 7480//7480 7493//7493 7495//7495
f 7491//7491 7481//7481 7494//7494 7504//7504
f 7488//7488 7487//7487 7500//7500 7501//7501
f 7481//7481 7482//7482 7495//7495 7494//7494
f 7484//7484 7483//7483 7496//7496 7497//7497
f 7492//7492 7489//7489 7502//7502 7505//7505
f 7485//7485 7484//7484 7497//7497 7498//7498
f 7489//7489 7490//7490 7503//7503 7502//7502
f 7486//7486 7485//7485 7498//7498 7499//7499
f 7490//7490 7491//7491 7504//7504 7503//7503
f 7487//7487 7486//7486 7499//7499 7500//7500
f 7500//7500 7499//7499 7512//7512 7513//7513
f 7495//7495 7493//7493 7506//7506 7508//7508
f 7504//7504 7494//7494 7507//7507 7517//7517
f 7501//7501 7500//7500 7513//7513 7514//7514
f 7494//7494 7495//7495 7508//7508 7507//7507
f 2779//2779 7501//7501 7514//7514 2793//2793
f 7497//7497 7496//7496 7509//7509 7510//7510
f 7505//7505 7502//7502 7515//7515 7518//7518
f 7498//7498 7497//7497 7510//7510 7511//7511
f 7502//7502 7503//7503 7516//7516 7515//7515
f 7499//7499 7498//7498 7511//7511 7512//7512
f 7503//7503 7504//7504 7517//7517 7516//7516
f 7610//7610 7609//7609 7531//7531 7530//7530
f 7513//7513 7512//7512 7526//7526 7527//7527
f 7612//7612 7611//7611 7519//7519 7521//7521
f 7609//7609 7613//7613 7520//7520 7531//7531
f 7514//7514 7513//7513 7527//7527 7528//7528
f 7613//7613 7612//7612 7521//7521 7520//7520
f 2793//2793 7514//7514 7528//7528 2808//2808
f 7510//7510 7509//7509 7523//7523 7524//7524
f 7511//7511 7510//7510 7524//7524 7525//7525
f 7512//7512 7511//7511 7525//7525 7526//7526
f 7530//7530 7531//7531 7544//7544 7543//7543
f 7616//7616 7615//7615 7540//7540 7541//7541
f 7521//7521 7519//7519 7533//7533 7535//7535
f 7531//7531 7520//7520 7534//7534 7544//7544
f 7617//7617 7616//7616 7541//7541 7542//7542
f 7520//7520 7521//7521 7535//7535 7534//7534
f 2911//2911 7617//7617 7542//7542 2823//2823
f 5111//5111 5151//5151 5115//5115 5110//5110
f 7619//7619 7618//7618 7537//7537 7538//7538
f 7621//7621 7619//7619 7538//7538 7539//7539
f 7615//7615 7621//7621 7539//7539 7540//7540
f 7546//7546 5232//5232 5005//5005 5421//5421
f 5420//5420 7547//7547 7546//7546 5421//5421
f 7415//7415 7546//7546 7547//7547 7428//7428
f 7428//7428 7547//7547 7548//7548 7441//7441
f 5419//5419 7548//7548 7547//7547 5420//5420
f 7579//7579 7565//7565 7559//7559 7580//7580
f 7480//7480 7578//7578 7579//7579 7493//7493
f 7579//7579 7578//7578 7570//7570 7565//7565
f 7467//7467 7549//7549 7578//7578 7480//7480
f 7624//7624 7620//7620 7529//7529 7536//7536
f 7578//7578 7549//7549 7575//7575 7570//7570
f 7620//7620 2917//2917 2832//2832 7529//7529
f 5417//5417 5416//5416 7551//7551 7552//7552
f 7623//7623 7624//7624 7536//7536 7522//7522
f 7454//7454 7550//7550 7549//7549 7467//7467
f 7566//7566 7567//7567 7554//7554 7556//7556
f 7552//7552 7551//7551 7557//7557 7558//7558
f 7549//7549 7550//7550 5418//5418 7575//7575
f 7567//7567 2856//2856 2834//2834 7554//7554
f 7562//7562 7566//7566 7556//7556 7560//7560
f 7572//7572 7555//7555 7567//7567 7566//7566
f 7555//7555 2833//2833 2856//2856 7567//7567
f 7576//7576 7572//7572 7566//7566 7562//7562
f 7558//7558 7557//7557 7563//7563 7564//7564
f 7441//7441 7548//7548 7550//7550 7454//7454
f 7571//7571 7577//7577 7572//7572 7576//7576
f 7561//7561 2851//2851 2833//2833 7555//7555
f 7577//7577 7561//7561 7555//7555 7572//7572
f 7564//7564 7563//7563 7568//7568 7569//7569
f 5418//5418 7550//7550 7548//7548 5419//5419
f 5415//5415 5414//5414 7577//7577 7571//7571
f 5414//5414 5443//5443 7561//7561 7577//7577
f 7626//7626 7625//7625 7573//7573 7574//7574
f 5417//5417 7552//7552 7575//7575 5418//5418
f 7558//7558 7570//7570 7575//7575 7552//7552
f 7564//7564 7565//7565 7570//7570 7558//7558
f 7564//7564 7569//7569 7559//7559 7565//7565
f 7626//7626 7574//7574 7553//7553 7627//7627
f 7493//7493 7579//7579 7580//7580 7506//7506
f 7622//7622 7627//7627 7553//7553 7581//7581
f 7611//7611 7622//7622 7581//7581 7519//7519
f 5415//5415 7571//7571 7551//7551 5416//5416
f 7551//7551 7571//7571 7576//7576 7557//7557
f 7562//7562 7563//7563 7557//7557 7576//7576
f 7560//7560 7568//7568 7563//7563 7562//7562
f 7623//7623 7625//7625 7568//7568 7560//7560
f 7628//7628 7515//7515 7516//7516 7610//7610
f 7614//7614 7518//7518 7515//7515 7628//7628
f 7583//7583 2869//2869 2874//2874 7586//7586
f 7584//7584 7583//7583 7586//7586 7587//7587
f 7585//7585 7584//7584 7587//7587 7588//7588
f 2873//2873 7585//7585 7588//7588 2878//2878
f 7587//7587 7586//7586 7589//7589 7590//7590
f 7588//7588 7587//7587 7590//7590 7591//7591
f 2878//2878 7588//7588 7591//7591 2883//2883
f 2879//2879 2884//2884 7590//7590 7589//7589
f 7590//7590 2884//2884 2883//2883 7591//7591
f 7583//7583 7529//7529 2832//2832 2869//2869
f 7573//7573 7522//7522 7592//7592 7595//7595
f 7574//7574 7573//7573 7595//7595 7596//7596
f 7581//7581 7553//7553 7594//7594 7597//7597
f 7553//7553 7574//7574 7596//7596 7594//7594
f 7522//7522 7536//7536 7593//7593 7592//7592
f 7519//7519 7581//7581 7597//7597 7533//7533
f 7529//7529 7583//7583 7593//7593 7536//7536
f 7596//7596 7595//7595 7606//7606 7607//7607
f 7594//7594 7596//7596 7607//7607 7605//7605
f 7543//7543 7544//7544 7602//7602 7601//7601
f 7597//7597 7594//7594 7605//7605 7608//7608
f 7544//7544 7534//7534 7599//7599 7602//7602
f 7595//7595 7592//7592 7603//7603 7606//7606
f 7533//7533 7597//7597 7608//7608 7598//7598
f 7535//7535 7533//7533 7598//7598 7600//7600
f 7534//7534 7535//7535 7600//7600 7599//7599
f 7592//7592 7593//7593 7604//7604 7603//7603
f 7593//7593 7583//7583 7584//7584 7604//7604
f 7516//7516 7517//7517 7609//7609 7610//7610
f 7508//7508 7506//7506 7611//7611 7612//7612
f 7517//7517 7507//7507 7613//7613 7609//7609
f 7507//7507 7508//7508 7612//7612 7613//7613
f 7527//7527 7526//7526 7615//7615 7616//7616
f 7528//7528 7527//7527 7616//7616 7617//7617
f 2808//2808 7528//7528 7617//7617 2911//2911
f 7524//7524 7523//7523 7618//7618 7619//7619
f 7525//7525 7524//7524 7619//7619 7621//7621
f 7526//7526 7525//7525 7621//7621 7615//7615
f 7556//7556 7554//7554 7620//7620 7624//7624
f 7554//7554 2834//2834 2917//2917 7620//7620
f 7560//7560 7556//7556 7624//7624 7623//7623
f 7569//7569 7568//7568 7625//7625 7626//7626
f 7569//7569 7626//7626 7627//7627 7559//7559
f 7580//7580 7559//7559 7627//7627 7622//7622
f 7506//7506 7580//7580 7622//7622 7611//7611
f 7522//7522 7573//7573 7625//7625 7623//7623
f 7582//7582 7628//7628 7610//7610 7530//7530
f 7532//7532 7614//7614 7628//7628 7582//7582
f 7598//7598 7608//7608 7637//7637 7636//7636
f 7605//7605 7607//7607 7638//7638 7629//7629
f 7599//7599 7600//7600 7634//7634 7635//7635
f 7603//7603 7604//7604 7630//7630 7631//7631
f 7604//7604 7584//7584 7585//7585 7630//7630
f 7607//7607 7606//7606 7639//7639 7638//7638
f 7601//7601 7602//7602 7632//7632 7633//7633
f 7608//7608 7605//7605 7629//7629 7637//7637
f 7606//7606 7603//7603 7631//7631 7639//7639
f 7600//7600 7598//7598 7636//7636 7634//7634
f 7602//7602 7599//7599 7635//7635 7632//7632
f 2872//2872 3129//3129 3130//3130 2873//2873
f 3129//3129 2872//2872 2925//2925 3128//3128
f 3128//3128 2925//2925 2926//2926 3132//3132
f 3132//3132 2926//2926 2934//2934 3127//3127
f 3127//3127 2934//2934 2933//2933 3126//3126
f 3126//3126 2933//2933 2924//2924 3131//3131
f 2932//2932 3160//3160 3131//3131 2924//2924
f 2931//2931 3161//3161 3160//3160 2932//2932
f 3161//3161 2931//2931 2929//2929 3162//3162
f 2930//2930 3158//3158 3162//3162 2929//2929
f 2968//2968 2978//2978 2977//2977 2967//2967
f 3158//3158 2930//2930 2927//2927 3159//3159
f 7633//7633 7642//7642 7641//7641 7601//7601
f 7601//7601 7641//7641 7640//7640 7543//7543
f 7543//7543 7640//7640 7582//7582 7530//7530
f 7532//7532 7582//7582 7640//7640 7545//7545
f 7542//7542 7541//7541 7647//7647 7648//7648
f 7538//7538 7537//7537 7643//7643 7644//7644
f 7541//7541 7540//7540 7646//7646 7647//7647
f 7540//7540 7539//7539 7645//7645 7646//7646
f 2823//2823 7542//7542 7648//7648 2944//2944
f 7539//7539 7538//7538 7644//7644 7645//7645
f 7645//7645 7644//7644 7650//7650 7651//7651
f 7648//7648 7647//7647 7653//7653 7654//7654
f 7644//7644 7643//7643 7649//7649 7650//7650
f 7647//7647 7646//7646 7652//7652 7653//7653
f 7646//7646 7645//7645 7651//7651 7652//7652
f 2944//2944 7648//7648 7654//7654 2951//2951
f 2928//2928 3163//3163 3159//3159 2927//2927
f 3163//3163 2928//2928 2937//2937 3157//3157
f 3157//3157 2937//2937 2960//2960 3154//3154
f 2945//2945 2952//2952 3154//3154 2960//2960
f 2946//2946 2953//2953 2952//2952 2945//2945
f 2947//2947 2954//2954 2953//2953 2946//2946
f 2948//2948 2955//2955 2954//2954 2947//2947
f 2949//2949 2956//2956 2955//2955 2948//2948
f 2950//2950 2957//2957 2956//2956 2949//2949
f 2951//2951 2958//2958 2957//2957 2950//2950
f 2951//2951 7654//7654 7660//7660 2958//2958
f 7660//7660 7654//7654 7653//7653 7659//7659
f 7545//7545 7640//7640 7641//7641 7661//7661
f 7661//7661 7641//7641 7642//7642 7662//7662
f 7659//7659 7653//7653 7652//7652 7658//7658
f 3150//3150 7832//7832 7669//7669 2968//2968
f 7834//7834 7833//7833 7664//7664 7665//7665
f 7835//7835 7834//7834 7665//7665 7666//7666
f 7837//7837 7835//7835 7666//7666 7667//7667
f 7838//7838 7837//7837 7667//7667 7668//7668
f 7836//7836 7839//7839 7663//7663 7670//7670
f 7832//7832 7838//7838 7668//7668 7669//7669
f 2968//2968 7669//7669 7678//7678 2978//2978
f 7670//7670 7663//7663 7671//7671 7672//7672
f 7678//7678 7669//7669 7668//7668 7677//7677
f 2967//2967 2977//2977 2976//2976 2966//2966
f 2966//2966 2976//2976 2975//2975 2965//2965
f 2965//2965 2975//2975 2974//2974 2964//2964
f 2964//2964 2974//2974 2973//2973 2963//2963
f 2963//2963 2973//2973 2972//2972 2962//2962
f 2962//2962 2972//2972 2987//2987 2971//2971
f 2979//2979 2970//2970 2971//2971 2987//2987
f 2970//2970 2979//2979 3045//3045 3039//3039
f 3039//3039 3045//3045 3044//3044 3038//3038
f 3047//3047 3041//3041 3038//3038 3044//3044
f 3041//3041 3047//3047 3046//3046 3040//3040
f 7674//7674 7673//7673 7680//7680 7681//7681
f 7675//7675 7674//7674 7681//7681 7682//7682
f 3048//3048 3042//3042 3040//3040 3046//3046
f 7676//7676 7675//7675 7682//7682 7683//7683
f 7677//7677 7676//7676 7683//7683 7684//7684
f 7678//7678 7677//7677 7684//7684 7685//7685
f 2978//2978 7678//7678 7685//7685 2986//2986
f 7681//7681 7680//7680 7688//7688 7689//7689
f 7682//7682 7681//7681 7689//7689 7690//7690
f 7686//7686 7679//7679 7687//7687 7694//7694
f 7683//7683 7682//7682 7690//7690 7691//7691
f 7684//7684 7683//7683 7691//7691 7692//7692
f 7685//7685 7684//7684 7692//7692 7693//7693
f 2986//2986 7685//7685 7693//7693 2995//2995
f 2995//2995 7693//7693 7701//7701 3004//3004
f 7689//7689 7688//7688 7696//7696 7697//7697
f 7690//7690 7689//7689 7697//7697 7698//7698
f 7694//7694 7687//7687 7695//7695 7702//7702
f 7691//7691 7690//7690 7698//7698 7699//7699
f 7692//7692 7691//7691 7699//7699 7700//7700
f 7693//7693 7692//7692 7700//7700 7701//7701
f 3004//3004 7701//7701 7709//7709 3013//3013
f 7697//7697 7696//7696 7704//7704 7705//7705
f 7698//7698 7697//7697 7705//7705 7706//7706
f 7702//7702 7695//7695 7703//7703 7710//7710
f 7699//7699 7698//7698 7706//7706 7707//7707
f 7700//7700 7699//7699 7707//7707 7708//7708
f 7701//7701 7700//7700 7708//7708 7709//7709
f 7706//7706 7705//7705 7713//7713 7714//7714
f 7710//7710 7703//7703 7711//7711 7718//7718
f 7707//7707 7706//7706 7714//7714 7715//7715
f 7708//7708 7707//7707 7715//7715 7716//7716
f 7709//7709 7708//7708 7716//7716 7717//7717
f 3013//3013 7709//7709 7717//7717 3022//3022
f 7705//7705 7704//7704 7712//7712 7713//7713
f 7713//7713 7712//7712 7720//7720 7721//7721
f 7718//7718 7711//7711 7719//7719 7725//7725
f 7716//7716 7715//7715 7722//7722 7723//7723
f 7717//7717 7716//7716 7723//7723 7724//7724
f 3022//3022 7717//7717 7724//7724 3030//3030
f 7841//7841 7840//7840 7729//7729 7726//7726
f 7843//7843 7842//7842 7731//7731 7730//7730
f 7840//7840 7844//7844 7728//7728 7729//7729
f 7844//7844 7843//7843 7730//7730 7728//7728
f 7845//7845 7841//7841 7726//7726 7727//7727
f 7727//7727 7726//7726 7732//7732 7733//7733
f 7726//7726 7729//7729 7735//7735 7732//7732
f 7730//7730 7731//7731 7737//7737 7736//7736
f 7729//7729 7728//7728 7734//7734 7735//7735
f 7728//7728 7730//7730 7736//7736 7734//7734
f 3042//3042 3048//3048 3049//3049 3043//3043
f 3043//3043 3049//3049 3093//3093 3087//3087
f 3096//3096 3090//3090 3087//3087 3093//3093
f 3097//3097 3091//3091 3090//3090 3096//3096
f 3095//3095 3089//3089 3091//3091 3097//3097
f 3094//3094 3088//3088 3089//3089 3095//3095
f 3122//3122 3121//3121 3088//3088 3094//3094
f 3121//3121 3122//3122 3092//3092 3086//3086
f 7810//7810 7809//7809 3086//3086 3092//3092
f 7809//7809 7810//7810 7785//7785 7780//7780
f 7739//7739 7738//7738 7744//7744 7745//7745
f 7738//7738 7741//7741 7747//7747 7744//7744
f 7742//7742 7743//7743 7749//7749 7748//7748
f 7741//7741 7740//7740 7746//7746 7747//7747
f 7740//7740 7742//7742 7748//7748 7746//7746
f 7745//7745 7744//7744 7750//7750 7751//7751
f 7744//7744 7747//7747 7753//7753 7750//7750
f 7748//7748 7749//7749 7755//7755 7754//7754
f 7747//7747 7746//7746 7752//7752 7753//7753
f 7746//7746 7748//7748 7754//7754 7752//7752
f 7751//7751 7750//7750 7756//7756 7757//7757
f 7750//7750 7753//7753 7759//7759 7756//7756
f 7754//7754 7755//7755 7761//7761 7760//7760
f 7753//7753 7752//7752 7758//7758 7759//7759
f 7752//7752 7754//7754 7760//7760 7758//7758
f 7757//7757 7756//7756 7762//7762 7763//7763
f 7756//7756 7759//7759 7765//7765 7762//7762
f 7760//7760 7761//7761 7767//7767 7766//7766
f 7759//7759 7758//7758 7764//7764 7765//7765
f 7758//7758 7760//7760 7766//7766 7764//7764
f 7763//7763 7762//7762 7768//7768 7769//7769
f 7762//7762 7765//7765 7771//7771 7768//7768
f 7773//7773 7853//7853 7861//7861 7772//7772
f 7765//7765 7764//7764 7770//7770 7771//7771
f 7855//7855 7854//7854 7862//7862 7863//7863
f 7845//7845 7727//7727 7663//7663 7839//7839
f 7663//7663 7727//7727 7733//7733 7671//7671
f 7780//7780 7785//7785 7786//7786 7781//7781
f 7781//7781 7786//7786 7788//7788 7783//7783
f 7679//7679 7739//7739 7745//7745 7687//7687
f 7687//7687 7745//7745 7751//7751 7695//7695
f 7695//7695 7751//7751 7757//7757 7703//7703
f 7703//7703 7757//7757 7763//7763 7711//7711
f 7711//7711 7763//7763 7769//7769 7719//7719
f 7775//7775 7808//7808 7809//7809 7780//7780
f 7814//7814 7815//7815 7778//7778 7777//7777
f 7815//7815 7819//7819 7776//7776 7778//7778
f 7819//7819 7816//7816 7775//7775 7776//7776
f 7818//7818 7814//7814 7777//7777 7774//7774
f 7774//7774 7777//7777 7782//7782 7779//7779
f 7778//7778 7776//7776 7781//7781 7783//7783
f 7777//7777 7778//7778 7783//7783 7782//7782
f 7808//7808 3080//3080 3086//3086 7809//7809
f 7776//7776 7775//7775 7780//7780 7781//7781
f 7783//7783 7788//7788 7787//7787 7782//7782
f 7782//7782 7787//7787 7784//7784 7779//7779
f 7784//7784 7743//7743 7737//7737 7779//7779
f 7742//7742 7736//7736 7737//7737 7743//7743
f 7736//7736 7742//7742 7740//7740 7734//7734
f 7741//7741 7735//7735 7734//7734 7740//7740
f 7735//7735 7741//7741 7738//7738 7732//7732
f 7739//7739 7733//7733 7732//7732 7738//7738
f 7679//7679 7671//7671 7733//7733 7739//7739
f 7671//7671 7679//7679 7686//7686 7672//7672
f 7784//7784 7787//7787 7792//7792 7789//7789
f 7788//7788 7786//7786 7791//7791 7793//7793
f 7787//7787 7788//7788 7793//7793 7792//7792
f 7810//7810 3092//3092 3098//3098 7811//7811
f 7786//7786 7785//7785 7790//7790 7791//7791
f 7789//7789 7792//7792 7797//7797 7794//7794
f 7793//7793 7791//7791 7796//7796 7798//7798
f 7792//7792 7793//7793 7798//7798 7797//7797
f 7811//7811 3098//3098 3104//3104 7812//7812
f 7791//7791 7790//7790 7795//7795 7796//7796
f 7794//7794 7797//7797 7802//7802 7799//7799
f 7798//7798 7796//7796 7801//7801 7803//7803
f 7797//7797 7798//7798 7803//7803 7802//7802
f 7812//7812 3104//3104 3110//3110 7813//7813
f 7796//7796 7795//7795 7800//7800 7801//7801
f 7799//7799 7802//7802 7806//7806 7804//7804
f 7802//7802 7803//7803 7807//7807 7806//7806
f 7664//7664 7672//7672 7686//7686 7673//7673
f 7785//7785 7810//7810 7811//7811 7790//7790
f 7790//7790 7811//7811 7812//7812 7795//7795
f 7795//7795 7812//7812 7813//7813 7800//7800
f 7658//7658 7652//7652 7651//7651 7657//7657
f 7657//7657 7651//7651 7650//7650 7656//7656
f 7656//7656 7650//7650 7649//7649 7655//7655
f 7649//7649 7662//7662 7836//7836 7655//7655
f 7642//7642 7839//7839 7836//7836 7662//7662
f 7633//7633 7845//7845 7839//7839 7642//7642
f 7845//7845 7633//7633 7632//7632 7841//7841
f 7635//7635 7840//7840 7841//7841 7632//7632
f 7820//7820 3133//3133 3135//3135 7821//7821
f 7820//7820 7821//7821 7825//7825 7824//7824
f 7824//7824 7825//7825 7829//7829 7828//7828
f 7817//7817 7808//7808 7775//7775 7816//7816
f 7808//7808 7817//7817 3130//3130 3080//3080
f 2958//2958 7660//7660 7832//7832 3150//3150
f 7656//7656 7655//7655 7833//7833 7834//7834
f 7657//7657 7656//7656 7834//7834 7835//7835
f 7658//7658 7657//7657 7835//7835 7837//7837
f 5151//5151 5155//5155 5159//5159 5115//5115
f 7659//7659 7658//7658 7837//7837 7838//7838
f 7840//7840 7635//7635 7634//7634 7844//7844
f 7660//7660 7659//7659 7838//7838 7832//7832
f 7636//7636 7843//7843 7844//7844 7634//7634
f 7843//7843 7636//7636 7637//7637 7842//7842
f 7842//7842 7637//7637 7629//7629 7818//7818
f 7638//7638 7814//7814 7818//7818 7629//7629
f 7639//7639 7815//7815 7814//7814 7638//7638
f 7631//7631 7819//7819 7815//7815 7639//7639
f 7749//7749 7789//7789 7794//7794 7755//7755
f 7674//7674 7665//7665 7664//7664 7673//7673
f 7731//7731 7774//7774 7779//7779 7737//7737
f 7842//7842 7818//7818 7774//7774 7731//7731
f 7761//7761 7799//7799 7804//7804 7767//7767
f 7630//7630 7816//7816 7819//7819 7631//7631
f 7675//7675 7666//7666 7665//7665 7674//7674
f 7743//7743 7784//7784 7789//7789 7749//7749
f 7755//7755 7794//7794 7799//7799 7761//7761
f 5115//5115 5159//5159 5160//5160 5116//5116
f 5116//5116 5160//5160 5171//5171 5117//5117
f 7280//7280 7268//7268 5117//5117 5171//5171
f 7363//7363 7330//7330 7268//7268 7280//7280
f 7330//7330 7363//7363 5243//5243 5118//5118
f 5118//5118 5243//5243 5242//5242 5119//5119
f 5119//5119 5242//5242 5241//5241 5120//5120
f 7427//7427 7418//7418 5120//5120 5241//5241
f 7418//7418 7427//7427 7440//7440 7431//7431
f 7431//7431 7440//7440 7453//7453 7444//7444
f 7444//7444 7453//7453 7466//7466 7457//7457
f 7457//7457 7466//7466 7479//7479 7470//7470
f 7470//7470 7479//7479 7492//7492 7483//7483
f 7483//7483 7492//7492 7505//7505 7496//7496
f 7496//7496 7505//7505 7518//7518 7509//7509
f 7614//7614 7523//7523 7509//7509 7518//7518
f 7523//7523 7614//7614 7532//7532 7618//7618
f 7618//7618 7532//7532 7545//7545 7537//7537
f 7537//7537 7545//7545 7661//7661 7643//7643
f 7643//7643 7661//7661 7662//7662 7649//7649
f 7585//7585 7817//7817 7816//7816 7630//7630
f 7817//7817 7585//7585 2873//2873 3130//3130
f 7655//7655 7836//7836 7670//7670 7833//7833
f 7833//7833 7670//7670 7672//7672 7664//7664
f 7676//7676 7667//7667 7666//7666 7675//7675
f 7677//7677 7668//7668 7667//7667 7676//7676
f 7673//7673 7686//7686 7694//7694 7680//7680
f 7680//7680 7694//7694 7702//7702 7688//7688
f 7688//7688 7702//7702 7710//7710 7696//7696
f 7696//7696 7710//7710 7718//7718 7704//7704
f 7725//7725 7712//7712 7704//7704 7718//7718
f 7801//7801 7805//7805 7807//7807 7803//7803
f 7851//7851 7848//7848 7768//7768 7771//7771
f 7769//7769 7768//7768 7848//7848 7849//7849
f 7719//7719 7769//7769 7849//7849 7846//7846
f 7773//7773 7852//7852 7806//7806 7807//7807
f 7771//7771 7770//7770 7850//7850 7851//7851
f 7846//7846 7847//7847 7725//7725 7719//7719
f 7807//7807 7805//7805 7853//7853 7773//7773
f 7767//7767 7804//7804 7854//7854 7855//7855
f 7852//7852 7854//7854 7804//7804 7806//7806
f 7712//7712 7725//7725 7847//7847 7720//7720
f 9089//9089 7857//7857 7829//7829 9088//9088
f 7857//7857 7856//7856 7828//7828 7829//7829
f 7860//7860 7862//7862 7854//7854 7852//7852
f 7772//7772 7860//7860 7852//7852 7773//7773
f 7865//7865 7864//7864 7856//7856 7857//7857
f 9090//9090 7865//7865 7857//7857 9089//9089
f 7869//7869 7868//7868 7864//7864 7865//7865
f 9091//9091 7869//7869 7865//7865 9090//9090
f 7863//7863 7874//7874 7873//7873 7855//7855
f 7873//7873 7766//7766 7767//7767 7855//7855
f 7766//7766 7873//7873 7770//7770 7764//7764
f 7874//7874 7850//7850 7770//7770 7873//7873
f 7722//7722 7715//7715 7714//7714 7872//7872
f 7872//7872 7714//7714 7713//7713 7875//7875
f 7875//7875 7713//7713 7721//7721 7876//7876
f 9092//9092 7891//7891 7869//7869 9091//9091
f 7886//7886 7888//7888 7862//7862 7860//7860
f 7720//7720 7847//7847 7881//7881 7877//7877
f 7876//7876 7721//7721 7878//7878 7895//7895
f 7849//7849 7848//7848 7882//7882 7883//7883
f 7863//7863 7862//7862 7888//7888 7889//7889
f 7846//7846 7849//7849 7883//7883 7880//7880
f 7889//7889 7894//7894 7874//7874 7863//7863
f 7880//7880 7881//7881 7847//7847 7846//7846
f 7772//7772 7861//7861 7887//7887 7879//7879
f 7885//7885 7882//7882 7848//7848 7851//7851
f 7851//7851 7850//7850 7884//7884 7885//7885
f 7891//7891 7890//7890 7868//7868 7869//7869
f 7721//7721 7720//7720 7877//7877 7878//7878
f 7850//7850 7874//7874 7894//7894 7884//7884
f 7879//7879 7886//7886 7860//7860 7772//7772
f 7877//7877 7881//7881 7900//7900 7896//7896
f 7899//7899 7900//7900 7881//7881 7880//7880
f 7898//7898 7905//7905 7886//7886 7879//7879
f 7904//7904 7901//7901 7882//7882 7885//7885
f 7878//7878 7877//7877 7896//7896 7897//7897
f 7910//7910 7909//7909 7890//7890 7891//7891
f 7885//7885 7884//7884 7903//7903 7904//7904
f 7905//7905 7907//7907 7888//7888 7886//7886
f 7908//7908 7913//7913 7894//7894 7889//7889
f 9093//9093 7910//7910 7891//7891 9092//9092
f 7883//7883 7882//7882 7901//7901 7902//7902
f 7879//7879 7887//7887 7906//7906 7898//7898
f 7884//7884 7894//7894 7913//7913 7903//7903
f 7880//7880 7883//7883 7902//7902 7899//7899
f 7889//7889 7888//7888 7907//7907 7908//7908
f 7895//7895 7878//7878 7897//7897 7914//7914
f 9450//9450 7917//7917 7925//7925 9431//9431
f 9432//9432 9431//9431 7925//7925 7928//7928
f 9433//9433 7948//7948 7947//7947 9432//9432
f 9434//9434 9095//9095 7948//7948 9433//9433
f 9434//9434 9435//9435 7949//7949 9095//9095
f 9436//9436 9435//9435 7930//7930 7931//7931
f 9437//9437 9436//9436 7931//7931 7933//7933
f 9437//9437 7933//7933 7916//7916 9438//9438
f 9438//9438 7916//7916 7915//7915 9439//9439
f 9439//9439 7915//7915 7919//7919 9440//9440
f 9441//9441 7937//7937 7938//7938 9440//9440
f 9441//9441 7918//7918 7921//7921 9442//9442
f 7980//7980 7977//7977 7958//7958 7961//7961
f 7954//7954 7953//7953 7972//7972 7973//7973
f 7986//7986 7985//7985 7966//7966 7967//7967
f 7961//7961 7960//7960 7979//7979 7980//7980
f 7981//7981 7983//7983 7964//7964 7962//7962
f 7984//7984 7989//7989 7970//7970 7965//7965
f 9097//9097 7986//7986 7967//7967 9096//9096
f 7959//7959 7958//7958 7977//7977 7978//7978
f 7955//7955 7963//7963 7982//7982 7974//7974
f 7960//7960 7970//7970 7989//7989 7979//7979
f 7956//7956 7959//7959 7978//7978 7975//7975
f 7965//7965 7964//7964 7983//7983 7984//7984
f 7971//7971 7954//7954 7973//7973 7990//7990
f 7953//7953 7957//7957 7976//7976 7972//7972
f 7975//7975 7976//7976 7957//7957 7956//7956
f 7974//7974 7981//7981 7962//7962 7955//7955
f 7979//7979 7989//7989 8008//8008 7998//7998
f 7975//7975 7978//7978 7997//7997 7994//7994
f 7984//7984 7983//7983 8002//8002 8003//8003
f 7990//7990 7973//7973 7992//7992 8009//8009
f 7972//7972 7976//7976 7995//7995 7991//7991
f 7994//7994 7995//7995 7976//7976 7975//7975
f 7993//7993 8000//8000 7981//7981 7974//7974
f 7999//7999 7996//7996 7977//7977 7980//7980
f 7973//7973 7972//7972 7991//7991 7992//7992
f 8005//8005 8004//8004 7985//7985 7986//7986
f 7980//7980 7979//7979 7998//7998 7999//7999
f 8000//8000 8002//8002 7983//7983 7981//7981
f 8003//8003 8008//8008 7989//7989 7984//7984
f 9098//9098 8005//8005 7986//7986 9097//9097
f 7978//7978 7977//7977 7996//7996 7997//7997
f 7974//7974 7982//7982 8001//8001 7993//7993
f 8012//8012 8019//8019 8000//8000 7993//7993
f 8018//8018 8015//8015 7996//7996 7999//7999
f 7992//7992 7991//7991 8010//8010 8011//8011
f 8024//8024 8023//8023 8004//8004 8005//8005
f 7999//7999 7998//7998 8017//8017 8018//8018
f 8019//8019 8021//8021 8002//8002 8000//8000
f 8022//8022 8027//8027 8008//8008 8003//8003
f 9099//9099 8024//8024 8005//8005 9098//9098
f 7997//7997 7996//7996 8015//8015 8016//8016
f 7993//7993 8001//8001 8020//8020 8012//8012
f 7998//7998 8008//8008 8027//8027 8017//8017
f 7994//7994 7997//7997 8016//8016 8013//8013
f 8003//8003 8002//8002 8021//8021 8022//8022
f 8009//8009 7992//7992 8011//8011 8028//8028
f 7991//7991 7995//7995 8014//8014 8010//8010
f 8013//8013 8014//8014 7995//7995 7994//7994
f 8017//8017 8027//8027 8046//8046 8036//8036
f 8013//8013 8016//8016 8035//8035 8032//8032
f 8022//8022 8021//8021 8040//8040 8041//8041
f 8028//8028 8011//8011 8030//8030 8047//8047
f 8010//8010 8014//8014 8033//8033 8029//8029
f 8032//8032 8033//8033 8014//8014 8013//8013
f 8031//8031 8038//8038 8019//8019 8012//8012
f 8037//8037 8034//8034 8015//8015 8018//8018
f 8011//8011 8010//8010 8029//8029 8030//8030
f 8043//8043 8042//8042 8023//8023 8024//8024
f 8018//8018 8017//8017 8036//8036 8037//8037
f 8038//8038 8040//8040 8021//8021 8019//8019
f 8041//8041 8046//8046 8027//8027 8022//8022
f 9100//9100 8043//8043 8024//8024 9099//9099
f 8016//8016 8015//8015 8034//8034 8035//8035
f 8012//8012 8020//8020 8039//8039 8031//8031
f 8050//8050 8057//8057 8038//8038 8031//8031
f 8056//8056 8053//8053 8034//8034 8037//8037
f 8030//8030 8029//8029 8048//8048 8049//8049
f 8062//8062 8061//8061 8042//8042 8043//8043
f 8037//8037 8036//8036 8055//8055 8056//8056
f 8057//8057 8059//8059 8040//8040 8038//8038
f 8060//8060 8065//8065 8046//8046 8041//8041
f 9101//9101 8062//8062 8043//8043 9100//9100
f 8035//8035 8034//8034 8053//8053 8054//8054
f 8031//8031 8039//8039 8058//8058 8050//8050
f 8036//8036 8046//8046 8065//8065 8055//8055
f 8032//8032 8035//8035 8054//8054 8051//8051
f 8041//8041 8040//8040 8059//8059 8060//8060
f 8047//8047 8030//8030 8049//8049 8066//8066
f 8029//8029 8033//8033 8052//8052 8048//8048
f 8051//8051 8052//8052 8033//8033 8032//8032
f 8050//8050 8058//8058 8077//8077 8069//8069
f 8055//8055 8065//8065 8084//8084 8074//8074
f 8051//8051 8054//8054 8073//8073 8070//8070
f 8060//8060 8059//8059 8078//8078 8079//8079
f 8066//8066 8049//8049 8068//8068 8085//8085
f 8048//8048 8052//8052 8071//8071 8067//8067
f 8070//8070 8071//8071 8052//8052 8051//8051
f 8069//8069 8076//8076 8057//8057 8050//8050
f 8075//8075 8072//8072 8053//8053 8056//8056
f 8049//8049 8048//8048 8067//8067 8068//8068
f 8081//8081 8080//8080 8061//8061 8062//8062
f 8056//8056 8055//8055 8074//8074 8075//8075
f 8076//8076 8078//8078 8059//8059 8057//8057
f 8079//8079 8084//8084 8065//8065 8060//8060
f 9102//9102 8081//8081 8062//8062 9101//9101
f 8054//8054 8053//8053 8072//8072 8073//8073
f 8088//8088 8095//8095 8076//8076 8069//8069
f 8094//8094 8091//8091 8072//8072 8075//8075
f 8068//8068 8067//8067 8086//8086 8087//8087
f 8100//8100 8099//8099 8080//8080 8081//8081
f 8075//8075 8074//8074 8093//8093 8094//8094
f 8095//8095 8097//8097 8078//8078 8076//8076
f 8098//8098 8103//8103 8084//8084 8079//8079
f 9103//9103 8100//8100 8081//8081 9102//9102
f 8073//8073 8072//8072 8091//8091 8092//8092
f 8069//8069 8077//8077 8096//8096 8088//8088
f 8074//8074 8084//8084 8103//8103 8093//8093
f 8070//8070 8073//8073 8092//8092 8089//8089
f 8079//8079 8078//8078 8097//8097 8098//8098
f 8085//8085 8068//8068 8087//8087 8104//8104
f 8067//8067 8071//8071 8090//8090 8086//8086
f 8089//8089 8090//8090 8071//8071 8070//8070
f 8117//8117 8122//8122 8103//8103 8098//8098
f 9104//9104 8119//8119 8100//8100 9103//9103
f 8092//8092 8091//8091 8110//8110 8111//8111
f 8088//8088 8096//8096 8115//8115 8107//8107
f 8093//8093 8103//8103 8122//8122 8112//8112
f 8089//8089 8092//8092 8111//8111 8108//8108
f 8098//8098 8097//8097 8116//8116 8117//8117
f 8104//8104 8087//8087 8106//8106 8123//8123
f 8086//8086 8090//8090 8109//8109 8105//8105
f 8108//8108 8109//8109 8090//8090 8089//8089
f 8107//8107 8114//8114 8095//8095 8088//8088
f 8113//8113 8110//8110 8091//8091 8094//8094
f 8087//8087 8086//8086 8105//8105 8106//8106
f 8119//8119 8118//8118 8099//8099 8100//8100
f 8094//8094 8093//8093 8112//8112 8113//8113
f 8114//8114 8116//8116 8097//8097 8095//8095
f 8127//8127 8128//8128 8109//8109 8108//8108
f 8126//8126 8133//8133 8114//8114 8107//8107
f 8132//8132 8129//8129 8110//8110 8113//8113
f 8106//8106 8105//8105 8124//8124 8125//8125
f 8138//8138 8137//8137 8118//8118 8119//8119
f 8113//8113 8112//8112 8131//8131 8132//8132
f 8133//8133 8135//8135 8116//8116 8114//8114
f 8136//8136 8141//8141 8122//8122 8117//8117
f 9105//9105 8138//8138 8119//8119 9104//9104
f 8111//8111 8110//8110 8129//8129 8130//8130
f 8107//8107 8115//8115 8134//8134 8126//8126
f 8112//8112 8122//8122 8141//8141 8131//8131
f 8108//8108 8111//8111 8130//8130 8127//8127
f 8117//8117 8116//8116 8135//8135 8136//8136
f 8123//8123 8106//8106 8125//8125 8142//8142
f 8105//8105 8109//8109 8128//8128 8124//8124
f 8155//8155 8160//8160 8141//8141 8136//8136
f 9106//9106 8157//8157 8138//8138 9105//9105
f 8130//8130 8129//8129 8148//8148 8149//8149
f 8126//8126 8134//8134 8153//8153 8145//8145
f 8131//8131 8141//8141 8160//8160 8150//8150
f 8127//8127 8130//8130 8149//8149 8146//8146
f 8136//8136 8135//8135 8154//8154 8155//8155
f 8142//8142 8125//8125 8144//8144 8161//8161
f 8124//8124 8128//8128 8147//8147 8143//8143
f 8146//8146 8147//8147 8128//8128 8127//8127
f 8145//8145 8152//8152 8133//8133 8126//8126
f 8151//8151 8148//8148 8129//8129 8132//8132
f 8125//8125 8124//8124 8143//8143 8144//8144
f 8157//8157 8156//8156 8137//8137 8138//8138
f 8132//8132 8131//8131 8150//8150 8151//8151
f 8152//8152 8154//8154 8135//8135 8133//8133
f 8161//8161 8144//8144 8163//8163 8180//8180
f 8143//8143 8147//8147 8166//8166 8162//8162
f 8165//8165 8166//8166 8147//8147 8146//8146
f 8164//8164 8171//8171 8152//8152 8145//8145
f 8170//8170 8167//8167 8148//8148 8151//8151
f 8144//8144 8143//8143 8162//8162 8163//8163
f 8176//8176 8175//8175 8156//8156 8157//8157
f 8151//8151 8150//8150 8169//8169 8170//8170
f 8171//8171 8173//8173 8154//8154 8152//8152
f 8174//8174 8179//8179 8160//8160 8155//8155
f 9107//9107 8176//8176 8157//8157 9106//9106
f 8149//8149 8148//8148 8167//8167 8168//8168
f 8145//8145 8153//8153 8172//8172 8164//8164
f 8150//8150 8160//8160 8179//8179 8169//8169
f 8146//8146 8149//8149 8168//8168 8165//8165
f 8155//8155 8154//8154 8173//8173 8174//8174
f 8170//8170 8169//8169 8188//8188 8189//8189
f 8190//8190 8192//8192 8173//8173 8171//8171
f 8193//8193 8198//8198 8179//8179 8174//8174
f 9108//9108 8195//8195 8176//8176 9107//9107
f 8168//8168 8167//8167 8186//8186 8187//8187
f 8164//8164 8172//8172 8191//8191 8183//8183
f 8169//8169 8179//8179 8198//8198 8188//8188
f 8165//8165 8168//8168 8187//8187 8184//8184
f 8174//8174 8173//8173 8192//8192 8193//8193
f 8180//8180 8163//8163 8182//8182 8199//8199
f 8162//8162 8166//8166 8185//8185 8181//8181
f 8184//8184 8185//8185 8166//8166 8165//8165
f 8183//8183 8190//8190 8171//8171 8164//8164
f 8189//8189 8186//8186 8167//8167 8170//8170
f 8163//8163 8162//8162 8181//8181 8182//8182
f 8195//8195 8194//8194 8175//8175 8176//8176
f 8199//8199 8182//8182 8201//8201 8218//8218
f 8181//8181 8185//8185 8204//8204 8200//8200
f 8203//8203 8204//8204 8185//8185 8184//8184
f 8202//8202 8209//8209 8190//8190 8183//8183
f 8208//8208 8205//8205 8186//8186 8189//8189
f 8182//8182 8181//8181 8200//8200 8201//8201
f 8214//8214 8213//8213 8194//8194 8195//8195
f 8189//8189 8188//8188 8207//8207 8208//8208
f 8209//8209 8211//8211 8192//8192 8190//8190
f 8212//8212 8217//8217 8198//8198 8193//8193
f 9109//9109 8214//8214 8195//8195 9108//9108
f 8187//8187 8186//8186 8205//8205 8206//8206
f 8183//8183 8191//8191 8210//8210 8202//8202
f 8188//8188 8198//8198 8217//8217 8207//8207
f 8184//8184 8187//8187 8206//8206 8203//8203
f 8193//8193 8192//8192 8211//8211 8212//8212
f 8233//8233 8232//8232 8213//8213 8214//8214
f 8208//8208 8207//8207 8226//8226 8227//8227
f 8228//8228 8230//8230 8211//8211 8209//8209
f 8231//8231 8236//8236 8217//8217 8212//8212
f 9110//9110 8233//8233 8214//8214 9109//9109
f 8206//8206 8205//8205 8224//8224 8225//8225
f 8202//8202 8210//8210 8229//8229 8221//8221
f 8207//8207 8217//8217 8236//8236 8226//8226
f 8203//8203 8206//8206 8225//8225 8222//8222
f 8212//8212 8211//8211 8230//8230 8231//8231
f 8218//8218 8201//8201 8220//8220 8237//8237
f 8200//8200 8204//8204 8223//8223 8219//8219
f 8222//8222 8223//8223 8204//8204 8203//8203
f 8221//8221 8228//8228 8209//8209 8202//8202
f 8227//8227 8224//8224 8205//8205 8208//8208
f 8201//8201 8200//8200 8219//8219 8220//8220
f 3543//3543 3572//3572 3571//3571 3542//3542
f 3540//3540 3569//3569 3572//3572 3543//3543
f 3569//3569 3540//3540 3541//3541 3570//3570
f 3537//3537 3566//3566 3570//3570 3541//3541
f 3538//3538 3567//3567 3566//3566 3537//3537
f 3555//3555 3583//3583 3567//3567 3538//3538
f 3553//3553 3581//3581 3583//3583 3555//3555
f 3581//3581 3553//3553 3552//3552 3580//3580
f 3580//3580 3552//3552 4433//4433 4435//4435
f 3582//3582 3549//3549 3554//3554 3573//3573
f 3544//3544 3574//3574 3573//3573 3554//3554
f 4435//4435 4433//4433 3551//3551 3579//3579
f 3579//3579 3551//3551 3550//3550 3578//3578
f 3578//3578 3550//3550 3547//3547 3576//3576
f 3539//3539 3568//3568 3576//3576 3547//3547
f 9067//9067 9020//9020 9023//9023 8563//8563
f 9042//9042 9043//9043 9036//9036 9037//9037
f 9076//9076 9069//9069 9085//9085 9129//9129
f 9069//9069 9135//9135 8937//8937 9085//9085
f 9068//9068 8937//8937 9135//9135 8247//8247
f 8286//8286 9068//9068 8247//8247 8246//8246
f 8274//8274 8286//8286 8246//8246 8243//8243
f 8243//8243 9111//9111 8256//8256 8274//8274
f 8253//8253 9111//9111 8243//8243 8244//8244
f 8244//8244 8272//8272 8254//8254 8253//8253
f 8244//8244 8245//8245 9057//9057 8272//8272
f 3568//3568 3539//3539 3546//3546 3575//3575
f 3575//3575 3546//3546 3548//3548 3577//3577
f 8228//8228 8257//8257 8259//8259 8230//8230
f 8221//8221 8250//8250 8257//8257 8228//8228
f 8250//8250 8221//8221 8229//8229 8258//8258
f 8229//8229 8232//8232 8260//8260 8258//8258
f 8233//8233 8261//8261 8260//8260 8232//8232
f 9110//9110 9112//9112 8261//8261 8233//8233
f 8262//8262 9112//9112 9110//9110 8234//8234
f 8234//8234 8235//8235 8263//8263 8262//8262
f 8265//8265 8263//8263 8235//8235 8237//8237
f 3545//3545 4434//4434 3574//3574 3544//3544
f 4434//4434 3545//3545 3542//3542 3571//3571
f 8264//8264 8231//8231 8230//8230 8259//8259
f 8265//8265 8237//8237 8220//8220 8249//8249
f 8268//8268 8275//8275 8257//8257 8250//8250
f 8249//8249 8248//8248 8266//8266 8267//8267
f 8279//8279 8278//8278 8260//8260 8261//8261
f 8256//8256 8255//8255 8273//8273 8274//8274
f 8275//8275 8277//8277 8259//8259 8257//8257
f 9113//9113 8279//8279 8261//8261 9112//9112
f 8246//8246 8245//8245 8244//8244 8243//8243
f 8250//8250 8258//8258 8276//8276 8268//8268
f 8255//8255 8264//8264 8282//8282 8273//8273
f 8251//8251 8254//8254 8272//8272 8269//8269
f 8265//8265 8249//8249 8267//8267 8283//8283
f 8248//8248 8252//8252 8270//8270 8266//8266
f 8269//8269 8270//8270 8252//8252 8251//8251
f 8268//8268 8276//8276 8288//8288 8284//8284
f 8273//8273 8282//8282 8291//8291 8285//8285
f 9072//9072 9057//9057 8245//8245 8984//8984
f 8284//8284 8287//8287 8275//8275 8268//8268
f 8918//8918 8932//8932 8943//8943 8928//8928
f 8274//8274 8273//8273 8285//8285 8286//8286
f 8287//8287 8289//8289 8277//8277 8275//8275
f 8356//8356 8312//8312 8293//8293 8346//8346
f 8355//8355 8306//8306 8321//8321 8360//8360
f 8366//8366 8300//8300 8297//8297 8373//8373
f 8349//8349 8299//8299 8302//8302 8351//8351
f 8374//8374 8320//8320 8304//8304 8368//8368
f 8371//8371 8369//8369 8311//8311 8319//8319
f 8358//8358 8316//8316 8312//8312 8356//8356
f 8364//8364 8370//8370 8315//8315 8294//8294
f 8370//8370 8371//8371 8319//8319 8315//8315
f 8354//8354 8308//8308 8316//8316 8358//8358
f 8375//8375 8378//8378 8336//8336 8332//8332
f 8367//8367 8376//8376 8333//8333 8338//8338
f 8372//8372 8334//8334 8337//8337 8379//8379
f 8377//8377 8335//8335 8339//8339 8365//8365
f 8376//8376 8375//8375 8332//8332 8333//8333
f 8351//8351 8302//8302 8342//8342 8362//8362
f 8377//8377 8301//8301 8341//8341 8381//8381
f 8380//8380 8340//8340 8300//8300 8366//8366
f 8314//8314 8357//8357 8347//8347 8292//8292
f 8307//8307 8352//8352 8361//8361 8323//8323
f 8296//8296 8348//8348 8350//8350 8303//8303
f 8318//8318 8359//8359 8357//8357 8314//8314
f 8309//8309 8353//8353 8359//8359 8318//8318
f 8303//8303 8350//8350 8363//8363 8343//8343
f 8326//8326 8366//8366 8373//8373 8325//8325
f 8331//8331 8374//8374 8368//8368 8327//8327
f 8330//8330 8328//8328 8369//8369 8371//8371
f 8324//8324 8329//8329 8370//8370 8364//8364
f 8329//8329 8330//8330 8371//8371 8370//8370
f 8317//8317 8310//8310 8378//8378 8375//8375
f 8295//8295 8313//8313 8376//8376 8367//8367
f 8322//8322 8372//8372 8379//8379 8305//8305
f 8301//8301 8377//8377 8365//8365 8298//8298
f 8313//8313 8317//8317 8375//8375 8376//8376
f 8335//8335 8377//8377 8381//8381 8345//8345
f 8344//8344 8380//8380 8366//8366 8326//8326
f 8354//8354 8352//8352 8307//8307 8308//8308
f 8868//8868 8306//8306 8309//8309 8867//8867
f 8423//8423 8392//8392 8395//8395 8424//8424
f 8431//8431 8386//8386 8383//8383 8434//8434
f 8419//8419 8385//8385 8388//8388 8421//8421
f 8435//8435 8394//8394 8390//8390 8432//8432
f 8428//8428 8414//8414 8392//8392 8423//8423
f 9003//9003 9004//9004 9006//9006 9017//9017
f 8433//8433 8402//8402 8404//8404 8437//8437
f 8436//8436 8403//8403 8405//8405 8430//8430
f 8421//8421 8388//8388 8408//8408 8426//8426
f 8436//8436 8387//8387 8407//8407 8439//8439
f 8438//8438 8406//8406 8386//8386 8431//8431
f 9004//9004 9005//9005 9007//9007 9006//9006
f 8432//8432 8390//8390 8415//8415 8440//8440
f 8437//8437 8404//8404 8417//8417 8441//8441
f 8393//8393 8422//8422 8425//8425 8397//8397
f 8382//8382 8418//8418 8420//8420 8389//8389
f 8413//8413 8429//8429 8422//8422 8393//8393
f 8389//8389 8420//8420 8427//8427 8409//8409
f 8249//8249 8220//8220 8219//8219 8248//8248
f 8399//8399 8431//8431 8434//8434 8398//8398
f 8401//8401 8435//8435 8432//8432 8400//8400
f 8396//8396 8433//8433 8437//8437 8391//8391
f 8387//8387 8436//8436 8430//8430 8384//8384
f 8403//8403 8436//8436 8439//8439 8411//8411
f 8410//8410 8438//8438 8431//8431 8399//8399
f 8400//8400 8432//8432 8440//8440 8416//8416
f 8391//8391 8437//8437 8441//8441 8412//8412
f 8453//8453 8442//8442 3764//3764 3772//3772
f 8455//8455 8449//8449 3769//3769 3781//3781
f 8454//8454 8453//8453 8449//8449 8448//8448
f 8452//8452 8454//8454 8448//8448 8447//8447
f 8451//8451 8452//8452 8447//8447 8446//8446
f 4889//4889 8461//8461 3788//3788 15//15
f 8448//8448 8449//8449 8455//8455 8456//8456
f 8447//8447 8448//8448 8456//8456 8457//8457
f 8443//8443 8442//8442 8453//8453 8454//8454
f 8444//8444 8443//8443 8454//8454 8452//8452
f 8445//8445 8444//8444 8452//8452 8451//8451
f 8446//8446 8447//8447 8457//8457 8458//8458
f 8450//8450 8446//8446 8458//8458 8459//8459
f 8459//8459 8458//8458 8464//8464 8465//8465
f 8458//8458 8457//8457 8463//8463 8464//8464
f 8457//8457 8456//8456 8462//8462 8463//8463
f 8456//8456 8455//8455 8461//8461 8462//8462
f 8460//8460 8459//8459 8465//8465 8466//8466
f 8879//8879 8292//8292 8467//8467 8880//8880
f 8347//8347 8474//8474 8467//8467 8292//8292
f 8475//8475 8469//8469 8479//8479 8485//8485
f 8484//8484 8477//8477 8467//8467 8474//8474
f 8485//8485 8481//8481 8471//8471 8475//8475
f 8476//8476 8472//8472 8482//8482 8486//8486
f 8486//8486 8480//8480 8470//8470 8476//8476
f 8473//8473 8468//8468 8478//8478 8483//8483
f 8495//8495 8491//8491 8481//8481 8485//8485
f 8486//8486 8482//8482 8492//8492 8496//8496
f 8496//8496 8490//8490 8480//8480 8486//8486
f 8483//8483 8478//8478 8488//8488 8493//8493
f 8485//8485 8479//8479 8489//8489 8495//8495
f 8494//8494 8487//8487 8477//8477 8484//8484
f 8538//8538 8537//8537 8502//8502 8506//8506
f 8544//8544 8543//8543 8498//8498 8503//8503
f 8547//8547 8545//8545 8499//8499 8505//8505
f 9051//9051 8563//8563 8552//8552 9052//9052
f 9008//9008 9052//9052 8552//8552 8541//8541
f 8523//8523 8513//8513 8508//8508 8518//8518
f 8525//8525 8515//8515 8509//8509 8519//8519
f 8515//8515 8525//8525 8521//8521 8511//8511
f 8526//8526 8516//8516 8512//8512 8522//8522
f 8516//8516 8526//8526 8520//8520 8510//8510
f 8514//8514 8524//8524 8517//8517 8507//8507
f 8506//8506 8516//8516 8510//8510 8500//8500
f 8516//8516 8506//8506 8502//8502 8512//8512
f 8505//8505 8515//8515 8511//8511 8501//8501
f 8515//8515 8505//8505 8499//8499 8509//8509
f 8513//8513 8503//8503 8498//8498 8508//8508
f 9013//9013 9008//9008 8541//8541 8914//8914
f 9012//9012 9013//9013 8914//8914 8919//8919
f 8504//8504 8514//8514 8507//8507 8497//8497
f 8919//8919 8914//8914 9010//9010 9009//9009
f 8914//8914 8541//8541 9011//9011 9010//9010
f 8506//8506 8500//8500 8539//8539 8538//8538
f 8504//8504 8497//8497 8540//8540 8546//8546
f 8505//8505 8501//8501 8542//8542 8547//8547
f 8248//8248 8219//8219 8223//8223 8252//8252
f 9123//9123 9018//9018 8930//8930 9124//9124
f 8556//8556 8548//8548 8527//8527 8534//8534
f 8557//8557 8553//8553 8531//8531 8535//8535
f 8222//8222 8251//8251 8252//8252 8223//8223
f 8536//8536 8532//8532 8554//8554 8558//8558
f 8558//8558 8551//8551 8530//8530 8536//8536
f 8533//8533 8528//8528 8549//8549 8555//8555
f 9050//9050 9067//9067 8563//8563 9051//9051
f 8535//8535 8529//8529 8550//8550 8557//8557
f 8567//8567 8559//8559 8548//8548 8556//8556
f 8568//8568 8564//8564 8553//8553 8557//8557
f 8541//8541 8552//8552 9024//9024 9011//9011
f 9017//9017 9035//9035 9040//9040 9003//9003
f 8558//8558 8554//8554 8565//8565 8569//8569
f 8569//8569 8562//8562 8551//8551 8558//8558
f 8555//8555 8549//8549 8560//8560 8566//8566
f 8557//8557 8550//8550 8561//8561 8568//8568
f 8611//8611 8580//8580 8583//8583 8612//8612
f 8619//8619 8574//8574 8571//8571 8622//8622
f 8607//8607 8573//8573 8576//8576 8609//8609
f 8623//8623 8582//8582 8578//8578 8620//8620
f 8616//8616 8602//8602 8580//8580 8611//8611
f 8621//8621 8590//8590 8592//8592 8625//8625
f 8624//8624 8591//8591 8593//8593 8618//8618
f 8609//8609 8576//8576 8596//8596 8614//8614
f 8624//8624 8575//8575 8595//8595 8627//8627
f 8626//8626 8594//8594 8574//8574 8619//8619
f 8620//8620 8578//8578 8603//8603 8628//8628
f 8625//8625 8592//8592 8605//8605 8629//8629
f 8581//8581 8610//8610 8613//8613 8585//8585
f 8570//8570 8606//8606 8608//8608 8577//8577
f 8601//8601 8617//8617 8610//8610 8581//8581
f 8577//8577 8608//8608 8615//8615 8597//8597
f 8587//8587 8619//8619 8622//8622 8586//8586
f 8589//8589 8623//8623 8620//8620 8588//8588
f 8584//8584 8621//8621 8625//8625 8579//8579
f 8575//8575 8624//8624 8618//8618 8572//8572
f 8591//8591 8624//8624 8627//8627 8599//8599
f 8598//8598 8626//8626 8619//8619 8587//8587
f 8588//8588 8620//8620 8628//8628 8604//8604
f 8579//8579 8625//8625 8629//8629 8600//8600
f 8671//8671 8670//8670 8635//8635 8639//8639
f 8676//8676 8675//8675 8631//8631 8636//8636
f 8679//8679 8677//8677 8632//8632 8638//8638
f 8656//8656 8646//8646 8641//8641 8651//8651
f 8658//8658 8648//8648 8642//8642 8652//8652
f 8648//8648 8658//8658 8654//8654 8644//8644
f 8659//8659 8649//8649 8645//8645 8655//8655
f 8649//8649 8659//8659 8653//8653 8643//8643
f 8647//8647 8657//8657 8650//8650 8640//8640
f 8639//8639 8649//8649 8643//8643 8633//8633
f 8649//8649 8639//8639 8635//8635 8645//8645
f 8638//8638 8648//8648 8644//8644 8634//8634
f 8648//8648 8638//8638 8632//8632 8642//8642
f 8646//8646 8636//8636 8631//8631 8641//8641
f 8637//8637 8647//8647 8640//8640 8630//8630
f 8639//8639 8633//8633 8672//8672 8671//8671
f 8637//8637 8630//8630 8673//8673 8678//8678
f 8638//8638 8634//8634 8674//8674 8679//8679
f 8687//8687 8680//8680 8660//8660 8667//8667
f 8688//8688 8684//8684 8664//8664 8668//8668
f 8669//8669 8665//8665 8685//8685 8689//8689
f 8689//8689 8683//8683 8663//8663 8669//8669
f 8666//8666 8661//8661 8681//8681 8686//8686
f 8668//8668 8662//8662 8682//8682 8688//8688
f 8697//8697 8690//8690 8680//8680 8687//8687
f 8698//8698 8694//8694 8684//8684 8688//8688
f 8689//8689 8685//8685 8695//8695 8699//8699
f 8699//8699 8693//8693 8683//8683 8689//8689
f 8686//8686 8681//8681 8691//8691 8696//8696
f 8688//8688 8682//8682 8692//8692 8698//8698
f 8741//8741 8710//8710 8713//8713 8742//8742
f 8749//8749 8704//8704 8701//8701 8752//8752
f 8737//8737 8703//8703 8706//8706 8739//8739
f 8753//8753 8712//8712 8708//8708 8750//8750
f 8746//8746 8732//8732 8710//8710 8741//8741
f 8751//8751 8720//8720 8722//8722 8755//8755
f 8754//8754 8721//8721 8723//8723 8748//8748
f 8739//8739 8706//8706 8726//8726 8744//8744
f 8754//8754 8705//8705 8725//8725 8757//8757
f 8756//8756 8724//8724 8704//8704 8749//8749
f 8750//8750 8708//8708 8733//8733 8758//8758
f 8755//8755 8722//8722 8735//8735 8759//8759
f 8711//8711 8740//8740 8743//8743 8715//8715
f 8700//8700 8736//8736 8738//8738 8707//8707
f 8731//8731 8747//8747 8740//8740 8711//8711
f 8707//8707 8738//8738 8745//8745 8727//8727
f 8717//8717 8749//8749 8752//8752 8716//8716
f 8719//8719 8753//8753 8750//8750 8718//8718
f 8714//8714 8751//8751 8755//8755 8709//8709
f 8705//8705 8754//8754 8748//8748 8702//8702
f 8721//8721 8754//8754 8757//8757 8729//8729
f 8728//8728 8756//8756 8749//8749 8717//8717
f 8718//8718 8750//8750 8758//8758 8734//8734
f 8709//8709 8755//8755 8759//8759 8730//8730
f 8801//8801 8800//8800 8765//8765 8769//8769
f 8806//8806 8805//8805 8761//8761 8766//8766
f 8809//8809 8807//8807 8762//8762 8768//8768
f 8786//8786 8776//8776 8771//8771 8781//8781
f 8788//8788 8778//8778 8772//8772 8782//8782
f 8778//8778 8788//8788 8784//8784 8774//8774
f 8789//8789 8779//8779 8775//8775 8785//8785
f 8779//8779 8789//8789 8783//8783 8773//8773
f 8777//8777 8787//8787 8780//8780 8770//8770
f 8769//8769 8779//8779 8773//8773 8763//8763
f 8779//8779 8769//8769 8765//8765 8775//8775
f 8768//8768 8778//8778 8774//8774 8764//8764
f 8778//8778 8768//8768 8762//8762 8772//8772
f 8776//8776 8766//8766 8761//8761 8771//8771
f 8767//8767 8777//8777 8770//8770 8760//8760
f 8769//8769 8763//8763 8802//8802 8801//8801
f 8767//8767 8760//8760 8803//8803 8808//8808
f 8768//8768 8764//8764 8804//8804 8809//8809
f 8817//8817 8810//8810 8790//8790 8797//8797
f 8818//8818 8814//8814 8794//8794 8798//8798
f 8799//8799 8795//8795 8815//8815 8819//8819
f 8819//8819 8813//8813 8793//8793 8799//8799
f 8796//8796 8791//8791 8811//8811 8816//8816
f 8798//8798 8792//8792 8812//8812 8818//8818
f 8827//8827 8820//8820 8810//8810 8817//8817
f 8828//8828 8824//8824 8814//8814 8818//8818
f 8819//8819 8815//8815 8825//8825 8829//8829
f 8829//8829 8823//8823 8813//8813 8819//8819
f 8816//8816 8811//8811 8821//8821 8826//8826
f 8818//8818 8812//8812 8822//8822 8828//8828
f 8835//8835 8831//8831 8839//8839 8843//8843
f 8839//8839 8847//8847 8851//8851 8843//8843
f 8388//8388 9212//9212 9213//9213 8408//8408
f 9395//9395 8851//8851 9402//9402 9429//9429
f 9216//9216 8841//8841 8833//8833 9249//9249
f 8844//8844 8840//8840 8832//8832 8836//8836
f 8837//8837 8833//8833 8841//8841 8845//8845
f 8845//8845 8839//8839 8831//8831 8837//8837
f 8836//8836 8830//8830 8838//8838 8844//8844
f 8852//8852 8848//8848 8840//8840 8844//8844
f 8845//8845 8841//8841 8849//8849 8853//8853
f 8853//8853 8847//8847 8839//8839 8845//8845
f 8844//8844 8838//8838 8846//8846 8852//8852
f 9035//9035 9036//9036 9043//9043 9040//9040
f 8402//8402 9184//9184 9185//9185 8404//8404
f 8543//8543 8413//8413 9169//9169 9210//9210
f 8761//8761 9189//9189 9190//9190 8771//8771
f 8427//8427 8406//8406 9229//9229 9214//9214
f 8543//8543 9210//9210 9209//9209 8498//8498
f 8641//8641 9226//9226 9201//9201 8651//8651
f 8573//8573 9218//9218 9259//9259 8576//8576
f 8548//8548 9220//9220 9221//9221 8527//8527
f 8496//8496 8568//8568 8561//8561 8490//8490
f 8568//8568 8496//8496 8492//8492 8564//8564
f 8414//8414 9169//9169 9170//9170 8392//8392
f 8559//8559 9219//9219 9220//9220 8548//8548
f 8569//8569 8698//8698 8692//8692 8562//8562
f 8699//8699 8828//8828 8822//8822 8693//8693
f 8828//8828 8699//8699 8695//8695 8824//8824
f 8698//8698 8569//8569 8565//8565 8694//8694
f 8823//8823 8852//8852 8846//8846 8827//8827
f 8829//8829 8848//8848 8852//8852 8823//8823
f 8403//8403 9232//9232 9183//9183 8405//8405
f 8251//8251 8222//8222 8225//8225 8254//8254
f 8670//8670 9240//9240 9241//9241 8635//8635
f 8528//8528 8518//8518 9207//9207 9221//9221
f 8397//8397 9171//9171 9170//9170 8393//8393
f 9008//9008 9000//9000 9046//9046 9052//9052
f 8602//8602 8854//8854 9187//9187 8580//8580
f 9015//9015 9011//9011 9024//9024 9029//9029
f 8920//8920 8925//8925 8940//8940 8933//8933
f 8984//8984 8271//8271 8936//8936 9072//9072
f 8937//8937 8940//8940 8925//8925 8923//8923
f 8917//8917 8927//8927 8942//8942 8931//8931
f 8998//8998 9015//9015 9029//9029 9033//9033
f 8247//8247 8984//8984 8245//8245 8246//8246
f 8926//8926 8921//8921 8934//8934 8941//8941
f 9135//9135 8271//8271 8984//8984 8247//8247
f 8941//8941 8942//8942 8927//8927 8926//8926
f 9080//9080 8942//8942 8941//8941 9081//9081
f 9081//9081 8941//8941 8934//8934 9082//9082
f 9080//9080 8284//8284 8288//8288 9066//9066
f 9030//9030 9025//9025 9027//9027 9087//9087
f 9068//9068 8286//8286 8285//8285 9084//9084
f 8930//8930 8915//8915 8929//8929 8944//8944
f 9084//9084 8285//8285 8291//8291 9065//9065
f 8959//8959 8958//8958 8955//8955 8956//8956
f 8956//8956 8954//8954 8957//8957 8959//8959
f 8271//8271 8935//8935 9087//9087 8936//8936
f 8907//8907 8891//8891 8892//8892 8908//8908
f 8904//8904 8888//8888 8891//8891 8907//8907
f 8924//8924 8968//8968 8972//8972 8939//8939
f 8995//8995 8951//8951 8955//8955 8989//8989
f 8990//8990 8995//8995 8989//8989 8242//8242
f 8991//8991 8990//8990 8242//8242 8985//8985
f 8991//8991 8985//8985 8986//8986 8992//8992
f 8986//8986 8987//8987 8993//8993 8992//8992
f 8993//8993 8987//8987 8988//8988 8994//8994
f 8975//8975 8974//8974 8970//8970 8971//8971
f 8973//8973 8975//8975 8971//8971 8969//8969
f 8888//8888 8904//8904 8905//8905 8889//8889
f 8889//8889 8905//8905 8906//8906 8890//8890
f 8890//8890 8906//8906 8909//8909 8893//8893
f 9131//9131 8994//8994 8988//8988 9144//9144
f 9144//9144 9143//9143 9130//9130 9131//9131
f 8427//8427 9214//9214 9213//9213 8409//8409
f 8512//8512 9182//9182 9233//9233 8522//8522
f 8553//8553 9235//9235 9234//9234 8531//8531
f 9051//9051 9047//9047 9048//9048 9050//9050
f 8902//8902 8886//8886 8893//8893 8909//8909
f 8969//8969 8965//8965 9130//9130 9143//9143
f 8965//8965 8969//8969 8971//8971 8967//8967
f 8967//8967 8971//8971 8970//8970 8966//8966
f 9141//9141 8999//8999 8997//8997 9140//9140
f 8964//8964 8966//8966 8970//8970 8968//8968
f 8924//8924 8908//8908 8964//8964 8968//8968
f 8902//8902 8903//8903 8887//8887 8886//8886
f 8910//8910 8894//8894 8887//8887 8903//8903
f 8894//8894 8910//8910 8911//8911 8895//8895
f 8900//8900 8884//8884 8895//8895 8911//8911
f 8885//8885 8884//8884 8900//8900 8901//8901
f 8912//8912 8896//8896 8885//8885 8901//8901
f 8896//8896 8912//8912 8913//8913 8897//8897
f 9014//9014 9015//9015 8998//8998 8997//8997
f 9016//9016 9014//9014 8997//8997 8999//8999
f 9030//9030 9087//9087 8935//8935 9132//9132
f 9028//9028 9029//9029 9024//9024 9023//9023
f 9001//9001 9000//9000 9008//9008 9013//9013
f 8898//8898 8882//8882 8897//8897 8913//8913
f 8883//8883 8882//8882 8898//8898 8899//8899
f 8928//8928 8943//8943 8944//8944 8929//8929
f 9002//9002 9001//9001 9013//9013 9012//9012
f 8883//8883 8899//8899 8949//8949 8945//8945
f 9056//9056 9077//9077 9078//9078 8290//8290
f 9010//9010 9011//9011 9015//9015 9014//9014
f 9009//9009 9010//9010 9014//9014 9016//9016
f 9119//9119 8959//8959 8957//8957 9121//9121
f 9018//9018 9019//9019 8953//8953 8916//8916
f 9025//9025 9028//9028 9023//9023 9020//9020
f 9113//9113 9127//9127 9056//9056 8279//8279
f 9049//9049 9055//9055 9021//9021 9022//9022
f 9123//9123 9122//9122 9019//9019 9018//9018
f 9030//9030 9032//9032 9028//9028 9025//9025
f 9032//9032 9033//9033 9029//9029 9028//9028
f 9077//9077 8943//8943 8932//8932 9078//9078
f 9128//9128 9125//9125 8943//8943 9077//9077
f 9051//9051 9052//9052 9046//9046 9047//9047
f 9045//9045 9053//9053 9050//9050 9048//9048
f 9045//9045 9044//9044 9054//9054 9053//9053
f 9053//9053 9054//9054 9055//9055 9049//9049
f 9062//9062 8266//8266 8270//8270 9059//9059
f 9061//9061 8283//8283 8267//8267 9060//9060
f 9060//9060 8267//8267 8266//8266 9062//9062
f 8254//8254 8225//8225 8224//8224 8253//8253
f 8281//8281 8280//8280 8262//8262 8263//8263
f 9117//9117 9118//9118 9139//9139 9138//9138
f 9118//9118 9116//9116 9140//9140 9139//9139
f 9116//9116 9115//9115 9141//9141 9140//9140
f 9064//9064 8269//8269 8272//8272 9057//9057
f 9073//9073 9058//9058 9021//9021 9074//9074
f 9027//9027 9022//9022 9021//9021 9058//9058
f 9071//9071 9062//9062 9059//9059 9074//9074
f 9083//9083 9061//9061 9060//9060 9075//9075
f 9075//9075 9060//9060 9062//9062 9071//9071
f 9073//9073 9064//9064 9057//9057 9072//9072
f 8269//8269 9064//9064 9059//9059 8270//8270
f 9127//9127 9128//9128 9077//9077 9056//9056
f 9069//9069 8935//8935 8271//8271 9135//9135
f 9064//9064 9073//9073 9074//9074 9059//9059
f 9054//9054 9075//9075 9071//9071 9055//9055
f 8287//8287 9081//9081 9082//9082 8289//8289
f 9044//9044 9083//9083 9075//9075 9054//9054
f 9022//9022 9027//9027 9025//9025 9020//9020
f 9076//9076 9132//9132 8935//8935 9069//9069
f 9022//9022 9020//9020 9067//9067 9049//9049
f 9137//9137 9136//9136 9132//9132 9076//9076
f 9055//9055 9071//9071 9074//9074 9021//9021
f 8937//8937 9068//9068 9084//9084 8940//8940
f 8942//8942 9080//9080 9066//9066 8931//8931
f 8279//8279 9056//9056 8290//8290 8278//8278
f 8284//8284 9080//9080 9081//9081 8287//8287
f 8940//8940 9084//9084 9065//9065 8933//8933
f 9058//9058 9073//9073 9072//9072 8936//8936
f 9017//9017 9121//9121 9122//9122 9035//9035
f 9035//9035 9122//9122 9123//9123 9036//9036
f 8278//8278 8276//8276 8258//8258 8260//8260
f 8277//8277 8282//8282 8264//8264 8259//8259
f 9036//9036 9123//9123 9124//9124 9037//9037
f 8938//8938 8907//8907 8908//8908 8924//8924
f 8438//8438 9230//9230 9229//9229 8406//8406
f 8959//8959 9119//9119 9120//9120 8958//8958
f 8922//8922 8904//8904 8907//8907 8938//8938
f 9126//9126 9038//9038 9037//9037 9124//9124
f 9125//9125 9034//9034 9038//9038 9126//9126
f 9128//9128 9079//9079 9034//9034 9125//9125
f 7821//7821 3135//3135 4450//4450 9086//9086
f 7821//7821 9086//9086 9031//9031 7825//7825
f 7825//7825 9031//9031 9088//9088 7829//7829
f 8944//8944 8943//8943 9125//9125 9126//9126
f 8930//8930 8944//8944 9126//9126 9124//9124
f 9079//9079 9128//9128 9127//9127 9026//9026
f 9032//9032 9030//9030 9132//9132 9136//9136
f 8922//8922 8938//8938 9133//9133 9129//9129
f 9087//9087 9027//9027 9058//9058 8936//8936
f 9053//9053 9049//9049 9067//9067 9050//9050
f 8949//8949 8950//8950 8946//8946 8945//8945
f 9114//9114 9142//9142 9141//9141 9115//9115
f 9033//9033 9032//9032 9136//9136 9138//9138
f 9142//9142 8996//8996 8999//8999 9141//9141
f 8997//8997 8998//8998 9139//9139 9140//9140
f 8939//8939 8972//8972 9118//9118 9117//9117
f 9134//9134 8905//8905 8904//8904 8922//8922
f 9118//9118 8972//8972 8974//8974 9116//9116
f 8938//8938 8924//8924 8939//8939 9133//9133
f 9134//9134 9085//9085 8937//8937 8923//8923
f 8975//8975 9115//9115 9116//9116 8974//8974
f 9117//9117 9138//9138 9136//9136 9137//9137
f 8973//8973 9114//9114 9115//9115 8975//8975
f 8952//8952 8948//8948 8946//8946 8950//8950
f 9026//9026 9127//9127 9113//9113 8280//8280
f 9019//9019 9122//9122 9121//9121 8957//8957
f 8957//8957 8954//8954 8953//8953 9019//9019
f 8905//8905 9134//9134 8923//8923 8906//8906
f 9139//9139 8998//8998 9033//9033 9138//9138
f 8842//8842 8838//8838 8830//8830 8834//8834
f 8838//8838 8842//8842 8850//8850 8846//8846
f 8531//8531 9234//9234 9233//9233 8521//8521
f 9248//9248 8835//8835 8843//8843 9243//9243
f 8721//8721 9206//9206 9193//9193 8723//8723
f 8724//8724 9225//9225 9178//9178 8745//8745
f 8416//8416 9179//9179 9185//9185 8400//8400
f 8948//8948 8952//8952 8951//8951 8947//8947
f 8983//8983 8947//8947 8951//8951 8995//8995
f 8906//8906 8923//8923 8925//8925 8909//8909
f 8920//8920 8902//8902 8909//8909 8925//8925
f 8974//8974 8972//8972 8968//8968 8970//8970
f 8817//8817 8813//8813 8823//8823 8827//8827
f 8920//8920 8921//8921 8903//8903 8902//8902
f 8990//8990 8976//8976 8983//8983 8995//8995
f 8976//8976 8990//8990 8991//8991 8977//8977
f 8385//8385 9211//9211 9212//9212 8388//8388
f 9129//9129 9085//9085 9134//9134 8922//8922
f 8563//8563 9023//9023 9024//9024 8552//8552
f 8744//8744 8725//8725 8705//8705 8739//8739
f 8702//8702 8737//8737 8739//8739 8705//8705
f 8742//8742 8714//8714 8709//8709 8741//8741
f 8730//8730 8746//8746 8741//8741 8709//8709
f 8733//8733 8747//8747 8806//8806 8807//8807
f 8808//8808 8802//8802 8763//8763 8767//8767
f 8767//8767 8763//8763 8773//8773 8777//8777
f 8777//8777 8773//8773 8783//8783 8787//8787
f 8787//8787 8797//8797 8790//8790 8780//8780
f 8738//8738 8704//8704 8724//8724 8745//8745
f 8736//8736 8701//8701 8704//8704 8738//8738
f 8712//8712 8743//8743 8740//8740 8708//8708
f 8747//8747 8733//8733 8708//8708 8740//8740
f 8809//8809 8758//8758 8733//8733 8807//8807
f 8758//8758 8809//8809 8804//8804 8734//8734
f 9177//9177 8734//8734 8804//8804 9176//9176
f 8807//8807 8806//8806 8766//8766 8762//8762
f 8762//8762 8766//8766 8776//8776 8772//8772
f 8772//8772 8776//8776 8786//8786 8782//8782
f 8787//8787 8783//8783 8793//8793 8797//8797
f 8789//8789 8799//8799 8793//8793 8783//8783
f 8797//8797 8793//8793 8813//8813 8817//8817
f 8969//8969 9143//9143 9145//9145 8973//8973
f 9037//9037 9038//9038 9039//9039 9042//9042
f 9038//9038 9034//9034 9041//9041 9039//9039
f 9034//9034 9079//9079 9070//9070 9041//9041
f 9079//9079 9026//9026 9063//9063 9070//9070
f 9026//9026 8280//8280 8281//8281 9063//9063
f 9129//9129 9133//9133 9137//9137 9076//9076
f 9133//9133 8939//8939 9117//9117 9137//9137
f 8926//8926 8910//8910 8903//8903 8921//8921
f 8910//8910 8926//8926 8927//8927 8911//8911
f 8917//8917 8900//8900 8911//8911 8927//8927
f 8901//8901 8900//8900 8917//8917 8918//8918
f 8977//8977 8991//8991 8992//8992 8978//8978
f 8993//8993 8979//8979 8978//8978 8992//8992
f 8979//8979 8993//8993 8994//8994 8980//8980
f 8980//8980 8994//8994 9131//9131 8981//8981
f 8928//8928 8912//8912 8901//8901 8918//8918
f 8912//8912 8928//8928 8929//8929 8913//8913
f 9147//9147 8241//8241 8242//8242 8989//8989
f 8985//8985 8242//8242 8241//8241 8240//8240
f 8240//8240 8239//8239 8986//8986 8985//8985
f 9146//9146 9148//9148 9144//9144 8988//8988
f 8238//8238 9146//9146 8988//8988 8987//8987
f 8987//8987 8986//8986 8239//8239 8238//8238
f 9148//9148 9145//9145 9143//9143 9144//9144
f 8958//8958 9147//9147 8989//8989 8955//8955
f 9149//9149 9153//9153 9012//9012 8919//8919
f 9007//9007 9151//9151 9155//9155 9120//9120
f 9154//9154 9152//9152 9009//9009 9016//9016
f 8919//8919 9009//9009 9152//9152 9149//9149
f 9153//9153 9150//9150 9002//9002 9012//9012
f 9120//9120 9155//9155 9147//9147 8958//8958
f 8996//8996 9154//9154 9016//9016 8999//8999
f 9163//9163 9162//9162 9161//9161 9159//9159
f 9165//9165 9164//9164 9157//9157 9156//9156
f 9166//9166 9162//9162 9148//9148 9146//9146
f 9167//9167 9164//9164 8239//8239 8240//8240
f 9165//9165 9166//9166 9146//9146 8238//8238
f 9007//9007 9120//9120 9119//9119 9006//9006
f 9145//9145 9148//9148 9162//9162 9163//9163
f 8238//8238 8239//8239 9164//9164 9165//9165
f 9160//9160 9161//9161 9162//9162 9166//9166
f 9156//9156 9160//9160 9166//9166 9165//9165
f 8240//8240 8241//8241 9168//9168 9167//9167
f 9154//9154 9159//9159 9161//9161 9152//9152
f 9121//9121 9017//9017 9006//9006 9119//9119
f 9114//9114 8973//8973 9145//9145 9163//9163
f 9154//9154 8996//8996 9142//9142 9159//9159
f 9147//9147 9155//9155 9168//9168 8241//8241
f 9114//9114 9163//9163 9159//9159 9142//9142
f 9153//9153 9156//9156 9157//9157 9150//9150
f 9149//9149 9160//9160 9156//9156 9153//9153
f 9005//9005 9158//9158 9151//9151 9007//9007
f 9005//9005 9002//9002 9150//9150 9158//9158
f 9160//9160 9149//9149 9152//9152 9161//9161
f 9018//9018 8916//8916 8915//8915 8930//8930
f 8915//8915 8898//8898 8913//8913 8929//8929
f 8915//8915 8916//8916 8899//8899 8898//8898
f 8981//8981 9131//9131 9130//9130 8982//8982
f 8965//8965 8961//8961 8982//8982 9130//9130
f 8814//8814 9252//9252 9251//9251 8794//8794
f 8345//8345 8869//8869 8855//8855 8335//8335
f 8335//8335 8855//8855 8856//8856 8339//8339
f 8877//8877 8488//8488 8478//8478 8878//8878
f 8878//8878 8478//8478 8468//8468 8880//8880
f 8470//8470 8474//8474 8347//8347 8295//8295
f 8367//8367 8476//8476 8470//8470 8295//8295
f 8881//8881 8314//8314 8292//8292 8879//8879
f 8866//8866 8318//8318 8314//8314 8881//8881
f 8866//8866 8316//8316 8308//8308 8867//8867
f 8355//8355 8353//8353 8309//8309 8306//8306
f 8310//8310 8353//8353 8355//8355 8305//8305
f 8871//8871 8321//8321 8306//8306 8868//8868
f 8870//8870 8296//8296 8303//8303 8872//8872
f 8872//8872 8303//8303 8343//8343 8874//8874
f 8875//8875 8362//8362 8342//8342 8874//8874
f 8873//8873 8381//8381 8341//8341 8876//8876
f 8873//8873 8380//8380 8344//8344 8869//8869
f 8875//8875 8876//8876 8341//8341 8362//8362
f 8350//8350 8300//8300 8340//8340 8363//8363
f 8348//8348 8297//8297 8300//8300 8350//8350
f 8320//8320 8361//8361 8352//8352 8304//8304
f 8379//8379 8378//8378 8310//8310 8305//8305
f 8378//8378 8379//8379 8337//8337 8336//8336
f 8358//8358 8319//8319 8311//8311 8354//8354
f 8319//8319 8358//8358 8356//8356 8315//8315
f 8315//8315 8356//8356 8346//8346 8294//8294
f 8476//8476 8367//8367 8338//8338 8472//8472
f 8863//8863 8472//8472 8338//8338 8862//8862
f 8469//8469 8473//8473 8483//8483 8479//8479
f 8493//8493 8489//8489 8479//8479 8483//8483
f 8334//8334 8857//8857 8858//8858 8337//8337
f 8865//8865 8492//8492 8482//8482 8864//8864
f 8864//8864 8482//8482 8472//8472 8863//8863
f 8364//8364 8475//8475 8471//8471 8324//8324
f 8475//8475 8364//8364 8294//8294 8469//8469
f 8861//8861 8329//8329 8324//8324 8862//8862
f 8860//8860 8330//8330 8329//8329 8861//8861
f 8859//8859 8328//8328 8330//8330 8860//8860
f 8859//8859 8336//8336 8337//8337 8858//8858
f 8368//8368 8369//8369 8328//8328 8327//8327
f 8857//8857 8331//8331 8327//8327 8858//8858
f 8855//8855 8326//8326 8325//8325 8856//8856
f 8869//8869 8344//8344 8326//8326 8855//8855
f 8328//8328 8859//8859 8858//8858 8327//8327
f 8336//8336 8859//8859 8860//8860 8332//8332
f 9236//9236 8565//8565 8554//8554 9235//9235
f 9235//9235 8554//8554 8532//8532 9234//9234
f 8535//8535 8525//8525 8519//8519 8529//8529
f 9182//9182 8511//8511 8521//8521 9233//9233
f 9181//9181 8501//8501 8511//8511 9182//9182
f 9180//9180 8542//8542 8501//8501 9181//9181
f 8428//8428 8546//8546 8540//8540 8414//8414
f 9179//9179 8417//8417 8404//8404 9185//9185
f 9184//9184 8401//8401 8400//8400 9185//9185
f 9232//9232 8399//8399 8398//8398 9183//9183
f 9231//9231 8410//8410 8399//8399 9232//9232
f 9230//9230 8438//8438 8410//8410 9231//9231
f 9230//9230 8439//8439 8407//8407 9229//9229
f 8426//8426 8407//8407 8387//8387 8421//8421
f 8420//8420 8386//8386 8406//8406 8427//8427
f 9214//9214 9229//9229 8407//8407 8426//8426
f 9214//9214 8426//8426 8408//8408 9213//9213
f 9212//9212 8389//8389 8409//8409 9213//9213
f 9211//9211 8382//8382 8389//8389 9212//9212
f 9171//9171 8395//8395 8392//8392 9170//9170
f 9169//9169 8413//8413 8393//8393 9170//9170
f 8539//8539 8546//8546 8428//8428 8412//8412
f 8441//8441 8538//8538 8539//8539 8412//8412
f 8538//8538 8441//8441 8417//8417 8537//8537
f 9210//9210 8540//8540 8497//8497 9209//9209
f 9209//9209 8497//8497 8507//8507 9208//9208
f 9208//9208 8507//8507 8517//8517 9207//9207
f 8525//8525 8535//8535 8531//8531 8521//8521
f 9234//9234 8532//8532 8522//8522 9233//9233
f 8536//8536 8526//8526 8522//8522 8532//8532
f 9220//9220 8549//8549 8528//8528 9221//9221
f 9219//9219 8560//8560 8549//8549 9220//9220
f 8332//8332 8860//8860 8861//8861 8333//8333
f 8333//8333 8861//8861 8862//8862 8338//8338
f 8481//8481 8864//8864 8863//8863 8471//8471
f 8961//8961 8965//8965 8967//8967 8963//8963
f 8963//8963 8967//8967 8966//8966 8962//8962
f 8899//8899 8916//8916 8953//8953 8949//8949
f 8954//8954 8950//8950 8949//8949 8953//8953
f 8931//8931 8932//8932 8918//8918 8917//8917
f 9066//9066 9078//9078 8932//8932 8931//8931
f 9078//9078 9066//9066 8288//8288 8290//8290
f 8276//8276 8278//8278 8290//8290 8288//8288
f 8282//8282 8277//8277 8289//8289 8291//8291
f 9082//9082 9065//9065 8291//8291 8289//8289
f 9065//9065 9082//9082 8934//8934 8933//8933
f 8933//8933 8934//8934 8921//8921 8920//8920
f 8956//8956 8952//8952 8950//8950 8954//8954
f 8952//8952 8956//8956 8955//8955 8951//8951
f 8962//8962 8966//8966 8964//8964 8960//8960
f 8908//8908 8892//8892 8960//8960 8964//8964
f 8491//8491 8865//8865 8864//8864 8481//8481
f 8471//8471 8863//8863 8862//8862 8324//8324
f 8363//8363 8340//8340 8876//8876 8875//8875
f 9195//9195 8691//8691 8681//8681 9196//9196
f 9196//9196 8681//8681 8661//8661 9197//9197
f 8666//8666 8656//8656 8651//8651 8661//8661
f 9226//9226 8640//8640 8650//8650 9201//9201
f 9227//9227 8630//8630 8640//8640 9226//9226
f 9228//9228 8673//8673 8630//8630 9227//9227
f 8603//8603 8617//8617 8676//8676 8677//8677
f 8854//8854 8601//8601 8581//8581 9187//9187
f 9188//9188 8583//8583 8580//8580 9187//9187
f 9218//9218 8570//8570 8577//8577 9259//9259
f 9259//9259 8577//8577 8597//8597 9258//9258
f 9257//9257 8614//8614 8596//8596 9258//9258
f 9256//9256 8627//8627 8595//8595 9244//9244
f 9256//9256 8626//8626 8598//8598 9245//9245
f 9245//9245 8598//8598 8587//8587 9246//9246
f 9246//9246 8587//8587 8586//8586 9174//9174
f 9244//9244 9257//9257 8615//8615 8594//8594
f 8608//8608 8574//8574 8594//8594 8615//8615
f 8606//8606 8571//8571 8574//8574 8608//8608
f 8582//8582 8613//8613 8610//8610 8578//8578
f 8617//8617 8603//8603 8578//8578 8610//8610
f 8679//8679 8628//8628 8603//8603 8677//8677
f 8628//8628 8679//8679 8674//8674 8604//8604
f 9222//9222 8604//8604 8674//8674 9240//9240
f 8677//8677 8676//8676 8636//8636 8632//8632
f 8632//8632 8636//8636 8646//8646 8642//8642
f 8642//8642 8646//8646 8656//8656 8652//8652
f 8652//8652 8656//8656 8666//8666 8662//8662
f 8668//8668 8658//8658 8652//8652 8662//8662
f 8658//8658 8668//8668 8664//8664 8654//8654
f 8686//8686 8682//8682 8662//8662 8666//8666
f 8682//8682 8686//8686 8696//8696 8692//8692
f 8567//8567 8562//8562 8692//8692 8696//8696
f 8556//8556 8551//8551 8562//8562 8567//8567
f 8534//8534 8530//8530 8551//8551 8556//8556
f 8526//8526 8536//8536 8530//8530 8520//8520
f 8530//8530 8534//8534 8524//8524 8520//8520
f 8524//8524 8534//8534 8527//8527 8517//8517
f 8514//8514 8510//8510 8520//8520 8524//8524
f 8504//8504 8500//8500 8510//8510 8514//8514
f 8546//8546 8539//8539 8500//8500 8504//8504
f 9180//9180 9179//9179 8416//8416 8542//8542
f 8440//8440 8547//8547 8542//8542 8416//8416
f 8547//8547 8440//8440 8415//8415 8545//8545
f 8412//8412 8428//8428 8423//8423 8391//8391
f 8424//8424 8396//8396 8391//8391 8423//8423
f 8384//8384 8419//8419 8421//8421 8387//8387
f 8418//8418 8383//8383 8386//8386 8420//8420
f 8394//8394 8425//8425 8422//8422 8390//8390
f 8429//8429 8415//8415 8390//8390 8422//8422
f 8415//8415 8429//8429 8544//8544 8545//8545
f 8544//8544 8429//8429 8413//8413 8543//8543
f 9210//9210 9169//9169 8414//8414 8540//8540
f 8545//8545 8544//8544 8503//8503 8499//8499
f 8499//8499 8503//8503 8513//8513 8509//8509
f 8509//8509 8513//8513 8523//8523 8519//8519
f 8519//8519 8523//8523 8533//8533 8529//8529
f 8533//8533 8523//8523 8518//8518 8528//8528
f 9221//9221 9207//9207 8517//8517 8527//8527
f 8555//8555 8550//8550 8529//8529 8533//8533
f 8550//8550 8555//8555 8566//8566 8561//8561
f 8494//8494 8490//8490 8561//8561 8566//8566
f 8490//8490 8494//8494 8484//8484 8480//8480
f 8474//8474 8470//8470 8480//8480 8484//8484
f 8469//8469 8294//8294 8346//8346 8473//8473
f 8473//8473 8346//8346 8293//8293 8468//8468
f 8357//8357 8313//8313 8295//8295 8347//8347
f 8359//8359 8317//8317 8313//8313 8357//8357
f 8317//8317 8359//8359 8353//8353 8310//8310
f 8369//8369 8368//8368 8304//8304 8311//8311
f 8311//8311 8304//8304 8352//8352 8354//8354
f 8360//8360 8322//8322 8305//8305 8355//8355
f 8298//8298 8349//8349 8351//8351 8301//8301
f 8362//8362 8341//8341 8301//8301 8351//8351
f 8614//8614 8595//8595 8575//8575 8609//8609
f 8572//8572 8607//8607 8609//8609 8575//8575
f 8612//8612 8584//8584 8579//8579 8611//8611
f 8600//8600 8616//8616 8611//8611 8579//8579
f 8671//8671 8629//8629 8605//8605 8670//8670
f 8629//8629 8671//8671 8672//8672 8600//8600
f 8616//8616 8600//8600 8672//8672 8678//8678
f 8678//8678 8672//8672 8633//8633 8637//8637
f 8637//8637 8633//8633 8643//8643 8647//8647
f 8647//8647 8643//8643 8653//8653 8657//8657
f 9194//9194 8654//8654 8664//8664 9255//9255
f 8669//8669 8659//8659 8655//8655 8665//8665
f 8659//8659 8669//8669 8663//8663 8653//8653
f 8667//8667 8663//8663 8683//8683 8687//8687
f 8687//8687 8683//8683 8693//8693 8697//8697
f 8822//8822 8826//8826 8697//8697 8693//8693
f 8812//8812 8816//8816 8826//8826 8822//8822
f 8816//8816 8812//8812 8792//8792 8796//8796
f 8799//8799 8789//8789 8785//8785 8795//8795
f 9199//9199 8821//8821 8811//8811 9198//9198
f 9198//9198 8811//8811 8791//8791 9205//9205
f 9250//9250 8784//8784 8794//8794 9251//9251
f 8788//8788 8798//8798 8794//8794 8784//8784
f 8798//8798 8788//8788 8782//8782 8792//8792
f 9190//9190 8770//8770 8780//8780 9191//9191
f 9189//9189 8760//8760 8770//8770 9190//9190
f 9247//9247 8803//8803 8760//8760 9189//9189
f 8801//8801 8759//8759 8735//8735 8800//8800
f 8759//8759 8801//8801 8802//8802 8730//8730
f 8730//8730 8802//8802 8808//8808 8746//8746
f 9204//9204 8731//8731 8711//8711 9203//9203
f 9202//9202 8713//8713 8710//8710 9203//9203
f 9239//9239 8700//8700 8707//8707 9238//9238
f 9238//9238 8707//8707 8727//8727 9237//9237
f 9178//9178 8744//8744 8726//8726 9237//9237
f 9225//9225 8725//8725 8744//8744 9178//9178
f 9224//9224 8757//8757 8725//8725 9225//9225
f 9224//9224 8756//8756 8728//8728 9223//9223
f 9223//9223 8728//8728 8717//8717 9206//9206
f 9206//9206 8717//8717 8716//8716 9193//9193
f 9192//9192 8719//8719 8718//8718 9186//9186
f 9177//9177 8735//8735 8722//8722 9186//9186
f 8806//8806 8747//8747 8731//8731 8805//8805
f 8746//8746 8808//8808 8803//8803 8732//8732
f 9204//9204 9247//9247 8805//8805 8731//8731
f 9176//9176 8804//8804 8764//8764 9175//9175
f 9175//9175 8764//8764 8774//8774 9217//9217
f 9217//9217 8774//8774 8784//8784 9250//9250
f 8786//8786 8796//8796 8792//8792 8782//8782
f 8796//8796 8786//8786 8781//8781 8791//8791
f 9191//9191 9205//9205 8791//8791 8781//8781
f 9252//9252 8815//8815 8795//8795 9251//9251
f 9200//9200 8825//8825 8815//8815 9252//9252
f 9172//9172 8589//8589 8588//8588 9173//9173
f 9222//9222 8605//8605 8592//8592 9173//9173
f 8616//8616 8678//8678 8673//8673 8602//8602
f 8676//8676 8617//8617 8601//8601 8675//8675
f 8854//8854 9228//9228 8675//8675 8601//8601
f 9240//9240 8674//8674 8634//8634 9241//9241
f 9241//9241 8634//8634 8644//8644 9242//9242
f 9242//9242 8644//8644 8654//8654 9194//9194
f 8653//8653 8663//8663 8667//8667 8657//8657
f 8657//8657 8667//8667 8660//8660 8650//8650
f 9201//9201 9197//9197 8661//8661 8651//8651
f 9254//9254 8685//8685 8665//8665 9255//9255
f 9253//9253 8695//8695 8685//8685 9254//9254
f 8381//8381 8873//8873 8869//8869 8345//8345
f 8380//8380 8873//8873 8876//8876 8340//8340
f 8232//8232 8229//8229 8210//8210 8213//8213
f 8235//8235 8234//8234 8215//8215 8216//8216
f 8196//8196 8197//8197 8216//8216 8215//8215
f 8191//8191 8194//8194 8213//8213 8210//8210
f 8172//8172 8175//8175 8194//8194 8191//8191
f 8153//8153 8156//8156 8175//8175 8172//8172
f 8177//8177 8178//8178 8197//8197 8196//8196
f 8158//8158 8159//8159 8178//8178 8177//8177
f 8134//8134 8137//8137 8156//8156 8153//8153
f 8139//8139 8140//8140 8159//8159 8158//8158
f 8140//8140 8139//8139 8120//8120 8121//8121
f 8115//8115 8118//8118 8137//8137 8134//8134
f 8096//8096 8099//8099 8118//8118 8115//8115
f 8101//8101 8102//8102 8121//8121 8120//8120
f 8102//8102 8101//8101 8082//8082 8083//8083
f 8077//8077 8080//8080 8099//8099 8096//8096
f 8058//8058 8061//8061 8080//8080 8077//8077
f 8039//8039 8042//8042 8061//8061 8058//8058
f 8083//8083 8082//8082 8063//8063 8064//8064
f 8064//8064 8063//8063 8044//8044 8045//8045
f 8045//8045 8044//8044 8025//8025 8026//8026
f 8026//8026 8025//8025 8006//8006 8007//8007
f 8007//8007 8006//8006 7987//7987 7988//7988
f 8020//8020 8023//8023 8042//8042 8039//8039
f 8001//8001 8004//8004 8023//8023 8020//8020
f 7982//7982 7985//7985 8004//8004 8001//8001
f 7985//7985 7982//7982 7963//7963 7966//7966
f 7988//7988 7987//7987 7968//7968 7969//7969
f 9442//9442 7921//7921 7920//7920 9443//9443
f 9444//9444 7942//7942 7939//7939 9443//9443
f 9444//9444 7923//7923 7922//7922 9445//9445
f 9445//9445 7922//7922 7932//7932 9446//9446
f 7887//7887 7890//7890 7909//7909 7906//7906
f 7861//7861 7868//7868 7890//7890 7887//7887
f 7853//7853 7864//7864 7868//7868 7861//7861
f 7805//7805 7856//7856 7864//7864 7853//7853
f 7801//7801 7828//7828 7856//7856 7805//7805
f 7800//7800 7824//7824 7828//7828 7801//7801
f 7813//7813 7820//7820 7824//7824 7800//7800
f 7820//7820 7813//7813 3110//3110 3133//3133
f 7892//7892 7893//7893 7912//7912 7911//7911
f 7870//7870 7871//7871 7893//7893 7892//7892
f 7871//7871 7870//7870 7866//7866 7867//7867
f 7867//7867 7866//7866 7858//7858 7859//7859
f 7859//7859 7858//7858 7830//7830 7831//7831
f 7826//7826 7827//7827 7831//7831 7830//7830
f 7822//7822 7823//7823 7827//7827 7826//7826
f 7823//7823 7822//7822 3137//3137 3139//3139
f 8363//8363 8875//8875 8874//8874 8343//8343
f 8302//8302 8872//8872 8874//8874 8342//8342
f 8299//8299 8870//8870 8872//8872 8302//8302
f 8323//8323 8871//8871 8868//8868 8307//8307
f 8318//8318 8866//8866 8867//8867 8309//8309
f 8316//8316 8866//8866 8881//8881 8312//8312
f 8312//8312 8881//8881 8879//8879 8293//8293
f 8477//8477 8878//8878 8880//8880 8467//8467
f 8487//8487 8877//8877 8878//8878 8477//8477
f 8293//8293 8879//8879 8880//8880 8468//8468
f 8307//8307 8868//8868 8867//8867 8308//8308
f 8537//8537 8417//8417 9179//9179 9180//9180
f 8537//8537 9180//9180 9181//9181 8502//8502
f 8605//8605 9222//9222 9240//9240 8670//8670
f 8615//8615 9257//9257 9258//9258 8597//8597
f 8498//8498 9209//9209 9208//9208 8508//8508
f 8508//8508 9208//9208 9207//9207 8518//8518
f 8439//8439 9230//9230 9231//9231 8411//8411
f 8502//8502 9181//9181 9182//9182 8512//8512
f 8564//8564 9236//9236 9235//9235 8553//8553
f 8411//8411 9231//9231 9232//9232 8403//8403
f 8591//8591 9246//9246 9174//9174 8593//8593
f 8635//8635 9241//9241 9242//9242 8645//8645
f 8602//8602 8673//8673 9228//9228 8854//8854
f 8729//8729 9223//9223 9206//9206 8721//8721
f 8715//8715 9202//9202 9203//9203 8711//8711
f 8690//8690 9195//9195 9196//9196 8680//8680
f 8585//8585 9188//9188 9187//9187 8581//8581
f 8703//8703 9239//9239 9238//9238 8706//8706
f 8694//8694 9253//9253 9254//9254 8684//8684
f 8590//8590 9172//9172 9173//9173 8592//8592
f 8675//8675 9228//9228 9227//9227 8631//8631
f 8650//8650 8660//8660 9197//9197 9201//9201
f 8626//8626 9256//9256 9244//9244 8594//8594
f 8680//8680 9196//9196 9197//9197 8660//8660
f 8757//8757 9224//9224 9223//9223 8729//8729
f 8595//8595 8614//8614 9257//9257 9244//9244
f 8800//8800 9176//9176 9175//9175 8765//8765
f 8627//8627 9256//9256 9245//9245 8599//8599
f 8732//8732 9204//9204 9203//9203 8710//8710
f 8824//8824 9200//9200 9252//9252 8814//8814
f 8765//8765 9175//9175 9217//9217 8775//8775
f 8604//8604 9222//9222 9173//9173 8588//8588
f 8775//8775 9217//9217 9250//9250 8785//8785
f 8599//8599 9245//9245 9246//9246 8591//8591
f 8645//8645 9242//9242 9194//9194 8655//8655
f 8684//8684 9254//9254 9255//9255 8664//8664
f 8655//8655 9194//9194 9255//9255 8665//8665
f 8576//8576 9259//9259 9258//9258 8596//8596
f 8631//8631 9227//9227 9226//9226 8641//8641
f 8771//8771 9190//9190 9191//9191 8781//8781
f 8805//8805 9247//9247 9189//9189 8761//8761
f 8720//8720 9192//9192 9186//9186 8722//8722
f 8785//8785 9250//9250 9251//9251 8795//8795
f 8732//8732 8803//8803 9247//9247 9204//9204
f 8820//8820 9199//9199 9198//9198 8810//8810
f 8735//8735 9177//9177 9176//9176 8800//8800
f 8810//8810 9198//9198 9205//9205 8790//8790
f 8756//8756 9224//9224 9225//9225 8724//8724
f 9354//9354 9358//9358 8832//8832 9396//9396
f 8706//8706 9238//9238 9237//9237 8726//8726
f 8734//8734 9177//9177 9186//9186 8718//8718
f 8780//8780 8790//8790 9205//9205 9191//9191
f 8745//8745 9178//9178 9237//9237 8727//8727
f 8834//8834 9248//9248 9243//9243 8842//8842
f 9394//9394 9354//9354 9396//9396 9397//9397
f 8697//8697 8826//8826 8821//8821 8690//8690
f 8567//8567 8696//8696 8691//8691 8559//8559
f 8494//8494 8566//8566 8560//8560 8487//8487
f 9398//9398 8489//8489 8493//8493 9399//9399
f 9401//9401 8891//8891 8888//8888 9402//9402
f 9399//9399 8493//8493 8488//8488 9403//9403
f 9404//9404 8883//8883 8945//8945 9403//9403
f 9404//9404 8877//8877 8487//8487 9405//9405
f 9405//9405 8487//8487 8560//8560 9406//9406
f 9407//9407 8896//8896 8897//8897 9406//9406
f 9407//9407 9219//9219 8559//8559 9408//9408
f 9409//9409 8884//8884 8885//8885 9408//9408
f 9409//9409 8691//8691 9195//9195 9410//9410
f 9411//9411 8894//8894 8895//8895 9410//9410
f 9411//9411 8690//8690 8821//8821 9412//9412
f 9412//9412 8821//8821 9199//9199 9413//9413
f 9413//9413 9199//9199 8820//8820 9414//9414
f 9415//9415 8960//8960 8892//8892 9400//9400
f 9417//9417 8495//8495 8489//8489 9398//9398
f 9417//9417 8947//8947 8983//8983 9418//9418
f 9419//9419 8865//8865 8491//8491 9418//9418
f 9419//9419 8976//8976 8977//8977 9420//9420
f 9420//9420 8977//8977 8978//8978 9421//9421
f 9422//9422 8963//8963 8962//8962 9416//9416
f 9423//9423 8961//8961 8963//8963 9422//9422
f 9423//9423 9200//9200 8824//8824 9424//9424
f 9425//9425 8981//8981 8982//8982 9424//9424
f 8565//8565 9236//9236 9253//9253 8694//8694
f 9426//9426 8980//8980 8981//8981 9425//9425
f 9427//9427 8979//8979 8980//8980 9426//9426
f 9427//9427 9236//9236 8564//8564 9421//9421
f 9301//9301 9270//9270 9273//9273 9302//9302
f 8425//8425 8418//8418 8382//8382 8397//8397
f 9309//9309 9264//9264 9261//9261 9312//9312
f 8394//8394 8383//8383 8418//8418 8425//8425
f 9297//9297 9263//9263 9266//9266 9299//9299
f 8435//8435 8434//8434 8383//8383 8394//8394
f 8434//8434 8435//8435 8401//8401 8398//8398
f 9313//9313 9272//9272 9268//9268 9310//9310
f 9306//9306 9292//9292 9270//9270 9301//9301
f 9184//9184 9183//9183 8398//8398 8401//8401
f 9311//9311 9280//9280 9282//9282 9315//9315
f 9183//9183 9184//9184 8402//8402 8405//8405
f 9314//9314 9281//9281 9283//9283 9308//9308
f 9299//9299 9266//9266 9286//9286 9304//9304
f 9314//9314 9265//9265 9285//9285 9317//9317
f 9316//9316 9284//9284 9264//9264 9309//9309
f 9310//9310 9268//9268 9293//9293 9318//9318
f 9315//9315 9282//9282 9295//9295 9319//9319
f 9271//9271 9300//9300 9303//9303 9275//9275
f 8433//8433 8430//8430 8405//8405 8402//8402
f 9260//9260 9296//9296 9298//9298 9267//9267
f 8430//8430 8433//8433 8396//8396 8384//8384
f 9291//9291 9307//9307 9300//9300 9271//9271
f 9267//9267 9298//9298 9305//9305 9287//9287
f 8384//8384 8396//8396 8424//8424 8419//8419
f 9277//9277 9309//9309 9312//9312 9276//9276
f 8419//8419 8424//8424 8395//8395 8385//8385
f 9279//9279 9313//9313 9310//9310 9278//9278
f 9171//9171 9211//9211 8385//8385 8395//8395
f 9274//9274 9311//9311 9315//9315 9269//9269
f 9211//9211 9171//9171 8397//8397 8382//8382
f 9265//9265 9314//9314 9308//9308 9262//9262
f 9281//9281 9314//9314 9317//9317 9289//9289
f 9288//9288 9316//9316 9309//9309 9277//9277
f 9278//9278 9310//9310 9318//9318 9294//9294
f 9269//9269 9315//9315 9319//9319 9290//9290
f 9361//9361 9360//9360 9325//9325 9329//9329
f 9366//9366 9365//9365 9321//9321 9326//9326
f 9369//9369 9367//9367 9322//9322 9328//9328
f 9346//9346 9336//9336 9331//9331 9341//9341
f 9348//9348 9338//9338 9332//9332 9342//9342
f 9338//9338 9348//9348 9344//9344 9334//9334
f 9349//9349 9339//9339 9335//9335 9345//9345
f 9339//9339 9349//9349 9343//9343 9333//9333
f 9337//9337 9347//9347 9340//9340 9330//9330
f 9329//9329 9339//9339 9333//9333 9323//9323
f 9339//9339 9329//9329 9325//9325 9335//9335
f 9328//9328 9338//9338 9334//9334 9324//9324
f 9338//9338 9328//9328 9322//9322 9332//9332
f 9336//9336 9326//9326 9321//9321 9331//9331
f 9327//9327 9337//9337 9330//9330 9320//9320
f 9329//9329 9323//9323 9362//9362 9361//9361
f 9327//9327 9320//9320 9363//9363 9368//9368
f 9328//9328 9324//9324 9364//9364 9369//9369
f 9321//9321 9375//9375 9376//9376 9331//9331
f 8870//8870 8871//8871 8323//8323 8296//8296
f 9281//9281 9384//9384 9379//9379 9283//9283
f 9284//9284 9388//9388 9373//9373 9305//9305
f 9304//9304 9285//9285 9265//9265 9299//9299
f 9262//9262 9297//9297 9299//9299 9265//9265
f 8361//8361 8348//8348 8296//8296 8323//8323
f 8320//8320 8297//8297 8348//8348 8361//8361
f 9302//9302 9274//9274 9269//9269 9301//9301
f 9290//9290 9306//9306 9301//9301 9269//9269
f 9293//9293 9307//9307 9366//9366 9367//9367
f 9368//9368 9362//9362 9323//9323 9327//9327
f 9327//9327 9323//9323 9333//9333 9337//9337
f 9337//9337 9333//9333 9343//9343 9347//9347
f 9347//9347 9357//9357 9350//9350 9340//9340
f 9298//9298 9264//9264 9284//9284 9305//9305
f 9296//9296 9261//9261 9264//9264 9298//9298
f 8374//8374 8373//8373 8297//8297 8320//8320
f 8373//8373 8374//8374 8331//8331 8325//8325
f 9272//9272 9303//9303 9300//9300 9268//9268
f 9307//9307 9293//9293 9268//9268 9300//9300
f 9369//9369 9318//9318 9293//9293 9367//9367
f 9318//9318 9369//9369 9364//9364 9294//9294
f 9372//9372 9294//9294 9364//9364 9371//9371
f 9367//9367 9366//9366 9326//9326 9322//9322
f 9322//9322 9326//9326 9336//9336 9332//9332
f 9332//9332 9336//9336 9346//9346 9342//9342
f 9347//9347 9343//9343 9353//9353 9357//9357
f 9349//9349 9359//9359 9353//9353 9343//9343
f 9359//9359 9349//9349 9345//9345 9355//9355
f 9393//9393 9344//9344 9354//9354 9394//9394
f 9348//9348 9358//9358 9354//9354 9344//9344
f 9358//9358 9348//9348 9342//9342 9352//9352
f 9376//9376 9330//9330 9340//9340 9377//9377
f 9375//9375 9320//9320 9330//9330 9376//9376
f 9392//9392 9363//9363 9320//9320 9375//9375
f 9361//9361 9319//9319 9295//9295 9360//9360
f 9319//9319 9361//9361 9362//9362 9290//9290
f 9290//9290 9362//9362 9368//9368 9306//9306
f 9382//9382 9291//9291 9271//9271 9381//9381
f 9380//9380 9273//9273 9270//9270 9381//9381
f 8857//8857 8856//8856 8325//8325 8331//8331
f 8856//8856 8857//8857 8334//8334 8339//8339
f 9391//9391 9260//9260 9267//9267 9390//9390
f 9390//9390 9267//9267 9287//9287 9389//9389
f 9373//9373 9304//9304 9286//9286 9389//9389
f 9388//9388 9285//9285 9304//9304 9373//9373
f 9387//9387 9317//9317 9285//9285 9388//9388
f 9387//9387 9316//9316 9288//9288 9386//9386
f 9386//9386 9288//9288 9277//9277 9384//9384
f 9384//9384 9277//9277 9276//9276 9379//9379
f 8372//8372 8365//8365 8339//8339 8334//8334
f 8365//8365 8372//8372 8322//8322 8298//8298
f 9378//9378 9279//9279 9278//9278 9374//9374
f 9372//9372 9295//9295 9282//9282 9374//9374
f 9366//9366 9307//9307 9291//9291 9365//9365
f 9306//9306 9368//9368 9363//9363 9292//9292
f 9382//9382 9392//9392 9365//9365 9291//9291
f 9371//9371 9364//9364 9324//9324 9370//9370
f 9370//9370 9324//9324 9334//9334 9385//9385
f 9385//9385 9334//9334 9344//9344 9393//9393
f 9346//9346 9356//9356 9352//9352 9342//9342
f 9356//9356 9346//9346 9341//9341 9351//9351
f 9377//9377 9383//9383 9351//9351 9341//9341
f 9289//9289 9386//9386 9384//9384 9281//9281
f 9275//9275 9380//9380 9381//9381 9271//9271
f 9263//9263 9391//9391 9390//9390 9266//9266
f 9317//9317 9387//9387 9386//9386 9289//9289
f 9360//9360 9371//9371 9370//9370 9325//9325
f 9292//9292 9382//9382 9381//9381 9270//9270
f 9325//9325 9370//9370 9385//9385 9335//9335
f 9335//9335 9385//9385 9393//9393 9345//9345
f 9331//9331 9376//9376 9377//9377 9341//9341
f 9365//9365 9392//9392 9375//9375 9321//9321
f 9280//9280 9378//9378 9374//9374 9282//9282
f 9345//9345 9393//9393 9394//9394 9355//9355
f 9292//9292 9363//9363 9392//9392 9382//9382
f 9295//9295 9372//9372 9371//9371 9360//9360
f 9316//9316 9387//9387 9388//9388 9284//9284
f 8298//8298 8322//8322 8360//8360 8349//8349
f 8349//8349 8360//8360 8321//8321 8299//8299
f 9266//9266 9390//9390 9389//9389 9286//9286
f 8871//8871 8870//8870 8299//8299 8321//8321
f 9294//9294 9372//9372 9374//9374 9278//9278
f 9340//9340 9350//9350 9383//9383 9377//9377
f 9305//9305 9373//9373 9389//9389 9287//9287
f 9383//9383 9248//9248 8834//8834 9351//9351
f 9248//9248 9383//9383 9350//9350 8835//8835
f 9351//9351 8834//8834 8830//8830 9356//9356
f 8836//8836 9352//9352 9356//9356 8830//8830
f 9352//9352 8836//8836 8832//8832 9358//9358
f 8835//8835 9350//9350 9357//9357 8831//8831
f 9353//9353 8837//8837 8831//8831 9357//9357
f 8837//8837 9353//9353 9359//9359 8833//8833
f 9355//9355 9249//9249 8833//8833 9359//9359
f 9243//9243 8843//8843 8851//8851 9395//9395
f 8842//8842 9243//9243 9395//9395 8850//8850
f 9428//9428 8890//8890 8893//8893 9414//9414
f 9429//9429 8889//8889 8890//8890 9428//9428
f 9402//9402 8888//8888 8889//8889 9429//9429
f 9397//9397 9249//9249 9355//9355 9394//9394
f 9249//9249 9397//9397 9396//9396 8832//8832
f 8840//8840 9216//9216 9249//9249 8832//8832
f 8850//8850 9395//9395 9429//9429 9428//9428
f 9416//9416 8962//8962 8960//8960 9415//9415
f 8948//8948 9398//9398 9399//9399 8946//8946
f 8946//8946 9399//9399 9403//9403 8945//8945
f 8877//8877 9404//9404 9403//9403 8488//8488
f 8883//8883 9404//9404 9405//9405 8882//8882
f 8882//8882 9405//9405 9406//9406 8897//8897
f 9219//9219 9407//9407 9406//9406 8560//8560
f 8896//8896 9407//9407 9408//9408 8885//8885
f 8691//8691 9409//9409 9408//9408 8559//8559
f 8884//8884 9409//9409 9410//9410 8895//8895
f 8690//8690 9411//9411 9410//9410 9195//9195
f 8894//8894 9411//9411 9412//9412 8887//8887
f 8887//8887 9412//9412 9413//9413 8886//8886
f 8886//8886 9413//9413 9414//9414 8893//8893
f 8891//8891 9401//9401 9400//9400 8892//8892
f 8947//8947 9417//9417 9398//9398 8948//8948
f 8495//8495 9417//9417 9418//9418 8491//8491
f 8976//8976 9419//9419 9418//9418 8983//8983
f 8865//8865 9419//9419 9420//9420 8492//8492
f 8492//8492 9420//9420 9421//9421 8564//8564
f 8848//8848 8829//8829 8825//8825 9215//9215
f 9200//9200 9423//9423 9422//9422 8825//8825
f 8961//8961 9423//9423 9424//9424 8982//8982
f 8695//8695 9425//9425 9424//9424 8824//8824
f 9253//9253 9426//9426 9425//9425 8695//8695
f 9236//9236 9427//9427 9426//9426 9253//9253
f 8979//8979 9427//9427 9421//9421 8978//8978
f 8827//8827 8846//8846 8850//8850 8820//8820
f 9428//9428 9414//9414 8820//8820 8850//8850
f 8847//8847 9401//9401 9402//9402 8851//8851
f 8853//8853 9400//9400 9401//9401 8847//8847
f 9400//9400 8853//8853 8849//8849 9415//9415
f 8848//8848 9215//9215 9216//9216 8840//8840
f 8841//8841 9216//9216 9215//9215 8849//8849
f 8825//8825 9422//9422 9416//9416 9215//9215
f 9215//9215 9416//9416 9415//9415 8849//8849
f 9150//9150 9157//9157 9430//9430 9158//9158
f 9155//9155 9151//9151 9167//9167 9168//9168
f 9164//9164 9167//9167 9430//9430 9157//9157
f 9151//9151 9158//9158 9430//9430 9167//9167
f 9002//9002 9005//9005 9004//9004 9001//9001
f 9001//9001 9004//9004 9003//9003 9000//9000
f 9000//9000 9003//9003 9040//9040 9046//9046
f 9046//9046 9040//9040 9043//9043 9047//9047
f 9047//9047 9043//9043 9042//9042 9048//9048
f 9039//9039 9045//9045 9048//9048 9042//9042
f 9041//9041 9044//9044 9045//9045 9039//9039
f 9070//9070 9083//9083 9044//9044 9041//9041
f 9083//9083 9070//9070 9063//9063 9061//9061
f 9061//9061 9063//9063 8281//8281 8283//8283
f 8283//8283 8281//8281 8263//8263 8265//8265
f 9112//9112 8262//8262 8280//8280 9113//9113
f 8227//8227 9111//9111 8253//8253 8224//8224
f 9111//9111 8227//8227 8226//8226 8256//8256
f 8256//8256 8226//8226 8236//8236 8255//8255
f 8231//8231 8264//8264 8255//8255 8236//8236
f 9109//9109 8215//8215 8234//8234 9110//9110
f 8237//8237 8235//8235 8216//8216 8218//8218
f 8218//8218 8216//8216 8197//8197 8199//8199
f 9108//9108 8196//8196 8215//8215 9109//9109
f 9107//9107 8177//8177 8196//8196 9108//9108
f 8199//8199 8197//8197 8178//8178 8180//8180
f 8180//8180 8178//8178 8159//8159 8161//8161
f 8161//8161 8159//8159 8140//8140 8142//8142
f 8121//8121 8123//8123 8142//8142 8140//8140
f 8123//8123 8121//8121 8102//8102 8104//8104
f 8083//8083 8085//8085 8104//8104 8102//8102
f 8085//8085 8083//8083 8064//8064 8066//8066
f 8066//8066 8064//8064 8045//8045 8047//8047
f 8047//8047 8045//8045 8026//8026 8028//8028
f 8007//8007 8009//8009 8028//8028 8026//8026
f 8009//8009 8007//8007 7988//7988 7990//7990
f 7990//7990 7988//7988 7969//7969 7971//7971
f 9447//9447 7946//7946 7951//7951 9446//9446
f 9447//9447 7927//7927 7926//7926 9448//9448
f 7908//7908 7927//7927 7932//7932 7913//7913
f 7927//7927 7908//7908 7907//7907 7926//7926
f 7893//7893 7895//7895 7914//7914 7912//7912
f 7895//7895 7893//7893 7871//7871 7876//7876
f 7867//7867 7875//7875 7876//7876 7871//7871
f 7859//7859 7872//7872 7875//7875 7867//7867
f 7872//7872 7859//7859 7831//7831 7722//7722
f 7827//7827 7723//7723 7722//7722 7831//7831
f 7823//7823 7724//7724 7723//7723 7827//7827
f 3139//3139 3030//3030 7724//7724 7823//7823
f 7822//7822 9086//9086 4450//4450 3137//3137
f 9086//9086 7822//7822 7826//7826 9031//9031
f 9031//9031 7826//7826 7830//7830 9088//9088
f 7858//7858 9089//9089 9088//9088 7830//7830
f 7866//7866 9090//9090 9089//9089 7858//7858
f 7870//7870 9091//9091 9090//9090 7866//7866
f 9091//9091 7870//7870 7892//7892 9092//9092
f 9092//9092 7892//7892 7911//7911 9093//9093
f 7905//7905 7924//7924 7926//7926 7907//7907
f 7898//7898 7917//7917 7924//7924 7905//7905
f 9449//9449 7943//7943 7945//7945 9448//9448
f 9450//9450 7936//7936 7943//7943 9449//9449
f 9096//9096 7968//7968 7987//7987 9097//9097
f 8006//8006 9098//9098 9097//9097 7987//7987
f 9098//9098 8006//8006 8025//8025 9099//9099
f 8044//8044 9100//9100 9099//9099 8025//8025
f 9100//9100 8044//8044 8063//8063 9101//9101
f 8082//8082 9102//9102 9101//9101 8063//8063
f 9102//9102 8082//8082 8101//8101 9103//9103
f 9103//9103 8101//8101 8120//8120 9104//9104
f 9104//9104 8120//8120 8139//8139 9105//9105
f 9105//9105 8139//8139 8158//8158 9106//9106
f 9106//9106 8158//8158 8177//8177 9107//9107
f 9218//9218 9188//9188 8585//8585 8570//8570
f 9188//9188 9218//9218 8573//8573 8583//8583
f 8607//8607 8612//8612 8583//8583 8573//8573
f 8613//8613 8606//8606 8570//8570 8585//8585
f 8582//8582 8571//8571 8606//8606 8613//8613
f 8623//8623 8622//8622 8571//8571 8582//8582
f 8622//8622 8623//8623 8589//8589 8586//8586
f 9172//9172 9174//9174 8586//8586 8589//8589
f 9174//9174 9172//9172 8590//8590 8593//8593
f 8621//8621 8618//8618 8593//8593 8590//8590
f 8618//8618 8621//8621 8584//8584 8572//8572
f 8572//8572 8584//8584 8612//8612 8607//8607
f 9239//9239 9202//9202 8715//8715 8700//8700
f 9202//9202 9239//9239 8703//8703 8713//8713
f 8737//8737 8742//8742 8713//8713 8703//8703
f 8702//8702 8714//8714 8742//8742 8737//8737
f 8748//8748 8751//8751 8714//8714 8702//8702
f 8751//8751 8748//8748 8723//8723 8720//8720
f 9193//9193 9192//9192 8720//8720 8723//8723
f 9192//9192 9193//9193 8716//8716 8719//8719
f 8752//8752 8753//8753 8719//8719 8716//8716
f 8753//8753 8752//8752 8701//8701 8712//8712
f 8712//8712 8701//8701 8736//8736 8743//8743
f 8743//8743 8736//8736 8700//8700 8715//8715
f 9303//9303 9296//9296 9260//9260 9275//9275
f 9272//9272 9261//9261 9296//9296 9303//9303
f 9313//9313 9312//9312 9261//9261 9272//9272
f 9312//9312 9313//9313 9279//9279 9276//9276
f 9378//9378 9379//9379 9276//9276 9279//9279
f 9379//9379 9378//9378 9280//9280 9283//9283
f 9311//9311 9308//9308 9283//9283 9280//9280
f 9308//9308 9311//9311 9274//9274 9262//9262
f 9262//9262 9274//9274 9302//9302 9297//9297
f 9297//9297 9302//9302 9273//9273 9263//9263
f 9380//9380 9391//9391 9263//9263 9273//9273
f 9391//9391 9380//9380 9275//9275 9260//9260
f 7922//7922 7903//7903 7913//7913 7932//7932
f 7923//7923 7904//7904 7903//7903 7922//7922
f 7904//7904 7923//7923 7920//7920 7901//7901
f 7921//7921 7902//7902 7901//7901 7920//7920
f 7918//7918 7899//7899 7902//7902 7921//7921
f 7899//7899 7918//7918 7919//7919 7900//7900
f 7915//7915 7896//7896 7900//7900 7919//7919
f 7916//7916 7897//7897 7896//7896 7915//7915
f 7933//7933 7914//7914 7897//7897 7916//7916
f 7914//7914 7933//7933 7931//7931 7912//7912
f 7930//7930 7911//7911 7912//7912 7931//7931
f 7911//7911 7930//7930 9094//9094 9093//9093
f 9093//9093 9094//9094 7929//7929 7910//7910
f 7910//7910 7929//7929 7928//7928 7909//7909
f 7925//7925 7906//7906 7909//7909 7928//7928
f 7917//7917 7898//7898 7906//7906 7925//7925
f 7936//7936 7955//7955 7962//7962 7943//7943
f 7943//7943 7962//7962 7964//7964 7945//7945
f 7965//7965 7946//7946 7945//7945 7964//7964
f 7946//7946 7965//7965 7970//7970 7951//7951
f 7960//7960 7941//7941 7951//7951 7970//7970
f 7961//7961 7942//7942 7941//7941 7960//7960
f 7942//7942 7961//7961 7958//7958 7939//7939
f 7959//7959 7940//7940 7939//7939 7958//7958
f 7956//7956 7937//7937 7940//7940 7959//7959
f 7937//7937 7956//7956 7957//7957 7938//7938
f 7953//7953 7934//7934 7938//7938 7957//7957
f 7954//7954 7935//7935 7934//7934 7953//7953
f 7971//7971 7952//7952 7935//7935 7954//7954
f 7969//7969 7950//7950 7952//7952 7971//7971
f 7950//7950 7969//7969 7968//7968 7949//7949
f 7949//7949 7968//7968 9096//9096 9095//9095
f 9095//9095 9096//9096 7967//7967 7948//7948
f 7948//7948 7967//7967 7966//7966 7947//7947
f 7963//7963 7944//7944 7947//7947 7966//7966
f 7955//7955 7936//7936 7944//7944 7963//7963
f 7936//7936 9450//9450 9431//9431 7944//7944
f 7947//7947 7944//7944 9431//9431 9432//9432
f 7929//7929 9433//9433 9432//9432 7928//7928
f 9094//9094 9434//9434 9433//9433 7929//7929
f 9094//9094 7930//7930 9435//9435 9434//9434
f 7950//7950 7949//7949 9435//9435 9436//9436
f 7952//7952 7950//7950 9436//9436 9437//9437
f 7952//7952 9437//9437 9438//9438 7935//7935
f 7935//7935 9438//9438 9439//9439 7934//7934
f 7934//7934 9439//9439 9440//9440 7938//7938
f 7918//7918 9441//9441 9440//9440 7919//7919
f 7937//7937 9441//9441 9442//9442 7940//7940
f 7940//7940 9442//9442 9443//9443 7939//7939
f 7923//7923 9444//9444 9443//9443 7920//7920
f 7942//7942 9444//9444 9445//9445 7941//7941
f 7941//7941 9445//9445 9446//9446 7951//7951
f 7927//7927 9447//9447 9446//9446 7932//7932
f 7946//7946 9447//9447 9448//9448 7945//7945
f 7924//7924 9449//9449 9448//9448 7926//7926
f 7917//7917 9450//9450 9449//9449 7924//7924
f 8449//8449 8453//8453 3772//3772 3769//3769
f 8461//8461 8455//8455 3781//3781 3788//3788
f 5084//5084 339//339 341//341 5085//5085
f 5443//5443 708//708 2851//2851 7561//7561
f 7586//7586 2874//2874 2879//2879 7589//7589
f 2765//2765 7488//7488 7501//7501 2779//2779
f 5032//5032 282//282 306//306 5055//5055
