# 결 GYEOL — 표준 인체 (male)
# MakeHuman hm08 base.obj + macrodetails male-young 타깃(아프리카·아시아·코카서스 1/3씩) · 전부 CC0
# 목 위는 잘라냈습니다. 목 절단선 y=6.446 = 파일 높이 비율 0.9474 (21-body-base.js의 neckCutFrac)
mtllib body_makehuman.mtl
o Body_male
v -0.0486 7.1344 1.4151
v -0.1362 7.1584 1.3836
v 0.0000 7.1280 1.4077
v -0.0652 7.0759 1.3178
v -0.1332 7.1222 1.2911
v -0.1850 7.1353 1.2646
v 0.0000 7.0619 1.3066
v -0.0672 7.0497 1.1320
v -0.1487 7.0878 1.1301
v -0.2061 7.1347 1.1238
v 0.0000 7.0152 1.1446
v -0.2745 7.1725 0.9512
v -0.0791 7.0357 0.9630
v -0.1605 7.0662 0.9606
v -0.2295 7.1071 0.9557
v 0.0000 7.0065 0.9661
v -0.2998 7.1755 0.7259
v -0.0824 6.9187 0.6376
v -0.1840 7.0453 0.6174
v -0.2635 7.0901 0.6609
v 0.0000 6.9122 0.6437
v -0.2209 7.2366 0.5273
v -0.0686 7.1126 0.5148
v -0.1209 7.1287 0.5082
v -0.1786 7.1655 0.5137
v 0.0000 7.1025 0.5179
v -0.1810 7.1494 1.4644
v -0.1279 7.1272 1.4798
v -0.0590 7.1168 1.4917
v 0.0000 7.1216 1.4971
v -0.0705 6.8647 1.2920
v -0.1413 6.8759 1.2661
v -0.1276 7.0898 1.4676
v -0.0677 7.0732 1.4929
v 0.0000 6.8723 1.3468
v 0.0000 7.0717 1.5060
v -0.1858 7.1150 1.4404
v -0.5058 7.1574 0.9941
v -0.5156 7.1570 0.7486
v -0.4755 7.0938 0.8037
v -0.4289 7.0463 0.8689
v -0.3315 6.9691 1.0125
v -0.0687 6.8488 1.2300
v -0.5261 7.1805 0.5255
v -0.1400 6.8647 1.1975
v 0.0000 6.8641 1.2972
v -0.5576 7.2428 0.4407
v -0.5186 7.0806 0.4780
v -0.5501 7.1328 0.3882
v -0.5179 6.9411 0.4391
v -0.5474 6.9894 0.3472
v -0.5338 6.8130 0.4018
v -0.5676 6.8635 0.3101
v -0.5805 6.6998 0.3630
v -0.6067 6.7509 0.2726
v -0.6389 6.6035 0.3209
v -0.6715 6.6669 0.2304
v -0.7228 6.5359 0.2802
v -0.7554 6.5912 0.1924
v -0.4680 7.0623 0.6479
v -0.4971 7.1170 0.5916
v -0.4457 6.9802 0.6111
v -0.4909 7.0283 0.5502
v -0.4516 6.8604 0.5790
v -0.4915 6.8970 0.5140
v -0.4750 6.7322 0.5437
v -0.5105 6.7749 0.4766
v -0.5094 6.6082 0.5069
v -0.5538 6.6535 0.4401
v -0.5812 6.5080 0.4659
v -0.6118 6.5534 0.3950
v -0.6509 6.4220 0.4193
v -0.6984 6.4833 0.3551
v -0.4298 7.0176 0.7012
v -0.4337 6.7003 0.6062
v -0.4662 6.5737 0.5771
v -0.5265 6.4627 0.5378
v -0.6047 6.3757 0.4864
v 0.0000 6.8488 1.2332
v -0.0669 6.8287 1.0631
v -0.1358 6.8389 1.0370
v 0.0000 6.8255 1.0722
v -0.3112 6.9234 0.8775
v -0.0613 6.7991 0.9413
v -0.1260 6.8030 0.9293
v 0.0000 6.8024 0.9409
v -0.2870 6.8653 0.8175
v -0.0541 6.6812 0.8685
v -0.1135 6.6859 0.8595
v 0.0000 6.6765 0.8787
v -0.2691 6.7546 0.7751
v -0.0573 6.5406 0.8594
v -0.2309 6.5916 0.7869
v -0.1146 6.5527 0.8442
v -0.2515 6.1964 0.7208
v 0.0000 6.5359 0.8666
v -0.2841 6.6149 0.7484
v -0.0602 6.4136 0.8101
v -0.2572 6.4578 0.7534
v -0.1220 6.4266 0.7993
v -0.2112 6.3135 0.7458
v 0.0000 6.4074 0.8160
v -0.3088 6.4780 0.7200
v -0.0686 6.2820 0.7702
v -0.2801 6.3317 0.7187
v -0.1395 6.2962 0.7621
v -0.1882 6.4423 0.7806
v 0.0000 6.2762 0.7724
v -0.3445 6.3558 0.6880
v -0.0812 6.1613 0.7484
v -0.3349 6.2224 0.6905
v -0.1660 6.1755 0.7382
v -0.1711 6.5720 0.8137
v 0.0000 6.1557 0.7511
v -0.4073 6.2517 0.6513
v -0.5561 7.1826 0.2753
v -0.5528 7.0377 0.2350
v -0.5646 6.9085 0.1991
v -0.6089 6.8076 0.1650
v -0.6759 6.7174 0.1353
v -0.7594 6.6374 0.0989
v -0.5134 7.2278 0.1600
v -0.5195 7.0819 0.1287
v -0.5448 6.9591 0.0949
v -0.5827 6.8467 0.0688
v -0.6475 6.7417 0.0447
v -0.7233 6.6512 0.0087
v -0.4389 7.2592 0.0477
v -0.4504 7.1140 0.0320
v -0.4817 6.9927 0.0070
v -0.5223 6.8770 -0.0115
v -0.5904 6.7601 -0.0389
v -0.6733 6.6601 -0.0785
v -0.3705 7.1431 -0.0381
v -0.3982 7.0172 -0.0622
v -0.4350 6.8972 -0.0891
v -0.5080 6.7677 -0.1170
v -0.5961 6.6537 -0.1572
v -0.2988 7.1669 -0.0983
v -0.3186 7.0367 -0.1218
v -0.3451 6.9066 -0.1499
v -0.4110 6.7623 -0.1835
v -0.4957 6.6307 -0.2270
v -0.2203 7.1905 -0.1441
v -0.2332 7.0571 -0.1599
v -0.2505 6.9159 -0.1871
v -0.2947 6.7519 -0.2320
v -0.3744 6.6062 -0.2795
v 0.0000 7.2168 -0.1767
v 0.0000 7.0842 -0.1912
v 0.0000 6.9299 -0.2119
v 0.0000 6.7403 -0.2475
v 0.0000 6.5579 -0.3094
v -0.3353 6.9764 1.0870
v -0.4431 7.0615 0.9492
v -0.4952 7.1147 0.8881
v -0.5438 7.1825 0.8329
v -0.2426 7.1453 1.4211
v -0.2098 6.8955 1.1433
v -0.2094 6.9115 1.2664
v -0.4505 7.0880 1.0464
v -0.2757 6.9452 1.2134
v -0.3351 6.9842 1.1591
v -0.1445 6.8859 1.3116
v -0.0709 6.8767 1.3396
v -0.2740 6.9317 1.0788
v -0.2111 6.9051 1.2136
v -0.2746 6.9371 1.1531
v -0.2586 6.8918 0.9372
v -0.2382 6.8374 0.8658
v -0.1860 6.8158 0.9031
v -0.1997 6.8621 0.9915
v -0.3979 6.9894 0.7556
v -0.3717 6.6690 0.6688
v -0.4113 6.5316 0.6394
v -0.4649 6.4233 0.5951
v -0.5398 6.3261 0.5468
v -0.0677 6.8403 1.1546
v -0.1383 6.8543 1.1221
v 0.0000 6.8375 1.1619
v -0.2057 6.8853 1.0649
v -0.2685 6.9196 1.0018
v -0.3237 6.9544 0.9376
v -0.5216 7.1909 0.6406
v -0.4555 7.0670 0.7387
v -0.4130 7.0240 0.8009
v -0.4905 7.1190 0.6912
v -0.0997 6.5646 -0.3093
v -0.0720 7.2132 -0.1811
v -0.0738 6.9256 -0.2114
v -0.0738 7.0768 -0.1894
v -0.0786 6.7400 -0.2486
v -0.4044 6.9475 0.6654
v -0.3734 6.9282 0.7166
v -0.4005 6.8263 0.6378
v -0.3551 6.8047 0.6895
v -0.2228 6.7195 0.8191
v -0.1720 6.6969 0.8450
v -0.1847 6.7447 -0.2467
v -0.1515 7.0690 -0.1801
v -0.2313 6.5803 -0.3017
v -0.1614 6.9192 -0.2047
v -0.1446 7.2070 -0.1660
v -2.2505 5.8628 0.4302
v -2.0675 5.7079 0.7270
v -1.9343 5.6114 0.7928
v -1.7238 5.4770 0.8871
v -1.6469 5.3755 0.9125
v -1.5649 5.2639 0.9465
v -1.4772 5.1659 1.0011
v -1.4387 5.0716 1.0563
v -1.4047 4.9586 1.1179
v -1.3687 4.8487 1.1816
v -1.7440 5.7773 0.7329
v -1.9020 5.8617 0.6615
v -2.0928 5.9993 0.4144
v -1.5232 5.6402 0.8543
v -1.4376 5.5322 0.9241
v -1.3679 5.3950 1.0210
v -1.3061 5.2531 1.0909
v -1.2738 5.1184 1.1513
v -1.2518 5.0014 1.2153
v -1.2273 4.9037 1.2672
v -1.5295 5.9120 0.6649
v -1.6803 6.0226 0.6072
v -1.8066 6.1241 0.4033
v -1.2749 5.7383 0.8073
v -1.1493 5.6187 0.8832
v -1.0952 5.4539 1.0171
v -1.0715 5.2845 1.1228
v -1.0575 5.1470 1.2016
v -1.0518 5.0307 1.2734
v -1.0333 4.9276 1.3252
v -1.3045 6.0242 0.6120
v -1.4130 6.1113 0.5423
v -1.5625 6.2351 0.3792
v -1.0131 5.8358 0.7712
v -0.8136 5.7133 0.8563
v -0.7802 5.5002 0.9690
v -0.7453 5.3109 1.0898
v -0.7639 5.1689 1.1882
v -0.7799 5.0405 1.2681
v -0.7969 4.9286 1.3315
v -1.1020 6.0463 0.5716
v -1.1634 6.1025 0.4711
v -1.2280 6.2264 0.3299
v -0.8310 5.9443 0.7210
v 0.0000 5.5450 1.0059
v 0.0000 5.3857 1.0799
v 0.0000 5.1955 1.1472
v 0.0000 5.0293 1.2008
v -0.6564 5.8965 0.7855
v -2.5440 5.4532 0.3946
v -2.3471 5.2940 0.6893
v -2.2212 5.1742 0.7210
v -2.0240 5.0115 0.6573
v -1.8821 5.0209 0.6428
v -1.7835 4.9669 0.6819
v -1.7159 4.8898 0.6682
v -1.6679 4.7851 0.6543
v -1.6282 4.6319 0.6459
v -1.5820 4.4714 0.6572
v -2.6837 5.2557 0.3440
v -2.4917 5.0818 0.6274
v -2.3886 4.9749 0.6677
v -2.1914 4.7802 0.5254
v -2.0966 4.7260 0.3397
v -2.0136 4.6835 0.1264
v -1.7248 4.7745 0.2615
v -1.6897 4.5520 0.2368
v -1.6481 4.4017 0.2256
v -1.6114 4.2883 0.2395
v -2.7755 5.1269 0.3131
v -2.5787 4.9720 0.6169
v -2.4723 4.8754 0.6487
v -2.2800 4.6871 0.4911
v -2.2054 4.6218 0.3121
v -2.1477 4.5510 0.1153
v -2.3898 5.7204 0.4317
v -2.2003 5.5571 0.7375
v -2.0695 5.4348 0.8005
v -1.8551 5.2863 0.8464
v -1.7745 5.2305 0.8746
v -1.6848 5.1431 0.8978
v -1.6242 5.0531 0.9124
v -1.5791 4.9643 0.9484
v -1.5387 4.8688 1.0133
v -1.5052 4.7505 1.0564
v -2.6108 5.3607 0.3787
v -2.4161 5.1953 0.6600
v -2.2972 5.0752 0.6943
v -2.1074 4.8890 0.5713
v -1.9045 4.8961 0.4330
v -1.7993 4.8933 0.4521
v -1.7309 4.7925 0.4646
v -1.6756 4.6410 0.4567
v -1.6351 4.5019 0.4422
v -1.5922 4.3578 0.4522
v -2.1865 5.7974 0.5968
v -2.0057 5.9410 0.5539
v -1.7562 6.0734 0.5171
v -1.4844 6.1606 0.4654
v -1.2025 6.1714 0.3908
v -2.4721 5.3791 0.5640
v -2.6076 5.1746 0.5004
v -2.6967 5.0616 0.4781
v -2.3210 5.6451 0.6037
v -2.5357 5.2782 0.5402
v -0.4063 6.1261 0.6668
v -0.3001 6.0938 0.7177
v -0.6469 6.2329 0.5167
v -0.7041 6.2849 0.4563
v -0.7505 6.3436 0.3858
v -0.4172 6.2608 -0.4456
v -0.1948 6.2301 -0.4158
v 0.0000 6.2298 -0.3964
v -0.6033 6.2917 -0.4536
v -0.7951 6.3353 -0.4358
v -0.9718 6.3818 -0.3924
v -0.5061 5.6996 0.8999
v 0.0000 4.8828 1.2279
v -0.0996 4.8944 1.2296
v -0.1035 5.0452 1.1960
v -0.2676 5.8404 0.8521
v -0.1147 5.2113 1.1394
v -0.1287 5.3839 1.0787
v -1.0816 6.4134 -0.3073
v -1.1695 6.4023 -0.1485
v -1.2451 6.4016 -0.0066
v -1.2528 6.3588 0.1180
v -1.2423 6.3025 0.2311
v -1.0027 6.3956 0.2320
v -1.0315 6.4526 0.1378
v -1.0157 6.4861 0.0302
v -0.9516 6.4964 -0.0864
v -0.8759 6.4981 -0.1967
v -0.8112 6.4793 -0.2873
v -0.6984 6.4405 -0.3518
v -0.5284 6.3913 -0.3914
v 0.0000 6.3401 -0.3708
v -0.1602 6.3474 -0.3828
v -0.3573 6.3618 -0.3951
v -0.3013 6.4542 -0.3504
v -0.1323 6.4387 -0.3541
v 0.0000 6.4394 -0.3447
v -0.4531 6.4837 -0.3341
v -0.5903 6.5232 -0.2843
v -0.6996 6.5572 -0.2170
v -0.7580 6.5698 -0.1304
v -0.8126 6.5750 -0.0393
v -0.1369 5.5422 1.0031
v -0.8656 6.5622 0.0583
v -0.8700 6.5199 0.1561
v -0.8409 6.4656 0.2431
v -0.3041 5.5343 0.9986
v -0.2901 5.3708 1.0821
v -0.2984 5.6927 0.9221
v -0.4359 5.8634 0.8312
v -0.1960 6.0656 0.7406
v -0.4937 6.1618 0.6237
v -0.8020 6.4069 0.3171
v -0.6391 6.0476 0.6326
v -0.2305 5.9577 0.7798
v -0.5074 6.0250 0.6909
v -0.3586 5.9862 0.7480
v -0.8098 6.1103 0.5179
v -0.8594 6.1674 0.4361
v -0.8898 6.2414 0.3763
v -0.9480 6.3200 0.3088
v -0.0948 6.0469 0.7491
v 0.0000 6.0388 0.7539
v -0.1100 5.9400 0.7886
v 0.0000 5.9281 0.7952
v -0.1242 5.8240 0.8583
v 0.0000 5.8123 0.8613
v -0.1382 5.6846 0.9349
v 0.0000 5.6916 0.9343
v -0.2830 5.2081 1.1523
v -0.2904 5.0569 1.2215
v -0.3046 4.9046 1.2764
v -0.5498 4.9215 1.3116
v -0.5140 5.0522 1.2469
v -0.4953 5.1886 1.1650
v -0.4777 5.3403 1.0839
v -0.5101 5.5233 0.9852
v -0.4650 6.1359 -0.5031
v -0.2127 6.1003 -0.4549
v 0.0000 6.1082 -0.4380
v -0.6740 6.1766 -0.5333
v -0.8880 6.2399 -0.5561
v -1.0830 6.2842 -0.5142
v -1.2494 6.2868 -0.3930
v -1.3812 6.2984 -0.2204
v -1.4815 6.3051 -0.0655
v -1.5516 6.2851 0.0845
v -1.5760 6.2719 0.2219
v -0.4949 5.9950 -0.5536
v -0.2242 5.9724 -0.4971
v 0.0000 5.9729 -0.4727
v -0.7321 6.0405 -0.6140
v -0.9595 6.1256 -0.6611
v -1.1728 6.1466 -0.6132
v -1.3818 6.1576 -0.4707
v -1.5453 6.1676 -0.2674
v -1.6673 6.1594 -0.0790
v -1.7658 6.1637 0.0947
v -1.8083 6.1555 0.2585
v -1.5130 5.9648 -0.5383
v -1.4378 5.7399 -0.6517
v -1.3694 5.5720 -0.7096
v -1.2467 5.1068 -0.7824
v -1.2092 4.9221 -0.7969
v -1.1883 4.7600 -0.7991
v -1.2346 5.9633 -0.6948
v -1.2127 5.7423 -0.7604
v -1.1514 5.5538 -0.8162
v -1.0438 5.1455 -0.8900
v -1.0177 5.0032 -0.8917
v -0.9916 4.8421 -0.8861
v -0.9875 5.9582 -0.7401
v -0.9484 5.7219 -0.8203
v -0.8969 5.5507 -0.8570
v -0.8350 5.1478 -0.8875
v -0.8259 5.0135 -0.8938
v -0.8103 4.8591 -0.8791
v -0.7489 5.8878 -0.6976
v -0.7240 5.7031 -0.7568
v -0.6723 5.5442 -0.7942
v -0.6433 5.1474 -0.8228
v -0.6302 5.0112 -0.8302
v -0.6210 4.8693 -0.8088
v -0.5012 5.8439 -0.5910
v -0.4684 5.6885 -0.6674
v -0.4567 5.5438 -0.7029
v -0.4617 5.1304 -0.7439
v -0.4572 4.9949 -0.7427
v -0.4601 4.8493 -0.7544
v -0.2342 5.8524 -0.5357
v -0.2437 5.6783 -0.5793
v -0.2504 5.5320 -0.6084
v -0.2669 5.1314 -0.6914
v -0.2668 4.9879 -0.7116
v -0.2583 4.8445 -0.7241
v 0.0000 5.8522 -0.5070
v 0.0000 5.6983 -0.5450
v 0.0000 5.5405 -0.5822
v 0.0000 5.1312 -0.6546
v 0.0000 4.9956 -0.6692
v 0.0000 4.8353 -0.6855
v -1.7117 6.0135 -0.2951
v -1.8835 6.0777 -0.0951
v -1.9939 6.0879 0.0611
v -2.0693 6.0584 0.2601
v -1.8795 5.9034 -0.3241
v -2.0566 5.9527 -0.1347
v -2.1595 5.9593 0.0369
v -2.2523 5.9164 0.2460
v -1.7158 5.8052 -0.4650
v -1.5818 5.6966 -0.5800
v -1.6489 5.4808 -0.5730
v -1.5350 4.7924 -0.4763
v -1.4879 4.6135 -0.4427
v -1.4526 4.4719 -0.4475
v -2.0083 5.7972 -0.3305
v -2.1682 5.8374 -0.1598
v -2.2856 5.8227 0.0271
v -2.3837 5.7733 0.2319
v -1.8365 5.7247 -0.4302
v -1.7176 5.6130 -0.5010
v -1.5269 5.5460 -0.6356
v -1.6455 4.5911 -0.1737
v -1.5957 4.4528 -0.1617
v -1.5540 4.3318 -0.1894
v -2.1796 5.5830 -0.3143
v -2.3462 5.5915 -0.1842
v -2.4718 5.5569 -0.0141
v -2.5529 5.5256 0.1922
v -2.0578 5.5163 -0.3890
v -1.9526 5.4145 -0.4383
v -1.7380 4.9239 -0.2830
v -1.7542 4.8754 -0.1331
v -1.6748 4.5638 0.0555
v -1.6301 4.4124 0.0433
v -2.2757 5.4668 -0.3100
v -2.4140 5.4742 -0.1861
v -2.5486 5.4766 -0.0187
v -2.6149 5.4325 0.1868
v -2.1499 5.3896 -0.3742
v -2.0606 5.2789 -0.4196
v -1.8051 4.9016 -0.2918
v -1.8099 4.8617 -0.1642
v -1.8175 4.8456 0.0052
v -2.3769 5.3412 -0.3077
v -2.5127 5.3720 -0.1886
v -2.6360 5.3599 -0.0217
v -2.6927 5.3182 0.1724
v -2.2588 5.2599 -0.3781
v -2.1606 5.1553 -0.4125
v -1.9461 4.7357 -0.2818
v -1.9514 4.6818 -0.1912
v -1.9752 4.6767 -0.0470
v -1.7970 4.8529 0.2191
v -2.5118 5.1814 -0.3016
v -2.6368 5.2205 -0.1974
v -2.7479 5.2108 -0.0339
v -2.7904 5.1727 0.1524
v -2.4081 5.0974 -0.3607
v -2.3127 4.9978 -0.3872
v -2.0800 4.6024 -0.2476
v -2.0919 4.5516 -0.1537
v -2.1131 4.5407 -0.0374
v -1.8711 4.8449 0.1729
v -1.7774 4.8489 0.0500
v -1.7104 4.7420 0.0906
v -1.6388 4.8529 -0.3648
v -1.8473 5.5116 -0.4567
v -1.6985 4.7638 -0.1375
v -2.3958 5.6701 -0.0018
v -2.4903 5.6150 0.2055
v -2.2770 5.7041 -0.1721
v -2.1016 5.6907 -0.3267
v -1.9541 5.6223 -0.3945
v -2.1494 5.2856 0.7558
v -2.2844 5.4088 0.7131
v -2.4848 5.5461 0.4094
v -1.6844 4.9755 0.8312
v -1.7300 5.0523 0.8093
v -1.8256 5.1319 0.7956
v -1.9422 5.1495 0.7773
v -2.4082 5.4893 0.5812
v -1.5438 4.6223 0.8492
v -1.5877 4.7591 0.8403
v -1.6304 4.8961 0.8488
v -1.8719 5.2946 -0.4454
v -1.9765 5.1584 -0.4285
v -2.0814 5.0401 -0.4157
v -2.2336 4.8957 -0.3854
v -1.7771 5.3896 -0.4960
v -1.6015 4.2665 0.0551
v -1.3345 4.6323 -0.6721
v -1.3886 4.7823 -0.6689
v -1.4416 4.9580 -0.6398
v -2.9258 4.9522 0.3021
v -2.6835 4.8320 0.6058
v -2.5730 4.7571 0.6535
v -2.3705 4.5956 0.5080
v -2.2967 4.5324 0.3411
v -2.2546 4.4613 0.1495
v -2.8335 4.8979 0.4708
v -2.7260 4.9127 -0.2824
v -2.8171 4.9665 -0.1961
v -2.9097 5.0035 -0.0501
v -2.9484 4.9923 0.1304
v -2.6175 4.8484 -0.3349
v -2.5173 4.7776 -0.3594
v -2.2298 4.4727 -0.2010
v -2.2158 4.4463 -0.1073
v -2.2337 4.4452 0.0025
v -2.4176 4.6916 -0.3571
v -3.0889 4.7535 0.3145
v -2.8552 4.6385 0.6221
v -2.7420 4.5599 0.6723
v -2.5268 4.4452 0.5365
v -2.4516 4.3969 0.3747
v -2.4053 4.3470 0.1993
v -2.9894 4.7068 0.4956
v -2.9259 4.6290 -0.2721
v -3.0134 4.6857 -0.1856
v -3.0864 4.7391 -0.0452
v -3.1100 4.7727 0.1350
v -2.8403 4.5749 -0.3209
v -2.7315 4.5165 -0.3233
v -2.3882 4.3341 -0.1491
v -2.3717 4.3233 -0.0581
v -2.3732 4.3251 0.0532
v -2.6079 4.4569 -0.3108
v -3.2326 4.5824 0.3499
v -3.0288 4.4586 0.6452
v -2.9261 4.3614 0.6927
v -2.7285 4.2557 0.5604
v -2.6383 4.2236 0.4028
v -2.5723 4.1856 0.2363
v -3.1554 4.5447 0.5235
v -3.0905 4.4387 -0.2494
v -3.1561 4.4966 -0.1560
v -3.2293 4.5468 -0.0122
v -3.2546 4.5802 0.1702
v -2.9911 4.3726 -0.2982
v -2.9032 4.3212 -0.3006
v -2.5679 4.1750 -0.1256
v -2.5402 4.1621 -0.0377
v -2.5354 4.1566 0.0801
v -2.7906 4.2705 -0.2886
v -3.3667 4.4452 0.3855
v -3.1696 4.3162 0.6604
v -3.0796 4.2273 0.6952
v -2.8974 4.0822 0.5696
v -2.8049 4.0372 0.4239
v -2.7275 4.0059 0.2576
v -3.2994 4.4067 0.5463
v -3.2066 4.2758 -0.2065
v -3.2804 4.3394 -0.1061
v -3.3671 4.3995 0.0416
v -3.3928 4.4308 0.2190
v -3.1320 4.2149 -0.2605
v -3.0418 4.1612 -0.2750
v -2.7150 4.0126 -0.1147
v -2.6883 3.9960 -0.0300
v -2.6818 3.9860 0.0935
v -2.9264 4.1131 -0.2637
v -1.0090 4.5034 1.3955
v -0.9813 4.5011 1.4028
v -0.9557 4.4894 1.4107
v -0.9350 4.4693 1.4158
v -0.9195 4.4484 1.4207
v -0.9161 4.4239 1.4213
v -0.9233 4.3965 1.4185
v -0.9391 4.3739 1.4111
v -0.9651 4.3616 1.3974
v -0.9960 4.3646 1.3872
v -1.0249 4.3815 1.3770
v -1.0457 4.4057 1.3711
v -1.0602 4.4343 1.3674
v -1.0611 4.4621 1.3686
v -1.0533 4.4826 1.3728
v -1.0350 4.4987 1.3813
v -1.0131 4.4860 1.3938
v -1.0020 4.4803 1.3966
v -0.9902 4.4684 1.3999
v -0.9798 4.4485 1.4018
v -0.9680 4.4311 1.4055
v -0.9601 4.4121 1.4074
v -0.9566 4.3957 1.4034
v -0.9565 4.3827 1.4017
v -0.9713 4.3743 1.3961
v -0.9799 4.3839 1.3936
v -0.9930 4.3962 1.3902
v -1.0053 4.4159 1.3866
v -1.0182 4.4372 1.3850
v -1.0229 4.4566 1.3846
v -1.0251 4.4722 1.3855
v -1.0244 4.4823 1.3860
v -1.0097 4.5374 1.3931
v -0.9621 4.5349 1.4074
v -0.9139 4.5223 1.4205
v -0.8811 4.4986 1.4296
v -0.8613 4.4661 1.4347
v -0.8579 4.4326 1.4366
v -0.8744 4.3944 1.4311
v -0.9068 4.3607 1.4191
v -0.9511 4.3411 1.4022
v -1.0048 4.3413 1.3811
v -1.0536 4.3579 1.3630
v -1.0872 4.3916 1.3480
v -1.1032 4.4329 1.3424
v -1.1014 4.4769 1.3484
v -1.0867 4.5091 1.3584
v -1.0521 4.5293 1.3738
v -1.0090 4.5842 1.3926
v -0.9361 4.5777 1.4111
v -0.8666 4.5627 1.4269
v -0.8128 4.5315 1.4402
v -0.7893 4.4890 1.4474
v -0.7825 4.4389 1.4503
v -0.8086 4.3853 1.4453
v -0.8588 4.3399 1.4305
v -0.9342 4.3119 1.4026
v -1.0148 4.3135 1.3720
v -1.0826 4.3403 1.3463
v -1.1300 4.3823 1.3228
v -1.1540 4.4413 1.3162
v -1.1532 4.5000 1.3246
v -1.1243 4.5476 1.3427
v -1.0745 4.5726 1.3663
v -1.0119 4.6941 1.3833
v -0.8781 4.6857 1.4076
v -0.7483 4.6570 1.4221
v -0.6393 4.6115 1.4337
v -0.5787 4.5443 1.4418
v -0.5763 4.4680 1.4568
v -0.6271 4.3735 1.4613
v -0.7388 4.2924 1.4507
v -0.8836 4.2404 1.4081
v -1.0312 4.2349 1.3423
v -1.1527 4.2772 1.2817
v -1.2367 4.3557 1.2369
v -1.2816 4.4569 1.2277
v -1.2842 4.5588 1.2533
v -1.2295 4.6386 1.2975
v -1.1327 4.6816 1.3439
v -1.0160 4.7596 1.3742
v -0.8452 4.7490 1.3979
v -0.6750 4.7220 1.4079
v -0.5198 4.6674 1.4048
v -0.4404 4.5778 1.4061
v -0.4408 4.4798 1.4226
v -0.5171 4.3516 1.4465
v -0.6815 4.2452 1.4499
v -0.8631 4.1758 1.4062
v -1.0433 4.1604 1.3168
v -1.1904 4.2004 1.2203
v -1.2917 4.3134 1.1558
v -1.3446 4.4484 1.1530
v -1.3529 4.5823 1.2022
v -1.2882 4.6907 1.2651
v -1.1663 4.7463 1.3260
v -1.0256 4.8354 1.3564
v -0.8129 4.8285 1.3773
v -0.5948 4.8064 1.3677
v -0.3503 4.7519 1.3328
v -0.2813 4.6187 1.3455
v -0.2823 4.4867 1.3565
v -0.3751 4.2932 1.3964
v -0.6220 4.1492 1.4374
v -0.8399 4.0645 1.3899
v -1.0437 4.0191 1.2863
v -1.2305 4.0119 1.1117
v -1.3362 4.2239 1.0340
v -1.3971 4.4033 1.0306
v -1.4417 4.6076 1.1029
v -1.3402 4.7501 1.2269
v -1.2045 4.8170 1.3015
v -1.1022 4.6256 1.3566
v -1.1746 4.5920 1.3214
v -1.0204 4.2795 1.3602
v -0.9093 4.2767 1.4053
v -1.0112 4.6358 1.3905
v -1.1181 4.3136 1.3206
v -0.9087 4.6277 1.4135
v -1.1803 4.3727 1.2885
v -0.6878 4.4543 1.4602
v -0.6932 4.5176 1.4535
v -0.8116 4.6050 1.4296
v -1.2135 4.4503 1.2802
v -0.7257 4.3796 1.4579
v -0.7347 4.5697 1.4421
v -1.2149 4.5276 1.2940
v -0.8028 4.3204 1.4418
v 0.0000 4.7786 1.2407
v 0.0000 4.6545 1.2506
v 0.0000 4.5393 1.2627
v 0.0000 4.3867 1.3162
v -0.1145 4.7489 1.2553
v -0.1129 4.6423 1.2767
v -0.1185 4.5320 1.3001
v -0.1358 4.3843 1.3465
v -5.1089 1.7974 3.5052
v -5.2307 1.6749 3.3958
v -5.2560 1.7433 3.4505
v -5.1930 1.8075 3.4977
v -5.1911 1.9200 3.3784
v -5.2635 1.8588 3.3201
v -5.2419 1.7787 3.2754
v -5.1147 1.9009 3.3948
v -5.0879 1.9700 3.2902
v -5.2155 1.8551 3.1564
v -5.2368 1.9215 3.2017
v -5.1740 2.0130 3.2178
v -5.2311 1.9521 3.1478
v -5.1983 1.8495 3.1028
v -5.0784 2.0089 3.2313
v -5.1742 1.9780 3.2775
v -5.0864 1.8887 3.3914
v -5.0839 1.7816 3.4986
v -5.1682 1.8302 3.0784
v -5.1828 1.8363 3.1485
v -5.1959 1.7531 3.2635
v -5.1981 1.6594 3.3818
v -5.0379 1.9817 3.2182
v -5.0561 1.9508 3.2822
v -5.1364 1.5956 3.7260
v -5.1854 1.6474 3.6692
v -5.1333 1.5506 3.7552
v -5.2429 1.5175 3.6596
v -5.2373 1.4849 3.6898
v -5.1734 1.4778 3.7555
v -5.2381 1.6048 3.6331
v -5.2173 1.6348 3.6497
v -5.1881 1.4879 3.7580
v -5.2105 1.6235 3.6561
v -5.1506 1.5469 3.7630
v -5.2365 1.4865 3.7052
v -5.2287 1.5920 3.6407
v -5.2374 1.5183 3.6764
v -5.1492 1.5858 3.7333
v -5.2360 1.7877 3.4800
v -5.2447 1.9006 3.3496
v -5.2148 1.9913 3.1879
v -5.2223 1.9593 3.2448
v -5.1794 1.6314 3.6765
v -5.0820 1.6894 3.4071
v -5.0890 1.7757 3.3149
v -5.0557 1.8806 3.1054
v -5.0574 1.8441 3.1857
v -5.1873 1.6647 3.6560
v -5.1190 1.6216 3.6919
v -5.2359 1.5203 3.6191
v -5.2431 1.6146 3.6215
v -5.2186 1.4887 3.6403
v -5.1091 1.5937 3.7063
v -5.2231 1.6510 3.6366
v -5.1246 1.4754 3.7187
v -5.0973 1.5488 3.5961
v -5.2316 1.6790 3.6073
v -5.0873 1.6545 3.6312
v -5.1981 1.5389 3.5438
v -5.2507 1.6433 3.5834
v -5.2280 1.5580 3.5448
v -5.1008 1.6742 3.6301
v -5.1841 1.6968 3.6267
v -5.2261 1.8372 3.1986
v -5.2384 1.9019 3.2487
v -5.1750 1.9600 3.3089
v -5.1888 1.8130 3.1944
v -5.0712 1.9309 3.3202
v -5.0984 1.9477 3.3259
v -5.2276 1.9422 3.2809
v -5.0663 1.8182 3.2421
v -5.2453 1.8791 3.3755
v -5.1963 1.7411 3.2831
v -5.2724 1.8327 3.3407
v -5.2415 1.7635 3.2926
v -5.0852 1.7476 3.3407
v -5.2442 1.8532 3.4038
v -5.0853 1.8529 3.4282
v -5.1926 1.7263 3.2997
v -5.1853 1.7256 3.5988
v -5.1025 1.7144 3.5881
v -5.2308 1.5989 3.4966
v -5.2555 1.6723 3.5536
v -5.1970 1.5881 3.4857
v -5.0873 1.7034 3.5802
v -5.2327 1.7059 3.5806
v -5.0975 1.6178 3.5194
v -5.0837 1.7322 3.3543
v -5.0839 1.8305 3.4489
v -5.1957 1.8467 3.4609
v -5.1073 1.8390 3.4598
v -5.2699 1.8089 3.3665
v -5.1950 1.8760 3.4336
v -5.2411 1.7459 3.3122
v -5.1133 1.8653 3.4361
v -5.2380 1.7238 3.3384
v -5.2621 1.7834 3.3958
v -5.2437 1.8273 3.4379
v -5.1936 1.7045 3.3244
v -5.0844 1.9026 3.3732
v -5.1118 1.9160 3.3738
v -5.2387 1.9159 3.3257
v -5.0816 1.7829 3.2938
v -5.0866 1.7648 3.3284
v -5.0851 1.8683 3.4113
v -5.1164 1.8827 3.4172
v -5.1927 1.9032 3.4086
v -5.2378 1.8021 3.2462
v -5.2507 1.8765 3.2914
v -5.1857 1.9333 3.3563
v -5.1962 1.7735 3.2370
v -5.1833 1.7570 3.5610
v -5.2354 1.6250 3.4653
v -5.1966 1.6077 3.4585
v -5.2284 1.7389 3.5419
v -5.0964 1.6413 3.4902
v -5.1068 1.7425 3.5623
v -5.2518 1.7005 3.5139
v -5.0894 1.7280 3.5569
v -5.1843 1.7395 3.5829
v -5.2343 1.6107 3.4812
v -5.1974 1.5985 3.4713
v -5.2304 1.7199 3.5653
v -5.0986 1.6317 3.5052
v -5.1053 1.7279 3.5770
v -5.2533 1.6846 3.5369
v -5.0893 1.7145 3.5691
v -5.1014 1.4986 3.6663
v -5.0932 1.6279 3.6581
v -5.2465 1.6259 3.6022
v -5.2034 1.5123 3.5884
v -5.2331 1.5385 3.5791
v -5.2269 1.6638 3.6211
v -5.1857 1.6823 3.6413
v -5.1039 1.6479 3.6555
v -5.0610 1.7215 3.4397
v -5.0650 1.8223 3.3514
v -5.0277 1.9080 3.1567
v -5.0325 1.8809 3.2300
v -5.1486 1.5046 3.7655
v -5.1616 1.5119 3.7723
v -5.1051 1.5141 3.7292
v -5.0777 1.5831 3.6123
v -5.0428 1.8638 3.2839
v -5.0610 1.7914 3.3787
v -5.0595 1.7706 3.3965
v -5.0800 1.6471 3.5424
v -5.0572 1.8301 3.3341
v -5.0647 1.8088 3.3679
v -5.0743 1.6752 3.5127
v -5.0790 1.6640 3.5291
v -5.0831 1.5463 3.6700
v -5.1361 1.6074 3.4836
v -5.1317 1.6158 3.4677
v -5.1341 1.7454 3.2999
v -5.1192 1.7656 3.2611
v -5.1447 1.4790 3.6339
v -5.1143 1.7976 3.2117
v -5.1756 1.4590 3.6875
v -5.2121 1.4756 3.7351
v -5.1022 1.8292 3.1616
v -5.1348 1.5943 3.4974
v -5.1323 1.7282 3.3139
v -5.1355 1.5264 3.5726
v -5.1331 1.7093 3.3300
v -5.0918 1.8356 3.0478
v -5.1311 1.7543 3.2849
v -5.1303 1.6575 3.3868
v -5.2090 1.4651 3.7285
v -5.2010 1.6190 3.6523
v -5.1945 1.4990 3.7580
v -5.1584 1.5412 3.7574
v -5.2251 1.4918 3.7096
v -5.2197 1.5885 3.6428
v -5.2266 1.5172 3.6828
v -5.1533 1.5740 3.7293
v -5.1791 1.6211 3.6739
v -5.1704 1.5182 3.7641
v -5.2169 1.4871 3.7338
v -5.2040 1.5492 3.7185
v -5.2002 1.5207 3.7435
v -5.1986 1.5667 3.5085
v -5.2291 1.5839 3.5148
v -5.0976 1.5942 3.5404
v -5.1854 1.7102 3.6111
v -5.2529 1.6574 3.5669
v -5.2330 1.6920 3.5926
v -5.0862 1.6827 3.5980
v -5.1001 1.6994 3.6033
v -5.0800 1.6180 3.5620
v -5.1324 1.5700 3.5200
v -5.3544 1.4976 3.3685
v -5.4532 1.4066 3.2300
v -5.4811 1.4685 3.2838
v -5.4192 1.5027 3.3582
v -5.4041 1.6690 3.2380
v -5.4724 1.6255 3.1567
v -5.4412 1.5557 3.0976
v -5.3335 1.6554 3.2486
v -5.2596 1.7631 3.1376
v -5.3871 1.6631 2.9897
v -5.4276 1.7524 3.0373
v -5.3288 1.8615 3.0484
v -5.4190 1.8156 2.9577
v -5.3387 1.7297 2.9166
v -5.2106 1.8321 3.0756
v -5.3526 1.7877 3.1140
v -5.3076 1.6416 3.2398
v -5.3272 1.4804 3.3652
v -5.3092 1.6945 2.9034
v -5.3485 1.6348 2.9776
v -5.4086 1.5321 3.0862
v -5.4114 1.3792 3.2187
v -5.1832 1.8099 3.0554
v -5.2302 1.7390 3.1175
v -5.4440 1.2866 3.5424
v -5.4627 1.3294 3.4876
v -5.4484 1.2523 3.5655
v -5.5109 1.2337 3.4408
v -5.5134 1.1869 3.4678
v -5.4837 1.1673 3.5501
v -5.5034 1.2958 3.4307
v -5.4866 1.3231 3.4543
v -5.4953 1.1816 3.5495
v -5.4811 1.3102 3.4595
v -5.4601 1.2497 3.5646
v -5.5155 1.1938 3.4838
v -5.4947 1.2885 3.4403
v -5.5124 1.2287 3.4555
v -5.4496 1.2807 3.5428
v -5.4658 1.4983 3.3218
v -5.4544 1.6564 3.2003
v -5.3926 1.8431 3.0167
v -5.4036 1.7845 3.0805
v -5.4589 1.3147 3.4895
v -5.3206 1.4033 3.2806
v -5.2902 1.5534 3.1498
v -5.1656 1.7014 2.9359
v -5.2294 1.6469 3.0305
v -5.4627 1.3455 3.4789
v -5.4243 1.3097 3.5246
v -5.5070 1.2418 3.4142
v -5.5059 1.3074 3.4205
v -5.4964 1.2007 3.4310
v -5.4157 1.2665 3.5519
v -5.4903 1.3362 3.4474
v -5.4304 1.1540 3.5257
v -5.3630 1.2514 3.4125
v -5.4895 1.3652 3.4265
v -5.3835 1.3476 3.4767
v -5.4508 1.2598 3.3515
v -5.5036 1.3383 3.3934
v -5.4834 1.2864 3.3513
v -5.4041 1.3635 3.4759
v -5.4542 1.3788 3.4557
v -5.3984 1.6418 3.0128
v -5.4358 1.7214 3.0712
v -5.3599 1.7570 3.1482
v -5.3629 1.6099 3.0015
v -5.2496 1.7166 3.1538
v -5.2797 1.7409 3.1639
v -5.4133 1.7522 3.1158
v -5.2408 1.6249 3.0676
v -5.4563 1.6258 3.2263
v -5.4127 1.5138 3.1023
v -5.4739 1.5912 3.1848
v -5.4466 1.5352 3.1185
v -5.2913 1.5118 3.1864
v -5.4565 1.5767 3.2601
v -5.3189 1.5894 3.2874
v -5.4149 1.4824 3.1318
v -5.4411 1.4070 3.4377
v -5.3906 1.4044 3.4445
v -5.4739 1.3242 3.3161
v -5.4985 1.3667 3.3619
v -5.4380 1.3023 3.3037
v -5.3679 1.3959 3.4391
v -5.4862 1.3969 3.4034
v -5.3446 1.3174 3.3555
v -5.3045 1.4534 3.2355
v -5.3195 1.5370 3.3206
v -5.4115 1.5552 3.3133
v -5.3445 1.5462 3.3268
v -5.4717 1.5527 3.2196
v -5.4120 1.5898 3.2831
v -5.4479 1.5047 3.1499
v -5.3451 1.5957 3.2932
v -5.4489 1.4616 3.1865
v -5.4747 1.5168 3.2476
v -5.4587 1.5436 3.2845
v -5.4042 1.4314 3.1742
v -5.3014 1.6599 3.2261
v -5.3266 1.6764 3.2302
v -5.4435 1.6858 3.1736
v -5.2808 1.5649 3.1350
v -5.2900 1.5344 3.1656
v -5.3125 1.6230 3.2574
v -5.3396 1.6322 3.2676
v -5.4051 1.6355 3.2568
v -5.4347 1.5780 3.0784
v -5.4629 1.6523 3.1315
v -5.3907 1.6915 3.2137
v -5.4012 1.5502 3.0709
v -5.4326 1.4486 3.4078
v -5.4681 1.3581 3.2834
v -5.4329 1.3334 3.2724
v -5.4795 1.4423 3.3687
v -5.3483 1.3564 3.3294
v -5.3777 1.4416 3.4154
v -5.4926 1.4106 3.3286
v -5.3570 1.4277 3.4125
v -5.4353 1.4285 3.4247
v -5.4722 1.3409 3.3002
v -5.4360 1.3190 3.2893
v -5.4862 1.4202 3.3856
v -5.3449 1.3375 3.3430
v -5.3846 1.4240 3.4284
v -5.4991 1.3898 3.3449
v -5.3615 1.4119 3.4251
v -5.3823 1.1883 3.4704
v -5.3965 1.3071 3.5116
v -5.5036 1.3149 3.4101
v -5.4712 1.2190 3.3965
v -5.4971 1.2572 3.3868
v -5.4876 1.3433 3.4402
v -5.4580 1.3568 3.4717
v -5.4154 1.3363 3.5014
v -5.3067 1.4268 3.3168
v -5.2845 1.5872 3.1938
v -5.1261 1.7757 2.9855
v -5.2141 1.6845 3.0730
v -5.4637 1.1975 3.5738
v -5.4778 1.2022 3.5685
v -5.4091 1.1915 3.5577
v -5.3502 1.2852 3.4470
v -5.2268 1.6627 3.1121
v -5.2812 1.5436 3.2276
v -5.2903 1.4853 3.2734
v -5.3336 1.3468 3.3940
v -5.2732 1.6018 3.1815
v -5.2823 1.5690 3.2123
v -5.3339 1.3866 3.3678
v -5.3340 1.3654 3.3804
v -5.3696 1.2236 3.5027
v -5.3739 1.3190 3.3127
v -5.3740 1.3367 3.2990
v -5.3245 1.5122 3.1295
v -5.3163 1.5419 3.0997
v -5.4145 1.1836 3.4299
v -5.2850 1.6033 3.0290
v -5.4573 1.1446 3.4841
v -5.5088 1.1744 3.5188
v -5.2667 1.6318 2.9975
v -5.3743 1.3008 3.3253
v -5.3247 1.4827 3.1506
v -5.3938 1.2394 3.3798
v -5.3357 1.4307 3.1981
v -5.2377 1.6927 2.8813
v -5.3273 1.5289 3.1143
v -5.3484 1.3840 3.2474
v -5.4990 1.1575 3.5139
v -5.4773 1.3036 3.4624
v -5.4986 1.1914 3.5449
v -5.4652 1.2371 3.5600
v -5.5128 1.1957 3.4910
v -5.4904 1.2865 3.4416
v -5.5069 1.2272 3.4677
v -5.4566 1.2690 3.5376
v -5.4581 1.3090 3.4885
v -5.4839 1.2037 3.5585
v -5.5060 1.1813 3.5220
v -5.4881 1.2500 3.5045
v -5.4948 1.2183 3.5292
v -5.4418 1.2870 3.3210
v -5.4776 1.3089 3.3291
v -5.3491 1.2949 3.3738
v -5.4482 1.3936 3.4453
v -5.4998 1.3548 3.3767
v -5.4866 1.3794 3.4163
v -5.3761 1.3802 3.4548
v -5.3965 1.3881 3.4571
v -5.3370 1.3232 3.4117
v -5.3779 1.2790 3.3420
v -5.4976 1.4382 3.0628
v -5.5714 1.3705 2.9271
v -5.5959 1.4060 2.9635
v -5.5553 1.4434 3.0368
v -5.5227 1.5971 2.9584
v -5.5666 1.5568 2.8771
v -5.5449 1.5129 2.8329
v -5.4606 1.5831 2.9878
v -5.3933 1.6759 2.9202
v -5.4839 1.6117 2.7500
v -5.5156 1.6804 2.8006
v -5.4340 1.7597 2.8543
v -5.5043 1.7394 2.7548
v -5.4071 1.6541 2.6774
v -5.3566 1.7162 2.8824
v -5.4603 1.7027 2.8821
v -5.4300 1.5650 2.9803
v -5.4664 1.4223 3.0564
v -5.3856 1.6102 2.6795
v -5.4541 1.5797 2.7445
v -5.5139 1.4861 2.8180
v -5.5401 1.3441 2.9115
v -5.3264 1.6889 2.8874
v -5.3687 1.6472 2.9128
v -5.6030 1.1581 3.2297
v -5.6117 1.2188 3.1646
v -5.5981 1.1174 3.2466
v -5.6505 1.1038 3.1173
v -5.6538 1.0689 3.1368
v -5.6151 1.0528 3.2069
v -5.6394 1.1878 3.1032
v -5.6321 1.2154 3.1293
v -5.6381 1.0597 3.2145
v -5.6277 1.2042 3.1349
v -5.6172 1.1102 3.2439
v -5.6627 1.0745 3.1514
v -5.6383 1.1795 3.1130
v -5.6622 1.1003 3.1328
v -5.6125 1.1483 3.2314
v -5.5925 1.4320 2.9996
v -5.5588 1.5842 2.9155
v -5.4839 1.7545 2.8080
v -5.4981 1.6997 2.8437
v -5.6101 1.2059 3.1682
v -5.4440 1.3556 2.9597
v -5.4005 1.4875 2.8740
v -5.2897 1.6272 2.7561
v -5.3383 1.5727 2.8066
v -5.6100 1.2340 3.1569
v -5.5741 1.1813 3.2142
v -5.6387 1.1248 3.0902
v -5.6410 1.1977 3.0940
v -5.6284 1.0892 3.0996
v -5.5603 1.1484 3.2277
v -5.6327 1.2300 3.1210
v -5.5655 1.0633 3.1768
v -5.5010 1.1674 3.0823
v -5.6277 1.2664 3.0951
v -5.5127 1.2461 3.1654
v -5.5881 1.1765 3.0276
v -5.6337 1.2392 3.0632
v -5.6142 1.1963 3.0342
v -5.5380 1.2672 3.1651
v -5.5981 1.2811 3.1293
v -5.5010 1.5896 2.7766
v -5.5269 1.6458 2.8229
v -5.4753 1.6742 2.9002
v -5.4699 1.5615 2.7633
v -5.3860 1.6341 2.9283
v -5.4161 1.6564 2.9378
v -5.5121 1.6704 2.8605
v -5.3516 1.5539 2.8197
v -5.5703 1.5605 2.9277
v -5.5161 1.4666 2.8265
v -5.5772 1.5335 2.8911
v -5.5531 1.4910 2.8448
v -5.4142 1.4616 2.8908
v -5.5733 1.5340 2.9398
v -5.4411 1.5308 3.0003
v -5.5191 1.4454 2.8392
v -5.5867 1.3216 3.1110
v -5.5267 1.3154 3.1357
v -5.6001 1.2490 2.9987
v -5.6268 1.2829 3.0374
v -5.5652 1.2313 2.9867
v -5.4955 1.3031 3.1314
v -5.6210 1.3058 3.0722
v -5.4885 1.2515 3.0275
v -5.4158 1.4477 2.8997
v -5.4437 1.5088 3.0093
v -5.5431 1.5253 2.9893
v -5.4732 1.5230 3.0195
v -5.5777 1.5090 2.9054
v -5.5412 1.5517 2.9782
v -5.5556 1.4687 2.8598
v -5.4690 1.5480 3.0083
v -5.5554 1.4450 2.8737
v -5.5809 1.4835 2.9193
v -5.5762 1.5082 2.9520
v -5.5221 1.4296 2.8509
v -5.4229 1.5843 2.9690
v -5.4537 1.6037 2.9744
v -5.5460 1.6061 2.9034
v -5.3915 1.4976 2.8611
v -5.4071 1.4798 2.8828
v -5.4341 1.5516 2.9872
v -5.4637 1.5682 2.9974
v -5.5345 1.5772 2.9693
v -5.5321 1.5401 2.8212
v -5.5543 1.5809 2.8645
v -5.5090 1.6145 2.9438
v -5.5020 1.5083 2.8042
v -5.5692 1.3686 3.0832
v -5.5911 1.3001 2.9707
v -5.5620 1.2734 2.9580
v -5.6090 1.3562 3.0387
v -5.4708 1.2845 3.0032
v -5.5189 1.3620 3.1069
v -5.6081 1.3352 3.0021
v -5.4875 1.3508 3.1058
v -5.5758 1.3444 3.0983
v -5.5953 1.2740 2.9854
v -5.5648 1.2505 2.9753
v -5.6127 1.3310 3.0579
v -5.4829 1.2645 3.0182
v -5.5243 1.3350 3.1234
v -5.6153 1.3045 3.0214
v -5.4920 1.3238 3.1196
v -5.5256 1.1048 3.1327
v -5.5341 1.1931 3.1947
v -5.6396 1.2179 3.0835
v -5.6129 1.1239 3.0690
v -5.6312 1.1566 3.0654
v -5.6306 1.2470 3.1095
v -5.6048 1.2571 3.1435
v -5.5586 1.2248 3.1893
v -5.4338 1.3783 3.0019
v -5.3957 1.5159 2.9265
v -5.2866 1.6691 2.8279
v -5.3320 1.5987 2.8586
v -5.6010 1.0699 3.2330
v -5.6256 1.0716 3.2347
v -5.5546 1.0876 3.2068
v -5.4880 1.1931 3.1196
v -5.3470 1.5783 2.8696
v -5.4083 1.4883 2.9419
v -5.4108 1.4714 2.9514
v -5.4741 1.2715 3.0713
v -5.3843 1.5281 2.9147
v -5.4035 1.5085 2.9330
v -5.4561 1.3065 3.0444
v -5.4688 1.2871 3.0618
v -5.5134 1.1335 3.1647
v -5.5101 1.2511 2.9890
v -5.5010 1.2685 2.9727
v -5.4433 1.4664 2.8369
v -5.4270 1.4868 2.8201
v -5.5551 1.0938 3.1005
v -5.3922 1.5395 2.7816
v -5.5866 1.0531 3.1431
v -5.6535 1.0532 3.1942
v -5.3777 1.5602 2.7660
v -5.5181 1.2348 2.9991
v -5.4507 1.4504 2.8486
v -5.5308 1.1550 3.0508
v -5.4516 1.4345 2.8602
v -5.3148 1.6113 2.6790
v -5.4359 1.4762 2.8294
v -5.4781 1.3409 2.9223
v -5.6366 1.0456 3.1813
v -5.6185 1.1948 3.1369
v -5.6410 1.0719 3.2110
v -5.6206 1.1173 3.2332
v -5.6619 1.0818 3.1634
v -5.6343 1.1739 3.1166
v -5.6595 1.1050 3.1419
v -5.6140 1.1449 3.2225
v -5.6072 1.1989 3.1684
v -5.6294 1.0819 3.2270
v -5.6497 1.0664 3.1932
v -5.6455 1.1243 3.1867
v -5.6486 1.1038 3.1991
v -5.5718 1.2122 3.0007
v -5.6043 1.2275 3.0119
v -5.4912 1.2242 3.0410
v -5.5920 1.3019 3.1184
v -5.6293 1.2614 3.0512
v -5.6265 1.2852 3.0840
v -5.5000 1.2811 3.1429
v -5.5306 1.2955 3.1479
v -5.4759 1.2466 3.0851
v -5.5238 1.2124 3.0095
v -5.4906 1.4170 2.7343
v -5.5302 1.3669 2.6086
v -5.5648 1.3996 2.6467
v -5.5498 1.4149 2.7004
v -5.5402 1.5355 2.6505
v -5.5561 1.5115 2.5936
v -5.5138 1.4612 2.5594
v -5.4697 1.5255 2.6994
v -5.4343 1.6141 2.6600
v -5.4772 1.5433 2.5149
v -5.5179 1.6045 2.5511
v -5.4838 1.7092 2.5790
v -5.4920 1.6764 2.5171
v -5.4492 1.5913 2.4792
v -5.4169 1.6559 2.6474
v -5.4999 1.6364 2.6058
v -5.4399 1.5071 2.6921
v -5.4634 1.4092 2.7335
v -5.4142 1.5582 2.4850
v -5.4441 1.5206 2.5125
v -5.4798 1.4418 2.5544
v -5.5057 1.3527 2.6016
v -5.3933 1.6182 2.6562
v -5.4058 1.5966 2.6609
v -5.5461 1.2156 2.8130
v -5.5629 1.2411 2.7754
v -5.5455 1.1914 2.8228
v -5.5786 1.1648 2.7272
v -5.5782 1.1459 2.7345
v -5.5674 1.1308 2.7928
v -5.5779 1.2125 2.7306
v -5.5732 1.2320 2.7494
v -5.5773 1.1373 2.7943
v -5.5732 1.2254 2.7535
v -5.5552 1.1887 2.8221
v -5.5852 1.1486 2.7426
v -5.5785 1.2093 2.7324
v -5.5856 1.1657 2.7350
v -5.5564 1.2093 2.8124
v -5.5667 1.4127 2.6747
v -5.5555 1.5289 2.6210
v -5.4980 1.6968 2.5468
v -5.5141 1.6261 2.5779
v -5.5636 1.2336 2.7773
v -5.4358 1.3589 2.6485
v -5.4089 1.4517 2.6104
v -5.3575 1.5691 2.5662
v -5.3778 1.5340 2.5798
v -5.5622 1.2550 2.7714
v -5.5309 1.2349 2.8064
v -5.5715 1.1748 2.7104
v -5.5765 1.2246 2.7214
v -5.5653 1.1537 2.7166
v -5.5224 1.2119 2.8160
v -5.5738 1.2441 2.7446
v -5.5260 1.1253 2.7808
v -5.4628 1.2257 2.7155
v -5.5787 1.2888 2.7280
v -5.4923 1.2832 2.7843
v -5.5342 1.2292 2.6618
v -5.5811 1.2717 2.6986
v -5.5552 1.2409 2.6642
v -5.5139 1.2949 2.7840
v -5.5642 1.2991 2.7572
v -5.4864 1.5249 2.5272
v -5.5247 1.5743 2.5627
v -5.5112 1.6039 2.6188
v -5.4552 1.5039 2.5217
v -5.4126 1.5723 2.6644
v -5.4407 1.5914 2.6676
v -5.5252 1.5961 2.5914
v -5.3870 1.5139 2.5830
v -5.5587 1.5045 2.6340
v -5.4868 1.4215 2.5650
v -5.5589 1.4882 2.6060
v -5.5189 1.4411 2.5722
v -5.4211 1.4125 2.6275
v -5.5606 1.4769 2.6474
v -5.4492 1.4638 2.7092
v -5.4913 1.4053 2.5754
v -5.5594 1.3504 2.7344
v -5.5061 1.3461 2.7634
v -5.5476 1.2967 2.6386
v -5.5778 1.3302 2.6759
v -5.5240 1.2838 2.6331
v -5.4830 1.3381 2.7611
v -5.5767 1.3459 2.7055
v -5.4533 1.2899 2.6854
v -5.4269 1.3924 2.6347
v -5.4557 1.4379 2.7191
v -5.5458 1.4513 2.6849
v -5.4844 1.4480 2.7213
v -5.5603 1.4626 2.6205
v -5.5431 1.4827 2.6723
v -5.5219 1.4214 2.5837
v -5.4781 1.4759 2.7130
v -5.5246 1.3980 2.5937
v -5.5618 1.4302 2.6317
v -5.5624 1.4490 2.6611
v -5.4940 1.3844 2.5868
v -5.4355 1.5291 2.6851
v -5.4654 1.5490 2.6911
v -5.5473 1.5499 2.6137
v -5.4034 1.4718 2.6009
v -5.4151 1.4307 2.6194
v -5.4445 1.4853 2.7009
v -5.4747 1.4998 2.7055
v -5.5426 1.5095 2.6621
v -5.5080 1.4806 2.5483
v -5.5485 1.5290 2.5845
v -5.5298 1.5567 2.6417
v -5.4736 1.4603 2.5430
v -5.5531 1.3830 2.7187
v -5.5407 1.3318 2.6246
v -5.5170 1.3174 2.6182
v -5.5697 1.3790 2.6911
v -5.4505 1.3224 2.6696
v -5.4972 1.3807 2.7508
v -5.5703 1.3644 2.6624
v -5.4732 1.3732 2.7467
v -5.5557 1.3674 2.7261
v -5.5431 1.3149 2.6317
v -5.5196 1.3035 2.6244
v -5.5732 1.3645 2.6987
v -5.4540 1.3059 2.6762
v -5.5023 1.3619 2.7565
v -5.5748 1.3484 2.6699
v -5.4808 1.3551 2.7531
v -5.4818 1.1599 2.7498
v -5.5055 1.2437 2.8010
v -5.5810 1.2449 2.7105
v -5.5532 1.1795 2.6917
v -5.5652 1.1987 2.6882
v -5.5799 1.2640 2.7370
v -5.5667 1.2795 2.7697
v -5.5210 1.2632 2.7954
v -5.4290 1.3718 2.6789
v -5.4060 1.4635 2.6350
v -5.3506 1.6105 2.6148
v -5.3769 1.5502 2.6062
v -5.5540 1.1466 2.8123
v -5.5665 1.1527 2.8132
v -5.5133 1.1482 2.8069
v -5.4580 1.2401 2.7456
v -5.3860 1.5277 2.6082
v -5.4148 1.4245 2.6537
v -5.4209 1.4016 2.6628
v -5.4483 1.3048 2.7181
v -5.4020 1.4843 2.6265
v -5.4104 1.4436 2.6460
v -5.4466 1.3364 2.6968
v -5.4484 1.3187 2.7065
v -5.4760 1.1815 2.7775
v -5.4700 1.2969 2.6480
v -5.4655 1.3138 2.6427
v -5.4280 1.4224 2.5963
v -5.4157 1.4617 2.5776
v -5.5025 1.1511 2.7206
v -5.3978 1.5024 2.5572
v -5.5420 1.1187 2.7485
v -5.5852 1.1331 2.7685
v -5.3869 1.5198 2.5516
v -5.4706 1.2785 2.6561
v -5.4346 1.4051 2.6042
v -5.4821 1.2153 2.6857
v -5.4426 1.3851 2.6111
v -5.3676 1.5499 2.5403
v -5.4216 1.4426 2.5861
v -5.4533 1.3491 2.6225
v -5.5757 1.1263 2.7642
v -5.5724 1.2198 2.7548
v -5.5844 1.1478 2.7921
v -5.5626 1.1825 2.8147
v -5.5841 1.1548 2.7484
v -5.5768 1.2037 2.7358
v -5.5835 1.1665 2.7413
v -5.5565 1.2034 2.8092
v -5.5622 1.2285 2.7784
v -5.5715 1.1594 2.8091
v -5.5885 1.1416 2.7702
v -5.5759 1.1860 2.7747
v -5.5785 1.1705 2.7807
v -5.5279 1.2673 2.6418
v -5.5501 1.2758 2.6488
v -5.4529 1.2721 2.6938
v -5.5607 1.3294 2.7422
v -5.5786 1.3043 2.6868
v -5.5773 1.3223 2.7162
v -5.4847 1.3183 2.7706
v -5.5096 1.3270 2.7709
v -5.4491 1.2874 2.7283
v -5.4717 1.2619 2.6628
v -4.4475 2.1058 3.1049
v -4.6552 2.1013 3.1819
v -4.5826 2.1555 3.1771
v -4.4605 2.1508 3.1352
v -4.4583 2.0618 3.0824
v -4.6516 2.0634 3.1441
v -4.3969 1.9885 3.2834
v -4.4360 2.0409 3.2599
v -4.3820 1.9490 3.3154
v -4.5611 2.0450 3.3506
v -4.5511 1.9984 3.3780
v -4.4761 1.9302 3.3813
v -4.5295 2.0697 3.3066
v -4.4841 2.0708 3.2720
v -4.4548 1.9516 3.4065
v -4.4814 2.0598 3.2782
v -4.3853 1.9634 3.3507
v -4.5183 2.0036 3.4020
v -4.5220 2.0635 3.3209
v -4.5357 2.0474 3.3616
v -4.4000 1.9920 3.3021
v -4.5090 2.1783 3.1652
v -4.4342 2.0361 3.2688
v -4.5812 2.0134 3.0854
v -4.4397 2.0501 3.2459
v -4.3980 1.9996 3.2585
v -4.5795 2.0454 3.3322
v -4.5387 2.0745 3.2949
v -4.5775 2.0001 3.3485
v -4.3890 1.9514 3.2728
v -4.4878 2.0801 3.2631
v -4.4928 1.9213 3.3422
v -4.5379 1.9398 3.2297
v -4.4944 2.1024 3.2419
v -4.4180 1.9751 3.1982
v -4.6146 2.0111 3.2743
v -4.5554 2.0899 3.2648
v -4.6116 2.0549 3.2834
v -4.4129 2.0264 3.2040
v -4.4454 2.0767 3.2173
v -4.4522 2.1028 3.1919
v -4.4268 2.0545 3.1662
v -4.6304 2.0688 3.2413
v -4.5683 2.1100 3.2364
v -4.6394 2.0311 3.2150
v -4.4360 2.0072 3.1467
v -4.4998 2.1281 3.2212
v -4.5637 1.9683 3.1547
v -4.5932 2.0303 3.0478
v -4.4691 2.0835 3.0502
v -4.4723 2.1706 3.0986
v -4.4591 2.1267 3.0732
v -4.6673 2.1235 3.1409
v -4.5936 2.1751 3.1418
v -4.5221 2.1969 3.1330
v -4.6677 2.0839 3.1071
v -4.4520 2.1335 3.1619
v -4.6413 2.0876 3.2027
v -4.6458 2.0500 3.1730
v -4.5032 2.1605 3.1929
v -4.5716 1.9880 3.1151
v -4.4386 2.0858 3.1321
v -4.5759 2.1346 3.2013
v -4.4490 2.0368 3.1093
v -4.4495 2.1173 3.1793
v -4.6361 2.0753 3.2238
v -4.6436 2.0395 3.1959
v -4.4983 2.1439 3.2122
v -4.5671 1.9774 3.1329
v -4.4325 2.0681 3.1524
v -4.5723 2.1210 3.2231
v -4.4415 2.0200 3.1314
v -4.5176 1.9243 3.2830
v -4.4016 1.9577 3.2311
v -4.5468 2.0813 3.2806
v -4.5968 2.0041 3.3144
v -4.5966 2.0490 3.3099
v -4.4922 2.0904 3.2524
v -4.4442 2.0635 3.2317
v -4.4066 2.0119 3.2307
v -4.5035 2.0168 3.0703
v -4.4135 1.9210 3.3522
v -4.4049 1.9499 3.3791
v -4.4273 1.9122 3.3098
v -4.4662 1.9326 3.2022
v -4.5176 2.0423 3.0348
v -4.4882 1.9631 3.1343
v -4.5002 1.9883 3.0986
v -4.4926 1.9720 3.1188
v -4.4474 1.9163 3.2564
v -4.6210 2.0092 3.1670
v -4.6247 2.0203 3.1489
v -4.5726 1.9658 3.3061
v -4.5501 1.9602 3.3512
v -4.4978 1.9726 3.4130
v -4.6171 2.0014 3.1860
v -4.5926 1.9765 3.2571
v -4.6456 2.0521 3.0810
v -4.6380 2.0431 3.1244
v -4.5215 1.9604 3.3864
v -4.4798 2.0521 3.2843
v -4.4471 1.9745 3.3970
v -4.3980 1.9699 3.3555
v -4.5046 2.0104 3.3952
v -4.5230 2.0586 3.3205
v -4.5262 2.0394 3.3558
v -4.4061 1.9936 3.3113
v -4.4350 2.0310 3.2699
v -4.4124 1.9660 3.3805
v -4.4906 1.9918 3.4057
v -4.4582 2.0226 3.3465
v -4.4482 1.9956 3.3829
v -4.6296 2.0208 3.2388
v -4.6220 2.0612 3.2617
v -4.5573 1.9627 3.1713
v -4.4475 2.0910 3.2037
v -4.5621 2.1008 3.2514
v -4.4970 2.1165 3.2334
v -4.4291 1.9933 3.1673
v -4.4203 2.0420 3.1827
v -4.4818 1.9511 3.1536
v -4.6080 1.9928 3.2102
v -5.1393 1.8085 3.5062
v -5.2519 1.7030 3.4228
v -5.2593 1.8174 3.2955
v -5.1440 1.9123 3.3942
v -5.2203 1.9008 3.1074
v -5.1295 2.0155 3.2317
v -5.1272 1.9803 3.2890
v -5.2339 1.8941 3.1798
v -5.1539 1.6377 3.6925
v -5.2431 1.5581 3.6380
v -5.1596 1.6165 3.6999
v -5.2328 1.5534 3.6514
v -5.2482 1.5651 3.6171
v -5.1426 1.6551 3.6730
v -5.1318 1.9588 3.3202
v -5.2383 1.8729 3.2247
v -5.2594 1.7723 3.3345
v -5.1465 1.8740 3.4410
v -5.1235 1.6919 3.6309
v -5.2539 1.6285 3.5165
v -5.1236 1.7242 3.5970
v -5.2557 1.7501 3.3604
v -5.1430 1.8474 3.4673
v -5.2507 1.6002 3.5566
v -5.2604 1.7955 3.3118
v -5.1495 1.8930 3.4200
v -5.1413 1.9261 3.3718
v -5.2513 1.8424 3.2701
v -5.1347 1.7534 3.5692
v -5.2539 1.6565 3.4839
v -5.1282 1.7386 3.5844
v -5.2547 1.6422 3.5012
v -5.2486 1.5772 3.5842
v -5.1292 1.6707 3.6526
v -5.2263 1.5514 3.6523
v -5.1600 1.6091 3.6996
v -5.2055 1.5728 3.6982
v -5.2533 1.6146 3.5345
v -5.1224 1.7115 3.6074
v -5.3836 1.5019 3.3676
v -5.4713 1.4328 3.2513
v -5.4685 1.5946 3.1229
v -5.3685 1.6640 3.2473
v -5.3651 1.7762 2.9047
v -5.2428 1.8629 3.0545
v -5.3015 1.7768 3.1369
v -5.4140 1.7083 3.0087
v -5.4455 1.3163 3.5157
v -5.5081 1.2638 3.4267
v -5.4479 1.3040 3.5161
v -5.5039 1.2642 3.4378
v -5.5095 1.2738 3.4097
v -5.4414 1.3355 3.5041
v -5.3170 1.7552 3.1610
v -5.4292 1.6809 3.0348
v -5.4659 1.5251 3.1819
v -5.3766 1.5922 3.2938
v -5.4287 1.3774 3.4671
v -5.4918 1.3431 3.3337
v -5.4201 1.4108 3.4412
v -5.4653 1.4853 3.2105
v -5.3768 1.5535 3.3224
v -5.4974 1.3091 3.3671
v -5.4720 1.5693 3.1492
v -5.3740 1.6348 3.2652
v -5.3609 1.6867 3.2257
v -5.4562 1.6148 3.1014
v -5.4100 1.4492 3.4137
v -5.4846 1.3819 3.3017
v -5.4122 1.4281 3.4293
v -5.4882 1.3618 3.3187
v -5.5058 1.2861 3.3915
v -5.4354 1.3534 3.4883
v -5.5005 1.2607 3.4447
v -5.4508 1.2992 3.5147
v -5.4832 1.2763 3.4836
v -5.4936 1.3286 3.3473
v -5.4220 1.3930 3.4545
v -5.5276 1.4454 3.0520
v -5.5863 1.3883 2.9434
v -5.5606 1.5349 2.8512
v -5.4869 1.5936 2.9787
v -5.4771 1.7384 2.6952
v -5.3707 1.7505 2.8640
v -5.4266 1.6957 2.9077
v -5.5034 1.6463 2.7661
v -5.6021 1.1964 3.1987
v -5.6468 1.1447 3.1048
v -5.6060 1.1834 3.2003
v -5.6531 1.1415 3.1145
v -5.6427 1.1581 3.0908
v -5.5944 1.2169 3.1878
v -5.4459 1.6712 2.9230
v -5.5158 1.6111 2.7916
v -5.5728 1.4879 2.8810
v -5.4956 1.5578 3.0012
v -5.5680 1.2801 3.1516
v -5.6153 1.2627 3.0128
v -5.5554 1.3227 3.1267
v -5.5716 1.4632 2.8957
v -5.5032 1.5295 3.0122
v -5.6281 1.2172 3.0466
v -5.5703 1.5132 2.8629
v -5.4893 1.5779 2.9902
v -5.4776 1.6131 2.9628
v -5.5453 1.5611 2.8386
v -5.5450 1.3680 3.0980
v -5.6017 1.3173 2.9846
v -5.5509 1.3438 3.1136
v -5.6087 1.2890 3.0003
v -5.6372 1.1884 3.0696
v -5.5788 1.2486 3.1705
v -5.6496 1.1415 3.1221
v -5.6113 1.1796 3.1965
v -5.6344 1.1551 3.1650
v -5.6208 1.2411 3.0256
v -5.5623 1.3032 3.1374
v -5.5213 1.4171 2.7225
v -5.5539 1.3868 2.6265
v -5.5469 1.4929 2.5763
v -5.5113 1.5360 2.6844
v -5.4826 1.6465 2.4987
v -5.4565 1.7100 2.6265
v -5.4765 1.6343 2.6370
v -5.5057 1.5755 2.5301
v -5.5528 1.2363 2.7967
v -5.5785 1.1901 2.7238
v -5.5565 1.2269 2.7964
v -5.5815 1.1876 2.7314
v -5.5757 1.2020 2.7107
v -5.5465 1.2522 2.7921
v -5.4862 1.6051 2.6473
v -5.5122 1.5514 2.5408
v -5.5464 1.4447 2.5994
v -5.5135 1.4800 2.6984
v -5.5413 1.3046 2.7764
v -5.5703 1.3148 2.6594
v -5.5369 1.3506 2.7531
v -5.5482 1.4159 2.6126
v -5.5170 1.4516 2.7084
v -5.5714 1.2547 2.6770
v -5.5477 1.4686 2.5900
v -5.5144 1.5107 2.6906
v -5.5045 1.5576 2.6713
v -5.5409 1.5114 2.5666
v -5.5291 1.3852 2.7378
v -5.5609 1.3489 2.6431
v -5.5323 1.3676 2.7454
v -5.5648 1.3301 2.6499
v -5.5745 1.2197 2.6901
v -5.5419 1.2776 2.7858
v -5.5797 1.1870 2.7347
v -5.5562 1.2193 2.7945
v -5.5715 1.2046 2.7656
v -5.5710 1.2946 2.6665
v -5.5398 1.3302 2.7626
v -5.0639 1.7568 3.4772
v -5.0670 1.8625 3.3800
v -5.0252 1.9519 3.1882
v -5.0362 1.9238 3.2609
v -5.2243 1.4658 3.7123
v -5.1529 1.5254 3.7724
v -5.1647 1.6554 3.3764
v -5.1647 1.7510 3.2705
v -5.1240 1.8195 3.0600
v -5.1445 1.8299 3.1473
v -5.1011 1.5485 3.7219
v -5.0786 1.6296 3.6276
v -5.0489 1.9011 3.3075
v -5.0674 1.8336 3.4121
v -5.0667 1.8124 3.4284
v -5.0778 1.6847 3.5670
v -5.0648 1.8734 3.3622
v -5.0673 1.8479 3.3962
v -5.0765 1.7119 3.5431
v -5.0785 1.6985 3.5565
v -5.1771 1.4938 3.6049
v -5.1364 1.5259 3.7630
v -5.0871 1.6024 3.6645
v -5.1626 1.5978 3.4738
v -5.1632 1.7402 3.2898
v -5.1615 1.7680 3.2461
v -5.1616 1.6050 3.4592
v -5.1570 1.8014 3.1972
v -5.2266 1.4760 3.7155
v -5.2028 1.4672 3.6602
v -5.1635 1.5883 3.4872
v -5.1617 1.5266 3.5570
v -5.1647 1.7060 3.3261
v -5.1645 1.7246 3.3043
v -5.1647 1.5288 3.7650
v -5.2240 1.4864 3.7201
v -5.1954 1.5087 3.7473
v -5.0774 1.6637 3.5849
v -5.1621 1.5659 3.5073
v -5.3086 1.4526 3.3461
v -5.2896 1.6116 3.2179
v -5.1464 1.7835 3.0293
v -5.2163 1.7098 3.0918
v -5.5094 1.1681 3.4866
v -5.4656 1.2233 3.5764
v -5.3817 1.3679 3.2237
v -5.3692 1.5221 3.0937
v -5.2811 1.6923 2.8953
v -5.3133 1.6242 2.9798
v -5.4058 1.2302 3.5599
v -5.3618 1.3200 3.4678
v -5.2327 1.6902 3.1354
v -5.2912 1.5685 3.2605
v -5.2963 1.5135 3.3023
v -5.3436 1.3735 3.4232
v -5.2799 1.6288 3.2052
v -5.2913 1.5961 3.2366
v -5.3386 1.4104 3.3957
v -5.3419 1.3943 3.4078
v -5.4409 1.1891 3.4152
v -5.4550 1.2174 3.5788
v -5.3745 1.2614 3.5140
v -5.4081 1.3139 3.2943
v -5.3695 1.5040 3.1090
v -5.3627 1.5396 3.0767
v -5.4062 1.3288 3.2787
v -5.3287 1.5931 3.0046
v -5.5131 1.1800 3.5027
v -5.4831 1.1604 3.4597
v -5.4092 1.2961 3.3090
v -5.4258 1.2449 3.3593
v -5.3722 1.4189 3.1732
v -5.3723 1.4719 3.1332
v -5.4731 1.2220 3.5670
v -5.5093 1.1839 3.5085
v -5.4982 1.2024 3.5383
v -5.3497 1.3551 3.4389
v -5.4137 1.2778 3.3252
v -5.4472 1.4032 3.0394
v -5.4101 1.5423 2.9593
v -5.3050 1.6753 2.8605
v -5.3470 1.6211 2.8913
v -5.6496 1.0497 3.1600
v -5.6204 1.0842 3.2422
v -5.5131 1.3393 2.9103
v -5.4780 1.4729 2.8153
v -5.3562 1.6066 2.6879
v -5.4154 1.5640 2.7486
v -5.5536 1.1118 3.2221
v -5.4960 1.2231 3.1519
v -5.3605 1.6041 2.9071
v -5.4210 1.5115 2.9778
v -5.4242 1.4907 2.9891
v -5.4792 1.2863 3.1096
v -5.3984 1.5576 2.9497
v -5.4168 1.5300 2.9658
v -5.4657 1.3339 3.0884
v -5.4743 1.3082 3.0986
v -5.5792 1.0984 3.0843
v -5.5963 1.0883 3.2425
v -5.5196 1.1615 3.1859
v -5.5392 1.2468 2.9780
v -5.4780 1.4620 2.8233
v -5.4662 1.4917 2.8040
v -5.5370 1.2680 2.9576
v -5.4340 1.5420 2.7668
v -5.6611 1.0552 3.1771
v -5.6036 1.0594 3.1232
v -5.5397 1.2304 2.9907
v -5.5559 1.1568 3.0381
v -5.4862 1.4311 2.8442
v -5.4807 1.4472 2.8333
v -5.6259 1.0955 3.2301
v -5.6572 1.0693 3.1832
v -5.6463 1.0877 3.2068
v -5.4836 1.2645 3.1239
v -5.5457 1.2092 3.0015
v -5.4371 1.3878 2.7122
v -5.4136 1.4813 2.6650
v -5.3703 1.6144 2.6333
v -5.3802 1.5701 2.6304
v -5.5764 1.1340 2.7457
v -5.5592 1.1674 2.8200
v -5.4777 1.3456 2.6075
v -5.4477 1.4358 2.5632
v -5.3855 1.5472 2.5048
v -5.4093 1.5107 2.5237
v -5.5176 1.1824 2.8168
v -5.4670 1.2590 2.7701
v -5.3873 1.5420 2.6346
v -5.4225 1.4451 2.6856
v -5.4295 1.4204 2.6972
v -5.4601 1.3214 2.7450
v -5.4098 1.5006 2.6535
v -5.4192 1.4646 2.6766
v -5.4506 1.3541 2.7248
v -5.4569 1.3375 2.7348
v -5.5346 1.1671 2.7046
v -5.5468 1.1684 2.8204
v -5.4886 1.2109 2.7940
v -5.4939 1.2954 2.6303
v -5.4552 1.4166 2.5727
v -5.4401 1.4552 2.5544
v -5.4898 1.3113 2.6218
v -5.4146 1.4926 2.5308
v -5.5846 1.1389 2.7525
v -5.5574 1.1384 2.7278
v -5.4982 1.2788 2.6366
v -5.5128 1.2193 2.6657
v -5.4666 1.3796 2.5937
v -5.4614 1.3998 2.5834
v -5.5677 1.1703 2.8146
v -5.5871 1.1469 2.7569
v -5.5812 1.1619 2.7834
v -5.4598 1.3025 2.7526
v -5.5025 1.2612 2.6437
v -5.1661 2.0419 3.1926
v -5.2378 1.9771 3.1089
v -5.0742 2.0271 3.2030
v -5.0288 2.0008 3.1871
v -5.2111 2.0169 3.1554
v -5.0432 1.8890 3.0822
v -5.0345 1.9158 3.1131
v -5.0713 1.8497 3.0168
v -5.3305 1.9092 3.0144
v -5.4099 1.8658 2.9183
v -5.3880 1.8855 2.9758
v -5.1341 1.7347 2.8842
v -5.1012 1.7822 2.9443
v -5.1821 1.7186 2.8376
v -5.4196 1.8114 2.8227
v -5.4932 1.7904 2.7146
v -5.4761 1.8018 2.7757
v -5.2609 1.6459 2.7205
v -5.2286 1.6776 2.7733
v -5.3002 1.6184 2.6603
v -5.4576 1.7597 2.5699
v -5.4733 1.7126 2.4866
v -5.4295 1.6177 2.4568
v -5.3878 1.5852 2.4650
v -5.4769 1.7381 2.5265
v -5.3423 1.5872 2.5481
v -5.3277 1.6115 2.5960
v -5.3539 1.5687 2.5309
v -5.1324 2.0373 3.1986
v -5.4612 1.6835 2.4767
v -5.0177 1.9569 3.1148
v -5.3538 1.5739 2.5024
v -5.1718 2.0649 3.1436
v -5.2305 2.0162 3.0872
v -5.0447 2.0599 3.1440
v -5.2087 2.0572 3.1097
v -4.9921 1.9346 3.0149
v -4.9890 1.9862 3.0879
v -5.0119 1.8894 2.9451
v -5.3365 1.9464 2.9634
v -5.3949 1.9129 2.8982
v -5.3713 1.9536 2.9164
v -5.0892 1.8187 2.8116
v -5.0518 1.8502 2.8701
v -5.1345 1.7881 2.7518
v -5.4166 1.8522 2.7631
v -5.4646 1.8385 2.6951
v -5.4440 1.8606 2.7212
v -5.2071 1.6951 2.6342
v -5.1681 1.7433 2.6866
v -5.2436 1.6522 2.5724
v -5.4406 1.7959 2.5332
v -5.4500 1.7482 2.4771
v -5.4097 1.6617 2.4312
v -5.4428 1.7877 2.4949
v -5.3499 1.6052 2.4520
v -5.2824 1.6135 2.5004
v -5.1338 2.0859 3.1315
v -5.4271 1.7449 2.4387
v -5.2114 1.6711 2.5258
v -5.0177 2.1084 3.0814
v -5.2017 2.0930 3.0668
v -4.9705 2.0029 3.0551
v -4.9623 1.9732 2.9912
v -4.9801 1.9273 2.9083
v -5.3531 1.9907 2.8771
v -5.0753 1.8616 2.7749
v -5.0260 1.8929 2.8387
v -5.1172 1.8335 2.7120
v -5.1467 1.7944 2.6482
v -5.2546 1.7579 2.2718
v -4.5484 2.3382 2.7342
v -4.5580 2.2328 2.7101
v -5.3775 1.8857 2.7777
v -5.2392 2.0136 3.0362
v -5.2503 2.1840 2.6574
v -5.0886 2.1404 3.0608
v -4.9137 2.0163 2.9466
v -5.1813 1.7295 2.2996
v -4.8856 2.2046 2.9548
v -4.9417 1.9925 2.8612
v -5.0458 1.9271 2.7318
v -4.9971 1.9576 2.7893
v -5.0922 1.8922 2.6753
v -5.1462 1.7941 2.5432
v -5.1253 1.8523 2.6138
v -5.1737 1.7201 2.4644
v -5.3984 1.8741 2.5065
v -5.3996 1.7725 2.4016
v -5.3131 1.6768 2.3638
v -5.3330 1.6344 2.4205
v -5.4064 1.8431 2.4412
v -4.5887 2.1430 2.7219
v -4.6679 2.1003 2.7633
v -5.3882 1.8250 2.8302
v -5.0449 2.3119 2.8112
v -5.3540 1.7507 2.3540
v -5.3017 2.0974 2.7638
v -5.1913 2.1637 2.8762
v -5.3748 1.9525 2.5143
v -4.5681 2.3505 2.6177
v -4.5927 2.2243 2.5959
v -4.6258 2.1355 2.6192
v -4.7182 2.0841 2.6851
v -4.8429 2.0452 2.7982
v -5.1251 2.2045 2.9370
v -5.3752 1.9178 2.4569
v -5.3732 1.8142 2.3618
v -5.3852 1.7070 2.3956
v -5.3841 1.8803 2.4010
v -4.7535 2.0869 2.8273
v -4.8219 2.0857 2.8868
v -5.4398 1.8496 2.6293
v -5.3176 2.0435 2.7054
v -5.2498 2.1271 2.8208
v -5.3753 1.9910 2.5775
v -4.6621 2.4453 2.6881
v -4.8300 2.3604 2.8461
v -5.3514 1.9675 2.4023
v -5.3586 1.9206 2.3519
v -5.1796 1.7348 2.5789
v -5.3804 1.9155 2.8459
v -5.0171 2.4475 2.5436
v -5.3413 2.0077 2.6414
v -5.3640 1.9390 2.7171
v -5.3991 1.9382 2.6480
v -5.2431 2.1941 2.2737
v -5.1800 2.3312 2.3970
v -5.0877 2.4076 2.4947
v -5.2299 2.2434 2.3115
v -5.2073 2.2899 2.3534
v -4.9142 2.4890 2.5848
v -5.2507 2.1481 2.2381
v -5.0976 1.9730 2.0757
v -5.0458 1.8683 2.1922
v -5.2523 2.0642 2.1776
v -4.7771 2.3450 2.8744
v -5.3948 1.8594 2.8736
v -5.1435 2.3695 2.4441
v -5.3064 2.0938 2.5522
v -5.0808 1.8907 2.1245
v -5.3038 1.8100 2.2819
v -5.2735 2.0436 2.9003
v -5.3432 1.9645 2.7911
v -5.4065 1.9020 2.5763
v -5.3375 2.0627 2.4997
v -5.1931 2.2174 2.7097
v -5.2784 2.1355 2.6051
v -5.2258 2.0791 2.9551
v -5.3365 2.0193 2.8509
v -5.1772 2.1345 3.0221
v -5.3431 2.0145 2.4499
v -5.1302 2.2612 2.7632
v -5.2892 1.9743 2.9661
v -5.4644 1.7822 2.6623
v -5.0826 1.9878 3.2618
v -5.1759 1.9936 3.2477
v -5.2329 1.9310 3.1760
v -5.2088 1.8597 3.1352
v -5.1739 1.8431 3.1229
v -5.0473 1.9674 3.2525
v -5.2155 1.9731 3.2177
v -5.0580 1.8610 3.1575
v -5.0298 1.8972 3.1911
v -5.1043 1.8494 3.1292
v -5.1279 2.0001 3.2580
v -5.2291 1.8937 3.1518
v -5.0286 1.9407 3.2261
v -5.1385 1.8380 3.1187
v -5.1972 1.6813 2.9727
v -5.3946 1.8216 3.0386
v -5.2127 1.7717 3.0845
v -5.3236 1.6751 2.9353
v -5.3944 1.7365 2.9728
v -5.2823 1.8147 3.1013
v -5.2473 1.6662 2.9365
v -5.1793 1.7145 3.0099
v -5.4684 1.5679 2.5004
v -5.5066 1.6384 2.5360
v -5.2880 1.6694 2.9334
v -5.1927 1.7400 3.0526
v -5.3319 1.6405 2.8757
v -5.3982 1.5895 2.7265
v -5.4214 1.6062 2.7147
v -5.3423 1.6574 2.8968
v -5.3689 1.6850 2.9043
v -5.4534 1.7232 2.8672
v -5.3173 1.6146 2.8501
v -5.3661 1.5818 2.7422
v -5.4117 1.7114 2.8926
v -5.4927 1.6785 2.7416
v -5.4933 1.6753 2.5897
v -5.4363 1.6344 2.6558
v -5.4926 1.7246 2.8252
v -5.3240 1.5894 2.7942
v -5.5073 1.7098 2.7826
v -5.4554 1.6347 2.7145
v -5.4023 1.5270 2.5152
v -5.3810 1.5922 2.6327
v -5.3702 1.5492 2.5765
v -5.5055 1.6611 2.5628
v -5.4953 1.6061 2.5141
v -5.4661 1.6706 2.6279
v -5.3657 1.7018 2.9504
v -5.4196 1.7868 3.0018
v -5.3361 1.8237 3.0798
v -5.2372 1.7945 3.1047
v -5.4356 1.5389 2.5010
v -5.4060 1.6060 2.6614
v -5.3799 1.5324 2.5448
v -5.3692 1.5713 2.6061
v -3.4833 4.3174 0.4180
v -3.3061 4.1989 0.6698
v -3.2123 4.1158 0.6917
v -3.0198 3.9264 0.5756
v -2.9315 3.8710 0.4343
v -2.8444 3.8451 0.2743
v -3.4222 4.2811 0.5655
v -3.3485 4.1266 -0.1687
v -3.4130 4.2004 -0.0637
v -3.4779 4.2607 0.0871
v -3.4964 4.2980 0.2578
v -3.2717 4.0608 -0.2164
v -3.1858 4.0154 -0.2446
v -2.8535 3.8729 -0.1061
v -2.8156 3.8511 -0.0232
v -2.7974 3.8313 0.1006
v -3.0803 3.9766 -0.2491
v -3.5790 4.2081 0.4500
v -3.4133 4.1069 0.6784
v -3.3173 4.0212 0.6970
v -3.1069 3.8266 0.5684
v -3.0121 3.7681 0.4369
v -2.9311 3.7356 0.2841
v -3.5201 4.1798 0.5855
v -3.4890 3.9926 -0.1231
v -3.5461 4.0663 -0.0261
v -3.6004 4.1370 0.1228
v -3.6014 4.1842 0.2888
v -3.4167 3.9194 -0.1682
v -3.3285 3.8549 -0.1759
v -2.9868 3.7640 -0.1024
v -2.9326 3.7424 -0.0183
v -2.9035 3.7243 0.1073
v -3.2421 3.8270 -0.2005
v -3.6553 4.1284 0.4848
v -3.4867 4.0407 0.6902
v -3.3911 3.9470 0.7053
v -3.1726 3.7539 0.5682
v -3.0720 3.6969 0.4509
v -3.0000 3.6619 0.2991
v -3.5911 4.1058 0.6077
v -3.5948 3.8858 -0.0745
v -3.6435 3.9681 0.0189
v -3.6877 4.0467 0.1631
v -3.6832 4.0997 0.3267
v -3.5353 3.8167 -0.1304
v -3.4671 3.7601 -0.1735
v -3.0921 3.6747 -0.0916
v -3.0296 3.6608 -0.0061
v -2.9891 3.6511 0.1238
v -3.3619 3.7273 -0.1632
v -3.7244 4.0603 0.5265
v -3.5548 3.9774 0.7085
v -3.4546 3.8859 0.7198
v -3.2348 3.6902 0.5813
v -3.1329 3.6283 0.4691
v -3.0715 3.5884 0.3229
v -3.6545 4.0419 0.6391
v -3.6860 3.7945 -0.0149
v -3.7288 3.8808 0.0771
v -3.7606 3.9703 0.2095
v -3.7572 4.0277 0.3728
v -3.6291 3.7242 -0.0773
v -3.5577 3.6660 -0.1358
v -3.1927 3.5887 -0.0618
v -3.1280 3.5777 0.0259
v -3.0781 3.5766 0.1510
v -3.4627 3.6298 -0.1255
v -3.7928 3.9983 0.5701
v -3.6208 3.9250 0.7453
v -3.5147 3.8367 0.7461
v -3.2963 3.6260 0.6132
v -3.2098 3.5432 0.4999
v -3.1639 3.4933 0.3615
v -3.7225 3.9783 0.6804
v -3.7818 3.7028 0.0701
v -3.8202 3.7939 0.1531
v -3.8393 3.8889 0.2731
v -3.8295 3.9607 0.4216
v -3.7284 3.6243 0.0105
v -3.6628 3.5578 -0.0493
v -3.3233 3.4701 0.0301
v -3.2468 3.4709 0.0982
v -3.1862 3.4802 0.2028
v -3.5755 3.5223 -0.0355
v -3.8897 3.9163 0.6400
v -3.6976 3.8727 0.7982
v -3.5736 3.8053 0.8045
v -3.3468 3.5655 0.6821
v -3.2831 3.4539 0.5698
v -3.2629 3.3807 0.4358
v -3.8088 3.9083 0.7416
v -3.9077 3.5825 0.1912
v -3.9507 3.6818 0.2658
v -3.9642 3.7794 0.3847
v -3.9393 3.8655 0.5166
v -3.8523 3.4995 0.1376
v -3.7808 3.4307 0.0958
v -3.4441 3.3558 0.1824
v -3.3653 3.3581 0.2302
v -3.3019 3.3636 0.3141
v -3.6951 3.4059 0.1060
v -4.0093 3.8010 0.7460
v -3.7854 3.8154 0.8868
v -3.6607 3.7511 0.9082
v -3.4168 3.4783 0.8196
v -3.3614 3.3580 0.7145
v -3.3544 3.2641 0.5959
v -3.9105 3.8145 0.8360
v -4.0612 3.4259 0.3665
v -4.1047 3.5270 0.4279
v -4.1127 3.6346 0.5345
v -4.0788 3.7327 0.6456
v -4.0023 3.3457 0.3147
v -3.9220 3.2882 0.2923
v -3.5645 3.2048 0.3768
v -3.4855 3.2142 0.4320
v -3.4164 3.2308 0.5026
v -3.8351 3.2545 0.2829
v -4.1604 3.6262 0.9337
v -3.9278 3.6493 1.0603
v -3.8083 3.5847 1.0829
v -3.5764 3.3051 1.0334
v -3.5319 3.1867 0.9544
v -3.5287 3.0994 0.8612
v -4.0526 3.6544 1.0079
v -4.2438 3.2441 0.5901
v -4.2834 3.3368 0.6563
v -4.2736 3.4546 0.7547
v -4.2349 3.5514 0.8512
v -4.1818 3.1658 0.5447
v -4.0843 3.1185 0.5331
v -3.7316 3.0287 0.6298
v -3.6563 3.0357 0.6840
v -3.5865 3.0631 0.7718
v -3.9963 3.0777 0.5346
v -4.3433 3.3992 1.1750
v -4.1199 3.4167 1.2696
v -4.0112 3.3576 1.2843
v -3.8000 3.1347 1.2619
v -3.7583 3.0301 1.2003
v -3.7619 2.9530 1.1167
v -4.2339 3.4282 1.2336
v -4.4219 3.0667 0.8636
v -4.4555 3.1574 0.9326
v -4.4533 3.2564 1.0151
v -4.4186 3.3364 1.1012
v -4.3718 2.9828 0.8069
v -4.2659 2.9417 0.8045
v -3.9240 2.8602 0.9056
v -3.8553 2.8752 0.9595
v -3.7996 2.9082 1.0386
v -4.1794 2.9092 0.8135
v -4.5194 3.1793 1.4419
v -4.3147 3.1914 1.5277
v -4.2150 3.1431 1.5311
v -4.0207 2.9660 1.5029
v -3.9863 2.8816 1.4503
v -3.9904 2.8107 1.3779
v -4.4245 3.1940 1.4932
v -4.6097 2.9036 1.1365
v -4.6356 2.9841 1.2106
v -4.6318 3.0681 1.2869
v -4.5903 3.1363 1.3717
v -4.5660 2.8338 1.0968
v -4.4957 2.7776 1.0787
v -4.1412 2.6894 1.1864
v -4.0729 2.7226 1.2424
v -4.0144 2.7556 1.3128
v -4.3979 2.7402 1.0945
v -4.6448 3.0021 1.6362
v -4.4692 3.0183 1.7192
v -4.3844 2.9776 1.7398
v -4.2234 2.8329 1.7107
v -4.1915 2.7578 1.6646
v -4.1929 2.6913 1.6025
v -4.5614 3.0230 1.6866
v -4.7553 2.7937 1.3961
v -4.7635 2.8562 1.4483
v -4.7507 2.9141 1.5074
v -4.7109 2.9624 1.5731
v -4.7279 2.7296 1.3584
v -4.6871 2.6616 1.3485
v -4.3426 2.5558 1.4247
v -4.2729 2.5878 1.4753
v -4.2194 2.6302 1.5351
v -4.6048 2.6077 1.3495
v -4.7419 2.8561 1.8072
v -4.5960 2.8787 1.8868
v -4.5247 2.8526 1.9181
v -4.3907 2.7271 1.8922
v -4.3647 2.6612 1.8481
v -4.3633 2.5957 1.7938
v -4.6721 2.8779 1.8527
v -4.8688 2.6949 1.5988
v -4.8623 2.7446 1.6453
v -4.8383 2.7897 1.6994
v -4.7983 2.8256 1.7542
v -4.8542 2.6384 1.5637
v -4.8130 2.5749 1.5423
v -4.5010 2.4456 1.6130
v -4.4351 2.4802 1.6669
v -4.3855 2.5298 1.7286
v -4.7581 2.5103 1.5446
v -4.8128 2.7470 1.9408
v -4.6941 2.7690 2.0183
v -4.6260 2.7503 2.0505
v -4.5220 2.6525 2.0244
v -4.5034 2.5985 1.9831
v -4.5025 2.5366 1.9375
v -4.7565 2.7645 1.9833
v -4.9465 2.6087 1.7512
v -4.9321 2.6522 1.7932
v -4.9039 2.6916 1.8424
v -4.8643 2.7198 1.8925
v -4.9405 2.5574 1.7174
v -4.9078 2.4975 1.6938
v -4.6073 2.3609 1.7593
v -4.5512 2.4039 1.8156
v -4.5155 2.4660 1.8788
v -4.8594 2.4368 1.6888
v -4.8831 2.6632 2.0480
v -4.7746 2.6909 2.1255
v -4.7198 2.6759 2.1544
v -4.6163 2.5882 2.1140
v -4.5942 2.5395 2.0772
v -4.5887 2.4830 2.0385
v -4.8315 2.6839 2.0905
v -5.0026 2.5201 1.8687
v -4.9893 2.5630 1.9071
v -4.9616 2.6031 1.9551
v -4.9230 2.6370 2.0051
v -4.9987 2.4739 1.8361
v -4.9756 2.4226 1.8090
v -4.6798 2.3067 1.8627
v -4.6256 2.3538 1.9205
v -4.5965 2.4174 1.9839
v -4.9407 2.3693 1.7989
v -4.9916 2.5511 2.2011
v -4.8800 2.5932 2.2808
v -4.8087 2.5913 2.3034
v -4.7006 2.5039 2.2457
v -4.6748 2.4622 2.2032
v -4.6643 2.4189 2.1563
v -4.9430 2.5785 2.2436
v -5.0878 2.3861 2.0338
v -5.0755 2.4304 2.0718
v -5.0545 2.4750 2.1160
v -5.0269 2.5165 2.1593
v -5.0876 2.3412 1.9985
v -5.0704 2.2955 1.9584
v -4.7493 2.2485 1.9730
v -4.6961 2.3036 2.0368
v -4.6686 2.3658 2.1038
v -5.0407 2.2592 1.9234
v -4.9628 2.5112 2.4454
v -4.7745 2.5284 2.4748
v -4.6189 2.3361 2.4714
v -4.8730 2.5299 2.4742
v -5.1506 2.3657 2.2650
v -5.1230 2.4074 2.3074
v -5.0851 2.4448 2.3529
v -5.0330 2.4803 2.4017
v -5.1718 2.3197 2.2230
v -5.1860 2.2314 2.1360
v -5.2631 1.9147 3.0212
v -5.2339 1.9469 3.0730
v -5.4128 1.9075 2.6910
v -5.4494 1.7611 2.6014
v -5.4199 1.8312 2.5469
v -5.4217 1.8236 2.4772
v -5.1833 2.2719 2.1826
v -4.6104 2.0510 3.0000
v -4.4829 2.1051 3.0124
v -4.4852 2.1906 3.0652
v -4.4722 2.1460 3.0354
v -4.6851 2.1429 3.0937
v -4.6114 2.2052 3.1028
v -4.5371 2.2169 3.0938
v -4.6859 2.1008 3.0600
v -4.5280 2.0665 2.9894
v -4.6639 2.0707 3.0358
v -4.6227 2.0635 2.9700
v -4.4945 2.1215 2.9732
v -4.5013 2.2068 3.0201
v -4.4882 2.1632 2.9938
v -4.7031 2.1559 3.0538
v -4.6343 2.2212 3.0644
v -4.5553 2.2379 3.0500
v -4.7034 2.1147 3.0195
v -4.5337 2.0825 2.9571
v -4.6783 2.0844 3.0015
v -4.6328 2.0710 2.9494
v -4.5019 2.1350 2.9402
v -4.5118 2.2208 2.9740
v -4.4980 2.1780 2.9542
v -4.7205 2.1651 3.0195
v -4.6527 2.2402 3.0287
v -4.5678 2.2623 3.0043
v -4.7195 2.1259 2.9904
v -4.5402 2.0916 2.9337
v -4.6922 2.0939 2.9743
v -4.6426 2.0776 2.9282
v -4.5133 2.1450 2.9093
v -4.5241 2.2421 2.9315
v -4.5084 2.1934 2.9171
v -4.7418 2.1730 2.9914
v -4.6741 2.2598 2.9945
v -4.5800 2.2901 2.9582
v -4.7385 2.1326 2.9648
v -4.5529 2.0990 2.9085
v -4.7031 2.0999 2.9501
v -4.6574 2.0858 2.9026
v -4.5300 2.1515 2.8691
v -4.5344 2.2703 2.8805
v -4.5176 2.2080 2.8677
v -4.7701 2.1909 2.9682
v -4.6999 2.2811 2.9600
v -4.6024 2.3235 2.9163
v -4.7630 2.1350 2.9411
v -4.5601 2.1062 2.8865
v -4.7235 2.1060 2.9225
v -4.7045 2.0966 2.8670
v -4.5588 2.1493 2.8038
v -4.5447 2.3101 2.8159
v -4.5383 2.2242 2.7974
v -4.8254 2.2111 2.9468
v -4.7226 2.3125 2.9223
v -4.6021 2.3552 2.8554
v -4.8117 2.1433 2.9358
v -4.6263 2.1003 2.8276
v -4.7642 2.1087 2.9003
v -4.6375 2.2149 2.4861
v -4.6679 2.1417 2.5268
v -4.7624 2.0731 2.6058
v -4.8994 2.0174 2.7110
v -4.8151 2.0664 2.5361
v -4.9584 2.0062 2.6457
v -4.8704 2.0547 2.4751
v -5.0134 1.9923 2.5891
v -4.7285 2.2532 2.2659
v -4.9264 2.0365 2.4168
v -5.0475 1.9502 2.5285
v -4.7703 2.2044 2.1988
v -4.9628 1.9629 2.3563
v -5.0715 1.8863 2.4584
v -4.8213 2.1421 2.1331
v -5.0266 1.8715 2.2965
v -5.1067 1.8027 2.3800
v -4.8981 2.0512 2.0814
v -5.2640 1.6256 2.4644
v -5.2997 2.1005 2.3678
v -5.2597 2.1934 2.4536
v -5.2478 1.8646 2.2115
v -5.3146 1.9821 2.2751
v -5.1387 2.3119 2.6001
v -5.1975 2.2773 2.5486
v -5.2868 2.1537 2.4092
v -4.8301 2.0941 2.1810
v -5.1304 1.7814 2.2436
v -5.2323 2.2359 2.4993
v -4.9701 2.4126 2.6952
v -5.3116 2.0442 2.3334
v -4.6239 2.4017 2.7818
v -5.0709 2.3609 2.6514
v -5.1891 1.8079 2.2162
v -5.2434 1.6595 2.4000
v -4.7865 2.5024 2.5862
v -4.6859 2.2746 2.3384
v -4.8911 2.1470 2.0113
v -4.8056 2.2005 2.0650
v -5.0232 2.1040 1.9929
v -4.7526 2.2504 2.1331
v -4.7103 2.3482 2.2659
v -4.7228 2.3061 2.2008
v -4.7153 2.4709 2.4419
v -0.5726 6.1927 0.5780
v -0.4747 6.2844 0.5969
v -0.4094 6.3922 0.6493
v -0.3589 6.5013 0.6829
v -0.3312 6.6411 0.7107
v -0.3141 6.7799 0.7326
v -0.3316 6.8997 0.7676
v -0.3575 6.9579 0.8161
v -0.3703 6.9888 0.8690
v -0.3818 7.0063 0.9402
v -0.3896 7.0189 1.0186
v -0.3946 7.0323 1.1003
v -0.7291 6.0762 0.5783
v -0.9743 5.9891 0.6390
v -1.1639 5.9333 0.6843
v -1.4035 5.8319 0.7355
v -1.6278 5.7115 0.8014
v -1.8209 5.5409 0.8584
v -1.9588 5.3549 0.8249
v -2.0479 5.2000 0.7847
v -2.1287 5.0745 0.7154
v -2.2163 4.9689 0.6682
v -2.2914 4.8683 0.6362
v -2.3768 4.7786 0.6051
v -2.4694 4.6792 0.6161
v -2.6373 4.5022 0.6424
v -2.8325 4.2969 0.6656
v -2.9915 4.1485 0.6635
v -3.1179 4.0205 0.6623
v -4.4493 2.7971 1.9168
v -4.5671 2.7074 2.0513
v -4.6615 2.6349 2.1451
v -4.7448 2.5514 2.2832
v -4.6868 2.3935 2.3598
v -4.2985 2.9175 1.7361
v -1.3231 5.4040 -0.7472
v -1.1129 5.4085 -0.8504
v -0.8798 5.4057 -0.8600
v -0.6622 5.4109 -0.8142
v -0.4590 5.4119 -0.7330
v -0.2497 5.4006 -0.6381
v 0.0000 5.4077 -0.6092
v -1.6276 5.3238 -0.5856
v -1.7975 5.1339 -0.4064
v -1.8866 5.0355 -0.3912
v -2.0245 4.9207 -0.3905
v -2.1717 4.7926 -0.3602
v -1.7196 5.2237 -0.4731
v -1.4990 5.3899 -0.6589
v -2.3464 4.6126 -0.3292
v -2.5099 4.4064 -0.2703
v -2.6927 4.2322 -0.2465
v -2.8270 4.0739 -0.2265
v -2.9747 3.9427 -0.2103
v -3.1206 3.8188 -0.1993
v -3.2453 3.7159 -0.1583
v -3.3593 3.6125 -0.1161
v -3.4814 3.5032 -0.0291
v -3.6066 3.3836 0.1111
v -3.7514 3.2244 0.2957
v -3.9092 3.0418 0.5500
v -4.0948 2.8691 0.8317
v -4.3077 2.6945 1.1177
v -4.5151 2.5659 1.3655
v -4.6705 2.4643 1.5549
v -4.7814 2.3807 1.7007
v -4.8649 2.3172 1.8057
v -4.9472 2.2172 1.9142
v -5.1696 2.1607 2.0791
v -5.0803 1.8141 2.9114
v -5.2332 1.6752 2.6755
v -5.1953 1.7001 2.7262
v -5.0172 1.9093 3.0504
v -5.1203 1.7741 2.8488
v -5.1556 1.7493 2.7943
v -5.3007 1.6108 2.5549
v -5.3363 1.5888 2.5054
v -5.0039 2.0298 3.1303
v -5.0470 1.8641 2.9867
v -5.2723 1.6457 2.6223
v -4.8695 2.1250 2.9671
v -4.9469 2.1838 2.9915
v -4.9160 2.0949 3.0215
v -4.8792 2.0562 2.9187
v -4.9323 2.3439 2.8322
v -5.0325 2.2121 2.9793
v -4.8289 2.4595 2.7067
v -4.6863 2.4644 2.5610
v -4.9177 1.9911 2.1358
v -4.9498 1.9385 2.2119
v -4.8714 2.0281 2.2521
v -4.7776 2.1679 2.2452
v -4.8203 2.1060 2.3086
v -4.7358 2.1993 2.3082
v -4.7719 2.1344 2.3704
v -4.6844 2.2106 2.3804
v -4.7163 2.1461 2.4413
v -4.9549 2.0524 3.0718
v -1.2896 5.2532 -0.7630
v -1.0778 5.2784 -0.8723
v -0.8597 5.2785 -0.8790
v -0.6544 5.2773 -0.8166
v -0.4612 5.2742 -0.7447
v -0.2576 5.2671 -0.6628
v 0.0000 5.2746 -0.6278
v -1.5976 5.1189 -0.5217
v -1.7517 5.0303 -0.3653
v -1.8405 4.9646 -0.3665
v -1.9767 4.8164 -0.3412
v -2.1247 4.6941 -0.3149
v -1.6973 5.0649 -0.4212
v -2.2845 4.5379 -0.2774
v -2.4385 4.3671 -0.2154
v -2.6180 4.1990 -0.1917
v -2.7563 4.0388 -0.1769
v -5.2439 2.0123 2.1342
v -2.8990 3.9040 -0.1611
v -3.0417 3.7892 -0.1625
v -3.1631 3.6946 -0.1398
v -3.2729 3.5967 -0.0968
v -3.4038 3.4789 -0.0019
v -3.5244 3.3663 0.1407
v -3.6523 3.2113 0.3316
v -3.8158 3.0314 0.5805
v -4.0042 2.8555 0.8563
v -4.2274 2.6784 1.1518
v -4.4243 2.5463 1.3912
v -4.5784 2.4385 1.5770
v -4.6830 2.3490 1.7215
v -4.7594 2.2891 1.8229
v -4.8366 2.2123 1.9265
v -5.2977 1.9364 2.2314
v -1.4906 5.2066 -0.6464
v -5.1400 2.1206 2.0211
v -5.3438 1.8649 2.3098
v -3.9092 3.2694 1.2860
v -4.1228 3.0853 1.5254
v -3.6906 3.4598 1.0712
v -3.5240 3.6254 0.8790
v -3.4496 3.6899 0.7586
v -3.3995 3.7338 0.6923
v -3.3442 3.7828 0.6641
v -3.2838 3.8419 0.6584
v -3.2132 3.9189 0.6605
v -4.9783 2.5691 2.0900
v -4.9416 2.6001 2.1324
v -5.0445 2.4022 1.9269
v -5.0456 2.4440 1.9592
v -4.6452 2.4931 2.1470
v -4.6662 2.5392 2.1839
v -5.0272 2.3561 1.8928
v -5.0027 2.3171 1.8671
v -4.6351 2.4437 2.1096
v -4.7185 2.2683 1.9265
v -4.8942 2.6225 2.1725
v -4.8355 2.6309 2.2062
v -4.6666 2.3211 1.9891
v -5.0105 2.5301 2.0427
v -4.7699 2.6172 2.2293
v -4.6395 2.3870 2.0561
v -5.0336 2.4870 1.9975
v -4.7127 2.5862 2.2156
v -4.9149 2.2688 1.8654
v -4.8012 2.2389 1.8819
v -4.9829 2.1560 1.9512
v -5.0922 2.1887 1.9719
v -5.1184 2.2293 2.0188
v -5.1337 2.2841 2.0665
v -5.1331 2.3320 2.1053
v -5.1206 2.3803 2.1447
v -5.0997 2.4255 2.1871
v -5.0737 2.4678 2.2290
v -5.0378 2.5037 2.2724
v -4.9864 2.5362 2.3178
v -4.9207 2.5582 2.3584
v -4.8430 2.5597 2.3801
v -4.8663 2.1866 1.9646
v -4.7772 2.2279 2.0174
v -4.7271 2.2800 2.0844
v -4.6972 2.3374 2.1512
v -4.6927 2.3890 2.2046
v -4.7045 2.4245 2.2723
v -4.7292 2.4788 2.3314
v -4.7698 2.5297 2.3680
v -1.5451 4.3183 0.6581
v -1.5737 4.1527 0.2629
v -1.5666 4.2289 0.4652
v -1.1345 4.5905 -0.7790
v -0.9514 4.6716 -0.8619
v -0.7758 4.6994 -0.8513
v -0.6040 4.7272 -0.8068
v -0.4369 4.7027 -0.7627
v -0.2501 4.6654 -0.7316
v 0.0000 4.6553 -0.6860
v -1.4210 4.3378 -0.4527
v -1.5093 4.2075 -0.2097
v -1.5667 4.1458 0.0419
v -1.2910 4.4740 -0.6484
v -1.4899 4.1579 0.6646
v -1.5176 3.9725 0.2587
v -1.5044 4.0455 0.4750
v -1.0553 4.3969 -0.7555
v -0.8888 4.4838 -0.8095
v -0.7302 4.5184 -0.8009
v -0.5840 4.5217 -0.7872
v -0.4116 4.5046 -0.7679
v -0.2390 4.4573 -0.7246
v 0.0000 4.4414 -0.6930
v -1.3713 4.1586 -0.4311
v -1.4540 4.0463 -0.2046
v -1.5089 3.9686 0.0265
v -1.2410 4.2896 -0.6440
v -1.4442 3.9557 0.6866
v -1.4619 3.7987 0.2505
v -1.4428 3.8538 0.4873
v -0.9713 4.1507 -0.7195
v -0.8343 4.2395 -0.7672
v -0.6888 4.2823 -0.7836
v -0.5429 4.2951 -0.7831
v -0.3849 4.2755 -0.7595
v -0.2259 4.2418 -0.7129
v 0.0000 4.2397 -0.6869
v -1.3214 3.9214 -0.4176
v -1.4036 3.8251 -0.2073
v -1.4589 3.7743 0.0105
v -1.1788 4.0265 -0.5887
v -1.3990 3.6953 0.7148
v -1.4225 3.5786 0.2509
v -1.4154 3.6187 0.5025
v -0.9592 3.8844 -0.6562
v -0.7814 3.9687 -0.7407
v -0.6620 3.9992 -0.7636
v -0.5162 4.0109 -0.7680
v -0.3709 4.0059 -0.7413
v -0.2257 3.9991 -0.6981
v 0.0000 3.9823 -0.6750
v -1.2583 3.6899 -0.4019
v -1.3491 3.6020 -0.2038
v -1.4051 3.5660 0.0106
v -1.1329 3.7609 -0.5411
v -1.3675 3.4667 0.7458
v -1.3760 3.3712 0.2580
v -1.3883 3.4038 0.5261
v -0.9498 3.6229 -0.5939
v -0.8082 3.6739 -0.6675
v -0.6380 3.7041 -0.7111
v -0.5044 3.7040 -0.7139
v -0.3712 3.7125 -0.6965
v -0.2262 3.7087 -0.6737
v 0.0000 3.6957 -0.6661
v -1.2157 3.4712 -0.3483
v -1.2966 3.3972 -0.1683
v -1.3607 3.3638 0.0270
v -1.0994 3.5482 -0.4937
v -1.3393 3.2547 0.7600
v -1.3542 3.1795 0.3008
v -1.3647 3.2071 0.5422
v -0.9651 3.3894 -0.5350
v -0.8151 3.4298 -0.6048
v -0.6428 3.4359 -0.6417
v -0.5091 3.4387 -0.6521
v -0.3749 3.4375 -0.6558
v -0.2276 3.4373 -0.6532
v 0.0000 3.4501 -0.6575
v -1.1991 3.2690 -0.3001
v -1.2723 3.2152 -0.1288
v -1.3337 3.1792 0.0639
v -1.0962 3.3325 -0.4342
v -1.3177 3.0526 0.7795
v -1.3311 3.0199 0.3414
v -1.3410 3.0276 0.5673
v -0.9718 3.1963 -0.4771
v -0.8235 3.2238 -0.5431
v -0.6488 3.2414 -0.5938
v -0.5141 3.2481 -0.6172
v -0.3790 3.2243 -0.6245
v -0.2170 3.2376 -0.6266
v 0.0000 3.2383 -0.6329
v -1.1932 3.0968 -0.2393
v -1.2589 3.0522 -0.0730
v -1.3082 3.0265 0.1195
v -1.0998 3.1513 -0.3749
v -1.3007 2.8927 0.7823
v -1.3242 2.8712 0.3667
v -1.3238 2.8726 0.5821
v -0.9644 3.0312 -0.4129
v -0.8359 3.0554 -0.4926
v -0.6795 3.0840 -0.5546
v -0.5306 3.0932 -0.5852
v -0.3811 3.0770 -0.6014
v -0.2188 3.0793 -0.6002
v 0.0000 3.0789 -0.5972
v -1.1952 2.9421 -0.1882
v -1.2538 2.9024 -0.0230
v -1.2921 2.8788 0.1627
v -1.0919 2.9867 -0.3148
v -1.3084 2.6565 0.7622
v -1.3325 2.6048 0.3563
v -1.3396 2.6254 0.5762
v -0.5429 2.7667 1.2888
v -0.9513 2.8743 -0.3723
v -0.8351 2.9110 -0.4548
v -0.7007 2.9514 -0.5198
v -0.5491 2.9709 -0.5618
v -0.3836 2.9566 -0.5797
v -0.2209 2.9586 -0.5794
v 0.0000 2.9490 -0.5632
v -0.1687 2.7787 1.3109
v -1.2278 2.6265 0.0009
v -1.2918 2.6056 0.1681
v -1.0647 2.6923 -0.2622
v -1.3240 2.5381 0.7453
v -1.3539 2.4629 0.3001
v -1.3562 2.4961 0.5529
v -0.3563 2.7765 1.3154
v -0.9397 2.5873 -0.3582
v -0.8273 2.6296 -0.4204
v -0.7089 2.6791 -0.4761
v -0.5672 2.7340 -0.5313
v -0.3946 2.7565 -0.5546
v -0.2231 2.7668 -0.5508
v 0.0000 2.7690 -0.5232
v -1.2413 2.4782 -0.0303
v -1.3145 2.4630 0.1282
v -1.0471 2.5459 -0.2747
v -1.4922 4.4714 0.8516
v -1.4474 4.2986 0.8439
v -1.4029 4.1158 0.8583
v -1.3102 3.5946 0.9470
v -1.3530 3.8651 0.9079
v 0.0000 2.7801 1.2951
v 0.0000 3.8432 1.3631
v 0.0000 3.2752 1.3412
v -0.8137 3.8912 1.3679
v -1.0297 3.8137 1.2861
v -1.1104 2.7383 1.0580
v -0.1955 3.2751 1.3465
v -0.1771 3.8575 1.3624
v -0.3728 3.2556 1.3568
v -0.7814 3.6412 1.3525
v -0.9840 3.5448 1.2811
v -1.1138 3.0322 1.0990
v -0.5478 3.2170 1.3486
v -0.1670 4.1447 1.3582
v -0.5536 3.4653 1.3543
v -0.7450 3.3969 1.3224
v -0.9413 3.3024 1.2662
v -1.1237 3.2212 1.1322
v -0.3701 3.5261 1.3539
v 0.0000 4.1549 1.3636
v -0.1900 3.5594 1.3609
v -0.7299 3.1606 1.3086
v -0.9301 3.1011 1.2147
v -1.1624 3.4487 1.1635
v 0.0000 3.5578 1.3652
v -0.5925 3.9720 1.3948
v -0.3668 3.8114 1.3723
v -0.7290 2.7634 1.2307
v -0.9206 2.7564 1.1500
v -1.1988 3.7274 1.1213
v -0.5707 3.7352 1.3619
v -0.3666 4.0807 1.3775
v -1.2731 3.3430 0.9720
v -1.2515 3.1276 0.9704
v -1.2441 2.9512 0.9516
v -1.2423 2.6897 0.9135
v -1.1606 2.6569 -0.1483
v 0.0000 2.5775 1.2814
v -0.1475 2.5439 1.3021
v -0.1875 2.3507 1.3363
v -0.1673 2.1178 1.3436
v 0.0000 2.0543 1.3341
v 0.0000 2.4864 1.2907
v -0.0727 2.4577 1.2987
v -0.1075 2.3585 1.3219
v -0.0925 2.2458 1.3329
v 0.0000 2.2005 1.3286
v 0.0000 2.4336 1.2904
v -0.0480 2.4253 1.2926
v -0.0634 2.3625 1.3083
v -0.0623 2.2917 1.3224
v 0.0000 2.2771 1.3213
v 0.0000 2.3618 1.3035
v -0.5382 2.5598 1.2588
v -0.3469 2.5581 1.3032
v -1.1081 2.5922 1.0420
v -0.7229 2.5738 1.1900
v -0.9174 2.5887 1.1260
v -1.2476 2.5663 0.8999
v -1.3280 2.3959 0.7304
v -1.3700 2.3192 0.2714
v -1.3681 2.3507 0.5218
v -1.2469 2.3301 -0.0713
v -1.3337 2.3122 0.0959
v -0.5443 2.3490 1.2753
v -0.3554 2.3459 1.3285
v -1.1097 2.4318 1.0324
v -0.7288 2.3835 1.1902
v -0.9281 2.4198 1.1152
v -1.2432 2.4263 0.8975
v -1.2825 2.7423 0.1814
v -1.2313 2.7671 0.0090
v -1.2990 2.7691 0.7725
v -1.3187 2.7472 0.5863
v -1.3211 2.7361 0.3746
v -1.0752 2.8359 -0.2735
v -0.5643 2.8552 -0.5442
v -0.3853 2.8574 -0.5678
v -0.2222 2.8620 -0.5617
v 0.0000 2.8631 -0.5423
v -0.9510 2.7277 -0.3586
v -0.8369 2.7654 -0.4331
v -0.1851 3.0149 1.3254
v -0.7156 2.8113 -0.4950
v -1.2439 2.8159 0.9277
v 0.0000 3.0113 1.3110
v -0.5454 2.9853 1.3196
v -0.3665 3.0057 1.3355
v -0.7289 2.9597 1.2743
v -0.9270 2.9225 1.1809
v -1.1140 2.8796 1.0748
v -1.1756 2.7991 -0.1504
v -1.1218 2.2272 1.0349
v -0.3654 2.0951 1.3388
v -0.5554 2.1053 1.2967
v -1.3495 2.1452 0.0726
v -1.2464 2.1621 -0.1201
v -1.3786 2.1831 0.4932
v -1.3801 2.1539 0.2634
v -1.3388 2.2127 0.7078
v -1.2536 2.2351 0.8877
v -0.9437 2.2109 1.1391
v -0.7382 2.1579 1.2193
v -1.1459 2.5076 -0.1664
v -1.1394 2.3563 -0.2054
v -1.1172 2.1903 -0.2555
v -0.9196 2.4375 -0.3685
v -0.8050 2.4809 -0.4160
v -0.6911 2.5271 -0.4644
v -0.5499 2.5836 -0.5139
v -0.3833 2.6197 -0.5402
v -0.2110 2.6425 -0.5370
v 0.0000 2.6537 -0.5021
v -0.8793 2.2784 -0.3996
v -0.7630 2.3190 -0.4386
v -0.6487 2.3623 -0.4732
v -0.5187 2.4135 -0.5166
v -0.3684 2.4657 -0.5454
v -0.1930 2.4711 -0.5361
v 0.0000 2.5035 -0.4996
v -0.8448 2.0754 -0.4820
v -0.7165 2.1120 -0.5111
v -0.5945 2.1499 -0.5303
v -0.4651 2.1904 -0.5571
v -0.3262 2.2389 -0.5658
v -0.1678 2.2475 -0.5554
v 0.0000 2.2551 -0.5254
v -1.0284 2.3938 -0.2987
v -0.9940 2.2325 -0.3404
v -1.1019 1.7886 -0.4600
v -0.8008 1.5403 -0.7797
v -0.6444 1.5462 -0.8170
v -0.4883 1.5554 -0.8346
v -0.3443 1.5544 -0.8493
v -0.2158 1.5683 -0.8427
v -0.0930 1.5855 -0.7908
v 0.0000 1.5806 -0.7472
v -0.9657 1.8069 -0.5643
v -1.0856 1.5609 -0.5293
v -0.9438 1.5376 -0.6980
v -0.7678 1.2231 -0.8984
v -0.5889 1.2101 -0.9340
v -0.4227 1.2115 -0.9508
v -0.2730 1.1975 -0.9738
v -0.1502 1.2074 -0.9217
v -0.0277 1.2140 -0.8411
v 0.0000 1.2343 -0.7708
v -1.1356 1.2703 -0.6744
v -0.7869 0.8616 -0.9844
v -0.5734 0.8571 -0.9997
v -0.3766 0.8634 -0.9912
v -0.2214 0.8701 -0.9512
v -0.1038 0.8888 -0.8866
v -0.0218 0.9043 -0.8052
v 0.0000 0.9509 -0.6722
v -0.9476 1.2402 -0.8097
v -1.1906 0.9682 -0.7362
v -0.8052 0.5722 -0.9605
v -0.5645 0.5618 -0.9693
v -0.3484 0.5779 -0.9544
v -0.1958 0.6060 -0.9035
v -0.0911 0.6242 -0.8388
v -0.0305 0.6393 -0.7593
v 0.0000 0.7080 -0.6204
v -1.0059 0.9056 -0.9022
v -1.2252 0.7207 -0.7364
v -0.7975 0.3725 -0.8856
v -0.5431 0.3507 -0.8778
v -0.3279 0.3786 -0.8394
v -0.2005 0.4217 -0.7825
v -0.1069 0.4442 -0.7282
v -0.0513 0.4800 -0.6581
v 0.0000 0.5501 -0.5758
v -1.0351 0.6426 -0.8843
v -1.2498 0.5214 -0.7110
v -0.7739 0.2125 -0.7871
v -0.5030 0.2123 -0.7406
v -0.3007 0.2870 -0.6589
v -0.1967 0.3304 -0.6280
v -0.1217 0.3463 -0.5745
v -0.0656 0.3735 -0.5314
v 0.0000 0.4474 -0.4878
v -1.0437 0.4404 -0.8358
v -1.2652 0.3561 -0.6783
v -0.7607 0.0867 -0.6667
v -0.4759 0.0882 -0.5412
v -0.2705 0.1657 -0.4870
v -0.1941 0.2277 -0.4629
v -0.1294 0.2786 -0.4313
v -0.0833 0.3150 -0.4187
v 0.0000 0.3649 -0.3908
v -1.0413 0.2752 -0.7738
v -1.2700 0.2107 -0.6429
v -0.8003 -0.0479 -0.6099
v -0.5569 -0.1056 -0.4915
v -0.1675 0.1972 -0.3703
v -0.1211 0.2358 -0.3235
v -0.0759 0.2746 -0.2837
v 0.0000 0.3007 -0.2528
v -1.0357 0.1321 -0.7304
v -1.4002 1.7530 -0.0335
v -1.2691 1.7802 -0.2767
v -1.4453 1.7350 0.4369
v -1.4536 1.7339 0.2087
v -1.3717 1.7466 0.6534
v -1.2714 1.7483 0.8532
v -1.3708 1.5207 -0.0769
v -1.2373 1.5255 -0.3412
v -1.4895 1.4918 0.4074
v -1.4581 1.5045 0.1803
v -1.4425 1.4648 0.6204
v -1.3548 1.4534 0.8452
v -1.3719 1.2887 -0.1520
v -1.2854 1.2594 -0.4344
v -1.5627 1.2411 0.3975
v -1.5026 1.2757 0.1366
v -1.5083 1.2152 0.6428
v -1.4214 1.2008 0.8618
v -1.4263 1.0528 -0.2167
v -1.3452 0.9934 -0.5389
v -1.5947 1.0255 0.3937
v -1.5363 1.0518 0.1046
v -1.5866 0.9866 0.6398
v -1.4758 0.9711 0.8483
v -1.4911 0.8421 -0.2401
v -1.3818 0.7764 -0.5334
v -1.6436 0.8353 0.3756
v -1.5875 0.8513 0.0867
v -1.6220 0.8056 0.6226
v -1.5157 0.7793 0.8250
v -1.5475 0.6587 -0.2321
v -1.4169 0.5914 -0.5132
v -1.6951 0.6635 0.3785
v -1.6485 0.6728 0.0946
v -1.6635 0.6389 0.6198
v -1.5588 0.6078 0.8269
v -1.6035 0.4898 -0.2162
v -1.4476 0.4296 -0.4851
v -1.7362 0.5048 0.3765
v -1.6994 0.5098 0.0966
v -1.7000 0.4852 0.6285
v -1.5949 0.4516 0.8423
v -1.6520 0.3369 -0.2027
v -1.4722 0.2807 -0.4586
v -1.7700 0.3589 0.3724
v -1.7451 0.3592 0.0992
v -0.8905 -0.0368 1.1417
v -0.8533 0.1246 1.1396
v 0.0000 1.4486 1.3074
v -1.1159 1.7395 1.0292
v -0.3954 1.5022 1.2814
v -0.5696 1.5595 1.2551
v -0.9159 1.7117 1.1208
v -0.7408 1.6457 1.1974
v 0.0000 1.1934 1.2914
v -1.1902 1.4516 1.0349
v -0.4028 1.2306 1.2602
v -0.5821 1.2908 1.2209
v -0.9637 1.4405 1.1249
v -0.7543 1.3815 1.1829
v 0.0000 0.9693 1.2594
v -1.2457 1.2004 1.0467
v -0.4048 0.9725 1.2443
v -0.5869 1.0359 1.1842
v -0.9748 1.1929 1.1246
v -0.7578 1.1259 1.1492
v 0.0000 0.7419 1.2210
v -1.2930 0.9575 1.0245
v -0.3783 0.7440 1.1909
v -0.5637 0.8159 1.1390
v -1.0346 0.9384 1.1244
v -0.7940 0.8846 1.1183
v 0.0000 0.5312 1.1377
v -1.3329 0.7499 0.9942
v -0.3417 0.5256 1.0875
v -0.5625 0.6069 1.0707
v -1.0745 0.7145 1.1231
v -0.8124 0.6606 1.1397
v 0.0000 0.3432 0.9710
v -1.3760 0.5671 0.9859
v -0.2845 0.3528 0.9248
v -0.5049 0.3603 1.0138
v -1.1032 0.5224 1.1091
v -0.8131 0.4632 1.1352
v -1.4132 0.4067 1.0005
v -0.5467 0.1860 0.9871
v -1.1354 0.3536 1.1028
v -0.8270 0.2868 1.1303
v -0.1931 1.4697 1.2775
v -0.2105 1.1969 1.2899
v -0.2101 0.9600 1.2626
v -0.1973 0.7289 1.2288
v -0.1751 0.5323 1.1246
v -0.1461 0.3515 0.9546
v -0.9507 1.9599 1.1541
v -0.7454 1.9017 1.2319
v -0.3808 1.7954 1.3212
v -0.1867 1.7829 1.3238
v 0.0000 1.7577 1.3190
v -1.1464 1.9970 1.0603
v -0.5638 1.8344 1.2884
v 0.0000 0.2045 0.7346
v -0.1012 0.2196 0.7281
v 0.0000 0.1391 0.4876
v -0.0570 0.1556 0.4905
v 0.0000 0.1563 0.0842
v -0.0163 0.1638 0.0785
v 0.0000 0.2657 -0.0954
v -0.0614 0.2453 -0.1358
v -0.1903 0.2326 0.7219
v -0.1118 0.1639 0.4973
v -0.0485 0.1406 0.0713
v -0.0996 0.1927 -0.1646
v -0.2729 0.2036 0.7599
v -0.1609 0.1192 0.5113
v -0.0819 0.0506 0.0781
v -0.1273 0.1362 -0.1943
v -0.1340 1.9408 -0.6552
v 0.0000 1.9568 -0.6222
v -0.8275 1.8237 -0.6255
v -0.6883 1.8533 -0.6568
v -0.5487 1.8757 -0.6662
v -0.9823 2.0407 -0.4259
v -0.4080 1.8935 -0.6753
v -0.2739 1.9217 -0.6700
v -1.1190 2.0015 -0.3418
v -1.4132 1.9646 0.2480
v -1.3963 1.9530 0.0445
v -1.2600 2.0215 0.8855
v -1.3429 2.0058 0.6923
v -1.3938 1.9858 0.4808
v -1.2638 1.9705 -0.1925
v -1.2810 0.0742 -0.6079
v -1.0506 0.0016 -0.6879
v -1.6820 0.1916 -0.1844
v -1.4939 0.1377 -0.4294
v -1.8063 0.2222 0.3893
v -1.7848 0.2177 0.1143
v -1.1709 0.1984 1.1041
v -0.5870 0.0260 0.9816
v -1.4474 0.2625 1.0165
v -1.6234 0.3157 0.8516
v -0.3264 0.0922 0.7678
v -0.1911 0.0211 0.5086
v -0.1162 -0.0568 0.0578
v -0.1681 0.0049 -0.2172
v -1.2009 0.0452 1.1090
v -0.6247 -0.1379 0.9918
v -1.4712 0.1205 1.0217
v -1.6540 0.1764 0.8666
v -0.3676 -0.0578 0.7653
v -0.2376 -0.1276 0.5071
v -0.1609 -0.1845 0.0400
v -0.2199 -0.1284 -0.2059
v -0.4016 -0.2189 0.7677
v -0.2707 -0.2906 0.5072
v -0.2003 -0.3341 0.0387
v -0.2676 -0.2815 -0.1831
v -0.2157 0.1188 -0.4025
v -1.7295 0.3464 0.6319
v -1.7631 0.2088 0.6465
v -0.3062 -0.0368 -0.3910
v -0.3823 -0.1958 -0.3589
v -0.8512 -0.1943 -0.5780
v -0.6174 -0.2699 -0.4649
v -0.9316 -0.2067 1.1591
v -1.3095 -0.0702 -0.5842
v -1.0884 -0.1377 -0.6550
v -1.7197 0.0386 -0.1671
v -1.5325 -0.0148 -0.4037
v -1.8462 0.0758 0.4169
v -1.8262 0.0672 0.1420
v -1.2392 -0.1100 1.1254
v -0.6582 -0.3043 1.0060
v -1.5050 -0.0265 1.0325
v -1.6908 0.0308 0.8771
v -0.4329 -0.3822 0.7803
v -0.2927 -0.4569 0.5159
v -0.2293 -0.4959 0.0530
v -0.3000 -0.4452 -0.1602
v -1.8019 0.0644 0.6595
v -0.4310 -0.3633 -0.3329
v -0.9157 -0.3812 -0.5528
v -0.6749 -0.4622 -0.4498
v -0.9701 -0.3820 1.1834
v -1.3707 -0.2568 -0.5411
v -1.1462 -0.3184 -0.6111
v -1.7642 -0.1477 -0.1376
v -1.5870 -0.2011 -0.3673
v -1.8835 -0.1019 0.4533
v -1.8664 -0.1147 0.1776
v -1.2806 -0.2693 1.1438
v -0.6994 -0.4710 1.0157
v -1.5438 -0.1852 1.0477
v -1.7223 -0.1318 0.8886
v -0.4716 -0.5471 0.7933
v -0.3258 -0.6203 0.5414
v -0.2610 -0.6615 0.0923
v -0.3335 -0.6184 -0.1200
v -1.8364 -0.1046 0.6857
v -0.4790 -0.5459 -0.2979
v -0.9955 -0.6384 -0.5316
v -0.7454 -0.7020 -0.4283
v -1.0075 -0.5649 1.1870
v -1.4584 -0.5007 -0.4861
v -1.2343 -0.5685 -0.5713
v -1.8218 -0.3808 -0.0988
v -1.6612 -0.4407 -0.3188
v -1.9241 -0.3233 0.4792
v -1.9144 -0.3445 0.2140
v -1.3212 -0.4572 1.1610
v -0.7381 -0.6549 1.0155
v -1.5918 -0.3771 1.0578
v -1.7639 -0.3315 0.8912
v -0.5112 -0.7323 0.8099
v -0.3633 -0.8049 0.5726
v -0.2989 -0.8517 0.1406
v -0.3795 -0.8201 -0.0666
v -1.8754 -0.3157 0.7004
v -0.5358 -0.7660 -0.2592
v -1.1796 -1.1995 -0.4888
v -0.9049 -1.2310 -0.3987
v -1.1469 -1.0803 1.1638
v -1.6481 -1.0839 -0.3595
v -1.4342 -1.1447 -0.4736
v -1.9138 -1.0190 -0.0128
v -1.8079 -1.0509 -0.2046
v -1.9927 -0.9746 0.4489
v -1.9846 -1.0005 0.2301
v -1.4408 -1.0121 1.1499
v -0.8603 -1.1615 1.0429
v -1.6993 -0.9372 1.0253
v -1.8709 -0.9270 0.8400
v -0.6398 -1.2264 0.8500
v -0.4950 -1.2976 0.6068
v -0.4322 -1.3639 0.1886
v -0.4891 -1.3344 -0.0070
v -1.9614 -0.9486 0.6462
v -0.6362 -1.2867 -0.2075
v -1.2672 -1.5164 -0.4703
v -1.0168 -1.5341 -0.3807
v -1.2338 -1.4100 1.1324
v -1.7128 -1.4129 -0.3057
v -1.5135 -1.4642 -0.4306
v -1.9215 -1.3681 0.0254
v -1.8565 -1.3931 -0.1488
v -2.0215 -1.3581 0.3762
v -1.9815 -1.3726 0.1996
v -1.5290 -1.3474 1.1046
v -0.9540 -1.4700 1.0520
v -1.7756 -1.2849 0.9748
v -1.9474 -1.3004 0.7889
v -0.7351 -1.5334 0.8566
v -0.5930 -1.6105 0.5828
v -0.5535 -1.6794 0.1718
v -0.5983 -1.6459 -0.0125
v -1.9987 -1.3329 0.5738
v -0.7128 -1.5945 -0.1950
v -1.3384 -1.8420 -0.3984
v -1.1264 -1.8781 -0.3423
v -1.3458 -1.7186 1.0623
v -1.7226 -1.7397 -0.2476
v -1.5494 -1.7858 -0.3592
v -1.9292 -1.7265 0.0374
v -1.8606 -1.7257 -0.1036
v -1.9760 -1.7285 0.2811
v -1.9551 -1.7234 0.1629
v -1.6108 -1.6795 1.0116
v -1.0698 -1.7655 1.0299
v -1.8287 -1.6660 0.8778
v -1.9585 -1.6930 0.6827
v -0.8364 -1.8385 0.8313
v -0.6872 -1.9199 0.5610
v -0.6605 -2.0169 0.1476
v -0.7051 -1.9843 -0.0281
v -2.0052 -1.7203 0.4604
v -0.8012 -1.9235 -0.1857
v -1.3771 -2.1389 -0.3574
v -1.1787 -2.1743 -0.3128
v -1.4526 -2.0149 0.9990
v -1.7060 -2.0504 -0.2102
v -1.5681 -2.0855 -0.3095
v -1.9185 -2.0324 0.0253
v -1.8391 -2.0260 -0.0947
v -1.9557 -2.0229 0.2514
v -1.9519 -2.0228 0.1483
v -1.6810 -1.9937 0.9104
v -1.1871 -2.0516 0.9704
v -1.8497 -1.9993 0.7487
v -1.9326 -2.0061 0.5817
v -0.9552 -2.1206 0.7712
v -0.8260 -2.2069 0.5518
v -0.7285 -2.3396 0.1447
v -0.7632 -2.2977 -0.0243
v -1.9597 -2.0174 0.3834
v -0.8806 -2.2289 -0.1740
v -1.3837 -2.3489 -0.3388
v -1.1826 -2.3761 -0.2912
v -1.5431 -2.2936 0.9419
v -1.7156 -2.3066 -0.1891
v -1.5806 -2.3096 -0.2884
v -1.9307 -2.2940 0.0284
v -1.8432 -2.2877 -0.0733
v -1.9584 -2.3007 0.2371
v -1.9620 -2.2976 0.1333
v -1.7124 -2.2972 0.8299
v -1.3152 -2.3233 0.9560
v -1.8271 -2.3039 0.6744
v -1.8807 -2.3066 0.5441
v -1.0849 -2.3886 0.7841
v -0.9471 -2.4709 0.5507
v -0.7754 -2.5962 0.1618
v -0.7914 -2.5475 -0.0045
v -1.9087 -2.3071 0.3736
v -0.8815 -2.4568 -0.1451
v -1.3973 -2.5285 -0.3296
v -1.2077 -2.5566 -0.2813
v -1.5973 -2.5346 0.9249
v -1.7906 -2.5142 -0.1609
v -1.6136 -2.5131 -0.2784
v -1.9605 -2.5552 0.0557
v -1.8817 -2.5419 -0.0600
v -1.9306 -2.5537 0.2550
v -1.9777 -2.5533 0.1682
v -1.7282 -2.5746 0.8258
v -1.4011 -2.5566 0.9440
v -1.8073 -2.5951 0.6504
v -1.8481 -2.5947 0.5121
v -1.1744 -2.6345 0.7555
v -1.0416 -2.7283 0.4970
v -0.8430 -2.8173 0.1704
v -0.8480 -2.7593 0.0038
v -1.8811 -2.5890 0.3703
v -0.9288 -2.6585 -0.1358
v -1.4446 -2.7311 -0.3209
v -1.2638 -2.7603 -0.2866
v -1.6261 -2.8041 0.8907
v -1.8287 -2.7281 -0.1838
v -1.6519 -2.7124 -0.2916
v -1.9834 -2.8063 0.0860
v -1.9274 -2.7750 -0.0659
v -1.9202 -2.8157 0.2939
v -1.9786 -2.7972 0.1788
v -1.7367 -2.8437 0.8018
v -1.4781 -2.8026 0.9075
v -1.8144 -2.8701 0.6324
v -1.8594 -2.8603 0.5404
v -1.2477 -2.8651 0.7841
v -1.0970 -2.9673 0.5312
v -0.9199 -3.0262 0.1623
v -0.9461 -2.9604 -0.0090
v -1.8927 -2.8219 0.4051
v -1.0747 -2.8902 -0.1394
v -1.4757 -2.9360 -0.3463
v -1.3140 -3.0162 -0.2739
v -1.6395 -3.0635 0.7981
v -1.8578 -2.9388 -0.2330
v -1.6743 -2.9199 -0.3284
v -2.0020 -3.0278 0.0522
v -1.9604 -2.9910 -0.1175
v -1.9619 -3.0347 0.2874
v -1.9877 -3.0259 0.1830
v -1.7496 -3.0819 0.7396
v -1.4951 -3.0642 0.7939
v -1.8242 -3.1244 0.6338
v -1.8860 -3.1128 0.5103
v -1.3041 -3.1220 0.6531
v -1.1524 -3.1928 0.4957
v -0.9920 -3.2357 0.1400
v -1.0209 -3.1607 -0.0130
v -1.9202 -3.0749 0.4093
v -1.1631 -3.0878 -0.1740
v -1.5216 -3.1181 -0.4385
v -1.3559 -3.2367 -0.3745
v -1.6536 -3.3423 0.6922
v -1.8812 -3.0707 -0.3229
v -1.7081 -3.0623 -0.3998
v -2.0506 -3.1662 -0.0106
v -1.9959 -3.1203 -0.1989
v -2.0087 -3.2097 0.2735
v -2.0372 -3.1890 0.1475
v -1.7619 -3.3229 0.6588
v -1.5235 -3.3718 0.6567
v -1.8780 -3.3208 0.6295
v -1.9401 -3.2953 0.4994
v -1.3366 -3.4140 0.5358
v -1.1970 -3.4528 0.3857
v -1.0761 -3.4502 0.0322
v -1.1042 -3.4148 -0.1174
v -1.9603 -3.2568 0.4009
v -1.2219 -3.3150 -0.2593
v -1.5552 -3.4153 -0.5134
v -1.3883 -3.5189 -0.4455
v -1.6617 -3.5659 0.6657
v -1.8774 -3.3123 -0.4363
v -1.7225 -3.3315 -0.4930
v -2.1022 -3.3491 -0.1077
v -2.0221 -3.3260 -0.2991
v -2.0776 -3.3857 0.2266
v -2.1038 -3.3694 0.0809
v -1.7742 -3.5169 0.6608
v -1.5356 -3.6167 0.6039
v -1.8835 -3.4846 0.6067
v -1.9834 -3.4533 0.4850
v -1.3757 -3.6582 0.4559
v -1.2622 -3.6765 0.3428
v -1.1124 -3.7080 0.0084
v -1.1300 -3.6747 -0.1553
v -2.0221 -3.4321 0.3723
v -1.2409 -3.5998 -0.3063
v -1.5673 -3.6734 -0.5682
v -1.3906 -3.7718 -0.4873
v -1.6605 -3.8269 0.6122
v -1.8996 -3.5450 -0.5085
v -1.7451 -3.5872 -0.5649
v -2.1446 -3.5244 -0.1977
v -2.0260 -3.5394 -0.4117
v -2.1468 -3.5642 0.1823
v -2.1723 -3.5434 0.0101
v -1.7800 -3.7515 0.6255
v -1.5270 -3.8877 0.5393
v -1.8989 -3.6874 0.5767
v -2.0196 -3.6275 0.4682
v -1.3860 -3.9141 0.4191
v -1.2865 -3.9109 0.3116
v -1.1273 -3.9722 -0.0258
v -1.1448 -3.9392 -0.1843
v -2.0760 -3.6092 0.3475
v -1.2583 -3.8616 -0.3364
v -1.5820 -3.9551 -0.6110
v -1.4187 -4.0404 -0.5308
v -1.6566 -4.1499 0.5635
v -1.9347 -3.7882 -0.5641
v -1.7699 -3.8668 -0.6188
v -2.1860 -3.7337 -0.2765
v -2.0558 -3.7487 -0.4663
v -2.2199 -3.7942 0.1454
v -2.2453 -3.7633 -0.0465
v -1.7810 -4.0589 0.5895
v -1.5218 -4.2063 0.4913
v -1.9076 -3.9683 0.5586
v -2.0464 -3.8765 0.4632
v -1.4053 -4.2083 0.3908
v -1.2652 -4.2421 0.2821
v -1.1268 -4.2375 -0.0353
v -1.1538 -4.2196 -0.2041
v -2.1410 -3.8131 0.3439
v -1.2738 -4.1518 -0.3586
v -1.6056 -4.3322 -0.6269
v -1.4369 -4.4278 -0.5373
v -1.6466 -4.5092 0.5174
v -1.9607 -4.1410 -0.5955
v -1.8052 -4.2329 -0.6394
v -2.2229 -4.0798 -0.3557
v -2.1042 -4.0970 -0.4935
v -2.2804 -4.1652 0.1209
v -2.3173 -4.1159 -0.0933
v -1.7707 -4.4413 0.5528
v -1.5223 -4.5406 0.4506
v -1.9023 -4.3554 0.5452
v -2.0457 -4.2688 0.4786
v -1.4059 -4.5337 0.3651
v -1.2503 -4.5769 0.2589
v -1.1422 -4.5840 -0.0489
v -1.1748 -4.5535 -0.2327
v -2.1894 -4.1979 0.3255
v -1.3148 -4.5156 -0.3762
v -1.6588 -4.8208 -0.5879
v -1.4742 -4.8915 -0.4932
v -1.6636 -4.9390 0.4759
v -2.0166 -4.7092 -0.5730
v -1.8599 -4.7615 -0.6085
v -2.2808 -4.6685 -0.3241
v -2.1551 -4.6997 -0.4760
v -2.3070 -4.7201 0.1498
v -2.3467 -4.6994 -0.0775
v -1.7872 -4.8914 0.5147
v -1.5286 -4.9686 0.4213
v -1.9148 -4.8220 0.5207
v -2.0572 -4.7655 0.4847
v -1.4365 -5.0012 0.3529
v -1.3073 -5.0086 0.2572
v -1.2126 -5.0007 -0.0378
v -1.2441 -5.0166 -0.2236
v -2.1885 -4.7459 0.3453
v -1.3757 -4.9621 -0.3741
v -1.7081 -5.3953 -0.4763
v -1.5591 -5.4184 -0.4009
v -1.6946 -5.4781 0.4297
v -2.0355 -5.3310 -0.4837
v -1.8765 -5.3695 -0.5083
v -2.2767 -5.3588 -0.2579
v -2.1730 -5.3422 -0.4013
v -2.2586 -5.3933 0.2153
v -2.3191 -5.3869 -0.0020
v -1.8186 -5.4469 0.4719
v -1.5795 -5.5012 0.3798
v -1.9284 -5.4246 0.4856
v -2.0447 -5.4053 0.4685
v -1.5146 -5.5063 0.3098
v -1.4239 -5.5258 0.2496
v -1.3247 -5.4458 -0.0237
v -1.3745 -5.4855 -0.1947
v -2.1529 -5.3956 0.3735
v -1.4730 -5.4584 -0.3145
v -1.7801 -6.1192 -0.3835
v -1.6550 -6.1209 -0.3226
v -1.7810 -6.0597 0.4198
v -2.0536 -6.0239 -0.3656
v -1.9281 -6.0636 -0.3902
v -2.2543 -6.0487 -0.1148
v -2.2093 -6.0273 -0.2256
v -2.2487 -6.0233 0.2518
v -2.2731 -6.0120 0.0653
v -1.8694 -6.0508 0.4474
v -1.6819 -6.0673 0.3776
v -1.9509 -6.0261 0.4606
v -2.0330 -6.0167 0.4499
v -1.6226 -6.0805 0.3138
v -1.5677 -6.0851 0.2243
v -1.5005 -6.0680 -0.0165
v -1.5694 -6.1327 -0.1278
v -2.1393 -6.0221 0.3838
v -1.6046 -6.1030 -0.2088
v -2.0647 -8.1207 0.4226
v -2.0057 -8.1098 0.4703
v -1.9387 -8.0822 0.5172
v -1.8667 -8.0417 0.5653
v -1.8639 -8.0294 0.7831
v -2.2615 -6.9029 0.1590
v -2.2556 -6.9268 0.0211
v -2.2784 -7.1315 0.0374
v -2.2817 -7.1371 0.1901
v -2.3119 -7.2942 0.1906
v -1.8328 -6.6139 -0.3533
v -1.7498 -6.6074 -0.2735
v -1.8595 -6.5052 0.4384
v -2.1143 -6.6072 -0.2478
v -1.9765 -6.6121 -0.3431
v -2.2487 -6.5538 -0.0560
v -2.2103 -6.5749 -0.1432
v -2.1554 -6.5275 0.3682
v -2.2384 -6.5385 0.2627
v -1.9350 -6.5029 0.4511
v -1.7814 -6.5222 0.4053
v -1.9923 -6.5109 0.4506
v -1.7400 -6.5302 0.3517
v -1.7044 -6.5482 0.2764
v -1.6633 -6.6067 0.0500
v -1.6665 -6.6108 -0.0722
v -2.0666 -6.5084 0.4254
v -1.7011 -6.6126 -0.1633
v -1.9185 -7.0062 -0.3529
v -1.8190 -6.9694 -0.2599
v -1.9209 -6.8546 0.4850
v -2.1645 -6.9638 -0.1740
v -2.0506 -6.9938 -0.2569
v -2.3514 -7.4455 0.0531
v -2.2431 -6.9290 -0.0762
v -2.1782 -6.8834 0.3533
v -2.2488 -6.9007 0.2816
v -1.9778 -6.8553 0.4886
v -1.8715 -6.8565 0.4603
v -2.0423 -6.8603 0.4755
v -1.8301 -6.8566 0.4130
v -1.7892 -6.8587 0.3428
v -1.7305 -6.8801 0.1237
v -1.7330 -6.9190 -0.0004
v -2.1028 -6.8561 0.4323
v -1.7445 -6.9286 -0.1363
v -1.9526 -7.0917 0.5498
v -2.2126 -7.1519 0.3950
v -2.2666 -7.1439 0.2892
v -2.0034 -7.0967 0.5442
v -1.9111 -7.0820 0.5334
v -2.0619 -7.1101 0.5190
v -1.8791 -7.0669 0.4926
v -2.1357 -7.1296 0.4691
v -1.8003 -7.9081 1.7469
v -1.6674 -7.8992 1.7560
v -1.6322 -8.0419 1.7444
v -1.8511 -8.0632 1.7588
v -1.6963 -7.9598 1.9393
v -1.6684 -8.0405 2.0554
v -1.8563 -8.0412 2.0419
v -1.8135 -7.9652 1.9253
v -1.6874 -8.0228 2.0711
v -1.8450 -8.0175 2.0588
v -1.8092 -7.9713 1.9332
v -1.7037 -7.9706 1.9504
v -1.6121 -8.0831 1.9358
v -1.8696 -8.0764 1.9422
v -1.8171 -7.9427 1.8811
v -1.6800 -7.9383 1.8904
v -1.6799 -7.9159 1.8383
v -1.8103 -7.9250 1.8334
v -1.8735 -8.0804 1.8515
v -1.5930 -8.0796 1.8501
v -1.6758 -7.9007 1.7890
v -1.8570 -8.0664 1.7780
v -1.8023 -7.9158 1.7737
v -1.6208 -8.0495 1.7832
v -1.6777 -7.9103 1.8132
v -1.8647 -8.0750 1.8033
v -1.8094 -7.9220 1.8086
v -1.6133 -8.0619 1.8102
v -1.6345 -8.0742 1.9874
v -1.8168 -7.9534 1.9001
v -1.8686 -8.0739 1.9970
v -1.6866 -7.9489 1.9117
v -1.6908 -8.1344 1.7504
v -1.7405 -8.0847 2.0886
v -1.7391 -8.0547 2.1100
v -1.6968 -8.1688 1.9808
v -1.6896 -8.1791 1.8533
v -1.6942 -8.1529 1.7804
v -1.6902 -8.1684 1.8165
v -1.7206 -8.1454 2.0314
v -1.7726 -8.1593 1.8109
v -1.7649 -8.1536 1.7832
v -1.8200 -8.1388 2.0236
v -1.8134 -8.0458 2.1017
v -1.7944 -8.1598 1.8529
v -1.8217 -8.1631 1.9685
v -1.7571 -8.1427 1.7596
v -1.8138 -8.0791 2.0815
v -1.7010 -8.0134 2.0790
v -1.8339 -8.0073 2.0640
v -1.8038 -7.9764 1.9432
v -1.7120 -7.9793 1.9537
v -1.7356 -8.0368 2.0997
v -1.8110 -8.0306 2.0943
v -1.6299 -7.9626 1.7560
v -1.8292 -7.9532 1.7564
v -1.6764 -7.9886 1.9890
v -1.8447 -7.9913 1.9618
v -1.6889 -7.9886 2.0007
v -1.8352 -7.9857 1.9765
v -1.6306 -7.9911 1.8960
v -1.8531 -7.9663 1.8341
v -1.6235 -7.9802 1.8470
v -1.8603 -7.9850 1.8925
v -1.6310 -7.9700 1.7897
v -1.8354 -7.9563 1.7773
v -1.6249 -7.9730 1.8189
v -1.8453 -7.9612 1.8081
v -1.8538 -7.9948 1.9208
v -1.6519 -7.9964 1.9384
v -1.8214 -7.9850 1.9850
v -1.6968 -7.9895 2.0024
v -1.6593 -8.0971 1.7523
v -1.8427 -8.0600 2.0682
v -1.7093 -8.0448 2.1078
v -1.8026 -8.1070 1.7609
v -1.6490 -8.1335 1.9515
v -1.6331 -8.1286 1.8535
v -1.6562 -8.1116 1.7778
v -1.6486 -8.1186 1.8112
v -1.8555 -8.1057 2.0072
v -1.7056 -8.0749 2.0834
v -1.6768 -8.1245 2.0237
v -1.8277 -8.1207 1.8114
v -1.8087 -8.1149 1.7829
v -1.8354 -8.0349 2.0831
v -1.8441 -8.1210 1.8518
v -1.8594 -8.1117 1.9551
v -1.7144 -8.0265 2.0865
v -1.8289 -8.0196 2.0752
v -1.9316 -7.9847 2.0147
v -1.9124 -8.0307 2.0648
v -2.0262 -8.0262 2.0598
v -2.0028 -7.9791 2.0126
v -1.9175 -8.0202 2.0723
v -2.0182 -8.0216 2.0659
v -2.0015 -7.9861 2.0172
v -1.9335 -7.9909 2.0207
v -1.8903 -8.0371 1.9681
v -2.0433 -8.0569 1.9500
v -2.0027 -7.9687 1.9790
v -1.9267 -7.9687 1.9812
v -1.8938 -8.0390 2.0216
v -2.0031 -7.9743 1.9939
v -2.0441 -8.0467 2.0083
v -1.9265 -7.9744 1.9973
v -1.9407 -8.0615 2.1050
v -1.9433 -8.0387 2.1069
v -1.9351 -8.1415 1.9487
v -1.9288 -8.1111 2.0670
v -1.9973 -8.1151 2.0673
v -1.9919 -8.0389 2.1078
v -1.9957 -8.1370 1.9463
v -1.9957 -8.0609 2.1025
v -1.9246 -8.0140 2.0750
v -2.0121 -8.0116 2.0747
v -1.9962 -7.9911 2.0228
v -1.9377 -7.9953 2.0257
v -1.9417 -8.0276 2.1021
v -1.9946 -8.0284 2.0991
v -2.0368 -8.0510 1.9047
v -1.9263 -7.9455 1.9579
v -2.0020 -7.9447 1.9554
v -1.8939 -8.0283 1.9239
v -1.9396 -8.1211 1.8798
v -1.9948 -8.1130 1.8745
v -1.9162 -7.9989 2.0279
v -2.0188 -7.9948 2.0276
v -1.9218 -8.0035 2.0328
v -2.0133 -7.9965 2.0338
v -1.9056 -7.9707 1.9793
v -2.0353 -8.0010 1.9618
v -2.0323 -8.0017 1.9924
v -1.9060 -7.9857 2.0002
v -2.0034 -7.9992 2.0384
v -1.9330 -8.0037 2.0375
v -2.0328 -7.9967 1.9340
v -1.9052 -7.9666 1.9446
v -2.0219 -8.0448 2.0819
v -1.9255 -8.0317 2.0973
v -1.8972 -8.1098 1.9481
v -2.0350 -8.0812 2.0381
v -1.9191 -8.0491 2.0904
v -1.9018 -8.0817 2.0360
v -2.0163 -8.0294 2.0891
v -2.0354 -8.1026 1.9449
v -1.9297 -8.0230 2.0932
v -2.0051 -8.0193 2.0913
v -1.9049 -8.0961 1.8894
v -2.0258 -8.0923 1.8859
v -0.0739 7.0224 1.4891
v -0.1365 7.0389 1.4592
v -0.1953 7.0658 1.4216
v -0.2483 7.1005 1.3915
v -0.2991 7.1468 1.3706
v 0.0000 7.0215 1.5027
v -0.2653 7.0194 1.3427
v -0.2091 6.9807 1.3759
v -0.1469 6.9480 1.4121
v -0.0736 6.9304 1.4407
v -0.3862 7.1854 1.2851
v -0.3587 7.1219 1.2900
v 0.0000 6.9260 1.4481
v -0.3141 7.0641 1.3136
v -0.2576 7.0565 1.3663
v 0.0000 6.9624 1.4841
v -0.2070 7.0149 1.3995
v -0.0778 6.9666 1.4713
v -0.1460 6.9830 1.4404
v -0.3466 7.1512 1.3233
v -0.3061 7.0991 1.3405
v -0.0727 6.9042 1.4116
v -0.1456 6.9207 1.3831
v -0.2127 6.9497 1.3451
v -0.2732 6.9880 1.3095
v -0.3240 7.0332 1.2759
v 0.0000 6.8999 1.4181
v -0.3690 7.0896 1.2458
v -0.4067 7.1556 1.2363
v -0.0724 6.8857 1.3778
v -0.1436 6.8994 1.3507
v -0.2113 6.9265 1.3089
v -0.2742 6.9626 1.2660
v -0.3316 7.0049 1.2228
v 0.0000 6.8812 1.3867
v -0.3879 7.0595 1.1827
v -0.4368 7.1257 1.1508
v -0.4861 7.2505 1.1425
v -1.7839 -7.8772 1.6837
v -1.6430 -7.8838 1.6571
v -1.5969 -8.0256 1.6204
v -1.8310 -8.0546 1.6987
v -1.6610 -8.1267 1.5959
v -1.7553 -8.1328 1.6541
v -1.5997 -7.9391 1.6303
v -1.8206 -7.9340 1.6955
v -1.6206 -8.0901 1.5950
v -1.7888 -8.0962 1.6766
v -1.7820 -7.8553 1.6333
v -1.6325 -7.8522 1.6015
v -1.5734 -8.0082 1.5583
v -1.8272 -8.0414 1.6808
v -1.6452 -8.1283 1.5420
v -1.7710 -8.1449 1.6020
v -1.5807 -7.9209 1.5716
v -1.8210 -7.8961 1.6541
v -1.6089 -8.0882 1.5501
v -1.8037 -8.1236 1.6385
v -1.8061 -7.8212 1.5373
v -1.6261 -7.8250 1.5253
v -1.5602 -7.9845 1.4784
v -1.8313 -8.0354 1.6531
v -1.6259 -8.1268 1.4752
v -1.8225 -8.1606 1.5653
v -1.5768 -7.8930 1.5039
v -1.8410 -7.8906 1.6098
v -1.5872 -8.0733 1.4711
v -1.8283 -8.1274 1.6143
v -2.0114 -7.9155 1.8552
v -1.9162 -7.9085 1.8577
v -1.8845 -8.0110 1.8016
v -2.0439 -8.0302 1.8047
v -1.9390 -8.0987 1.7728
v -1.9803 -8.0982 1.7740
v -1.8973 -7.9423 1.8381
v -2.0371 -7.9706 1.8372
v -1.9065 -8.0728 1.7867
v -2.0154 -8.0730 1.7865
v -2.0145 -7.8973 1.7995
v -1.9169 -7.8855 1.8018
v -1.8866 -7.9999 1.7812
v -2.0400 -8.0228 1.7809
v -1.9372 -8.0986 1.7537
v -1.9776 -8.0970 1.7530
v -1.8982 -7.9355 1.7966
v -2.0364 -7.9586 1.8028
v -1.9052 -8.0701 1.7658
v -2.0119 -8.0707 1.7631
v -1.9988 -7.9001 1.7500
v -1.9290 -7.8918 1.7490
v -1.8859 -7.9899 1.7596
v -2.0296 -8.0205 1.7539
v -1.9333 -8.1011 1.7429
v -1.9748 -8.0996 1.7373
v -1.9045 -7.9180 1.7517
v -2.0211 -7.9500 1.7491
v -1.9027 -8.0736 1.7505
v -2.0073 -8.0712 1.7381
v -1.9889 -7.8956 1.6785
v -1.9242 -7.8848 1.6750
v -1.8706 -7.9876 1.7176
v -2.0239 -8.0239 1.7001
v -1.9211 -8.1158 1.6805
v -1.9700 -8.1160 1.6701
v -1.9024 -7.8951 1.6836
v -2.0113 -7.9427 1.6891
v -1.8835 -8.1061 1.6894
v -2.0078 -8.0879 1.6808
v -1.9794 -8.0970 1.7876
v -2.0185 -8.0763 1.8067
v -2.0425 -8.0348 1.8266
v -1.9946 -7.9284 1.8841
v -2.0137 -8.0021 -0.4518
v -1.9399 -8.0978 1.7877
v -1.9294 -7.9201 1.8876
v -1.9065 -7.9523 1.8688
v -1.8881 -8.0173 1.8373
v -2.0334 -7.9762 1.8593
v -1.9053 -8.0738 1.8143
v -1.9909 -7.8875 1.6413
v -1.9213 -7.8754 1.6359
v -1.8621 -7.9951 1.7033
v -2.0221 -8.0267 1.6833
v -2.0166 -7.8875 -0.4693
v -1.9145 -8.1302 1.6444
v -1.9717 -8.1276 1.6358
v -1.8942 -7.8874 1.6520
v -2.0086 -7.9352 1.6663
v -1.8761 -8.1165 1.6673
v -1.9993 -8.0989 1.6546
v -2.0057 -7.8551 1.5501
v -1.8961 -7.8455 1.5580
v -1.8485 -8.0061 1.6646
v -2.0191 -8.0063 1.6572
v -2.0037 -7.7682 -0.4773
v -1.8816 -8.1505 1.5785
v -1.9894 -8.1046 1.5737
v -1.8670 -7.8953 1.6171
v -2.0225 -7.9010 1.6080
v -1.8532 -8.1222 1.6135
v -2.0170 -8.0726 1.6274
v -2.0948 -7.9802 1.9290
v -2.0693 -8.0329 1.9799
v -2.1764 -8.0242 1.9763
v -2.1505 -7.9700 1.9335
v -2.0761 -8.0057 1.9898
v -2.1704 -7.9989 1.9927
v -2.1475 -7.9850 1.9424
v -2.1026 -7.9837 1.9403
v -2.0502 -8.0718 1.8969
v -2.1955 -8.0724 1.8935
v -2.1569 -7.9555 1.9022
v -2.0937 -7.9580 1.8985
v -2.0548 -8.0644 1.9549
v -2.1546 -7.9608 1.9143
v -2.1917 -8.0607 1.9471
v -2.0922 -7.9633 1.9089
v -2.1026 -8.0563 2.0084
v -2.1008 -8.0199 2.0189
v -2.0907 -8.1304 1.9029
v -2.0912 -8.0965 1.9759
v -2.1553 -8.0917 1.9762
v -2.1416 -8.0143 2.0241
v -2.1579 -8.1315 1.8987
v -2.1476 -8.0497 2.0103
v -2.0891 -7.9956 1.9921
v -2.1551 -7.9944 1.9893
v -2.1476 -7.9876 1.9459
v -2.1070 -7.9867 1.9443
v -2.1012 -8.0032 2.0157
v -2.1425 -8.0017 2.0161
v -2.1936 -8.0650 1.8532
v -2.0960 -7.9524 1.8772
v -2.1616 -7.9550 1.8787
v -2.0555 -8.0695 1.8675
v -2.0975 -8.1326 1.8459
v -2.1571 -8.1306 1.8373
v -2.0697 -7.9995 1.9320
v -2.1807 -7.9971 1.9421
v -2.0817 -7.9936 1.9437
v -2.1732 -7.9952 1.9515
v -2.0588 -8.0149 1.8943
v -2.1972 -8.0160 1.8954
v -2.1940 -8.0136 1.9171
v -2.0600 -8.0018 1.9204
v -2.1672 -7.9918 1.9528
v -2.0903 -7.9905 1.9510
v -2.1974 -8.0128 1.8739
v -2.0611 -8.0140 1.8745
v -2.1670 -8.0399 1.9945
v -2.0813 -8.0139 2.0012
v -2.0598 -8.1003 1.8976
v -2.1797 -8.0736 1.9595
v -2.0770 -8.0507 1.9894
v -2.0652 -8.0799 1.9582
v -2.1638 -8.0055 2.0067
v -2.1827 -8.0984 1.8938
v -2.0915 -7.9989 2.0010
v -2.1519 -7.9943 2.0004
v -2.0660 -8.1023 1.8555
v -2.1823 -8.0955 1.8423
v -2.1771 -7.9296 1.8075
v -2.0857 -7.9189 1.8099
v -2.0597 -8.0378 1.7803
v -2.1957 -8.0322 1.7706
v -2.1017 -8.1024 1.7552
v -2.1471 -8.1010 1.7521
v -2.0617 -7.9779 1.7976
v -2.1943 -7.9768 1.7964
v -2.0712 -8.0744 1.7644
v -2.1828 -8.0815 1.7598
v -2.1768 -7.9275 1.7569
v -2.0856 -7.9095 1.7608
v -2.0600 -8.0323 1.7595
v -2.1967 -8.0248 1.7467
v -2.1016 -8.0966 1.7420
v -2.1465 -8.0969 1.7372
v -2.0624 -7.9665 1.7656
v -2.1949 -7.9667 1.7656
v -2.0693 -8.0687 1.7504
v -2.1822 -8.0779 1.7416
v -2.1610 -7.9150 1.7219
v -2.0985 -7.9076 1.7201
v -2.0643 -8.0299 1.7376
v -2.1948 -8.0218 1.7226
v -2.1023 -8.0926 1.7321
v -2.1448 -8.0957 1.7246
v -2.0657 -7.9626 1.7274
v -2.1893 -7.9611 1.7243
v -2.0685 -8.0690 1.7383
v -2.1806 -8.0787 1.7210
v -2.1516 -7.9136 1.6297
v -2.0895 -7.9044 1.6380
v -2.0593 -8.0304 1.6945
v -2.1871 -8.0266 1.6497
v -2.1011 -8.1121 1.6645
v -2.1373 -8.1060 1.6599
v -2.0642 -7.9506 1.6639
v -2.1730 -7.9495 1.6385
v -2.0645 -8.0794 1.6948
v -2.1700 -8.0878 1.6547
v -2.1452 -8.1069 1.7659
v -2.1817 -8.0828 1.7819
v -2.1919 -8.0400 1.7911
v -2.1650 -7.9398 1.8346
v -2.1027 -8.1065 1.7685
v -2.0970 -7.9316 1.8352
v -2.0633 -7.9900 1.8192
v -2.0611 -8.0468 1.8056
v -2.1931 -7.9856 1.8148
v -2.0726 -8.0811 1.7814
v -2.1473 -7.9072 1.6003
v -2.0878 -7.8933 1.6073
v -2.0546 -8.0270 1.6780
v -2.1923 -8.0279 1.6320
v -2.0954 -8.1250 1.6323
v -2.1429 -8.1199 1.6098
v -2.0625 -7.9412 1.6452
v -2.1717 -7.9459 1.6133
v -2.0668 -8.0849 1.6742
v -2.1760 -8.0817 1.6154
v -2.1481 -7.8854 1.5292
v -2.0738 -7.8654 1.5395
v -2.0440 -8.0051 1.6555
v -2.1894 -8.0105 1.6030
v -2.0707 -8.1369 1.5755
v -2.1517 -8.1331 1.5293
v -2.0528 -7.9090 1.6011
v -2.1779 -7.9212 1.5563
v -2.0582 -8.0732 1.6260
v -2.1848 -8.0829 1.5744
v -2.2371 -7.9842 1.8084
v -2.2181 -8.0236 1.8442
v -2.3161 -8.0087 1.8365
v -2.2918 -7.9829 1.8093
v -2.2248 -8.0057 1.8478
v -2.3091 -8.0016 1.8398
v -2.2919 -7.9912 1.8151
v -2.2405 -7.9913 1.8140
v -2.2021 -8.0528 1.7778
v -2.3368 -8.0492 1.7681
v -2.3014 -7.9736 1.7805
v -2.2302 -7.9761 1.7810
v -2.2025 -8.0560 1.8114
v -2.2988 -7.9773 1.7922
v -2.3363 -8.0328 1.8086
v -2.2315 -7.9778 1.7913
v -2.2379 -8.0397 1.8741
v -2.2414 -8.0213 1.8724
v -2.2364 -8.1351 1.7616
v -2.2429 -8.1023 1.8517
v -2.3112 -8.0955 1.8449
v -2.2940 -8.0204 1.8704
v -2.3105 -8.1248 1.7659
v -2.3027 -8.0425 1.8698
v -2.2316 -8.0038 1.8473
v -2.3006 -8.0017 1.8400
v -2.2868 -7.9917 1.8214
v -2.2416 -7.9950 1.8207
v -2.2494 -8.0102 1.8663
v -2.2854 -8.0079 1.8658
v -2.3331 -8.0510 1.7395
v -2.2299 -7.9708 1.7664
v -2.3048 -7.9675 1.7678
v -2.2067 -8.0527 1.7482
v -2.2437 -8.1229 1.7089
v -2.3108 -8.1136 1.7080
v -2.2192 -8.0035 1.8142
v -2.3095 -7.9930 1.8158
v -2.2268 -7.9994 1.8205
v -2.3034 -7.9961 1.8212
v -2.2061 -8.0045 1.7826
v -2.3335 -8.0064 1.7762
v -2.3254 -8.0053 1.7945
v -2.2048 -8.0100 1.7975
v -2.2977 -7.9982 1.8319
v -2.2328 -7.9990 1.8283
v -2.3324 -8.0048 1.7577
v -2.2097 -8.0011 1.7685
v -2.3120 -8.0237 1.8548
v -2.2290 -8.0130 1.8632
v -2.2105 -8.0924 1.7655
v -2.3354 -8.0571 1.8293
v -2.2232 -8.0333 1.8630
v -2.2179 -8.0804 1.8379
v -2.3071 -8.0132 1.8574
v -2.3322 -8.0854 1.7670
v -2.2328 -8.0055 1.8597
v -2.3014 -8.0034 1.8552
v -2.2218 -8.1004 1.7216
v -2.3317 -8.0842 1.7248
v -2.3144 -7.9389 1.6834
v -2.2273 -7.9334 1.6855
v -2.2056 -8.0359 1.6587
v -2.3385 -8.0269 1.6596
v -2.2465 -8.1053 1.6418
v -2.3071 -8.0986 1.6370
v -2.2138 -7.9718 1.6736
v -2.3271 -7.9761 1.6792
v -2.2197 -8.0811 1.6442
v -2.3332 -8.0594 1.6488
v -2.3162 -7.9273 1.6533
v -2.2253 -7.9151 1.6500
v -2.2064 -8.0362 1.6439
v -2.3420 -8.0192 1.6346
v -2.2500 -8.1070 1.6304
v -2.3086 -8.0958 1.6278
v -2.2128 -7.9717 1.6463
v -2.3290 -7.9671 1.6476
v -2.2185 -8.0767 1.6345
v -2.3388 -8.0531 1.6252
v -2.3044 -7.9272 1.6154
v -2.2374 -7.9197 1.6187
v -2.2081 -8.0347 1.6304
v -2.3464 -8.0168 1.6133
v -2.2505 -8.1082 1.6199
v -2.3042 -8.1003 1.6172
v -2.2171 -7.9571 1.6276
v -2.3239 -7.9594 1.6165
v -2.2199 -8.0874 1.6216
v -2.3376 -8.0522 1.6143
v -2.3068 -7.9296 1.5460
v -2.2408 -7.9092 1.5552
v -2.2107 -8.0350 1.6056
v -2.3423 -8.0138 1.5600
v -2.2461 -8.1156 1.5801
v -2.3029 -8.1056 1.5640
v -2.2126 -7.9453 1.5811
v -2.3263 -7.9680 1.5485
v -2.2220 -8.0984 1.5871
v -2.3299 -8.0729 1.5617
v -2.3085 -8.1080 1.6810
v -2.3300 -8.0746 1.6895
v -2.3303 -8.0409 1.7012
v -2.3031 -7.9511 1.7141
v -2.2472 -8.1142 1.6772
v -2.2352 -7.9459 1.7118
v -2.2155 -7.9836 1.7175
v -2.2132 -8.0470 1.6961
v -2.3226 -7.9854 1.7201
v -2.2254 -8.0990 1.6755
v -2.3078 -7.9298 1.5120
v -2.2411 -7.8983 1.5235
v -2.2097 -8.0401 1.5958
v -2.3412 -8.0192 1.5377
v -2.2409 -8.1250 1.5489
v -2.3044 -8.1176 1.5347
v -2.2145 -7.9451 1.5655
v -2.3292 -7.9680 1.5201
v -2.2204 -8.1013 1.5743
v -2.3259 -8.0903 1.5311
v -2.3005 -7.8843 1.4557
v -2.2287 -7.8888 1.4728
v -2.1985 -8.0165 1.5920
v -2.3390 -8.0192 1.5116
v -2.2118 -8.1359 1.5098
v -2.3072 -8.1208 1.4604
v -2.2100 -7.9187 1.5395
v -2.3306 -7.9283 1.4726
v -2.1988 -8.0790 1.5591
v -2.3282 -8.1051 1.4875
v -2.3636 -7.9697 1.5224
v -2.4752 -7.9714 1.4711
v -2.3841 -8.0931 1.5045
v -2.4740 -8.0690 1.4751
v -2.3863 -7.9164 1.5010
v -2.4478 -7.9273 1.4763
v -2.3617 -8.0334 1.5316
v -2.4859 -8.0271 1.4717
v -2.3603 -7.9656 1.5026
v -2.4836 -7.9676 1.4268
v -2.3718 -8.0995 1.4872
v -2.4644 -8.0895 1.4390
v -2.3796 -7.9098 1.4771
v -2.4587 -7.9201 1.4351
v -2.3528 -8.0294 1.5148
v -2.4945 -8.0374 1.4280
v -2.3553 -7.9266 1.4607
v -2.5059 -7.9686 1.3643
v -2.3567 -8.1069 1.4762
v -2.4527 -8.1023 1.3781
v -2.3762 -7.8964 1.4185
v -2.4719 -7.9117 1.3665
v -2.3472 -8.0204 1.5090
v -2.5054 -8.0378 1.3619
v -2.1268 -7.9433 1.8796
v -1.7778 -8.0483 2.1061
v -1.7785 -8.0906 2.0931
v -1.7730 -8.1535 2.0370
v -1.7587 -8.1660 1.9753
v -1.7417 -8.1689 1.8528
v -1.7334 -8.1685 1.8107
v -1.7290 -8.1536 1.7823
v -1.7230 -8.1387 1.7550
v -1.7076 -8.1305 1.6221
v -1.7076 -8.1379 1.5689
v -1.7225 -8.1429 1.5158
v -1.7409 -7.8960 1.8161
v -1.7447 -7.9019 1.8409
v -1.7499 -7.9246 1.8866
v -1.7772 -8.0330 2.0978
v -1.7564 -7.9500 1.9251
v -1.7527 -7.9334 1.9034
v -1.7556 -7.9622 1.9327
v -1.7709 -8.0213 2.0832
v -1.7582 -7.9742 1.9457
v -1.7674 -7.9873 1.9949
v -1.7707 -8.0093 2.0727
v -1.7218 -7.7666 1.4942
v -1.7212 -7.8266 1.6196
v -1.7377 -7.8754 1.7596
v -1.7276 -7.8514 1.6781
v -1.7408 -7.8882 1.7896
v -1.7728 -7.6878 1.2238
v -1.7079 -7.7337 1.2216
v -2.0372 -7.7208 1.2442
v -1.9823 -7.7100 1.2552
v -2.2297 -7.7915 1.1395
v -2.1844 -7.7661 1.1785
v -2.4646 -7.9082 1.0911
v -2.4110 -7.8709 1.1037
v -2.3475 -7.8276 1.0843
v -2.5190 -7.9931 1.1210
v -2.5254 -8.0609 1.1049
v -2.2785 -7.8026 1.1192
v -2.1306 -7.7495 1.2189
v -2.0827 -7.7268 1.2320
v -1.9209 -7.7004 1.2494
v -1.8566 -7.6824 1.2423
v -1.7655 -7.6417 1.0968
v -1.7177 -7.6910 1.1092
v -2.0332 -7.6252 1.0835
v -1.9687 -7.6121 1.0885
v -2.2367 -7.7023 0.9721
v -2.1810 -7.6797 1.0196
v -2.4074 -7.8399 0.8404
v -2.3659 -7.7942 0.8465
v -2.3165 -7.7395 0.8687
v -2.4594 -7.9034 0.8668
v -2.4854 -7.9825 0.8814
v -2.2723 -7.7095 0.9172
v -2.1245 -7.6565 1.0580
v -2.0815 -7.6424 1.0744
v -1.9035 -7.6062 1.0911
v -1.8407 -7.6080 1.0998
v -2.0128 -8.0937 -0.3746
v -1.7728 -7.5700 0.8909
v -1.7302 -7.6178 0.8711
v -1.9957 -7.5045 0.9257
v -1.9360 -7.4944 0.9030
v -2.0143 -8.1376 -0.2969
v -2.1947 -7.5450 0.7728
v -2.1594 -7.5244 0.8210
v -2.3826 -7.7779 0.6145
v -2.2876 -7.6148 0.6381
v -2.4249 -7.8885 0.6283
v -2.2445 -7.5705 0.7074
v -2.1078 -7.5141 0.8657
v -2.0567 -7.5225 0.9121
v -1.8731 -7.5051 0.8902
v -1.8148 -7.5379 0.8929
v -1.7450 -7.5543 0.6763
v -1.9669 -7.3919 0.7421
v -1.9161 -7.3756 0.7194
v -2.1934 -7.4177 0.6073
v -2.1222 -7.4140 0.6718
v -2.3332 -7.5951 0.0611
v -2.3256 -7.4636 -0.0667
v -2.3060 -7.4670 0.4122
v -2.4045 -7.8278 0.6200
v -2.3741 -7.8498 0.3977
v -2.2543 -7.4403 0.5360
v -2.0736 -7.4091 0.7143
v -2.0193 -7.4054 0.7369
v -1.8487 -7.3812 0.6566
v -1.7873 -7.4757 0.6773
v -1.6546 -7.7960 1.2114
v -1.6101 -7.8586 1.2211
v -1.5893 -8.0964 1.2291
v -1.5870 -7.9642 1.2266
v -1.6714 -7.7552 1.0825
v -1.6220 -7.8090 1.1038
v -1.6614 -8.0109 1.0606
v -1.6175 -7.9314 1.0693
v -1.6896 -7.6920 0.8567
v -1.6741 -7.7643 0.8748
v -1.7284 -7.9179 0.8332
v -1.6816 -7.8378 0.8655
v -1.6885 -7.7512 0.6933
v -1.7365 -7.9168 0.6322
v -1.7083 -7.8213 0.6670
v -2.5014 -8.1250 1.1129
v -2.2899 -8.1796 1.1403
v -2.4299 -8.1641 1.1216
v -2.3494 -8.1817 1.1306
v -2.4731 -8.0552 0.8863
v -2.3286 -8.1619 0.9140
v -2.4349 -8.1035 0.8877
v -2.3974 -8.1462 0.9048
v -2.4250 -7.9536 0.6170
v -2.3541 -8.1030 0.5855
v -2.4142 -8.0042 0.5933
v -2.4029 -8.0431 0.5571
v -2.3732 -7.9127 0.3813
v -2.3177 -8.0750 0.2819
v -2.3673 -7.9741 0.3517
v -2.3512 -8.0299 0.3226
v -1.7585 -8.1820 1.2615
v -1.8682 -8.1828 1.2748
v -1.9477 -8.1681 1.2675
v -2.0246 -8.1572 1.2461
v -2.1152 -8.1594 1.2156
v -2.1768 -8.1667 1.1892
v -2.2349 -8.1731 1.1593
v -1.6570 -8.1502 1.2460
v -2.3258 -7.2933 0.0420
v -1.9514 -8.0544 0.7608
v -2.0337 -8.0819 0.7344
v -2.1151 -8.1093 0.6915
v -2.1782 -8.1309 0.6683
v -1.7829 -7.9903 0.8028
v -1.8370 -8.0706 1.0326
v -1.9279 -8.0935 1.0304
v -2.0183 -8.1017 1.0179
v -2.0890 -8.1103 0.9888
v -2.1663 -8.1313 0.9580
v -1.7223 -8.0513 1.0365
v -2.2192 -8.1114 -0.1196
v -2.2516 -8.0451 -0.1593
v -2.2608 -7.9812 -0.1510
v -2.2374 -8.0855 -0.1392
v -1.7379 -8.0036 -0.2551
v -1.7589 -8.1024 -0.2222
v -1.8032 -8.1452 -0.1623
v -1.7144 -7.9567 0.0244
v -1.7171 -8.0624 0.0135
v -1.7584 -8.1029 0.0421
v -1.7301 -7.9286 0.2579
v -1.7445 -8.0073 0.2587
v -1.8523 -8.0332 -0.4236
v -2.0865 -8.1252 -0.2829
v -2.0966 -8.0895 -0.3415
v -2.1057 -8.0110 -0.3971
v -1.8950 -8.1531 -0.2611
v -1.8737 -8.1088 -0.3486
v -2.1916 -8.0619 -0.2593
v -2.2065 -7.9971 -0.2736
v -2.1683 -8.1026 -0.2282
v -1.7188 -7.8544 0.2647
v -1.7163 -7.6292 0.6663
v -1.6973 -7.6988 0.6676
v -2.1269 -7.6746 -0.3719
v -2.0878 -7.4371 -0.2709
v -2.1051 -7.5516 -0.3418
v -2.1277 -7.7845 -0.3993
v -2.1169 -7.9021 -0.4099
v -2.2259 -7.7399 -0.2021
v -1.7565 -7.0599 0.1894
v -2.2182 -7.6000 -0.1615
v -2.2236 -7.8319 -0.2385
v -2.2164 -7.9179 -0.2608
v -2.2790 -7.7642 -0.0795
v -0.0616 0.1386 0.2865
v -2.2723 -7.8405 -0.1092
v -2.2673 -7.9088 -0.1314
v -1.7399 -7.3232 0.2886
v -1.7027 -7.7714 0.2697
v -1.6955 -7.6737 0.2749
v -1.7013 -7.5650 0.2871
v -1.7150 -7.4480 0.2948
v -1.7203 -7.4578 0.1151
v -1.7125 -7.8407 0.0483
v -1.7266 -7.3333 0.1233
v -1.7207 -7.5876 0.0896
v -1.7178 -7.7151 0.0598
v -1.7497 -7.3430 -0.0690
v -1.7686 -7.4755 -0.0958
v -1.7398 -7.8923 -0.2573
v -1.7575 -7.7620 -0.2049
v -1.7731 -7.6233 -0.1459
v -1.9771 -7.4983 -0.4100
v -1.8460 -7.6578 -0.3515
v -1.8261 -7.7775 -0.4027
v -1.8220 -7.8985 -0.4320
v -1.8586 -7.5110 -0.3105
v -1.8711 -7.3788 -0.2631
v -1.9789 -7.3760 -0.3837
v -1.8390 -7.0559 0.4235
v -2.2753 -7.1501 -0.0597
v -2.2258 -7.4588 -0.1531
v -2.0697 -7.1721 -0.2312
v -1.8720 -7.1306 -0.2560
v -1.7674 -7.1244 -0.1095
v -1.9513 -7.1575 -0.3458
v -1.7486 -7.0808 0.0444
v -2.1927 -7.1862 -0.1498
v -2.1725 -7.3092 0.5076
v -1.9446 -7.2591 0.6249
v -1.9956 -7.6551 -0.4519
v -2.2874 -7.3210 0.3277
v -2.3379 -7.5700 0.2274
v -1.7469 -7.2113 0.0977
v -1.9810 -7.2606 -0.3575
v -2.3029 -7.3194 -0.0621
v -2.2089 -7.3284 -0.1454
v -2.0912 -7.3041 -0.2559
v -1.8807 -7.2448 -0.2305
v -2.3529 -7.7153 0.2100
v -1.8601 -7.2145 0.5226
v -1.9070 -7.2330 0.5953
v -1.7588 -7.1957 0.2516
v -1.9880 -7.2791 0.6293
v -2.0404 -7.2881 0.6127
v -2.0968 -7.2938 0.5764
v -1.7798 -7.2292 -0.0837
v -2.2399 -7.3275 0.4399
v -2.3547 -7.5981 0.4064
v -0.0257 0.1449 0.2778
v -2.2889 -7.6171 -0.0580
v -0.0973 0.0722 0.3010
v -0.1282 -0.0342 0.2896
v -0.1628 -0.1777 0.2772
v -0.1981 -0.3356 0.2693
v -0.2259 -0.5003 0.2775
v -0.2574 -0.6639 0.3096
v -0.2959 -0.8451 0.3476
v -0.4330 -1.3517 0.3856
v -0.5460 -1.6695 0.3668
v -0.6433 -1.9951 0.3438
v -0.7440 -2.3014 0.3394
v -0.8348 -2.5594 0.3479
v -0.9126 -2.7973 0.3552
v -0.9807 -3.0197 0.3516
v -1.0346 -3.2328 0.3273
v -1.1179 -3.4671 0.2242
v -1.1648 -3.6871 0.1806
v -1.1684 -3.9135 0.1643
v -1.1642 -4.2187 0.1468
v -1.1730 -4.5754 0.1260
v -1.2306 -4.9925 0.1033
v -1.3338 -5.4590 0.1059
v -1.5219 -6.0817 0.1125
v -2.2602 -6.5366 0.1081
v -1.6791 -6.5701 0.1768
v -1.7532 -6.8612 0.2426
v -2.2780 -8.1005 0.1216
v -2.3167 -8.0402 0.1355
v -2.3345 -7.9822 0.1430
v -2.3384 -7.8661 0.1939
v -2.3388 -7.9258 0.1726
v -1.7223 -7.8570 0.4691
v -1.7422 -7.9610 0.4479
v -1.7010 -7.7904 0.4850
v -1.6937 -7.7278 0.4700
v -1.6951 -7.6489 0.4633
v -1.7168 -7.5516 0.4689
v -1.7883 -7.3275 0.4469
v -1.7496 -7.4451 0.4691
v 0.0000 0.1336 0.2753
v -1.7912 -7.0507 0.3141
v -1.8035 -7.1915 0.3858
v -2.3896 -7.7151 0.3979
v -2.2788 -8.1551 0.9157
v -2.2296 -8.1544 0.9252
v -2.3198 -7.7411 0.0518
v -2.3737 -7.7914 0.3970
v -2.3398 -7.7063 0.6233
v -2.3211 -7.4307 0.2256
v -2.3118 -7.8234 0.0374
v -2.3408 -7.8025 0.1987
v -2.3072 -7.8896 0.0254
v -2.3037 -7.9530 -0.0005
v -2.2972 -8.0154 -0.0241
v -2.2812 -8.0649 -0.0148
v -2.2481 -8.1120 -0.0033
v -2.2961 -8.1210 0.6145
v -2.2352 -8.1370 0.6477
v -2.2773 -8.1040 0.2898
v -2.1574 -8.1329 0.3579
v -1.7854 -7.9997 0.5928
v -2.2297 -8.1226 0.3085
v -2.0318 -8.1574 -0.2039
v -1.8454 -8.1736 -0.0483
v -1.8075 -8.0732 0.2741
v -2.0876 -8.1429 -0.2146
v -1.9065 -8.1752 -0.1730
v -2.1559 -8.1282 -0.1901
v -1.7848 -8.0303 0.4267
v -1.9809 -8.1758 -0.0032
v -1.8988 -8.1732 0.0614
v -1.8095 -8.1330 0.0951
v -2.1979 -8.1357 -0.0325
v -2.0908 -8.1668 -0.0365
v -2.1385 -8.1553 -0.0421
v -2.1971 -8.1410 0.1199
v -2.2388 -8.1235 0.1189
v -1.9568 -8.1404 0.2516
v -2.0314 -8.1572 0.1929
v -2.1260 -8.1533 0.1305
v -1.8885 -8.1036 0.3195
v -1.8457 -8.0521 0.4306
v -1.9626 -7.9521 1.9560
v -1.9652 -7.9646 1.9796
v -1.9641 -7.9715 1.9960
v -2.1235 -8.1014 1.9860
v -2.1238 -8.1315 1.9008
v -2.1258 -8.0550 2.0172
v -2.2774 -8.1141 1.6418
v -2.2769 -8.1226 1.6747
v -2.2769 -8.1191 1.7086
v -2.2639 -7.9958 1.8347
v -1.9668 -8.1167 1.8774
v -1.9596 -8.0973 1.7878
v -1.9598 -8.0993 1.7734
v -1.9573 -8.0970 1.7529
v -1.9677 -8.0619 2.1048
v -1.9639 -8.1183 2.0716
v -1.9653 -8.1401 1.9484
v -2.2740 -8.1308 1.7638
v -2.1216 -7.9559 1.9009
v -2.1209 -7.9607 1.9122
v -2.2682 -7.9229 1.6871
v -2.2720 -7.9086 1.6518
v -2.2726 -7.9085 1.6168
v -2.2751 -8.1059 1.8547
v -2.2708 -8.0446 1.8720
v -2.1232 -8.0946 1.7284
v -2.1103 -7.8678 1.5074
v -2.1195 -7.8876 1.5923
v -2.1212 -7.8924 1.6238
v -2.2725 -7.8952 1.5077
v -2.2626 -7.8693 1.4374
v -2.2590 -8.1369 1.4547
v -2.1257 -7.8958 1.7190
v -2.2654 -7.9676 1.7937
v -2.2658 -7.9609 1.7835
v -2.2668 -7.9541 1.7700
v -2.2774 -7.9073 1.5457
v -2.2681 -8.0211 1.8714
v -1.9625 -7.8821 1.7467
v -1.9648 -7.8767 1.7994
v -1.9630 -7.8962 1.8594
v -1.9618 -7.9122 1.8860
v -1.9677 -7.9785 2.0109
v -1.9676 -7.9829 2.0170
v -1.9683 -7.9888 2.0247
v -1.9685 -7.9973 2.0408
v -2.3782 -8.1171 1.4052
v -2.4035 -8.1115 1.4585
v -2.2760 -8.1153 1.6289
v -2.1217 -7.9746 1.9308
v -1.9470 -7.8286 1.5204
v -1.9532 -7.8699 1.6260
v -1.9557 -7.8801 1.6715
v -2.1277 -8.1307 1.8416
v -2.2674 -8.0085 1.8666
v -2.2656 -8.0037 1.8572
v -2.2643 -8.0007 1.8462
v -2.1263 -7.8989 1.7586
v -2.1262 -7.9127 1.8107
v -2.1270 -7.9242 1.8374
v -1.9693 -8.0057 2.0765
v -1.9706 -8.0149 2.0949
v -1.9707 -8.0300 2.0997
v -1.9687 -8.0392 2.1089
v -1.9539 -8.1003 1.7399
v -1.9455 -8.1158 1.6748
v -1.9439 -8.1288 1.6391
v -1.9511 -8.1498 1.5089
v -2.2657 -7.9920 1.8222
v -2.2651 -7.9834 1.8179
v -2.2646 -7.9755 1.8102
v -2.1238 -8.1069 1.7668
v -2.1241 -8.1026 1.7540
v -2.1235 -8.0968 1.7401
v -2.4202 -7.8962 1.4512
v -2.1238 -7.9935 1.9881
v -2.1229 -8.0030 2.0168
v -2.1242 -8.0209 2.0238
v -2.2664 -7.9398 1.7178
v -2.4191 -7.9010 1.4876
v -2.4212 -8.0982 1.4808
v -2.2765 -8.1148 1.6200
v -2.2712 -8.1066 1.5729
v -2.2717 -8.1311 1.5417
v -2.1014 -8.1381 1.5127
v -2.1194 -8.1221 1.6213
v -2.1194 -8.1089 1.6623
v -2.1239 -7.9972 1.9981
v -2.1248 -7.9933 1.9592
v -2.1224 -7.9883 1.9436
v -2.1221 -7.9856 1.9390
v -2.3748 -8.0076 1.6825
v -2.3618 -8.0287 1.7263
v -2.4520 -8.0202 1.7147
v -2.4354 -8.0034 1.6775
v -2.3704 -8.0232 1.7294
v -2.4447 -8.0135 1.7192
v -2.4320 -8.0052 1.6822
v -2.3778 -8.0089 1.6858
v -2.3403 -8.0480 1.6696
v -2.4730 -8.0348 1.6622
v -2.4417 -7.9854 1.6649
v -2.3750 -7.9877 1.6696
v -2.3501 -8.0582 1.7047
v -2.4386 -7.9908 1.6712
v -2.4652 -8.0359 1.6860
v -2.3754 -7.9921 1.6768
v -2.3833 -8.0456 1.7621
v -2.3887 -8.0338 1.7584
v -2.3821 -8.1183 1.6445
v -2.3860 -8.0981 1.7237
v -2.4535 -8.0855 1.7111
v -2.4314 -8.0321 1.7542
v -2.4591 -8.0990 1.6505
v -2.4355 -8.0461 1.7540
v -2.3766 -8.0174 1.7312
v -2.4369 -8.0128 1.7197
v -2.4279 -8.0062 1.6864
v -2.3791 -8.0112 1.6893
v -2.3897 -8.0248 1.7508
v -2.4260 -8.0227 1.7443
v -2.4756 -8.0374 1.6480
v -2.3754 -7.9773 1.6604
v -2.4435 -7.9804 1.6576
v -2.3443 -8.0440 1.6480
v -2.3850 -8.1189 1.6344
v -2.4608 -8.0973 1.6388
v -2.3663 -8.0183 1.7035
v -2.4471 -8.0069 1.6964
v -2.3715 -8.0158 1.7070
v -2.4401 -8.0079 1.7002
v -2.3456 -8.0129 1.6670
v -2.4615 -8.0064 1.6642
v -2.4598 -8.0118 1.6795
v -2.3543 -8.0180 1.6882
v -2.4348 -8.0078 1.7060
v -2.3773 -8.0121 1.7093
v -2.4637 -8.0036 1.6521
v -2.3462 -8.0087 1.6568
v -2.4517 -8.0315 1.7327
v -2.3735 -8.0273 1.7448
v -2.3532 -8.0787 1.6509
v -2.4675 -8.0619 1.6992
v -2.3676 -8.0384 1.7452
v -2.3601 -8.0747 1.7155
v -2.4456 -8.0211 1.7340
v -2.4769 -8.0720 1.6555
v -2.3806 -8.0212 1.7420
v -2.4344 -8.0197 1.7328
v -2.3538 -8.0820 1.6424
v -2.4769 -8.0711 1.6404
v -2.4403 -7.9583 1.6304
v -2.3796 -7.9492 1.6268
v -2.3523 -8.0305 1.6080
v -2.4787 -8.0208 1.6129
v -2.3842 -8.1184 1.5942
v -2.4553 -8.0876 1.5915
v -2.3553 -7.9859 1.6139
v -2.4620 -7.9802 1.6227
v -2.3593 -8.0749 1.6000
v -2.4854 -8.0491 1.6051
v -2.4519 -7.9439 1.6142
v -2.3752 -7.9378 1.6051
v -2.3566 -8.0274 1.5828
v -2.4835 -8.0073 1.5921
v -2.3836 -8.1054 1.5601
v -2.4526 -8.0777 1.5621
v -2.3594 -7.9801 1.5902
v -2.4651 -7.9740 1.6038
v -2.3625 -8.0670 1.5749
v -2.4872 -8.0444 1.5793
v -2.4538 -7.9398 1.5807
v -2.3796 -7.9337 1.5732
v -2.3580 -8.0276 1.5735
v -2.4891 -8.0092 1.5756
v -2.3876 -8.1026 1.5542
v -2.4518 -8.0766 1.5513
v -2.3608 -7.9710 1.5744
v -2.4685 -7.9645 1.5823
v -2.3657 -8.0671 1.5638
v -2.4881 -8.0459 1.5723
v -2.4461 -7.9264 1.5487
v -2.3889 -7.9280 1.5429
v -2.3598 -8.0272 1.5615
v -2.4876 -8.0063 1.5490
v -2.3918 -8.0946 1.5438
v -2.4528 -8.0733 1.5446
v -2.3618 -7.9716 1.5586
v -2.4710 -7.9600 1.5506
v -2.3695 -8.0690 1.5526
v -2.4902 -8.0416 1.5538
v -2.4630 -8.0947 1.6288
v -2.4793 -8.0653 1.6332
v -2.4745 -8.0330 1.6370
v -2.4420 -7.9663 1.6438
v -2.3869 -8.1193 1.6244
v -2.3764 -7.9658 1.6459
v -2.3495 -8.0006 1.6383
v -2.3479 -8.0407 1.6340
v -2.4620 -7.9922 1.6391
v -2.3559 -8.0860 1.6308
v -2.4259 -8.1150 1.5923
v -2.4203 -8.1266 1.6200
v -2.4180 -8.1262 1.6298
v -2.4014 -8.0093 1.7098
v -2.4177 -8.1237 1.6364
v -2.4082 -7.9486 1.6320
v -2.4138 -7.9443 1.6095
v -2.4160 -7.9295 1.5751
v -2.4126 -8.0980 1.7235
v -2.4074 -8.0530 1.7688
v -2.4005 -7.9816 1.6721
v -2.4014 -7.9744 1.6661
v -2.4034 -7.9759 1.6572
v -2.4186 -7.9174 1.5449
v -2.4081 -8.0369 1.7593
v -2.4203 -8.1048 1.5595
v -2.4054 -8.0262 1.7494
v -2.4053 -8.0173 1.7375
v -2.4053 -8.0135 1.7249
v -2.4019 -8.0084 1.6867
v -2.4016 -8.0074 1.6823
v -2.4003 -8.0049 1.6771
v -2.4075 -7.9659 1.6438
v -2.4199 -8.1013 1.5505
v -2.4170 -8.0998 1.5431
v -2.4245 -7.8790 1.3763
v -2.3960 -8.0925 1.5117
v -2.4142 -8.0937 1.5035
v -1.5883 -7.9886 1.3465
v -1.6097 -7.9079 1.3336
v -2.5202 -8.0686 1.1974
v -2.5196 -7.9983 1.1926
v -2.4828 -7.9540 1.2039
v -1.6371 -7.8404 1.3250
v -1.7079 -7.7711 1.3472
v -1.7877 -7.7431 1.3608
v -1.8724 -7.7661 1.3785
v -1.9380 -7.7829 1.3754
v -1.9896 -7.7917 1.3686
v -2.0435 -7.7942 1.3569
v -2.0843 -7.8023 1.3406
v -2.1286 -7.8143 1.3287
v -2.1915 -7.8175 1.2918
v -2.2348 -7.8316 1.2480
v -2.2828 -7.8512 1.2317
v -2.4712 -8.1305 1.2168
v -2.3956 -8.1674 1.2376
v -1.5797 -8.1002 1.3535
v -1.6198 -8.1554 1.3646
v -1.7329 -8.1845 1.3802
v -1.8349 -8.1867 1.3948
v -1.9097 -8.1746 1.3984
v -2.3285 -8.1718 1.2598
v -2.2770 -8.1640 1.2788
v -2.2145 -8.1758 1.3141
v -2.1659 -8.1563 1.3314
v -2.0971 -8.1564 1.3589
v -1.9741 -8.1788 1.3799
v -2.3648 -7.8661 1.1962
v -2.4308 -7.9041 1.1918
v -1.8617 -8.1461 0.1471
v -0.7852 -0.8859 1.0300
v -0.5648 -0.9571 0.8342
v -0.4202 -1.0237 0.6024
v -0.3522 -1.0632 0.3802
v -0.3480 -1.0758 0.1831
v -0.4285 -1.0534 -0.0230
v -0.5893 -1.0087 -0.2244
v -0.8219 -0.9536 -0.4127
v -1.0887 -0.9032 -0.5107
v -1.3370 -0.8389 -0.5257
v -1.5600 -0.7662 -0.4280
v -1.7488 -0.7135 -0.2640
v -1.8884 -0.6619 -0.0529
v -1.9603 -0.6351 0.2262
v -1.9680 -0.6137 0.4814
v -1.9227 -0.6057 0.6836
v -1.8145 -0.6152 0.8704
v -1.6461 -0.6494 1.0500
v -1.3743 -0.7227 1.1664
v -1.0679 -0.7982 1.1952
v 0.0486 7.1344 1.4151
v 0.1362 7.1584 1.3836
v 0.0652 7.0759 1.3178
v 0.1332 7.1222 1.2911
v 0.1850 7.1353 1.2646
v 0.0672 7.0497 1.1320
v 0.1487 7.0878 1.1301
v 0.2061 7.1347 1.1238
v 0.2745 7.1725 0.9512
v 0.0791 7.0357 0.9630
v 0.1605 7.0662 0.9606
v 0.2295 7.1071 0.9557
v 0.2998 7.1755 0.7259
v 0.0824 6.9187 0.6376
v 0.1840 7.0453 0.6174
v 0.2635 7.0901 0.6609
v 0.2209 7.2366 0.5273
v 0.0686 7.1126 0.5148
v 0.1209 7.1287 0.5082
v 0.1786 7.1655 0.5137
v 0.1810 7.1494 1.4644
v 0.1279 7.1272 1.4798
v 0.0590 7.1168 1.4917
v 0.0705 6.8647 1.2920
v 0.1413 6.8759 1.2661
v 0.1276 7.0898 1.4676
v 0.0677 7.0732 1.4929
v 0.1858 7.1150 1.4404
v 0.5058 7.1574 0.9941
v 0.5156 7.1570 0.7486
v 0.4755 7.0938 0.8037
v 0.4289 7.0463 0.8689
v 0.3315 6.9691 1.0125
v 0.0687 6.8488 1.2300
v 0.5261 7.1805 0.5255
v 0.1400 6.8647 1.1975
v 0.5576 7.2428 0.4407
v 0.5186 7.0806 0.4780
v 0.5501 7.1328 0.3882
v 0.5179 6.9411 0.4391
v 0.5474 6.9894 0.3472
v 0.5338 6.8130 0.4018
v 0.5676 6.8635 0.3101
v 0.5805 6.6998 0.3630
v 0.6067 6.7509 0.2726
v 0.6389 6.6035 0.3209
v 0.6715 6.6669 0.2304
v 0.7228 6.5359 0.2802
v 0.7554 6.5912 0.1924
v 0.4680 7.0623 0.6479
v 0.4971 7.1170 0.5916
v 0.4457 6.9802 0.6111
v 0.4909 7.0283 0.5502
v 0.4516 6.8604 0.5790
v 0.4915 6.8970 0.5140
v 0.4750 6.7322 0.5437
v 0.5105 6.7749 0.4766
v 0.5094 6.6082 0.5069
v 0.5538 6.6535 0.4401
v 0.5812 6.5080 0.4659
v 0.6118 6.5534 0.3950
v 0.6509 6.4220 0.4193
v 0.6984 6.4833 0.3551
v 0.4298 7.0176 0.7012
v 0.4337 6.7003 0.6062
v 0.4662 6.5737 0.5771
v 0.5265 6.4627 0.5378
v 0.6047 6.3757 0.4864
v 0.0669 6.8287 1.0631
v 0.1358 6.8389 1.0370
v 0.3112 6.9234 0.8775
v 0.0613 6.7991 0.9413
v 0.1260 6.8030 0.9293
v 0.2870 6.8653 0.8175
v 0.0541 6.6812 0.8685
v 0.1135 6.6859 0.8595
v 0.2691 6.7546 0.7751
v 0.0573 6.5406 0.8594
v 0.2309 6.5916 0.7869
v 0.1146 6.5527 0.8442
v 0.2515 6.1964 0.7208
v 0.2841 6.6149 0.7484
v 0.0602 6.4136 0.8101
v 0.2572 6.4578 0.7534
v 0.1220 6.4266 0.7993
v 0.2112 6.3135 0.7458
v 0.3088 6.4780 0.7200
v 0.0686 6.2820 0.7702
v 0.2801 6.3317 0.7187
v 0.1395 6.2962 0.7621
v 0.1882 6.4423 0.7806
v 0.3445 6.3558 0.6880
v 0.0812 6.1613 0.7484
v 0.3349 6.2224 0.6905
v 0.1660 6.1755 0.7382
v 0.1711 6.5720 0.8137
v 0.4073 6.2517 0.6513
v 0.5561 7.1826 0.2753
v 0.5528 7.0377 0.2350
v 0.5646 6.9085 0.1991
v 0.6089 6.8076 0.1650
v 0.6759 6.7174 0.1353
v 0.7594 6.6374 0.0989
v 0.5134 7.2278 0.1600
v 0.5195 7.0819 0.1287
v 0.5448 6.9591 0.0949
v 0.5827 6.8467 0.0688
v 0.6475 6.7417 0.0447
v 0.7233 6.6512 0.0087
v 0.4389 7.2592 0.0477
v 0.4504 7.1140 0.0320
v 0.4817 6.9927 0.0070
v 0.5223 6.8770 -0.0115
v 0.5904 6.7601 -0.0389
v 0.6733 6.6601 -0.0785
v 0.3705 7.1431 -0.0381
v 0.3982 7.0172 -0.0622
v 0.4350 6.8972 -0.0891
v 0.5080 6.7677 -0.1170
v 0.5961 6.6537 -0.1572
v 0.2988 7.1669 -0.0983
v 0.3186 7.0367 -0.1218
v 0.3451 6.9066 -0.1499
v 0.4110 6.7623 -0.1835
v 0.4957 6.6307 -0.2270
v 0.2203 7.1905 -0.1441
v 0.2332 7.0571 -0.1599
v 0.2505 6.9159 -0.1871
v 0.2947 6.7519 -0.2320
v 0.3744 6.6062 -0.2795
v 0.3353 6.9764 1.0870
v 0.4431 7.0615 0.9492
v 0.4952 7.1147 0.8881
v 0.5438 7.1825 0.8329
v 0.2426 7.1453 1.4211
v 0.2098 6.8955 1.1433
v 0.2094 6.9115 1.2664
v 0.4505 7.0880 1.0464
v 0.2757 6.9452 1.2134
v 0.3351 6.9842 1.1591
v 0.1445 6.8859 1.3116
v 0.0709 6.8767 1.3396
v 0.2740 6.9317 1.0788
v 0.2111 6.9051 1.2136
v 0.2746 6.9371 1.1531
v 0.2586 6.8918 0.9372
v 0.2382 6.8374 0.8658
v 0.1860 6.8158 0.9031
v 0.1997 6.8621 0.9915
v 0.3979 6.9894 0.7556
v 0.3717 6.6690 0.6688
v 0.4113 6.5316 0.6394
v 0.4649 6.4233 0.5951
v 0.5398 6.3261 0.5468
v 0.0677 6.8403 1.1546
v 0.1383 6.8543 1.1221
v 0.2057 6.8853 1.0649
v 0.2685 6.9196 1.0018
v 0.3237 6.9544 0.9376
v 0.5216 7.1909 0.6406
v 0.4555 7.0670 0.7387
v 0.4130 7.0240 0.8009
v 0.4905 7.1190 0.6912
v 0.0997 6.5646 -0.3093
v 0.0720 7.2132 -0.1811
v 0.0738 6.9256 -0.2114
v 0.0738 7.0768 -0.1894
v 0.0786 6.7400 -0.2486
v 0.4044 6.9475 0.6654
v 0.3734 6.9282 0.7166
v 0.4005 6.8263 0.6378
v 0.3551 6.8047 0.6895
v 0.2228 6.7195 0.8191
v 0.1720 6.6969 0.8450
v 0.1847 6.7447 -0.2467
v 0.1515 7.0690 -0.1801
v 0.2313 6.5803 -0.3017
v 0.1614 6.9192 -0.2047
v 0.1446 7.2070 -0.1660
v 2.2505 5.8628 0.4302
v 2.0675 5.7079 0.7270
v 1.9343 5.6114 0.7928
v 1.7238 5.4770 0.8871
v 1.6469 5.3755 0.9125
v 1.5649 5.2639 0.9465
v 1.4772 5.1659 1.0011
v 1.4387 5.0716 1.0563
v 1.4047 4.9586 1.1179
v 1.3687 4.8487 1.1816
v 1.7440 5.7773 0.7329
v 1.9020 5.8617 0.6615
v 2.0928 5.9993 0.4144
v 1.5232 5.6402 0.8543
v 1.4376 5.5322 0.9241
v 1.3679 5.3950 1.0210
v 1.3061 5.2531 1.0909
v 1.2738 5.1184 1.1513
v 1.2518 5.0014 1.2153
v 1.2273 4.9037 1.2672
v 1.5295 5.9120 0.6649
v 1.6803 6.0226 0.6072
v 1.8066 6.1241 0.4033
v 1.2749 5.7383 0.8073
v 1.1493 5.6187 0.8832
v 1.0952 5.4539 1.0171
v 1.0715 5.2845 1.1228
v 1.0575 5.1470 1.2016
v 1.0518 5.0307 1.2734
v 1.0333 4.9276 1.3252
v 1.3045 6.0242 0.6120
v 1.4130 6.1113 0.5423
v 1.5625 6.2351 0.3792
v 1.0131 5.8358 0.7712
v 0.8136 5.7133 0.8563
v 0.7802 5.5002 0.9690
v 0.7453 5.3109 1.0898
v 0.7639 5.1689 1.1882
v 0.7799 5.0405 1.2681
v 0.7969 4.9286 1.3315
v 1.1020 6.0463 0.5716
v 1.1634 6.1025 0.4711
v 1.2280 6.2264 0.3299
v 0.8310 5.9443 0.7210
v 0.6564 5.8965 0.7855
v 2.5440 5.4532 0.3946
v 2.3471 5.2940 0.6893
v 2.2212 5.1742 0.7210
v 2.0240 5.0115 0.6573
v 1.8821 5.0209 0.6428
v 1.7835 4.9669 0.6819
v 1.7159 4.8898 0.6682
v 1.6679 4.7851 0.6543
v 1.6282 4.6319 0.6459
v 1.5820 4.4714 0.6572
v 2.6837 5.2557 0.3440
v 2.4917 5.0818 0.6274
v 2.3886 4.9749 0.6677
v 2.1914 4.7802 0.5254
v 2.0966 4.7260 0.3397
v 2.0136 4.6835 0.1264
v 1.7248 4.7745 0.2615
v 1.6897 4.5520 0.2368
v 1.6481 4.4017 0.2256
v 1.6114 4.2883 0.2395
v 2.7755 5.1269 0.3131
v 2.5787 4.9720 0.6169
v 2.4723 4.8754 0.6487
v 2.2800 4.6871 0.4911
v 2.2054 4.6218 0.3121
v 2.1477 4.5510 0.1153
v 2.3898 5.7204 0.4317
v 2.2003 5.5571 0.7375
v 2.0695 5.4348 0.8005
v 1.8551 5.2863 0.8464
v 1.7745 5.2305 0.8746
v 1.6848 5.1431 0.8978
v 1.6242 5.0531 0.9124
v 1.5791 4.9643 0.9484
v 1.5387 4.8688 1.0133
v 1.5052 4.7505 1.0564
v 2.6108 5.3607 0.3787
v 2.4161 5.1953 0.6600
v 2.2972 5.0752 0.6943
v 2.1074 4.8890 0.5713
v 1.9045 4.8961 0.4330
v 1.7993 4.8933 0.4521
v 1.7309 4.7925 0.4646
v 1.6756 4.6410 0.4567
v 1.6351 4.5019 0.4422
v 1.5922 4.3578 0.4522
v 2.1865 5.7974 0.5968
v 2.0057 5.9410 0.5539
v 1.7562 6.0734 0.5171
v 1.4844 6.1606 0.4654
v 1.2025 6.1714 0.3908
v 2.4721 5.3791 0.5640
v 2.6076 5.1746 0.5004
v 2.6967 5.0616 0.4781
v 2.3210 5.6451 0.6037
v 2.5357 5.2782 0.5402
v 0.4063 6.1261 0.6668
v 0.3001 6.0938 0.7177
v 0.6469 6.2329 0.5167
v 0.7041 6.2849 0.4563
v 0.7505 6.3436 0.3858
v 0.4172 6.2608 -0.4456
v 0.1948 6.2301 -0.4158
v 0.6033 6.2917 -0.4536
v 0.7951 6.3353 -0.4358
v 0.9718 6.3818 -0.3924
v 0.5061 5.6996 0.8999
v 0.0996 4.8944 1.2296
v 0.1035 5.0452 1.1960
v 0.2676 5.8404 0.8521
v 0.1147 5.2113 1.1394
v 0.1287 5.3839 1.0787
v 1.0816 6.4134 -0.3073
v 1.1695 6.4023 -0.1485
v 1.2451 6.4016 -0.0066
v 1.2528 6.3588 0.1180
v 1.2423 6.3025 0.2311
v 1.0027 6.3956 0.2320
v 1.0315 6.4526 0.1378
v 1.0157 6.4861 0.0302
v 0.9516 6.4964 -0.0864
v 0.8759 6.4981 -0.1967
v 0.8112 6.4793 -0.2873
v 0.6984 6.4405 -0.3518
v 0.5284 6.3913 -0.3914
v 0.1602 6.3474 -0.3828
v 0.3573 6.3618 -0.3951
v 0.3013 6.4542 -0.3504
v 0.1323 6.4387 -0.3541
v 0.4531 6.4837 -0.3341
v 0.5903 6.5232 -0.2843
v 0.6996 6.5572 -0.2170
v 0.7580 6.5698 -0.1304
v 0.8126 6.5750 -0.0393
v 0.1369 5.5422 1.0031
v 0.8656 6.5622 0.0583
v 0.8700 6.5199 0.1561
v 0.8409 6.4656 0.2431
v 0.3041 5.5343 0.9986
v 0.2901 5.3708 1.0821
v 0.2984 5.6927 0.9221
v 0.4359 5.8634 0.8312
v 0.1960 6.0656 0.7406
v 0.4937 6.1618 0.6237
v 0.8020 6.4069 0.3171
v 0.6391 6.0476 0.6326
v 0.2305 5.9577 0.7798
v 0.5074 6.0250 0.6909
v 0.3586 5.9862 0.7480
v 0.8098 6.1103 0.5179
v 0.8594 6.1674 0.4361
v 0.8898 6.2414 0.3763
v 0.9480 6.3200 0.3088
v 0.0948 6.0469 0.7491
v 0.1100 5.9400 0.7886
v 0.1242 5.8240 0.8583
v 0.1382 5.6846 0.9349
v 0.2830 5.2081 1.1523
v 0.2904 5.0569 1.2215
v 0.3046 4.9046 1.2764
v 0.5498 4.9215 1.3116
v 0.5140 5.0522 1.2469
v 0.4953 5.1886 1.1650
v 0.4777 5.3403 1.0839
v 0.5101 5.5233 0.9852
v 0.4650 6.1359 -0.5031
v 0.2127 6.1003 -0.4549
v 0.6740 6.1766 -0.5333
v 0.8880 6.2399 -0.5561
v 1.0830 6.2842 -0.5142
v 1.2494 6.2868 -0.3930
v 1.3812 6.2984 -0.2204
v 1.4815 6.3051 -0.0655
v 1.5516 6.2851 0.0845
v 1.5760 6.2719 0.2219
v 0.4949 5.9950 -0.5536
v 0.2242 5.9724 -0.4971
v 0.7321 6.0405 -0.6140
v 0.9595 6.1256 -0.6611
v 1.1728 6.1466 -0.6132
v 1.3818 6.1576 -0.4707
v 1.5453 6.1676 -0.2674
v 1.6673 6.1594 -0.0790
v 1.7658 6.1637 0.0947
v 1.8083 6.1555 0.2585
v 1.5130 5.9648 -0.5383
v 1.4378 5.7399 -0.6517
v 1.3694 5.5720 -0.7096
v 1.2467 5.1068 -0.7824
v 1.2092 4.9221 -0.7969
v 1.1883 4.7600 -0.7991
v 1.2346 5.9633 -0.6948
v 1.2127 5.7423 -0.7604
v 1.1514 5.5538 -0.8162
v 1.0438 5.1455 -0.8900
v 1.0177 5.0032 -0.8917
v 0.9916 4.8421 -0.8861
v 0.9875 5.9582 -0.7401
v 0.9484 5.7219 -0.8203
v 0.8969 5.5507 -0.8570
v 0.8350 5.1478 -0.8875
v 0.8259 5.0135 -0.8938
v 0.8103 4.8591 -0.8791
v 0.7489 5.8878 -0.6976
v 0.7240 5.7031 -0.7568
v 0.6723 5.5442 -0.7942
v 0.6433 5.1474 -0.8228
v 0.6302 5.0112 -0.8302
v 0.6210 4.8693 -0.8088
v 0.5012 5.8439 -0.5910
v 0.4684 5.6885 -0.6674
v 0.4567 5.5438 -0.7029
v 0.4617 5.1304 -0.7439
v 0.4572 4.9949 -0.7427
v 0.4601 4.8493 -0.7544
v 0.2342 5.8524 -0.5357
v 0.2437 5.6783 -0.5793
v 0.2504 5.5320 -0.6084
v 0.2669 5.1314 -0.6914
v 0.2668 4.9879 -0.7116
v 0.2583 4.8445 -0.7241
v 1.7117 6.0135 -0.2951
v 1.8835 6.0777 -0.0951
v 1.9939 6.0879 0.0611
v 2.0693 6.0584 0.2601
v 1.8795 5.9034 -0.3241
v 2.0566 5.9527 -0.1347
v 2.1595 5.9593 0.0369
v 2.2523 5.9164 0.2460
v 1.7158 5.8052 -0.4650
v 1.5818 5.6966 -0.5800
v 1.6489 5.4808 -0.5730
v 1.5350 4.7924 -0.4763
v 1.4879 4.6135 -0.4427
v 1.4526 4.4719 -0.4475
v 2.0083 5.7972 -0.3305
v 2.1682 5.8374 -0.1598
v 2.2856 5.8227 0.0271
v 2.3837 5.7733 0.2319
v 1.8365 5.7247 -0.4302
v 1.7176 5.6130 -0.5010
v 1.5269 5.5460 -0.6356
v 1.6455 4.5911 -0.1737
v 1.5957 4.4528 -0.1617
v 1.5540 4.3318 -0.1894
v 2.1796 5.5830 -0.3143
v 2.3462 5.5915 -0.1842
v 2.4718 5.5569 -0.0141
v 2.5529 5.5256 0.1922
v 2.0578 5.5163 -0.3890
v 1.9526 5.4145 -0.4383
v 1.7380 4.9239 -0.2830
v 1.7542 4.8754 -0.1331
v 1.6748 4.5638 0.0555
v 1.6301 4.4124 0.0433
v 2.2757 5.4668 -0.3100
v 2.4140 5.4742 -0.1861
v 2.5486 5.4766 -0.0187
v 2.6149 5.4325 0.1868
v 2.1499 5.3896 -0.3742
v 2.0606 5.2789 -0.4196
v 1.8051 4.9016 -0.2918
v 1.8099 4.8617 -0.1642
v 1.8175 4.8456 0.0052
v 2.3769 5.3412 -0.3077
v 2.5127 5.3720 -0.1886
v 2.6360 5.3599 -0.0217
v 2.6927 5.3182 0.1724
v 2.2588 5.2599 -0.3781
v 2.1606 5.1553 -0.4125
v 1.9461 4.7357 -0.2818
v 1.9514 4.6818 -0.1912
v 1.9752 4.6767 -0.0470
v 1.7970 4.8529 0.2191
v 2.5118 5.1814 -0.3016
v 2.6368 5.2205 -0.1974
v 2.7479 5.2108 -0.0339
v 2.7904 5.1727 0.1524
v 2.4081 5.0974 -0.3607
v 2.3127 4.9978 -0.3872
v 2.0800 4.6024 -0.2476
v 2.0919 4.5516 -0.1537
v 2.1131 4.5407 -0.0374
v 1.8711 4.8449 0.1729
v 1.7774 4.8489 0.0500
v 1.7104 4.7420 0.0906
v 1.6388 4.8529 -0.3648
v 1.8473 5.5116 -0.4567
v 1.6985 4.7638 -0.1375
v 2.3958 5.6701 -0.0018
v 2.4903 5.6150 0.2055
v 2.2770 5.7041 -0.1721
v 2.1016 5.6907 -0.3267
v 1.9541 5.6223 -0.3945
v 2.1494 5.2856 0.7558
v 2.2844 5.4088 0.7131
v 2.4848 5.5461 0.4094
v 1.6844 4.9755 0.8312
v 1.7300 5.0523 0.8093
v 1.8256 5.1319 0.7956
v 1.9422 5.1495 0.7773
v 2.4082 5.4893 0.5812
v 1.5438 4.6223 0.8492
v 1.5877 4.7591 0.8403
v 1.6304 4.8961 0.8488
v 1.8719 5.2946 -0.4454
v 1.9765 5.1584 -0.4285
v 2.0814 5.0401 -0.4157
v 2.2336 4.8957 -0.3854
v 1.7771 5.3896 -0.4960
v 1.6015 4.2665 0.0551
v 1.3345 4.6323 -0.6721
v 1.3886 4.7823 -0.6689
v 1.4416 4.9580 -0.6398
v 2.9258 4.9522 0.3021
v 2.6835 4.8320 0.6058
v 2.5730 4.7571 0.6535
v 2.3705 4.5956 0.5080
v 2.2967 4.5324 0.3411
v 2.2546 4.4613 0.1495
v 2.8335 4.8979 0.4708
v 2.7260 4.9127 -0.2824
v 2.8171 4.9665 -0.1961
v 2.9097 5.0035 -0.0501
v 2.9484 4.9923 0.1304
v 2.6175 4.8484 -0.3349
v 2.5173 4.7776 -0.3594
v 2.2298 4.4727 -0.2010
v 2.2158 4.4463 -0.1073
v 2.2337 4.4452 0.0025
v 2.4176 4.6916 -0.3571
v 3.0889 4.7535 0.3145
v 2.8552 4.6385 0.6221
v 2.7420 4.5599 0.6723
v 2.5268 4.4452 0.5365
v 2.4516 4.3969 0.3747
v 2.4053 4.3470 0.1993
v 2.9894 4.7068 0.4956
v 2.9259 4.6290 -0.2721
v 3.0134 4.6857 -0.1856
v 3.0864 4.7391 -0.0452
v 3.1100 4.7727 0.1350
v 2.8403 4.5749 -0.3209
v 2.7315 4.5165 -0.3233
v 2.3882 4.3341 -0.1491
v 2.3717 4.3233 -0.0581
v 2.3732 4.3251 0.0532
v 2.6079 4.4569 -0.3108
v 3.2326 4.5824 0.3499
v 3.0288 4.4586 0.6452
v 2.9261 4.3614 0.6927
v 2.7285 4.2557 0.5604
v 2.6383 4.2236 0.4028
v 2.5723 4.1856 0.2363
v 3.1554 4.5447 0.5235
v 3.0905 4.4387 -0.2494
v 3.1561 4.4966 -0.1560
v 3.2293 4.5468 -0.0122
v 3.2546 4.5802 0.1702
v 2.9911 4.3726 -0.2982
v 2.9032 4.3212 -0.3006
v 2.5679 4.1750 -0.1256
v 2.5402 4.1621 -0.0377
v 2.5354 4.1566 0.0801
v 2.7906 4.2705 -0.2886
v 3.3667 4.4452 0.3855
v 3.1696 4.3162 0.6604
v 3.0796 4.2273 0.6952
v 2.8974 4.0822 0.5696
v 2.8049 4.0372 0.4239
v 2.7275 4.0059 0.2576
v 3.2994 4.4067 0.5463
v 3.2066 4.2758 -0.2065
v 3.2804 4.3394 -0.1061
v 3.3671 4.3995 0.0416
v 3.3928 4.4308 0.2190
v 3.1320 4.2149 -0.2605
v 3.0418 4.1612 -0.2750
v 2.7150 4.0126 -0.1147
v 2.6883 3.9960 -0.0300
v 2.6818 3.9860 0.0935
v 2.9264 4.1131 -0.2637
v 1.0090 4.5034 1.3955
v 0.9813 4.5011 1.4028
v 0.9557 4.4894 1.4107
v 0.9350 4.4693 1.4158
v 0.9195 4.4484 1.4207
v 0.9161 4.4239 1.4213
v 0.9233 4.3965 1.4185
v 0.9391 4.3739 1.4111
v 0.9651 4.3616 1.3974
v 0.9960 4.3646 1.3872
v 1.0249 4.3815 1.3770
v 1.0457 4.4057 1.3711
v 1.0602 4.4343 1.3674
v 1.0611 4.4621 1.3686
v 1.0533 4.4826 1.3728
v 1.0350 4.4987 1.3813
v 1.0131 4.4860 1.3938
v 1.0020 4.4803 1.3966
v 0.9902 4.4684 1.3999
v 0.9798 4.4485 1.4018
v 0.9680 4.4311 1.4055
v 0.9601 4.4121 1.4074
v 0.9566 4.3957 1.4034
v 0.9565 4.3827 1.4017
v 0.9713 4.3743 1.3961
v 0.9799 4.3839 1.3936
v 0.9930 4.3962 1.3902
v 1.0053 4.4159 1.3866
v 1.0182 4.4372 1.3850
v 1.0229 4.4566 1.3846
v 1.0251 4.4722 1.3855
v 1.0244 4.4823 1.3860
v 1.0097 4.5374 1.3931
v 0.9621 4.5349 1.4074
v 0.9139 4.5223 1.4205
v 0.8811 4.4986 1.4296
v 0.8613 4.4661 1.4347
v 0.8579 4.4326 1.4366
v 0.8744 4.3944 1.4311
v 0.9068 4.3607 1.4191
v 0.9511 4.3411 1.4022
v 1.0048 4.3413 1.3811
v 1.0536 4.3579 1.3630
v 1.0872 4.3916 1.3480
v 1.1032 4.4329 1.3424
v 1.1014 4.4769 1.3484
v 1.0867 4.5091 1.3584
v 1.0521 4.5293 1.3738
v 1.0090 4.5842 1.3926
v 0.9361 4.5777 1.4111
v 0.8666 4.5627 1.4269
v 0.8128 4.5315 1.4402
v 0.7893 4.4890 1.4474
v 0.7825 4.4389 1.4503
v 0.8086 4.3853 1.4453
v 0.8588 4.3399 1.4305
v 0.9342 4.3119 1.4026
v 1.0148 4.3135 1.3720
v 1.0826 4.3403 1.3463
v 1.1300 4.3823 1.3228
v 1.1540 4.4413 1.3162
v 1.1532 4.5000 1.3246
v 1.1243 4.5476 1.3427
v 1.0745 4.5726 1.3663
v 1.0119 4.6941 1.3833
v 0.8781 4.6857 1.4076
v 0.7483 4.6570 1.4221
v 0.6393 4.6115 1.4337
v 0.5787 4.5443 1.4418
v 0.5763 4.4680 1.4568
v 0.6271 4.3735 1.4613
v 0.7388 4.2924 1.4507
v 0.8836 4.2404 1.4081
v 1.0312 4.2349 1.3423
v 1.1527 4.2772 1.2817
v 1.2367 4.3557 1.2369
v 1.2816 4.4569 1.2277
v 1.2842 4.5588 1.2533
v 1.2295 4.6386 1.2975
v 1.1327 4.6816 1.3439
v 1.0160 4.7596 1.3742
v 0.8452 4.7490 1.3979
v 0.6750 4.7220 1.4079
v 0.5198 4.6674 1.4048
v 0.4404 4.5778 1.4061
v 0.4408 4.4798 1.4226
v 0.5171 4.3516 1.4465
v 0.6815 4.2452 1.4499
v 0.8631 4.1758 1.4062
v 1.0433 4.1604 1.3168
v 1.1904 4.2004 1.2203
v 1.2917 4.3134 1.1558
v 1.3446 4.4484 1.1530
v 1.3529 4.5823 1.2022
v 1.2882 4.6907 1.2651
v 1.1663 4.7463 1.3260
v 1.0256 4.8354 1.3564
v 0.8129 4.8285 1.3773
v 0.5948 4.8064 1.3677
v 0.3503 4.7519 1.3328
v 0.2813 4.6187 1.3455
v 0.2823 4.4867 1.3565
v 0.3751 4.2932 1.3964
v 0.6220 4.1492 1.4374
v 0.8399 4.0645 1.3899
v 1.0437 4.0191 1.2863
v 1.2305 4.0119 1.1117
v 1.3362 4.2239 1.0340
v 1.3971 4.4033 1.0306
v 1.4417 4.6076 1.1029
v 1.3402 4.7501 1.2269
v 1.2045 4.8170 1.3015
v 1.1022 4.6256 1.3566
v 1.1746 4.5920 1.3214
v 1.0204 4.2795 1.3602
v 0.9093 4.2767 1.4053
v 1.0112 4.6358 1.3905
v 1.1181 4.3136 1.3206
v 0.9087 4.6277 1.4135
v 1.1803 4.3727 1.2885
v 0.6878 4.4543 1.4602
v 0.6932 4.5176 1.4535
v 0.8116 4.6050 1.4296
v 1.2135 4.4503 1.2802
v 0.7257 4.3796 1.4579
v 0.7347 4.5697 1.4421
v 1.2149 4.5276 1.2940
v 0.8028 4.3204 1.4418
v 0.1145 4.7489 1.2553
v 0.1129 4.6423 1.2767
v 0.1185 4.5320 1.3001
v 0.1358 4.3843 1.3465
v 5.1089 1.7974 3.5052
v 5.2307 1.6749 3.3958
v 5.2560 1.7433 3.4505
v 5.1930 1.8075 3.4977
v 5.1911 1.9200 3.3784
v 5.2635 1.8588 3.3201
v 5.2419 1.7787 3.2754
v 5.1147 1.9009 3.3948
v 5.0879 1.9700 3.2902
v 5.2155 1.8551 3.1564
v 5.2368 1.9215 3.2017
v 5.1740 2.0130 3.2178
v 5.2311 1.9521 3.1478
v 5.1983 1.8495 3.1028
v 5.0784 2.0089 3.2313
v 5.1742 1.9780 3.2775
v 5.0864 1.8887 3.3914
v 5.0839 1.7816 3.4986
v 5.1682 1.8302 3.0784
v 5.1828 1.8363 3.1485
v 5.1959 1.7531 3.2635
v 5.1981 1.6594 3.3818
v 5.0379 1.9817 3.2182
v 5.0561 1.9508 3.2822
v 5.1364 1.5956 3.7260
v 5.1854 1.6474 3.6692
v 5.1333 1.5506 3.7552
v 5.2429 1.5175 3.6596
v 5.2373 1.4849 3.6898
v 5.1734 1.4778 3.7555
v 5.2381 1.6048 3.6331
v 5.2173 1.6348 3.6497
v 5.1881 1.4879 3.7580
v 5.2105 1.6235 3.6561
v 5.1506 1.5469 3.7630
v 5.2365 1.4865 3.7052
v 5.2287 1.5920 3.6407
v 5.2374 1.5183 3.6764
v 5.1492 1.5858 3.7333
v 5.2360 1.7877 3.4800
v 5.2447 1.9006 3.3496
v 5.2148 1.9913 3.1879
v 5.2223 1.9593 3.2448
v 5.1794 1.6314 3.6765
v 5.0820 1.6894 3.4071
v 5.0890 1.7757 3.3149
v 5.0557 1.8806 3.1054
v 5.0574 1.8441 3.1857
v 5.1873 1.6647 3.6560
v 5.1190 1.6216 3.6919
v 5.2359 1.5203 3.6191
v 5.2431 1.6146 3.6215
v 5.2186 1.4887 3.6403
v 5.1091 1.5937 3.7063
v 5.2231 1.6510 3.6366
v 5.1246 1.4754 3.7187
v 5.0973 1.5488 3.5961
v 5.2316 1.6790 3.6073
v 5.0873 1.6545 3.6312
v 5.1981 1.5389 3.5438
v 5.2507 1.6433 3.5834
v 5.2280 1.5580 3.5448
v 5.1008 1.6742 3.6301
v 5.1841 1.6968 3.6267
v 5.2261 1.8372 3.1986
v 5.2384 1.9019 3.2487
v 5.1750 1.9600 3.3089
v 5.1888 1.8130 3.1944
v 5.0712 1.9309 3.3202
v 5.0984 1.9477 3.3259
v 5.2276 1.9422 3.2809
v 5.0663 1.8182 3.2421
v 5.2453 1.8791 3.3755
v 5.1963 1.7411 3.2831
v 5.2724 1.8327 3.3407
v 5.2415 1.7635 3.2926
v 5.0852 1.7476 3.3407
v 5.2442 1.8532 3.4038
v 5.0853 1.8529 3.4282
v 5.1926 1.7263 3.2997
v 5.1853 1.7256 3.5988
v 5.1025 1.7144 3.5881
v 5.2308 1.5989 3.4966
v 5.2555 1.6723 3.5536
v 5.1970 1.5881 3.4857
v 5.0873 1.7034 3.5802
v 5.2327 1.7059 3.5806
v 5.0975 1.6178 3.5194
v 5.0837 1.7322 3.3543
v 5.0839 1.8305 3.4489
v 5.1957 1.8467 3.4609
v 5.1073 1.8390 3.4598
v 5.2699 1.8089 3.3665
v 5.1950 1.8760 3.4336
v 5.2411 1.7459 3.3122
v 5.1133 1.8653 3.4361
v 5.2380 1.7238 3.3384
v 5.2621 1.7834 3.3958
v 5.2437 1.8273 3.4379
v 5.1936 1.7045 3.3244
v 5.0844 1.9026 3.3732
v 5.1118 1.9160 3.3738
v 5.2387 1.9159 3.3257
v 5.0816 1.7829 3.2938
v 5.0866 1.7648 3.3284
v 5.0851 1.8683 3.4113
v 5.1164 1.8827 3.4172
v 5.1927 1.9032 3.4086
v 5.2378 1.8021 3.2462
v 5.2507 1.8765 3.2914
v 5.1857 1.9333 3.3563
v 5.1962 1.7735 3.2370
v 5.1833 1.7570 3.5610
v 5.2354 1.6250 3.4653
v 5.1966 1.6077 3.4585
v 5.2284 1.7389 3.5419
v 5.0964 1.6413 3.4902
v 5.1068 1.7425 3.5623
v 5.2518 1.7005 3.5139
v 5.0894 1.7280 3.5569
v 5.1843 1.7395 3.5829
v 5.2343 1.6107 3.4812
v 5.1974 1.5985 3.4713
v 5.2304 1.7199 3.5653
v 5.0986 1.6317 3.5052
v 5.1053 1.7279 3.5770
v 5.2533 1.6846 3.5369
v 5.0893 1.7145 3.5691
v 5.1014 1.4986 3.6663
v 5.0932 1.6279 3.6581
v 5.2465 1.6259 3.6022
v 5.2034 1.5123 3.5884
v 5.2331 1.5385 3.5791
v 5.2269 1.6638 3.6211
v 5.1857 1.6823 3.6413
v 5.1039 1.6479 3.6555
v 5.0610 1.7215 3.4397
v 5.0650 1.8223 3.3514
v 5.0277 1.9080 3.1567
v 5.0325 1.8809 3.2300
v 5.1486 1.5046 3.7655
v 5.1616 1.5119 3.7723
v 5.1051 1.5141 3.7292
v 5.0777 1.5831 3.6123
v 5.0428 1.8638 3.2839
v 5.0610 1.7914 3.3787
v 5.0595 1.7706 3.3965
v 5.0800 1.6471 3.5424
v 5.0572 1.8301 3.3341
v 5.0647 1.8088 3.3679
v 5.0743 1.6752 3.5127
v 5.0790 1.6640 3.5291
v 5.0831 1.5463 3.6700
v 5.1361 1.6074 3.4836
v 5.1317 1.6158 3.4677
v 5.1341 1.7454 3.2999
v 5.1192 1.7656 3.2611
v 5.1447 1.4790 3.6339
v 5.1143 1.7976 3.2117
v 5.1756 1.4590 3.6875
v 5.2121 1.4756 3.7351
v 5.1022 1.8292 3.1616
v 5.1348 1.5943 3.4974
v 5.1323 1.7282 3.3139
v 5.1355 1.5264 3.5726
v 5.1331 1.7093 3.3300
v 5.0918 1.8356 3.0478
v 5.1311 1.7543 3.2849
v 5.1303 1.6575 3.3868
v 5.2090 1.4651 3.7285
v 5.2010 1.6190 3.6523
v 5.1945 1.4990 3.7580
v 5.1584 1.5412 3.7574
v 5.2251 1.4918 3.7096
v 5.2197 1.5885 3.6428
v 5.2266 1.5172 3.6828
v 5.1533 1.5740 3.7293
v 5.1791 1.6211 3.6739
v 5.1704 1.5182 3.7641
v 5.2169 1.4871 3.7338
v 5.2040 1.5492 3.7185
v 5.2002 1.5207 3.7435
v 5.1986 1.5667 3.5085
v 5.2291 1.5839 3.5148
v 5.0976 1.5942 3.5404
v 5.1854 1.7102 3.6111
v 5.2529 1.6574 3.5669
v 5.2330 1.6920 3.5926
v 5.0862 1.6827 3.5980
v 5.1001 1.6994 3.6033
v 5.0800 1.6180 3.5620
v 5.1324 1.5700 3.5200
v 5.3544 1.4976 3.3685
v 5.4532 1.4066 3.2300
v 5.4811 1.4685 3.2838
v 5.4192 1.5027 3.3582
v 5.4041 1.6690 3.2380
v 5.4724 1.6255 3.1567
v 5.4412 1.5557 3.0976
v 5.3335 1.6554 3.2486
v 5.2596 1.7631 3.1376
v 5.3871 1.6631 2.9897
v 5.4276 1.7524 3.0373
v 5.3288 1.8615 3.0484
v 5.4190 1.8156 2.9577
v 5.3387 1.7297 2.9166
v 5.2106 1.8321 3.0756
v 5.3526 1.7877 3.1140
v 5.3076 1.6416 3.2398
v 5.3272 1.4804 3.3652
v 5.3092 1.6945 2.9034
v 5.3485 1.6348 2.9776
v 5.4086 1.5321 3.0862
v 5.4114 1.3792 3.2187
v 5.1832 1.8099 3.0554
v 5.2302 1.7390 3.1175
v 5.4440 1.2866 3.5424
v 5.4627 1.3294 3.4876
v 5.4484 1.2523 3.5655
v 5.5109 1.2337 3.4408
v 5.5134 1.1869 3.4678
v 5.4837 1.1673 3.5501
v 5.5034 1.2958 3.4307
v 5.4866 1.3231 3.4543
v 5.4953 1.1816 3.5495
v 5.4811 1.3102 3.4595
v 5.4601 1.2497 3.5646
v 5.5155 1.1938 3.4838
v 5.4947 1.2885 3.4403
v 5.5124 1.2287 3.4555
v 5.4496 1.2807 3.5428
v 5.4658 1.4983 3.3218
v 5.4544 1.6564 3.2003
v 5.3926 1.8431 3.0167
v 5.4036 1.7845 3.0805
v 5.4589 1.3147 3.4895
v 5.3206 1.4033 3.2806
v 5.2902 1.5534 3.1498
v 5.1656 1.7014 2.9359
v 5.2294 1.6469 3.0305
v 5.4627 1.3455 3.4789
v 5.4243 1.3097 3.5246
v 5.5070 1.2418 3.4142
v 5.5059 1.3074 3.4205
v 5.4964 1.2007 3.4310
v 5.4157 1.2665 3.5519
v 5.4903 1.3362 3.4474
v 5.4304 1.1540 3.5257
v 5.3630 1.2514 3.4125
v 5.4895 1.3652 3.4265
v 5.3835 1.3476 3.4767
v 5.4508 1.2598 3.3515
v 5.5036 1.3383 3.3934
v 5.4834 1.2864 3.3513
v 5.4041 1.3635 3.4759
v 5.4542 1.3788 3.4557
v 5.3984 1.6418 3.0128
v 5.4358 1.7214 3.0712
v 5.3599 1.7570 3.1482
v 5.3629 1.6099 3.0015
v 5.2496 1.7166 3.1538
v 5.2797 1.7409 3.1639
v 5.4133 1.7522 3.1158
v 5.2408 1.6249 3.0676
v 5.4563 1.6258 3.2263
v 5.4127 1.5138 3.1023
v 5.4739 1.5912 3.1848
v 5.4466 1.5352 3.1185
v 5.2913 1.5118 3.1864
v 5.4565 1.5767 3.2601
v 5.3189 1.5894 3.2874
v 5.4149 1.4824 3.1318
v 5.4411 1.4070 3.4377
v 5.3906 1.4044 3.4445
v 5.4739 1.3242 3.3161
v 5.4985 1.3667 3.3619
v 5.4380 1.3023 3.3037
v 5.3679 1.3959 3.4391
v 5.4862 1.3969 3.4034
v 5.3446 1.3174 3.3555
v 5.3045 1.4534 3.2355
v 5.3195 1.5370 3.3206
v 5.4115 1.5552 3.3133
v 5.3445 1.5462 3.3268
v 5.4717 1.5527 3.2196
v 5.4120 1.5898 3.2831
v 5.4479 1.5047 3.1499
v 5.3451 1.5957 3.2932
v 5.4489 1.4616 3.1865
v 5.4747 1.5168 3.2476
v 5.4587 1.5436 3.2845
v 5.4042 1.4314 3.1742
v 5.3014 1.6599 3.2261
v 5.3266 1.6764 3.2302
v 5.4435 1.6858 3.1736
v 5.2808 1.5649 3.1350
v 5.2900 1.5344 3.1656
v 5.3125 1.6230 3.2574
v 5.3396 1.6322 3.2676
v 5.4051 1.6355 3.2568
v 5.4347 1.5780 3.0784
v 5.4629 1.6523 3.1315
v 5.3907 1.6915 3.2137
v 5.4012 1.5502 3.0709
v 5.4326 1.4486 3.4078
v 5.4681 1.3581 3.2834
v 5.4329 1.3334 3.2724
v 5.4795 1.4423 3.3687
v 5.3483 1.3564 3.3294
v 5.3777 1.4416 3.4154
v 5.4926 1.4106 3.3286
v 5.3570 1.4277 3.4125
v 5.4353 1.4285 3.4247
v 5.4722 1.3409 3.3002
v 5.4360 1.3190 3.2893
v 5.4862 1.4202 3.3856
v 5.3449 1.3375 3.3430
v 5.3846 1.4240 3.4284
v 5.4991 1.3898 3.3449
v 5.3615 1.4119 3.4251
v 5.3823 1.1883 3.4704
v 5.3965 1.3071 3.5116
v 5.5036 1.3149 3.4101
v 5.4712 1.2190 3.3965
v 5.4971 1.2572 3.3868
v 5.4876 1.3433 3.4402
v 5.4580 1.3568 3.4717
v 5.4154 1.3363 3.5014
v 5.3067 1.4268 3.3168
v 5.2845 1.5872 3.1938
v 5.1261 1.7757 2.9855
v 5.2141 1.6845 3.0730
v 5.4637 1.1975 3.5738
v 5.4778 1.2022 3.5685
v 5.4091 1.1915 3.5577
v 5.3502 1.2852 3.4470
v 5.2268 1.6627 3.1121
v 5.2812 1.5436 3.2276
v 5.2903 1.4853 3.2734
v 5.3336 1.3468 3.3940
v 5.2732 1.6018 3.1815
v 5.2823 1.5690 3.2123
v 5.3339 1.3866 3.3678
v 5.3340 1.3654 3.3804
v 5.3696 1.2236 3.5027
v 5.3739 1.3190 3.3127
v 5.3740 1.3367 3.2990
v 5.3245 1.5122 3.1295
v 5.3163 1.5419 3.0997
v 5.4145 1.1836 3.4299
v 5.2850 1.6033 3.0290
v 5.4573 1.1446 3.4841
v 5.5088 1.1744 3.5188
v 5.2667 1.6318 2.9975
v 5.3743 1.3008 3.3253
v 5.3247 1.4827 3.1506
v 5.3938 1.2394 3.3798
v 5.3357 1.4307 3.1981
v 5.2377 1.6927 2.8813
v 5.3273 1.5289 3.1143
v 5.3484 1.3840 3.2474
v 5.4990 1.1575 3.5139
v 5.4773 1.3036 3.4624
v 5.4986 1.1914 3.5449
v 5.4652 1.2371 3.5600
v 5.5128 1.1957 3.4910
v 5.4904 1.2865 3.4416
v 5.5069 1.2272 3.4677
v 5.4566 1.2690 3.5376
v 5.4581 1.3090 3.4885
v 5.4839 1.2037 3.5585
v 5.5060 1.1813 3.5220
v 5.4881 1.2500 3.5045
v 5.4948 1.2183 3.5292
v 5.4418 1.2870 3.3210
v 5.4776 1.3089 3.3291
v 5.3491 1.2949 3.3738
v 5.4482 1.3936 3.4453
v 5.4998 1.3548 3.3767
v 5.4866 1.3794 3.4163
v 5.3761 1.3802 3.4548
v 5.3965 1.3881 3.4571
v 5.3370 1.3232 3.4117
v 5.3779 1.2790 3.3420
v 5.4976 1.4382 3.0628
v 5.5714 1.3705 2.9271
v 5.5959 1.4060 2.9635
v 5.5553 1.4434 3.0368
v 5.5227 1.5971 2.9584
v 5.5666 1.5568 2.8771
v 5.5449 1.5129 2.8329
v 5.4606 1.5831 2.9878
v 5.3933 1.6759 2.9202
v 5.4839 1.6117 2.7500
v 5.5156 1.6804 2.8006
v 5.4340 1.7597 2.8543
v 5.5043 1.7394 2.7548
v 5.4071 1.6541 2.6774
v 5.3566 1.7162 2.8824
v 5.4603 1.7027 2.8821
v 5.4300 1.5650 2.9803
v 5.4664 1.4223 3.0564
v 5.3856 1.6102 2.6795
v 5.4541 1.5797 2.7445
v 5.5139 1.4861 2.8180
v 5.5401 1.3441 2.9115
v 5.3264 1.6889 2.8874
v 5.3687 1.6472 2.9128
v 5.6030 1.1581 3.2297
v 5.6117 1.2188 3.1646
v 5.5981 1.1174 3.2466
v 5.6505 1.1038 3.1173
v 5.6538 1.0689 3.1368
v 5.6151 1.0528 3.2069
v 5.6394 1.1878 3.1032
v 5.6321 1.2154 3.1293
v 5.6381 1.0597 3.2145
v 5.6277 1.2042 3.1349
v 5.6172 1.1102 3.2439
v 5.6627 1.0745 3.1514
v 5.6383 1.1795 3.1130
v 5.6622 1.1003 3.1328
v 5.6125 1.1483 3.2314
v 5.5925 1.4320 2.9996
v 5.5588 1.5842 2.9155
v 5.4839 1.7545 2.8080
v 5.4981 1.6997 2.8437
v 5.6101 1.2059 3.1682
v 5.4440 1.3556 2.9597
v 5.4005 1.4875 2.8740
v 5.2897 1.6272 2.7561
v 5.3383 1.5727 2.8066
v 5.6100 1.2340 3.1569
v 5.5741 1.1813 3.2142
v 5.6387 1.1248 3.0902
v 5.6410 1.1977 3.0940
v 5.6284 1.0892 3.0996
v 5.5603 1.1484 3.2277
v 5.6327 1.2300 3.1210
v 5.5655 1.0633 3.1768
v 5.5010 1.1674 3.0823
v 5.6277 1.2664 3.0951
v 5.5127 1.2461 3.1654
v 5.5881 1.1765 3.0276
v 5.6337 1.2392 3.0632
v 5.6142 1.1963 3.0342
v 5.5380 1.2672 3.1651
v 5.5981 1.2811 3.1293
v 5.5010 1.5896 2.7766
v 5.5269 1.6458 2.8229
v 5.4753 1.6742 2.9002
v 5.4699 1.5615 2.7633
v 5.3860 1.6341 2.9283
v 5.4161 1.6564 2.9378
v 5.5121 1.6704 2.8605
v 5.3516 1.5539 2.8197
v 5.5703 1.5605 2.9277
v 5.5161 1.4666 2.8265
v 5.5772 1.5335 2.8911
v 5.5531 1.4910 2.8448
v 5.4142 1.4616 2.8908
v 5.5733 1.5340 2.9398
v 5.4411 1.5308 3.0003
v 5.5191 1.4454 2.8392
v 5.5867 1.3216 3.1110
v 5.5267 1.3154 3.1357
v 5.6001 1.2490 2.9987
v 5.6268 1.2829 3.0374
v 5.5652 1.2313 2.9867
v 5.4955 1.3031 3.1314
v 5.6210 1.3058 3.0722
v 5.4885 1.2515 3.0275
v 5.4158 1.4477 2.8997
v 5.4437 1.5088 3.0093
v 5.5431 1.5253 2.9893
v 5.4732 1.5230 3.0195
v 5.5777 1.5090 2.9054
v 5.5412 1.5517 2.9782
v 5.5556 1.4687 2.8598
v 5.4690 1.5480 3.0083
v 5.5554 1.4450 2.8737
v 5.5809 1.4835 2.9193
v 5.5762 1.5082 2.9520
v 5.5221 1.4296 2.8509
v 5.4229 1.5843 2.9690
v 5.4537 1.6037 2.9744
v 5.5460 1.6061 2.9034
v 5.3915 1.4976 2.8611
v 5.4071 1.4798 2.8828
v 5.4341 1.5516 2.9872
v 5.4637 1.5682 2.9974
v 5.5345 1.5772 2.9693
v 5.5321 1.5401 2.8212
v 5.5543 1.5809 2.8645
v 5.5090 1.6145 2.9438
v 5.5020 1.5083 2.8042
v 5.5692 1.3686 3.0832
v 5.5911 1.3001 2.9707
v 5.5620 1.2734 2.9580
v 5.6090 1.3562 3.0387
v 5.4708 1.2845 3.0032
v 5.5189 1.3620 3.1069
v 5.6081 1.3352 3.0021
v 5.4875 1.3508 3.1058
v 5.5758 1.3444 3.0983
v 5.5953 1.2740 2.9854
v 5.5648 1.2505 2.9753
v 5.6127 1.3310 3.0579
v 5.4829 1.2645 3.0182
v 5.5243 1.3350 3.1234
v 5.6153 1.3045 3.0214
v 5.4920 1.3238 3.1196
v 5.5256 1.1048 3.1327
v 5.5341 1.1931 3.1947
v 5.6396 1.2179 3.0835
v 5.6129 1.1239 3.0690
v 5.6312 1.1566 3.0654
v 5.6306 1.2470 3.1095
v 5.6048 1.2571 3.1435
v 5.5586 1.2248 3.1893
v 5.4338 1.3783 3.0019
v 5.3957 1.5159 2.9265
v 5.2866 1.6691 2.8279
v 5.3320 1.5987 2.8586
v 5.6010 1.0699 3.2330
v 5.6256 1.0716 3.2347
v 5.5546 1.0876 3.2068
v 5.4880 1.1931 3.1196
v 5.3470 1.5783 2.8696
v 5.4083 1.4883 2.9419
v 5.4108 1.4714 2.9514
v 5.4741 1.2715 3.0713
v 5.3843 1.5281 2.9147
v 5.4035 1.5085 2.9330
v 5.4561 1.3065 3.0444
v 5.4688 1.2871 3.0618
v 5.5134 1.1335 3.1647
v 5.5101 1.2511 2.9890
v 5.5010 1.2685 2.9727
v 5.4433 1.4664 2.8369
v 5.4270 1.4868 2.8201
v 5.5551 1.0938 3.1005
v 5.3922 1.5395 2.7816
v 5.5866 1.0531 3.1431
v 5.6535 1.0532 3.1942
v 5.3777 1.5602 2.7660
v 5.5181 1.2348 2.9991
v 5.4507 1.4504 2.8486
v 5.5308 1.1550 3.0508
v 5.4516 1.4345 2.8602
v 5.3148 1.6113 2.6790
v 5.4359 1.4762 2.8294
v 5.4781 1.3409 2.9223
v 5.6366 1.0456 3.1813
v 5.6185 1.1948 3.1369
v 5.6410 1.0719 3.2110
v 5.6206 1.1173 3.2332
v 5.6619 1.0818 3.1634
v 5.6343 1.1739 3.1166
v 5.6595 1.1050 3.1419
v 5.6140 1.1449 3.2225
v 5.6072 1.1989 3.1684
v 5.6294 1.0819 3.2270
v 5.6497 1.0664 3.1932
v 5.6455 1.1243 3.1867
v 5.6486 1.1038 3.1991
v 5.5718 1.2122 3.0007
v 5.6043 1.2275 3.0119
v 5.4912 1.2242 3.0410
v 5.5920 1.3019 3.1184
v 5.6293 1.2614 3.0512
v 5.6265 1.2852 3.0840
v 5.5000 1.2811 3.1429
v 5.5306 1.2955 3.1479
v 5.4759 1.2466 3.0851
v 5.5238 1.2124 3.0095
v 5.4906 1.4170 2.7343
v 5.5302 1.3669 2.6086
v 5.5648 1.3996 2.6467
v 5.5498 1.4149 2.7004
v 5.5402 1.5355 2.6505
v 5.5561 1.5115 2.5936
v 5.5138 1.4612 2.5594
v 5.4697 1.5255 2.6994
v 5.4343 1.6141 2.6600
v 5.4772 1.5433 2.5149
v 5.5179 1.6045 2.5511
v 5.4838 1.7092 2.5790
v 5.4920 1.6764 2.5171
v 5.4492 1.5913 2.4792
v 5.4169 1.6559 2.6474
v 5.4999 1.6364 2.6058
v 5.4399 1.5071 2.6921
v 5.4634 1.4092 2.7335
v 5.4142 1.5582 2.4850
v 5.4441 1.5206 2.5125
v 5.4798 1.4418 2.5544
v 5.5057 1.3527 2.6016
v 5.3933 1.6182 2.6562
v 5.4058 1.5966 2.6609
v 5.5461 1.2156 2.8130
v 5.5629 1.2411 2.7754
v 5.5455 1.1914 2.8228
v 5.5786 1.1648 2.7272
v 5.5782 1.1459 2.7345
v 5.5674 1.1308 2.7928
v 5.5779 1.2125 2.7306
v 5.5732 1.2320 2.7494
v 5.5773 1.1373 2.7943
v 5.5732 1.2254 2.7535
v 5.5552 1.1887 2.8221
v 5.5852 1.1486 2.7426
v 5.5785 1.2093 2.7324
v 5.5856 1.1657 2.7350
v 5.5564 1.2093 2.8124
v 5.5667 1.4127 2.6747
v 5.5555 1.5289 2.6210
v 5.4980 1.6968 2.5468
v 5.5141 1.6261 2.5779
v 5.5636 1.2336 2.7773
v 5.4358 1.3589 2.6485
v 5.4089 1.4517 2.6104
v 5.3575 1.5691 2.5662
v 5.3778 1.5340 2.5798
v 5.5622 1.2550 2.7714
v 5.5309 1.2349 2.8064
v 5.5715 1.1748 2.7104
v 5.5765 1.2246 2.7214
v 5.5653 1.1537 2.7166
v 5.5224 1.2119 2.8160
v 5.5738 1.2441 2.7446
v 5.5260 1.1253 2.7808
v 5.4628 1.2257 2.7155
v 5.5787 1.2888 2.7280
v 5.4923 1.2832 2.7843
v 5.5342 1.2292 2.6618
v 5.5811 1.2717 2.6986
v 5.5552 1.2409 2.6642
v 5.5139 1.2949 2.7840
v 5.5642 1.2991 2.7572
v 5.4864 1.5249 2.5272
v 5.5247 1.5743 2.5627
v 5.5112 1.6039 2.6188
v 5.4552 1.5039 2.5217
v 5.4126 1.5723 2.6644
v 5.4407 1.5914 2.6676
v 5.5252 1.5961 2.5914
v 5.3870 1.5139 2.5830
v 5.5587 1.5045 2.6340
v 5.4868 1.4215 2.5650
v 5.5589 1.4882 2.6060
v 5.5189 1.4411 2.5722
v 5.4211 1.4125 2.6275
v 5.5606 1.4769 2.6474
v 5.4492 1.4638 2.7092
v 5.4913 1.4053 2.5754
v 5.5594 1.3504 2.7344
v 5.5061 1.3461 2.7634
v 5.5476 1.2967 2.6386
v 5.5778 1.3302 2.6759
v 5.5240 1.2838 2.6331
v 5.4830 1.3381 2.7611
v 5.5767 1.3459 2.7055
v 5.4533 1.2899 2.6854
v 5.4269 1.3924 2.6347
v 5.4557 1.4379 2.7191
v 5.5458 1.4513 2.6849
v 5.4844 1.4480 2.7213
v 5.5603 1.4626 2.6205
v 5.5431 1.4827 2.6723
v 5.5219 1.4214 2.5837
v 5.4781 1.4759 2.7130
v 5.5246 1.3980 2.5937
v 5.5618 1.4302 2.6317
v 5.5624 1.4490 2.6611
v 5.4940 1.3844 2.5868
v 5.4355 1.5291 2.6851
v 5.4654 1.5490 2.6911
v 5.5473 1.5499 2.6137
v 5.4034 1.4718 2.6009
v 5.4151 1.4307 2.6194
v 5.4445 1.4853 2.7009
v 5.4747 1.4998 2.7055
v 5.5426 1.5095 2.6621
v 5.5080 1.4806 2.5483
v 5.5485 1.5290 2.5845
v 5.5298 1.5567 2.6417
v 5.4736 1.4603 2.5430
v 5.5531 1.3830 2.7187
v 5.5407 1.3318 2.6246
v 5.5170 1.3174 2.6182
v 5.5697 1.3790 2.6911
v 5.4505 1.3224 2.6696
v 5.4972 1.3807 2.7508
v 5.5703 1.3644 2.6624
v 5.4732 1.3732 2.7467
v 5.5557 1.3674 2.7261
v 5.5431 1.3149 2.6317
v 5.5196 1.3035 2.6244
v 5.5732 1.3645 2.6987
v 5.4540 1.3059 2.6762
v 5.5023 1.3619 2.7565
v 5.5748 1.3484 2.6699
v 5.4808 1.3551 2.7531
v 5.4818 1.1599 2.7498
v 5.5055 1.2437 2.8010
v 5.5810 1.2449 2.7105
v 5.5532 1.1795 2.6917
v 5.5652 1.1987 2.6882
v 5.5799 1.2640 2.7370
v 5.5667 1.2795 2.7697
v 5.5210 1.2632 2.7954
v 5.4290 1.3718 2.6789
v 5.4060 1.4635 2.6350
v 5.3506 1.6105 2.6148
v 5.3769 1.5502 2.6062
v 5.5540 1.1466 2.8123
v 5.5665 1.1527 2.8132
v 5.5133 1.1482 2.8069
v 5.4580 1.2401 2.7456
v 5.3860 1.5277 2.6082
v 5.4148 1.4245 2.6537
v 5.4209 1.4016 2.6628
v 5.4483 1.3048 2.7181
v 5.4020 1.4843 2.6265
v 5.4104 1.4436 2.6460
v 5.4466 1.3364 2.6968
v 5.4484 1.3187 2.7065
v 5.4760 1.1815 2.7775
v 5.4700 1.2969 2.6480
v 5.4655 1.3138 2.6427
v 5.4280 1.4224 2.5963
v 5.4157 1.4617 2.5776
v 5.5025 1.1511 2.7206
v 5.3978 1.5024 2.5572
v 5.5420 1.1187 2.7485
v 5.5852 1.1331 2.7685
v 5.3869 1.5198 2.5516
v 5.4706 1.2785 2.6561
v 5.4346 1.4051 2.6042
v 5.4821 1.2153 2.6857
v 5.4426 1.3851 2.6111
v 5.3676 1.5499 2.5403
v 5.4216 1.4426 2.5861
v 5.4533 1.3491 2.6225
v 5.5757 1.1263 2.7642
v 5.5724 1.2198 2.7548
v 5.5844 1.1478 2.7921
v 5.5626 1.1825 2.8147
v 5.5841 1.1548 2.7484
v 5.5768 1.2037 2.7358
v 5.5835 1.1665 2.7413
v 5.5565 1.2034 2.8092
v 5.5622 1.2285 2.7784
v 5.5715 1.1594 2.8091
v 5.5885 1.1416 2.7702
v 5.5759 1.1860 2.7747
v 5.5785 1.1705 2.7807
v 5.5279 1.2673 2.6418
v 5.5501 1.2758 2.6488
v 5.4529 1.2721 2.6938
v 5.5607 1.3294 2.7422
v 5.5786 1.3043 2.6868
v 5.5773 1.3223 2.7162
v 5.4847 1.3183 2.7706
v 5.5096 1.3270 2.7709
v 5.4491 1.2874 2.7283
v 5.4717 1.2619 2.6628
v 4.4475 2.1058 3.1049
v 4.6552 2.1013 3.1819
v 4.5826 2.1555 3.1771
v 4.4605 2.1508 3.1352
v 4.4583 2.0618 3.0824
v 4.6516 2.0634 3.1441
v 4.3969 1.9885 3.2834
v 4.4360 2.0409 3.2599
v 4.3820 1.9490 3.3154
v 4.5611 2.0450 3.3506
v 4.5511 1.9984 3.3780
v 4.4761 1.9302 3.3813
v 4.5295 2.0697 3.3066
v 4.4841 2.0708 3.2720
v 4.4548 1.9516 3.4065
v 4.4814 2.0598 3.2782
v 4.3853 1.9634 3.3507
v 4.5183 2.0036 3.4020
v 4.5220 2.0635 3.3209
v 4.5357 2.0474 3.3616
v 4.4000 1.9920 3.3021
v 4.5090 2.1783 3.1652
v 4.4342 2.0361 3.2688
v 4.5812 2.0134 3.0854
v 4.4397 2.0501 3.2459
v 4.3980 1.9996 3.2585
v 4.5795 2.0454 3.3322
v 4.5387 2.0745 3.2949
v 4.5775 2.0001 3.3485
v 4.3890 1.9514 3.2728
v 4.4878 2.0801 3.2631
v 4.4928 1.9213 3.3422
v 4.5379 1.9398 3.2297
v 4.4944 2.1024 3.2419
v 4.4180 1.9751 3.1982
v 4.6146 2.0111 3.2743
v 4.5554 2.0899 3.2648
v 4.6116 2.0549 3.2834
v 4.4129 2.0264 3.2040
v 4.4454 2.0767 3.2173
v 4.4522 2.1028 3.1919
v 4.4268 2.0545 3.1662
v 4.6304 2.0688 3.2413
v 4.5683 2.1100 3.2364
v 4.6394 2.0311 3.2150
v 4.4360 2.0072 3.1467
v 4.4998 2.1281 3.2212
v 4.5637 1.9683 3.1547
v 4.5932 2.0303 3.0478
v 4.4691 2.0835 3.0502
v 4.4723 2.1706 3.0986
v 4.4591 2.1267 3.0732
v 4.6673 2.1235 3.1409
v 4.5936 2.1751 3.1418
v 4.5221 2.1969 3.1330
v 4.6677 2.0839 3.1071
v 4.4520 2.1335 3.1619
v 4.6413 2.0876 3.2027
v 4.6458 2.0500 3.1730
v 4.5032 2.1605 3.1929
v 4.5716 1.9880 3.1151
v 4.4386 2.0858 3.1321
v 4.5759 2.1346 3.2013
v 4.4490 2.0368 3.1093
v 4.4495 2.1173 3.1793
v 4.6361 2.0753 3.2238
v 4.6436 2.0395 3.1959
v 4.4983 2.1439 3.2122
v 4.5671 1.9774 3.1329
v 4.4325 2.0681 3.1524
v 4.5723 2.1210 3.2231
v 4.4415 2.0200 3.1314
v 4.5176 1.9243 3.2830
v 4.4016 1.9577 3.2311
v 4.5468 2.0813 3.2806
v 4.5968 2.0041 3.3144
v 4.5966 2.0490 3.3099
v 4.4922 2.0904 3.2524
v 4.4442 2.0635 3.2317
v 4.4066 2.0119 3.2307
v 4.5035 2.0168 3.0703
v 4.4135 1.9210 3.3522
v 4.4049 1.9499 3.3791
v 4.4273 1.9122 3.3098
v 4.4662 1.9326 3.2022
v 4.5176 2.0423 3.0348
v 4.4882 1.9631 3.1343
v 4.5002 1.9883 3.0986
v 4.4926 1.9720 3.1188
v 4.4474 1.9163 3.2564
v 4.6210 2.0092 3.1670
v 4.6247 2.0203 3.1489
v 4.5726 1.9658 3.3061
v 4.5501 1.9602 3.3512
v 4.4978 1.9726 3.4130
v 4.6171 2.0014 3.1860
v 4.5926 1.9765 3.2571
v 4.6456 2.0521 3.0810
v 4.6380 2.0431 3.1244
v 4.5215 1.9604 3.3864
v 4.4798 2.0521 3.2843
v 4.4471 1.9745 3.3970
v 4.3980 1.9699 3.3555
v 4.5046 2.0104 3.3952
v 4.5230 2.0586 3.3205
v 4.5262 2.0394 3.3558
v 4.4061 1.9936 3.3113
v 4.4350 2.0310 3.2699
v 4.4124 1.9660 3.3805
v 4.4906 1.9918 3.4057
v 4.4582 2.0226 3.3465
v 4.4482 1.9956 3.3829
v 4.6296 2.0208 3.2388
v 4.6220 2.0612 3.2617
v 4.5573 1.9627 3.1713
v 4.4475 2.0910 3.2037
v 4.5621 2.1008 3.2514
v 4.4970 2.1165 3.2334
v 4.4291 1.9933 3.1673
v 4.4203 2.0420 3.1827
v 4.4818 1.9511 3.1536
v 4.6080 1.9928 3.2102
v 5.1393 1.8085 3.5062
v 5.2519 1.7030 3.4228
v 5.2593 1.8174 3.2955
v 5.1440 1.9123 3.3942
v 5.2203 1.9008 3.1074
v 5.1295 2.0155 3.2317
v 5.1272 1.9803 3.2890
v 5.2339 1.8941 3.1798
v 5.1539 1.6377 3.6925
v 5.2431 1.5581 3.6380
v 5.1596 1.6165 3.6999
v 5.2328 1.5534 3.6514
v 5.2482 1.5651 3.6171
v 5.1426 1.6551 3.6730
v 5.1318 1.9588 3.3202
v 5.2383 1.8729 3.2247
v 5.2594 1.7723 3.3345
v 5.1465 1.8740 3.4410
v 5.1235 1.6919 3.6309
v 5.2539 1.6285 3.5165
v 5.1236 1.7242 3.5970
v 5.2557 1.7501 3.3604
v 5.1430 1.8474 3.4673
v 5.2507 1.6002 3.5566
v 5.2604 1.7955 3.3118
v 5.1495 1.8930 3.4200
v 5.1413 1.9261 3.3718
v 5.2513 1.8424 3.2701
v 5.1347 1.7534 3.5692
v 5.2539 1.6565 3.4839
v 5.1282 1.7386 3.5844
v 5.2547 1.6422 3.5012
v 5.2486 1.5772 3.5842
v 5.1292 1.6707 3.6526
v 5.2263 1.5514 3.6523
v 5.1600 1.6091 3.6996
v 5.2055 1.5728 3.6982
v 5.2533 1.6146 3.5345
v 5.1224 1.7115 3.6074
v 5.3836 1.5019 3.3676
v 5.4713 1.4328 3.2513
v 5.4685 1.5946 3.1229
v 5.3685 1.6640 3.2473
v 5.3651 1.7762 2.9047
v 5.2428 1.8629 3.0545
v 5.3015 1.7768 3.1369
v 5.4140 1.7083 3.0087
v 5.4455 1.3163 3.5157
v 5.5081 1.2638 3.4267
v 5.4479 1.3040 3.5161
v 5.5039 1.2642 3.4378
v 5.5095 1.2738 3.4097
v 5.4414 1.3355 3.5041
v 5.3170 1.7552 3.1610
v 5.4292 1.6809 3.0348
v 5.4659 1.5251 3.1819
v 5.3766 1.5922 3.2938
v 5.4287 1.3774 3.4671
v 5.4918 1.3431 3.3337
v 5.4201 1.4108 3.4412
v 5.4653 1.4853 3.2105
v 5.3768 1.5535 3.3224
v 5.4974 1.3091 3.3671
v 5.4720 1.5693 3.1492
v 5.3740 1.6348 3.2652
v 5.3609 1.6867 3.2257
v 5.4562 1.6148 3.1014
v 5.4100 1.4492 3.4137
v 5.4846 1.3819 3.3017
v 5.4122 1.4281 3.4293
v 5.4882 1.3618 3.3187
v 5.5058 1.2861 3.3915
v 5.4354 1.3534 3.4883
v 5.5005 1.2607 3.4447
v 5.4508 1.2992 3.5147
v 5.4832 1.2763 3.4836
v 5.4936 1.3286 3.3473
v 5.4220 1.3930 3.4545
v 5.5276 1.4454 3.0520
v 5.5863 1.3883 2.9434
v 5.5606 1.5349 2.8512
v 5.4869 1.5936 2.9787
v 5.4771 1.7384 2.6952
v 5.3707 1.7505 2.8640
v 5.4266 1.6957 2.9077
v 5.5034 1.6463 2.7661
v 5.6021 1.1964 3.1987
v 5.6468 1.1447 3.1048
v 5.6060 1.1834 3.2003
v 5.6531 1.1415 3.1145
v 5.6427 1.1581 3.0908
v 5.5944 1.2169 3.1878
v 5.4459 1.6712 2.9230
v 5.5158 1.6111 2.7916
v 5.5728 1.4879 2.8810
v 5.4956 1.5578 3.0012
v 5.5680 1.2801 3.1516
v 5.6153 1.2627 3.0128
v 5.5554 1.3227 3.1267
v 5.5716 1.4632 2.8957
v 5.5032 1.5295 3.0122
v 5.6281 1.2172 3.0466
v 5.5703 1.5132 2.8629
v 5.4893 1.5779 2.9902
v 5.4776 1.6131 2.9628
v 5.5453 1.5611 2.8386
v 5.5450 1.3680 3.0980
v 5.6017 1.3173 2.9846
v 5.5509 1.3438 3.1136
v 5.6087 1.2890 3.0003
v 5.6372 1.1884 3.0696
v 5.5788 1.2486 3.1705
v 5.6496 1.1415 3.1221
v 5.6113 1.1796 3.1965
v 5.6344 1.1551 3.1650
v 5.6208 1.2411 3.0256
v 5.5623 1.3032 3.1374
v 5.5213 1.4171 2.7225
v 5.5539 1.3868 2.6265
v 5.5469 1.4929 2.5763
v 5.5113 1.5360 2.6844
v 5.4826 1.6465 2.4987
v 5.4565 1.7100 2.6265
v 5.4765 1.6343 2.6370
v 5.5057 1.5755 2.5301
v 5.5528 1.2363 2.7967
v 5.5785 1.1901 2.7238
v 5.5565 1.2269 2.7964
v 5.5815 1.1876 2.7314
v 5.5757 1.2020 2.7107
v 5.5465 1.2522 2.7921
v 5.4862 1.6051 2.6473
v 5.5122 1.5514 2.5408
v 5.5464 1.4447 2.5994
v 5.5135 1.4800 2.6984
v 5.5413 1.3046 2.7764
v 5.5703 1.3148 2.6594
v 5.5369 1.3506 2.7531
v 5.5482 1.4159 2.6126
v 5.5170 1.4516 2.7084
v 5.5714 1.2547 2.6770
v 5.5477 1.4686 2.5900
v 5.5144 1.5107 2.6906
v 5.5045 1.5576 2.6713
v 5.5409 1.5114 2.5666
v 5.5291 1.3852 2.7378
v 5.5609 1.3489 2.6431
v 5.5323 1.3676 2.7454
v 5.5648 1.3301 2.6499
v 5.5745 1.2197 2.6901
v 5.5419 1.2776 2.7858
v 5.5797 1.1870 2.7347
v 5.5562 1.2193 2.7945
v 5.5715 1.2046 2.7656
v 5.5710 1.2946 2.6665
v 5.5398 1.3302 2.7626
v 5.0639 1.7568 3.4772
v 5.0670 1.8625 3.3800
v 5.0252 1.9519 3.1882
v 5.0362 1.9238 3.2609
v 5.2243 1.4658 3.7123
v 5.1529 1.5254 3.7724
v 5.1647 1.6554 3.3764
v 5.1647 1.7510 3.2705
v 5.1240 1.8195 3.0600
v 5.1445 1.8299 3.1473
v 5.1011 1.5485 3.7219
v 5.0786 1.6296 3.6276
v 5.0489 1.9011 3.3075
v 5.0674 1.8336 3.4121
v 5.0667 1.8124 3.4284
v 5.0778 1.6847 3.5670
v 5.0648 1.8734 3.3622
v 5.0673 1.8479 3.3962
v 5.0765 1.7119 3.5431
v 5.0785 1.6985 3.5565
v 5.1771 1.4938 3.6049
v 5.1364 1.5259 3.7630
v 5.0871 1.6024 3.6645
v 5.1626 1.5978 3.4738
v 5.1632 1.7402 3.2898
v 5.1615 1.7680 3.2461
v 5.1616 1.6050 3.4592
v 5.1570 1.8014 3.1972
v 5.2266 1.4760 3.7155
v 5.2028 1.4672 3.6602
v 5.1635 1.5883 3.4872
v 5.1617 1.5266 3.5570
v 5.1647 1.7060 3.3261
v 5.1645 1.7246 3.3043
v 5.1647 1.5288 3.7650
v 5.2240 1.4864 3.7201
v 5.1954 1.5087 3.7473
v 5.0774 1.6637 3.5849
v 5.1621 1.5659 3.5073
v 5.3086 1.4526 3.3461
v 5.2896 1.6116 3.2179
v 5.1464 1.7835 3.0293
v 5.2163 1.7098 3.0918
v 5.5094 1.1681 3.4866
v 5.4656 1.2233 3.5764
v 5.3817 1.3679 3.2237
v 5.3692 1.5221 3.0937
v 5.2811 1.6923 2.8953
v 5.3133 1.6242 2.9798
v 5.4058 1.2302 3.5599
v 5.3618 1.3200 3.4678
v 5.2327 1.6902 3.1354
v 5.2912 1.5685 3.2605
v 5.2963 1.5135 3.3023
v 5.3436 1.3735 3.4232
v 5.2799 1.6288 3.2052
v 5.2913 1.5961 3.2366
v 5.3386 1.4104 3.3957
v 5.3419 1.3943 3.4078
v 5.4409 1.1891 3.4152
v 5.4550 1.2174 3.5788
v 5.3745 1.2614 3.5140
v 5.4081 1.3139 3.2943
v 5.3695 1.5040 3.1090
v 5.3627 1.5396 3.0767
v 5.4062 1.3288 3.2787
v 5.3287 1.5931 3.0046
v 5.5131 1.1800 3.5027
v 5.4831 1.1604 3.4597
v 5.4092 1.2961 3.3090
v 5.4258 1.2449 3.3593
v 5.3722 1.4189 3.1732
v 5.3723 1.4719 3.1332
v 5.4731 1.2220 3.5670
v 5.5093 1.1839 3.5085
v 5.4982 1.2024 3.5383
v 5.3497 1.3551 3.4389
v 5.4137 1.2778 3.3252
v 5.4472 1.4032 3.0394
v 5.4101 1.5423 2.9593
v 5.3050 1.6753 2.8605
v 5.3470 1.6211 2.8913
v 5.6496 1.0497 3.1600
v 5.6204 1.0842 3.2422
v 5.5131 1.3393 2.9103
v 5.4780 1.4729 2.8153
v 5.3562 1.6066 2.6879
v 5.4154 1.5640 2.7486
v 5.5536 1.1118 3.2221
v 5.4960 1.2231 3.1519
v 5.3605 1.6041 2.9071
v 5.4210 1.5115 2.9778
v 5.4242 1.4907 2.9891
v 5.4792 1.2863 3.1096
v 5.3984 1.5576 2.9497
v 5.4168 1.5300 2.9658
v 5.4657 1.3339 3.0884
v 5.4743 1.3082 3.0986
v 5.5792 1.0984 3.0843
v 5.5963 1.0883 3.2425
v 5.5196 1.1615 3.1859
v 5.5392 1.2468 2.9780
v 5.4780 1.4620 2.8233
v 5.4662 1.4917 2.8040
v 5.5370 1.2680 2.9576
v 5.4340 1.5420 2.7668
v 5.6611 1.0552 3.1771
v 5.6036 1.0594 3.1232
v 5.5397 1.2304 2.9907
v 5.5559 1.1568 3.0381
v 5.4862 1.4311 2.8442
v 5.4807 1.4472 2.8333
v 5.6259 1.0955 3.2301
v 5.6572 1.0693 3.1832
v 5.6463 1.0877 3.2068
v 5.4836 1.2645 3.1239
v 5.5457 1.2092 3.0015
v 5.4371 1.3878 2.7122
v 5.4136 1.4813 2.6650
v 5.3703 1.6144 2.6333
v 5.3802 1.5701 2.6304
v 5.5764 1.1340 2.7457
v 5.5592 1.1674 2.8200
v 5.4777 1.3456 2.6075
v 5.4477 1.4358 2.5632
v 5.3855 1.5472 2.5048
v 5.4093 1.5107 2.5237
v 5.5176 1.1824 2.8168
v 5.4670 1.2590 2.7701
v 5.3873 1.5420 2.6346
v 5.4225 1.4451 2.6856
v 5.4295 1.4204 2.6972
v 5.4601 1.3214 2.7450
v 5.4098 1.5006 2.6535
v 5.4192 1.4646 2.6766
v 5.4506 1.3541 2.7248
v 5.4569 1.3375 2.7348
v 5.5346 1.1671 2.7046
v 5.5468 1.1684 2.8204
v 5.4886 1.2109 2.7940
v 5.4939 1.2954 2.6303
v 5.4552 1.4166 2.5727
v 5.4401 1.4552 2.5544
v 5.4898 1.3113 2.6218
v 5.4146 1.4926 2.5308
v 5.5846 1.1389 2.7525
v 5.5574 1.1384 2.7278
v 5.4982 1.2788 2.6366
v 5.5128 1.2193 2.6657
v 5.4666 1.3796 2.5937
v 5.4614 1.3998 2.5834
v 5.5677 1.1703 2.8146
v 5.5871 1.1469 2.7569
v 5.5812 1.1619 2.7834
v 5.4598 1.3025 2.7526
v 5.5025 1.2612 2.6437
v 5.1661 2.0419 3.1926
v 5.2378 1.9771 3.1089
v 5.0742 2.0271 3.2030
v 5.0288 2.0008 3.1871
v 5.2111 2.0169 3.1554
v 5.0432 1.8890 3.0822
v 5.0345 1.9158 3.1131
v 5.0713 1.8497 3.0168
v 5.3305 1.9092 3.0144
v 5.4099 1.8658 2.9183
v 5.3880 1.8855 2.9758
v 5.1341 1.7347 2.8842
v 5.1012 1.7822 2.9443
v 5.1821 1.7186 2.8376
v 5.4196 1.8114 2.8227
v 5.4932 1.7904 2.7146
v 5.4761 1.8018 2.7757
v 5.2609 1.6459 2.7205
v 5.2286 1.6776 2.7733
v 5.3002 1.6184 2.6603
v 5.4576 1.7597 2.5699
v 5.4733 1.7126 2.4866
v 5.4295 1.6177 2.4568
v 5.3878 1.5852 2.4650
v 5.4769 1.7381 2.5265
v 5.3423 1.5872 2.5481
v 5.3277 1.6115 2.5960
v 5.3539 1.5687 2.5309
v 5.1324 2.0373 3.1986
v 5.4612 1.6835 2.4767
v 5.0177 1.9569 3.1148
v 5.3538 1.5739 2.5024
v 5.1718 2.0649 3.1436
v 5.2305 2.0162 3.0872
v 5.0447 2.0599 3.1440
v 5.2087 2.0572 3.1097
v 4.9921 1.9346 3.0149
v 4.9890 1.9862 3.0879
v 5.0119 1.8894 2.9451
v 5.3365 1.9464 2.9634
v 5.3949 1.9129 2.8982
v 5.3713 1.9536 2.9164
v 5.0892 1.8187 2.8116
v 5.0518 1.8502 2.8701
v 5.1345 1.7881 2.7518
v 5.4166 1.8522 2.7631
v 5.4646 1.8385 2.6951
v 5.4440 1.8606 2.7212
v 5.2071 1.6951 2.6342
v 5.1681 1.7433 2.6866
v 5.2436 1.6522 2.5724
v 5.4406 1.7959 2.5332
v 5.4500 1.7482 2.4771
v 5.4097 1.6617 2.4312
v 5.4428 1.7877 2.4949
v 5.3499 1.6052 2.4520
v 5.2824 1.6135 2.5004
v 5.1338 2.0859 3.1315
v 5.4271 1.7449 2.4387
v 5.2114 1.6711 2.5258
v 5.0177 2.1084 3.0814
v 5.2017 2.0930 3.0668
v 4.9705 2.0029 3.0551
v 4.9623 1.9732 2.9912
v 4.9801 1.9273 2.9083
v 5.3531 1.9907 2.8771
v 5.0753 1.8616 2.7749
v 5.0260 1.8929 2.8387
v 5.1172 1.8335 2.7120
v 5.1467 1.7944 2.6482
v 5.2546 1.7579 2.2718
v 4.5484 2.3382 2.7342
v 4.5580 2.2328 2.7101
v 5.3775 1.8857 2.7777
v 5.2392 2.0136 3.0362
v 5.2503 2.1840 2.6574
v 5.0886 2.1404 3.0608
v 4.9137 2.0163 2.9466
v 5.1813 1.7295 2.2996
v 4.8856 2.2046 2.9548
v 4.9417 1.9925 2.8612
v 5.0458 1.9271 2.7318
v 4.9971 1.9576 2.7893
v 5.0922 1.8922 2.6753
v 5.1462 1.7941 2.5432
v 5.1253 1.8523 2.6138
v 5.1737 1.7201 2.4644
v 5.3984 1.8741 2.5065
v 5.3996 1.7725 2.4016
v 5.3131 1.6768 2.3638
v 5.3330 1.6344 2.4205
v 5.4064 1.8431 2.4412
v 4.5887 2.1430 2.7219
v 4.6679 2.1003 2.7633
v 5.3882 1.8250 2.8302
v 5.0449 2.3119 2.8112
v 5.3540 1.7507 2.3540
v 5.3017 2.0974 2.7638
v 5.1913 2.1637 2.8762
v 5.3748 1.9525 2.5143
v 4.5681 2.3505 2.6177
v 4.5927 2.2243 2.5959
v 4.6258 2.1355 2.6192
v 4.7182 2.0841 2.6851
v 4.8429 2.0452 2.7982
v 5.1251 2.2045 2.9370
v 5.3752 1.9178 2.4569
v 5.3732 1.8142 2.3618
v 5.3852 1.7070 2.3956
v 5.3841 1.8803 2.4010
v 4.7535 2.0869 2.8273
v 4.8219 2.0857 2.8868
v 5.4398 1.8496 2.6293
v 5.3176 2.0435 2.7054
v 5.2498 2.1271 2.8208
v 5.3753 1.9910 2.5775
v 4.6621 2.4453 2.6881
v 4.8300 2.3604 2.8461
v 5.3514 1.9675 2.4023
v 5.3586 1.9206 2.3519
v 5.1796 1.7348 2.5789
v 5.3804 1.9155 2.8459
v 5.0171 2.4475 2.5436
v 5.3413 2.0077 2.6414
v 5.3640 1.9390 2.7171
v 5.3991 1.9382 2.6480
v 5.2431 2.1941 2.2737
v 5.1800 2.3312 2.3970
v 5.0877 2.4076 2.4947
v 5.2299 2.2434 2.3115
v 5.2073 2.2899 2.3534
v 4.9142 2.4890 2.5848
v 5.2507 2.1481 2.2381
v 5.0976 1.9730 2.0757
v 5.0458 1.8683 2.1922
v 5.2523 2.0642 2.1776
v 4.7771 2.3450 2.8744
v 5.3948 1.8594 2.8736
v 5.1435 2.3695 2.4441
v 5.3064 2.0938 2.5522
v 5.0808 1.8907 2.1245
v 5.3038 1.8100 2.2819
v 5.2735 2.0436 2.9003
v 5.3432 1.9645 2.7911
v 5.4065 1.9020 2.5763
v 5.3375 2.0627 2.4997
v 5.1931 2.2174 2.7097
v 5.2784 2.1355 2.6051
v 5.2258 2.0791 2.9551
v 5.3365 2.0193 2.8509
v 5.1772 2.1345 3.0221
v 5.3431 2.0145 2.4499
v 5.1302 2.2612 2.7632
v 5.2892 1.9743 2.9661
v 5.4644 1.7822 2.6623
v 5.0826 1.9878 3.2618
v 5.1759 1.9936 3.2477
v 5.2329 1.9310 3.1760
v 5.2088 1.8597 3.1352
v 5.1739 1.8431 3.1229
v 5.0473 1.9674 3.2525
v 5.2155 1.9731 3.2177
v 5.0580 1.8610 3.1575
v 5.0298 1.8972 3.1911
v 5.1043 1.8494 3.1292
v 5.1279 2.0001 3.2580
v 5.2291 1.8937 3.1518
v 5.0286 1.9407 3.2261
v 5.1385 1.8380 3.1187
v 5.1972 1.6813 2.9727
v 5.3946 1.8216 3.0386
v 5.2127 1.7717 3.0845
v 5.3236 1.6751 2.9353
v 5.3944 1.7365 2.9728
v 5.2823 1.8147 3.1013
v 5.2473 1.6662 2.9365
v 5.1793 1.7145 3.0099
v 5.4684 1.5679 2.5004
v 5.5066 1.6384 2.5360
v 5.2880 1.6694 2.9334
v 5.1927 1.7400 3.0526
v 5.3319 1.6405 2.8757
v 5.3982 1.5895 2.7265
v 5.4214 1.6062 2.7147
v 5.3423 1.6574 2.8968
v 5.3689 1.6850 2.9043
v 5.4534 1.7232 2.8672
v 5.3173 1.6146 2.8501
v 5.3661 1.5818 2.7422
v 5.4117 1.7114 2.8926
v 5.4927 1.6785 2.7416
v 5.4933 1.6753 2.5897
v 5.4363 1.6344 2.6558
v 5.4926 1.7246 2.8252
v 5.3240 1.5894 2.7942
v 5.5073 1.7098 2.7826
v 5.4554 1.6347 2.7145
v 5.4023 1.5270 2.5152
v 5.3810 1.5922 2.6327
v 5.3702 1.5492 2.5765
v 5.5055 1.6611 2.5628
v 5.4953 1.6061 2.5141
v 5.4661 1.6706 2.6279
v 5.3657 1.7018 2.9504
v 5.4196 1.7868 3.0018
v 5.3361 1.8237 3.0798
v 5.2372 1.7945 3.1047
v 5.4356 1.5389 2.5010
v 5.4060 1.6060 2.6614
v 5.3799 1.5324 2.5448
v 5.3692 1.5713 2.6061
v 3.4833 4.3174 0.4180
v 3.3061 4.1989 0.6698
v 3.2123 4.1158 0.6917
v 3.0198 3.9264 0.5756
v 2.9315 3.8710 0.4343
v 2.8444 3.8451 0.2743
v 3.4222 4.2811 0.5655
v 3.3485 4.1266 -0.1687
v 3.4130 4.2004 -0.0637
v 3.4779 4.2607 0.0871
v 3.4964 4.2980 0.2578
v 3.2717 4.0608 -0.2164
v 3.1858 4.0154 -0.2446
v 2.8535 3.8729 -0.1061
v 2.8156 3.8511 -0.0232
v 2.7974 3.8313 0.1006
v 3.0803 3.9766 -0.2491
v 3.5790 4.2081 0.4500
v 3.4133 4.1069 0.6784
v 3.3173 4.0212 0.6970
v 3.1069 3.8266 0.5684
v 3.0121 3.7681 0.4369
v 2.9311 3.7356 0.2841
v 3.5201 4.1798 0.5855
v 3.4890 3.9926 -0.1231
v 3.5461 4.0663 -0.0261
v 3.6004 4.1370 0.1228
v 3.6014 4.1842 0.2888
v 3.4167 3.9194 -0.1682
v 3.3285 3.8549 -0.1759
v 2.9868 3.7640 -0.1024
v 2.9326 3.7424 -0.0183
v 2.9035 3.7243 0.1073
v 3.2421 3.8270 -0.2005
v 3.6553 4.1284 0.4848
v 3.4867 4.0407 0.6902
v 3.3911 3.9470 0.7053
v 3.1726 3.7539 0.5682
v 3.0720 3.6969 0.4509
v 3.0000 3.6619 0.2991
v 3.5911 4.1058 0.6077
v 3.5948 3.8858 -0.0745
v 3.6435 3.9681 0.0189
v 3.6877 4.0467 0.1631
v 3.6832 4.0997 0.3267
v 3.5353 3.8167 -0.1304
v 3.4671 3.7601 -0.1735
v 3.0921 3.6747 -0.0916
v 3.0296 3.6608 -0.0061
v 2.9891 3.6511 0.1238
v 3.3619 3.7273 -0.1632
v 3.7244 4.0603 0.5265
v 3.5548 3.9774 0.7085
v 3.4546 3.8859 0.7198
v 3.2348 3.6902 0.5813
v 3.1329 3.6283 0.4691
v 3.0715 3.5884 0.3229
v 3.6545 4.0419 0.6391
v 3.6860 3.7945 -0.0149
v 3.7288 3.8808 0.0771
v 3.7606 3.9703 0.2095
v 3.7572 4.0277 0.3728
v 3.6291 3.7242 -0.0773
v 3.5577 3.6660 -0.1358
v 3.1927 3.5887 -0.0618
v 3.1280 3.5777 0.0259
v 3.0781 3.5766 0.1510
v 3.4627 3.6298 -0.1255
v 3.7928 3.9983 0.5701
v 3.6208 3.9250 0.7453
v 3.5147 3.8367 0.7461
v 3.2963 3.6260 0.6132
v 3.2098 3.5432 0.4999
v 3.1639 3.4933 0.3615
v 3.7225 3.9783 0.6804
v 3.7818 3.7028 0.0701
v 3.8202 3.7939 0.1531
v 3.8393 3.8889 0.2731
v 3.8295 3.9607 0.4216
v 3.7284 3.6243 0.0105
v 3.6628 3.5578 -0.0493
v 3.3233 3.4701 0.0301
v 3.2468 3.4709 0.0982
v 3.1862 3.4802 0.2028
v 3.5755 3.5223 -0.0355
v 3.8897 3.9163 0.6400
v 3.6976 3.8727 0.7982
v 3.5736 3.8053 0.8045
v 3.3468 3.5655 0.6821
v 3.2831 3.4539 0.5698
v 3.2629 3.3807 0.4358
v 3.8088 3.9083 0.7416
v 3.9077 3.5825 0.1912
v 3.9507 3.6818 0.2658
v 3.9642 3.7794 0.3847
v 3.9393 3.8655 0.5166
v 3.8523 3.4995 0.1376
v 3.7808 3.4307 0.0958
v 3.4441 3.3558 0.1824
v 3.3653 3.3581 0.2302
v 3.3019 3.3636 0.3141
v 3.6951 3.4059 0.1060
v 4.0093 3.8010 0.7460
v 3.7854 3.8154 0.8868
v 3.6607 3.7511 0.9082
v 3.4168 3.4783 0.8196
v 3.3614 3.3580 0.7145
v 3.3544 3.2641 0.5959
v 3.9105 3.8145 0.8360
v 4.0612 3.4259 0.3665
v 4.1047 3.5270 0.4279
v 4.1127 3.6346 0.5345
v 4.0788 3.7327 0.6456
v 4.0023 3.3457 0.3147
v 3.9220 3.2882 0.2923
v 3.5645 3.2048 0.3768
v 3.4855 3.2142 0.4320
v 3.4164 3.2308 0.5026
v 3.8351 3.2545 0.2829
v 4.1604 3.6262 0.9337
v 3.9278 3.6493 1.0603
v 3.8083 3.5847 1.0829
v 3.5764 3.3051 1.0334
v 3.5319 3.1867 0.9544
v 3.5287 3.0994 0.8612
v 4.0526 3.6544 1.0079
v 4.2438 3.2441 0.5901
v 4.2834 3.3368 0.6563
v 4.2736 3.4546 0.7547
v 4.2349 3.5514 0.8512
v 4.1818 3.1658 0.5447
v 4.0843 3.1185 0.5331
v 3.7316 3.0287 0.6298
v 3.6563 3.0357 0.6840
v 3.5865 3.0631 0.7718
v 3.9963 3.0777 0.5346
v 4.3433 3.3992 1.1750
v 4.1199 3.4167 1.2696
v 4.0112 3.3576 1.2843
v 3.8000 3.1347 1.2619
v 3.7583 3.0301 1.2003
v 3.7619 2.9530 1.1167
v 4.2339 3.4282 1.2336
v 4.4219 3.0667 0.8636
v 4.4555 3.1574 0.9326
v 4.4533 3.2564 1.0151
v 4.4186 3.3364 1.1012
v 4.3718 2.9828 0.8069
v 4.2659 2.9417 0.8045
v 3.9240 2.8602 0.9056
v 3.8553 2.8752 0.9595
v 3.7996 2.9082 1.0386
v 4.1794 2.9092 0.8135
v 4.5194 3.1793 1.4419
v 4.3147 3.1914 1.5277
v 4.2150 3.1431 1.5311
v 4.0207 2.9660 1.5029
v 3.9863 2.8816 1.4503
v 3.9904 2.8107 1.3779
v 4.4245 3.1940 1.4932
v 4.6097 2.9036 1.1365
v 4.6356 2.9841 1.2106
v 4.6318 3.0681 1.2869
v 4.5903 3.1363 1.3717
v 4.5660 2.8338 1.0968
v 4.4957 2.7776 1.0787
v 4.1412 2.6894 1.1864
v 4.0729 2.7226 1.2424
v 4.0144 2.7556 1.3128
v 4.3979 2.7402 1.0945
v 4.6448 3.0021 1.6362
v 4.4692 3.0183 1.7192
v 4.3844 2.9776 1.7398
v 4.2234 2.8329 1.7107
v 4.1915 2.7578 1.6646
v 4.1929 2.6913 1.6025
v 4.5614 3.0230 1.6866
v 4.7553 2.7937 1.3961
v 4.7635 2.8562 1.4483
v 4.7507 2.9141 1.5074
v 4.7109 2.9624 1.5731
v 4.7279 2.7296 1.3584
v 4.6871 2.6616 1.3485
v 4.3426 2.5558 1.4247
v 4.2729 2.5878 1.4753
v 4.2194 2.6302 1.5351
v 4.6048 2.6077 1.3495
v 4.7419 2.8561 1.8072
v 4.5960 2.8787 1.8868
v 4.5247 2.8526 1.9181
v 4.3907 2.7271 1.8922
v 4.3647 2.6612 1.8481
v 4.3633 2.5957 1.7938
v 4.6721 2.8779 1.8527
v 4.8688 2.6949 1.5988
v 4.8623 2.7446 1.6453
v 4.8383 2.7897 1.6994
v 4.7983 2.8256 1.7542
v 4.8542 2.6384 1.5637
v 4.8130 2.5749 1.5423
v 4.5010 2.4456 1.6130
v 4.4351 2.4802 1.6669
v 4.3855 2.5298 1.7286
v 4.7581 2.5103 1.5446
v 4.8128 2.7470 1.9408
v 4.6941 2.7690 2.0183
v 4.6260 2.7503 2.0505
v 4.5220 2.6525 2.0244
v 4.5034 2.5985 1.9831
v 4.5025 2.5366 1.9375
v 4.7565 2.7645 1.9833
v 4.9465 2.6087 1.7512
v 4.9321 2.6522 1.7932
v 4.9039 2.6916 1.8424
v 4.8643 2.7198 1.8925
v 4.9405 2.5574 1.7174
v 4.9078 2.4975 1.6938
v 4.6073 2.3609 1.7593
v 4.5512 2.4039 1.8156
v 4.5155 2.4660 1.8788
v 4.8594 2.4368 1.6888
v 4.8831 2.6632 2.0480
v 4.7746 2.6909 2.1255
v 4.7198 2.6759 2.1544
v 4.6163 2.5882 2.1140
v 4.5942 2.5395 2.0772
v 4.5887 2.4830 2.0385
v 4.8315 2.6839 2.0905
v 5.0026 2.5201 1.8687
v 4.9893 2.5630 1.9071
v 4.9616 2.6031 1.9551
v 4.9230 2.6370 2.0051
v 4.9987 2.4739 1.8361
v 4.9756 2.4226 1.8090
v 4.6798 2.3067 1.8627
v 4.6256 2.3538 1.9205
v 4.5965 2.4174 1.9839
v 4.9407 2.3693 1.7989
v 4.9916 2.5511 2.2011
v 4.8800 2.5932 2.2808
v 4.8087 2.5913 2.3034
v 4.7006 2.5039 2.2457
v 4.6748 2.4622 2.2032
v 4.6643 2.4189 2.1563
v 4.9430 2.5785 2.2436
v 5.0878 2.3861 2.0338
v 5.0755 2.4304 2.0718
v 5.0545 2.4750 2.1160
v 5.0269 2.5165 2.1593
v 5.0876 2.3412 1.9985
v 5.0704 2.2955 1.9584
v 4.7493 2.2485 1.9730
v 4.6961 2.3036 2.0368
v 4.6686 2.3658 2.1038
v 5.0407 2.2592 1.9234
v 4.9628 2.5112 2.4454
v 4.7745 2.5284 2.4748
v 4.6189 2.3361 2.4714
v 4.8730 2.5299 2.4742
v 5.1506 2.3657 2.2650
v 5.1230 2.4074 2.3074
v 5.0851 2.4448 2.3529
v 5.0330 2.4803 2.4017
v 5.1718 2.3197 2.2230
v 5.1860 2.2314 2.1360
v 5.2631 1.9147 3.0212
v 5.2339 1.9469 3.0730
v 5.4128 1.9075 2.6910
v 5.4494 1.7611 2.6014
v 5.4199 1.8312 2.5469
v 5.4217 1.8236 2.4772
v 5.1833 2.2719 2.1826
v 4.6104 2.0510 3.0000
v 4.4829 2.1051 3.0124
v 4.4852 2.1906 3.0652
v 4.4722 2.1460 3.0354
v 4.6851 2.1429 3.0937
v 4.6114 2.2052 3.1028
v 4.5371 2.2169 3.0938
v 4.6859 2.1008 3.0600
v 4.5280 2.0665 2.9894
v 4.6639 2.0707 3.0358
v 4.6227 2.0635 2.9700
v 4.4945 2.1215 2.9732
v 4.5013 2.2068 3.0201
v 4.4882 2.1632 2.9938
v 4.7031 2.1559 3.0538
v 4.6343 2.2212 3.0644
v 4.5553 2.2379 3.0500
v 4.7034 2.1147 3.0195
v 4.5337 2.0825 2.9571
v 4.6783 2.0844 3.0015
v 4.6328 2.0710 2.9494
v 4.5019 2.1350 2.9402
v 4.5118 2.2208 2.9740
v 4.4980 2.1780 2.9542
v 4.7205 2.1651 3.0195
v 4.6527 2.2402 3.0287
v 4.5678 2.2623 3.0043
v 4.7195 2.1259 2.9904
v 4.5402 2.0916 2.9337
v 4.6922 2.0939 2.9743
v 4.6426 2.0776 2.9282
v 4.5133 2.1450 2.9093
v 4.5241 2.2421 2.9315
v 4.5084 2.1934 2.9171
v 4.7418 2.1730 2.9914
v 4.6741 2.2598 2.9945
v 4.5800 2.2901 2.9582
v 4.7385 2.1326 2.9648
v 4.5529 2.0990 2.9085
v 4.7031 2.0999 2.9501
v 4.6574 2.0858 2.9026
v 4.5300 2.1515 2.8691
v 4.5344 2.2703 2.8805
v 4.5176 2.2080 2.8677
v 4.7701 2.1909 2.9682
v 4.6999 2.2811 2.9600
v 4.6024 2.3235 2.9163
v 4.7630 2.1350 2.9411
v 4.5601 2.1062 2.8865
v 4.7235 2.1060 2.9225
v 4.7045 2.0966 2.8670
v 4.5588 2.1493 2.8038
v 4.5447 2.3101 2.8159
v 4.5383 2.2242 2.7974
v 4.8254 2.2111 2.9468
v 4.7226 2.3125 2.9223
v 4.6021 2.3552 2.8554
v 4.8117 2.1433 2.9358
v 4.6263 2.1003 2.8276
v 4.7642 2.1087 2.9003
v 4.6375 2.2149 2.4861
v 4.6679 2.1417 2.5268
v 4.7624 2.0731 2.6058
v 4.8994 2.0174 2.7110
v 4.8151 2.0664 2.5361
v 4.9584 2.0062 2.6457
v 4.8704 2.0547 2.4751
v 5.0134 1.9923 2.5891
v 4.7285 2.2532 2.2659
v 4.9264 2.0365 2.4168
v 5.0475 1.9502 2.5285
v 4.7703 2.2044 2.1988
v 4.9628 1.9629 2.3563
v 5.0715 1.8863 2.4584
v 4.8213 2.1421 2.1331
v 5.0266 1.8715 2.2965
v 5.1067 1.8027 2.3800
v 4.8981 2.0512 2.0814
v 5.2640 1.6256 2.4644
v 5.2997 2.1005 2.3678
v 5.2597 2.1934 2.4536
v 5.2478 1.8646 2.2115
v 5.3146 1.9821 2.2751
v 5.1387 2.3119 2.6001
v 5.1975 2.2773 2.5486
v 5.2868 2.1537 2.4092
v 4.8301 2.0941 2.1810
v 5.1304 1.7814 2.2436
v 5.2323 2.2359 2.4993
v 4.9701 2.4126 2.6952
v 5.3116 2.0442 2.3334
v 4.6239 2.4017 2.7818
v 5.0709 2.3609 2.6514
v 5.1891 1.8079 2.2162
v 5.2434 1.6595 2.4000
v 4.7865 2.5024 2.5862
v 4.6859 2.2746 2.3384
v 4.8911 2.1470 2.0113
v 4.8056 2.2005 2.0650
v 5.0232 2.1040 1.9929
v 4.7526 2.2504 2.1331
v 4.7103 2.3482 2.2659
v 4.7228 2.3061 2.2008
v 4.7153 2.4709 2.4419
v 0.5726 6.1927 0.5780
v 0.4747 6.2844 0.5969
v 0.4094 6.3922 0.6493
v 0.3589 6.5013 0.6829
v 0.3312 6.6411 0.7107
v 0.3141 6.7799 0.7326
v 0.3316 6.8997 0.7676
v 0.3575 6.9579 0.8161
v 0.3703 6.9888 0.8690
v 0.3818 7.0063 0.9402
v 0.3896 7.0189 1.0186
v 0.3946 7.0323 1.1003
v 0.7291 6.0762 0.5783
v 0.9743 5.9891 0.6390
v 1.1639 5.9333 0.6843
v 1.4035 5.8319 0.7355
v 1.6278 5.7115 0.8014
v 1.8209 5.5409 0.8584
v 1.9588 5.3549 0.8249
v 2.0479 5.2000 0.7847
v 2.1287 5.0745 0.7154
v 2.2163 4.9689 0.6682
v 2.2914 4.8683 0.6362
v 2.3768 4.7786 0.6051
v 2.4694 4.6792 0.6161
v 2.6373 4.5022 0.6424
v 2.8325 4.2969 0.6656
v 2.9915 4.1485 0.6635
v 3.1179 4.0205 0.6623
v 4.4493 2.7971 1.9168
v 4.5671 2.7074 2.0513
v 4.6615 2.6349 2.1451
v 4.7448 2.5514 2.2832
v 4.6868 2.3935 2.3598
v 4.2985 2.9175 1.7361
v 1.3231 5.4040 -0.7472
v 1.1129 5.4085 -0.8504
v 0.8798 5.4057 -0.8600
v 0.6622 5.4109 -0.8142
v 0.4590 5.4119 -0.7330
v 0.2497 5.4006 -0.6381
v 1.6276 5.3238 -0.5856
v 1.7975 5.1339 -0.4064
v 1.8866 5.0355 -0.3912
v 2.0245 4.9207 -0.3905
v 2.1717 4.7926 -0.3602
v 1.7196 5.2237 -0.4731
v 1.4990 5.3899 -0.6589
v 2.3464 4.6126 -0.3292
v 2.5099 4.4064 -0.2703
v 2.6927 4.2322 -0.2465
v 2.8270 4.0739 -0.2265
v 2.9747 3.9427 -0.2103
v 3.1206 3.8188 -0.1993
v 3.2453 3.7159 -0.1583
v 3.3593 3.6125 -0.1161
v 3.4814 3.5032 -0.0291
v 3.6066 3.3836 0.1111
v 3.7514 3.2244 0.2957
v 3.9092 3.0418 0.5500
v 4.0948 2.8691 0.8317
v 4.3077 2.6945 1.1177
v 4.5151 2.5659 1.3655
v 4.6705 2.4643 1.5549
v 4.7814 2.3807 1.7007
v 4.8649 2.3172 1.8057
v 4.9472 2.2172 1.9142
v 5.1696 2.1607 2.0791
v 5.0803 1.8141 2.9114
v 5.2332 1.6752 2.6755
v 5.1953 1.7001 2.7262
v 5.0172 1.9093 3.0504
v 5.1203 1.7741 2.8488
v 5.1556 1.7493 2.7943
v 5.3007 1.6108 2.5549
v 5.3363 1.5888 2.5054
v 5.0039 2.0298 3.1303
v 5.0470 1.8641 2.9867
v 5.2723 1.6457 2.6223
v 4.8695 2.1250 2.9671
v 4.9469 2.1838 2.9915
v 4.9160 2.0949 3.0215
v 4.8792 2.0562 2.9187
v 4.9323 2.3439 2.8322
v 5.0325 2.2121 2.9793
v 4.8289 2.4595 2.7067
v 4.6863 2.4644 2.5610
v 4.9177 1.9911 2.1358
v 4.9498 1.9385 2.2119
v 4.8714 2.0281 2.2521
v 4.7776 2.1679 2.2452
v 4.8203 2.1060 2.3086
v 4.7358 2.1993 2.3082
v 4.7719 2.1344 2.3704
v 4.6844 2.2106 2.3804
v 4.7163 2.1461 2.4413
v 4.9549 2.0524 3.0718
v 1.2896 5.2532 -0.7630
v 1.0778 5.2784 -0.8723
v 0.8597 5.2785 -0.8790
v 0.6544 5.2773 -0.8166
v 0.4612 5.2742 -0.7447
v 0.2576 5.2671 -0.6628
v 1.5976 5.1189 -0.5217
v 1.7517 5.0303 -0.3653
v 1.8405 4.9646 -0.3665
v 1.9767 4.8164 -0.3412
v 2.1247 4.6941 -0.3149
v 1.6973 5.0649 -0.4212
v 2.2845 4.5379 -0.2774
v 2.4385 4.3671 -0.2154
v 2.6180 4.1990 -0.1917
v 2.7563 4.0388 -0.1769
v 5.2439 2.0123 2.1342
v 2.8990 3.9040 -0.1611
v 3.0417 3.7892 -0.1625
v 3.1631 3.6946 -0.1398
v 3.2729 3.5967 -0.0968
v 3.4038 3.4789 -0.0019
v 3.5244 3.3663 0.1407
v 3.6523 3.2113 0.3316
v 3.8158 3.0314 0.5805
v 4.0042 2.8555 0.8563
v 4.2274 2.6784 1.1518
v 4.4243 2.5463 1.3912
v 4.5784 2.4385 1.5770
v 4.6830 2.3490 1.7215
v 4.7594 2.2891 1.8229
v 4.8366 2.2123 1.9265
v 5.2977 1.9364 2.2314
v 1.4906 5.2066 -0.6464
v 5.1400 2.1206 2.0211
v 5.3438 1.8649 2.3098
v 3.9092 3.2694 1.2860
v 4.1228 3.0853 1.5254
v 3.6906 3.4598 1.0712
v 3.5240 3.6254 0.8790
v 3.4496 3.6899 0.7586
v 3.3995 3.7338 0.6923
v 3.3442 3.7828 0.6641
v 3.2838 3.8419 0.6584
v 3.2132 3.9189 0.6605
v 4.9783 2.5691 2.0900
v 4.9416 2.6001 2.1324
v 5.0445 2.4022 1.9269
v 5.0456 2.4440 1.9592
v 4.6452 2.4931 2.1470
v 4.6662 2.5392 2.1839
v 5.0272 2.3561 1.8928
v 5.0027 2.3171 1.8671
v 4.6351 2.4437 2.1096
v 4.7185 2.2683 1.9265
v 4.8942 2.6225 2.1725
v 4.8355 2.6309 2.2062
v 4.6666 2.3211 1.9891
v 5.0105 2.5301 2.0427
v 4.7699 2.6172 2.2293
v 4.6395 2.3870 2.0561
v 5.0336 2.4870 1.9975
v 4.7127 2.5862 2.2156
v 4.9149 2.2688 1.8654
v 4.8012 2.2389 1.8819
v 4.9829 2.1560 1.9512
v 5.0922 2.1887 1.9719
v 5.1184 2.2293 2.0188
v 5.1337 2.2841 2.0665
v 5.1331 2.3320 2.1053
v 5.1206 2.3803 2.1447
v 5.0997 2.4255 2.1871
v 5.0737 2.4678 2.2290
v 5.0378 2.5037 2.2724
v 4.9864 2.5362 2.3178
v 4.9207 2.5582 2.3584
v 4.8430 2.5597 2.3801
v 4.8663 2.1866 1.9646
v 4.7772 2.2279 2.0174
v 4.7271 2.2800 2.0844
v 4.6972 2.3374 2.1512
v 4.6927 2.3890 2.2046
v 4.7045 2.4245 2.2723
v 4.7292 2.4788 2.3314
v 4.7698 2.5297 2.3680
v 1.5451 4.3183 0.6581
v 1.5737 4.1527 0.2629
v 1.5666 4.2289 0.4652
v 1.1345 4.5905 -0.7790
v 0.9514 4.6716 -0.8619
v 0.7758 4.6994 -0.8513
v 0.6040 4.7272 -0.8068
v 0.4369 4.7027 -0.7627
v 0.2501 4.6654 -0.7316
v 1.4210 4.3378 -0.4527
v 1.5093 4.2075 -0.2097
v 1.5667 4.1458 0.0419
v 1.2910 4.4740 -0.6484
v 1.4899 4.1579 0.6646
v 1.5176 3.9725 0.2587
v 1.5044 4.0455 0.4750
v 1.0553 4.3969 -0.7555
v 0.8888 4.4838 -0.8095
v 0.7302 4.5184 -0.8009
v 0.5840 4.5217 -0.7872
v 0.4116 4.5046 -0.7679
v 0.2390 4.4573 -0.7246
v 1.3713 4.1586 -0.4311
v 1.4540 4.0463 -0.2046
v 1.5089 3.9686 0.0265
v 1.2410 4.2896 -0.6440
v 1.4442 3.9557 0.6866
v 1.4619 3.7987 0.2505
v 1.4428 3.8538 0.4873
v 0.9713 4.1507 -0.7195
v 0.8343 4.2395 -0.7672
v 0.6888 4.2823 -0.7836
v 0.5429 4.2951 -0.7831
v 0.3849 4.2755 -0.7595
v 0.2259 4.2418 -0.7129
v 1.3214 3.9214 -0.4176
v 1.4036 3.8251 -0.2073
v 1.4589 3.7743 0.0105
v 1.1788 4.0265 -0.5887
v 1.3990 3.6953 0.7148
v 1.4225 3.5786 0.2509
v 1.4154 3.6187 0.5025
v 0.9592 3.8844 -0.6562
v 0.7814 3.9687 -0.7407
v 0.6620 3.9992 -0.7636
v 0.5162 4.0109 -0.7680
v 0.3709 4.0059 -0.7413
v 0.2257 3.9991 -0.6981
v 1.2583 3.6899 -0.4019
v 1.3491 3.6020 -0.2038
v 1.4051 3.5660 0.0106
v 1.1329 3.7609 -0.5411
v 1.3675 3.4667 0.7458
v 1.3760 3.3712 0.2580
v 1.3883 3.4038 0.5261
v 0.9498 3.6229 -0.5939
v 0.8082 3.6739 -0.6675
v 0.6380 3.7041 -0.7111
v 0.5044 3.7040 -0.7139
v 0.3712 3.7125 -0.6965
v 0.2262 3.7087 -0.6737
v 1.2157 3.4712 -0.3483
v 1.2966 3.3972 -0.1683
v 1.3607 3.3638 0.0270
v 1.0994 3.5482 -0.4937
v 1.3393 3.2547 0.7600
v 1.3542 3.1795 0.3008
v 1.3647 3.2071 0.5422
v 0.9651 3.3894 -0.5350
v 0.8151 3.4298 -0.6048
v 0.6428 3.4359 -0.6417
v 0.5091 3.4387 -0.6521
v 0.3749 3.4375 -0.6558
v 0.2276 3.4373 -0.6532
v 1.1991 3.2690 -0.3001
v 1.2723 3.2152 -0.1288
v 1.3337 3.1792 0.0639
v 1.0962 3.3325 -0.4342
v 1.3177 3.0526 0.7795
v 1.3311 3.0199 0.3414
v 1.3410 3.0276 0.5673
v 0.9718 3.1963 -0.4771
v 0.8235 3.2238 -0.5431
v 0.6488 3.2414 -0.5938
v 0.5141 3.2481 -0.6172
v 0.3790 3.2243 -0.6245
v 0.2170 3.2376 -0.6266
v 1.1932 3.0968 -0.2393
v 1.2589 3.0522 -0.0730
v 1.3082 3.0265 0.1195
v 1.0998 3.1513 -0.3749
v 1.3007 2.8927 0.7823
v 1.3242 2.8712 0.3667
v 1.3238 2.8726 0.5821
v 0.9644 3.0312 -0.4129
v 0.8359 3.0554 -0.4926
v 0.6795 3.0840 -0.5546
v 0.5306 3.0932 -0.5852
v 0.3811 3.0770 -0.6014
v 0.2188 3.0793 -0.6002
v 1.1952 2.9421 -0.1882
v 1.2538 2.9024 -0.0230
v 1.2921 2.8788 0.1627
v 1.0919 2.9867 -0.3148
v 1.3084 2.6565 0.7622
v 1.3325 2.6048 0.3563
v 1.3396 2.6254 0.5762
v 0.5429 2.7667 1.2888
v 0.9513 2.8743 -0.3723
v 0.8351 2.9110 -0.4548
v 0.7007 2.9514 -0.5198
v 0.5491 2.9709 -0.5618
v 0.3836 2.9566 -0.5797
v 0.2209 2.9586 -0.5794
v 0.1687 2.7787 1.3109
v 1.2278 2.6265 0.0009
v 1.2918 2.6056 0.1681
v 1.0647 2.6923 -0.2622
v 1.3240 2.5381 0.7453
v 1.3539 2.4629 0.3001
v 1.3562 2.4961 0.5529
v 0.3563 2.7765 1.3154
v 0.9397 2.5873 -0.3582
v 0.8273 2.6296 -0.4204
v 0.7089 2.6791 -0.4761
v 0.5672 2.7340 -0.5313
v 0.3946 2.7565 -0.5546
v 0.2231 2.7668 -0.5508
v 1.2413 2.4782 -0.0303
v 1.3145 2.4630 0.1282
v 1.0471 2.5459 -0.2747
v 1.4922 4.4714 0.8516
v 1.4474 4.2986 0.8439
v 1.4029 4.1158 0.8583
v 1.3102 3.5946 0.9470
v 1.3530 3.8651 0.9079
v 0.8137 3.8912 1.3679
v 1.0297 3.8137 1.2861
v 1.1104 2.7383 1.0580
v 0.1955 3.2751 1.3465
v 0.1771 3.8575 1.3624
v 0.3728 3.2556 1.3568
v 0.7814 3.6412 1.3525
v 0.9840 3.5448 1.2811
v 1.1138 3.0322 1.0990
v 0.5478 3.2170 1.3486
v 0.1670 4.1447 1.3582
v 0.5536 3.4653 1.3543
v 0.7450 3.3969 1.3224
v 0.9413 3.3024 1.2662
v 1.1237 3.2212 1.1322
v 0.3701 3.5261 1.3539
v 0.1900 3.5594 1.3609
v 0.7299 3.1606 1.3086
v 0.9301 3.1011 1.2147
v 1.1624 3.4487 1.1635
v 0.5925 3.9720 1.3948
v 0.3668 3.8114 1.3723
v 0.7290 2.7634 1.2307
v 0.9206 2.7564 1.1500
v 1.1988 3.7274 1.1213
v 0.5707 3.7352 1.3619
v 0.3666 4.0807 1.3775
v 1.2731 3.3430 0.9720
v 1.2515 3.1276 0.9704
v 1.2441 2.9512 0.9516
v 1.2423 2.6897 0.9135
v 1.1606 2.6569 -0.1483
v 0.1475 2.5439 1.3021
v 0.1875 2.3507 1.3363
v 0.1673 2.1178 1.3436
v 0.0727 2.4577 1.2987
v 0.1075 2.3585 1.3219
v 0.0925 2.2458 1.3329
v 0.0480 2.4253 1.2926
v 0.0634 2.3625 1.3083
v 0.0623 2.2917 1.3224
v 0.5382 2.5598 1.2588
v 0.3469 2.5581 1.3032
v 1.1081 2.5922 1.0420
v 0.7229 2.5738 1.1900
v 0.9174 2.5887 1.1260
v 1.2476 2.5663 0.8999
v 1.3280 2.3959 0.7304
v 1.3700 2.3192 0.2714
v 1.3681 2.3507 0.5218
v 1.2469 2.3301 -0.0713
v 1.3337 2.3122 0.0959
v 0.5443 2.3490 1.2753
v 0.3554 2.3459 1.3285
v 1.1097 2.4318 1.0324
v 0.7288 2.3835 1.1902
v 0.9281 2.4198 1.1152
v 1.2432 2.4263 0.8975
v 1.2825 2.7423 0.1814
v 1.2313 2.7671 0.0090
v 1.2990 2.7691 0.7725
v 1.3187 2.7472 0.5863
v 1.3211 2.7361 0.3746
v 1.0752 2.8359 -0.2735
v 0.5643 2.8552 -0.5442
v 0.3853 2.8574 -0.5678
v 0.2222 2.8620 -0.5617
v 0.9510 2.7277 -0.3586
v 0.8369 2.7654 -0.4331
v 0.1851 3.0149 1.3254
v 0.7156 2.8113 -0.4950
v 1.2439 2.8159 0.9277
v 0.5454 2.9853 1.3196
v 0.3665 3.0057 1.3355
v 0.7289 2.9597 1.2743
v 0.9270 2.9225 1.1809
v 1.1140 2.8796 1.0748
v 1.1756 2.7991 -0.1504
v 1.1218 2.2272 1.0349
v 0.3654 2.0951 1.3388
v 0.5554 2.1053 1.2967
v 1.3495 2.1452 0.0726
v 1.2464 2.1621 -0.1201
v 1.3786 2.1831 0.4932
v 1.3801 2.1539 0.2634
v 1.3388 2.2127 0.7078
v 1.2536 2.2351 0.8877
v 0.9437 2.2109 1.1391
v 0.7382 2.1579 1.2193
v 1.1459 2.5076 -0.1664
v 1.1394 2.3563 -0.2054
v 1.1172 2.1903 -0.2555
v 0.9196 2.4375 -0.3685
v 0.8050 2.4809 -0.4160
v 0.6911 2.5271 -0.4644
v 0.5499 2.5836 -0.5139
v 0.3833 2.6197 -0.5402
v 0.2110 2.6425 -0.5370
v 0.8793 2.2784 -0.3996
v 0.7630 2.3190 -0.4386
v 0.6487 2.3623 -0.4732
v 0.5187 2.4135 -0.5166
v 0.3684 2.4657 -0.5454
v 0.1930 2.4711 -0.5361
v 0.8448 2.0754 -0.4820
v 0.7165 2.1120 -0.5111
v 0.5945 2.1499 -0.5303
v 0.4651 2.1904 -0.5571
v 0.3262 2.2389 -0.5658
v 0.1678 2.2475 -0.5554
v 1.0284 2.3938 -0.2987
v 0.9940 2.2325 -0.3404
v 1.1019 1.7886 -0.4600
v 0.8008 1.5403 -0.7797
v 0.6444 1.5462 -0.8170
v 0.4883 1.5554 -0.8346
v 0.3443 1.5544 -0.8493
v 0.2158 1.5683 -0.8427
v 0.0930 1.5855 -0.7908
v 0.9657 1.8069 -0.5643
v 1.0856 1.5609 -0.5293
v 0.9438 1.5376 -0.6980
v 0.7678 1.2231 -0.8984
v 0.5889 1.2101 -0.9340
v 0.4227 1.2115 -0.9508
v 0.2730 1.1975 -0.9738
v 0.1502 1.2074 -0.9217
v 0.0277 1.2140 -0.8411
v 1.1356 1.2703 -0.6744
v 0.7869 0.8616 -0.9844
v 0.5734 0.8571 -0.9997
v 0.3766 0.8634 -0.9912
v 0.2214 0.8701 -0.9512
v 0.1038 0.8888 -0.8866
v 0.0218 0.9043 -0.8052
v 0.9476 1.2402 -0.8097
v 1.1906 0.9682 -0.7362
v 0.8052 0.5722 -0.9605
v 0.5645 0.5618 -0.9693
v 0.3484 0.5779 -0.9544
v 0.1958 0.6060 -0.9035
v 0.0911 0.6242 -0.8388
v 0.0305 0.6393 -0.7593
v 1.0059 0.9056 -0.9022
v 1.2252 0.7207 -0.7364
v 0.7975 0.3725 -0.8856
v 0.5431 0.3507 -0.8778
v 0.3279 0.3786 -0.8394
v 0.2005 0.4217 -0.7825
v 0.1069 0.4442 -0.7282
v 0.0513 0.4800 -0.6581
v 1.0351 0.6426 -0.8843
v 1.2498 0.5214 -0.7110
v 0.7739 0.2125 -0.7871
v 0.5030 0.2123 -0.7406
v 0.3007 0.2870 -0.6589
v 0.1967 0.3304 -0.6280
v 0.1217 0.3463 -0.5745
v 0.0656 0.3735 -0.5314
v 1.0437 0.4404 -0.8358
v 1.2652 0.3561 -0.6783
v 0.7607 0.0867 -0.6667
v 0.4759 0.0882 -0.5412
v 0.2705 0.1657 -0.4870
v 0.1941 0.2277 -0.4629
v 0.1294 0.2786 -0.4313
v 0.0833 0.3150 -0.4187
v 1.0413 0.2752 -0.7738
v 1.2700 0.2107 -0.6429
v 0.8003 -0.0479 -0.6099
v 0.5569 -0.1056 -0.4915
v 0.1675 0.1972 -0.3703
v 0.1211 0.2358 -0.3235
v 0.0759 0.2746 -0.2837
v 1.0357 0.1321 -0.7304
v 1.4002 1.7530 -0.0335
v 1.2691 1.7802 -0.2767
v 1.4453 1.7350 0.4369
v 1.4536 1.7339 0.2087
v 1.3717 1.7466 0.6534
v 1.2714 1.7483 0.8532
v 1.3708 1.5207 -0.0769
v 1.2373 1.5255 -0.3412
v 1.4895 1.4918 0.4074
v 1.4581 1.5045 0.1803
v 1.4425 1.4648 0.6204
v 1.3548 1.4534 0.8452
v 1.3719 1.2887 -0.1520
v 1.2854 1.2594 -0.4344
v 1.5627 1.2411 0.3975
v 1.5026 1.2757 0.1366
v 1.5083 1.2152 0.6428
v 1.4214 1.2008 0.8618
v 1.4263 1.0528 -0.2167
v 1.3452 0.9934 -0.5389
v 1.5947 1.0255 0.3937
v 1.5363 1.0518 0.1046
v 1.5866 0.9866 0.6398
v 1.4758 0.9711 0.8483
v 1.4911 0.8421 -0.2401
v 1.3818 0.7764 -0.5334
v 1.6436 0.8353 0.3756
v 1.5875 0.8513 0.0867
v 1.6220 0.8056 0.6226
v 1.5157 0.7793 0.8250
v 1.5475 0.6587 -0.2321
v 1.4169 0.5914 -0.5132
v 1.6951 0.6635 0.3785
v 1.6485 0.6728 0.0946
v 1.6635 0.6389 0.6198
v 1.5588 0.6078 0.8269
v 1.6035 0.4898 -0.2162
v 1.4476 0.4296 -0.4851
v 1.7362 0.5048 0.3765
v 1.6994 0.5098 0.0966
v 1.7000 0.4852 0.6285
v 1.5949 0.4516 0.8423
v 1.6520 0.3369 -0.2027
v 1.4722 0.2807 -0.4586
v 1.7700 0.3589 0.3724
v 1.7451 0.3592 0.0992
v 0.8905 -0.0368 1.1417
v 0.8533 0.1246 1.1396
v 1.1159 1.7395 1.0292
v 0.3954 1.5022 1.2814
v 0.5696 1.5595 1.2551
v 0.9159 1.7117 1.1208
v 0.7408 1.6457 1.1974
v 1.1902 1.4516 1.0349
v 0.4028 1.2306 1.2602
v 0.5821 1.2908 1.2209
v 0.9637 1.4405 1.1249
v 0.7543 1.3815 1.1829
v 1.2457 1.2004 1.0467
v 0.4048 0.9725 1.2443
v 0.5869 1.0359 1.1842
v 0.9748 1.1929 1.1246
v 0.7578 1.1259 1.1492
v 1.2930 0.9575 1.0245
v 0.3783 0.7440 1.1909
v 0.5637 0.8159 1.1390
v 1.0346 0.9384 1.1244
v 0.7940 0.8846 1.1183
v 1.3329 0.7499 0.9942
v 0.3417 0.5256 1.0875
v 0.5625 0.6069 1.0707
v 1.0745 0.7145 1.1231
v 0.8124 0.6606 1.1397
v 1.3760 0.5671 0.9859
v 0.2845 0.3528 0.9248
v 0.5049 0.3603 1.0138
v 1.1032 0.5224 1.1091
v 0.8131 0.4632 1.1352
v 1.4132 0.4067 1.0005
v 0.5467 0.1860 0.9871
v 1.1354 0.3536 1.1028
v 0.8270 0.2868 1.1303
v 0.1931 1.4697 1.2775
v 0.2105 1.1969 1.2899
v 0.2101 0.9600 1.2626
v 0.1973 0.7289 1.2288
v 0.1751 0.5323 1.1246
v 0.1461 0.3515 0.9546
v 0.9507 1.9599 1.1541
v 0.7454 1.9017 1.2319
v 0.3808 1.7954 1.3212
v 0.1867 1.7829 1.3238
v 1.1464 1.9970 1.0603
v 0.5638 1.8344 1.2884
v 0.1012 0.2196 0.7281
v 0.0570 0.1556 0.4905
v 0.0163 0.1638 0.0785
v 0.0614 0.2453 -0.1358
v 0.1903 0.2326 0.7219
v 0.1118 0.1639 0.4973
v 0.0485 0.1406 0.0713
v 0.0996 0.1927 -0.1646
v 0.2729 0.2036 0.7599
v 0.1609 0.1192 0.5113
v 0.0819 0.0506 0.0781
v 0.1273 0.1362 -0.1943
v 0.1340 1.9408 -0.6552
v 0.8275 1.8237 -0.6255
v 0.6883 1.8533 -0.6568
v 0.5487 1.8757 -0.6662
v 0.9823 2.0407 -0.4259
v 0.4080 1.8935 -0.6753
v 0.2739 1.9217 -0.6700
v 1.1190 2.0015 -0.3418
v 1.4132 1.9646 0.2480
v 1.3963 1.9530 0.0445
v 1.2600 2.0215 0.8855
v 1.3429 2.0058 0.6923
v 1.3938 1.9858 0.4808
v 1.2638 1.9705 -0.1925
v 1.2810 0.0742 -0.6079
v 1.0506 0.0016 -0.6879
v 1.6820 0.1916 -0.1844
v 1.4939 0.1377 -0.4294
v 1.8063 0.2222 0.3893
v 1.7848 0.2177 0.1143
v 1.1709 0.1984 1.1041
v 0.5870 0.0260 0.9816
v 1.4474 0.2625 1.0165
v 1.6234 0.3157 0.8516
v 0.3264 0.0922 0.7678
v 0.1911 0.0211 0.5086
v 0.1162 -0.0568 0.0578
v 0.1681 0.0049 -0.2172
v 1.2009 0.0452 1.1090
v 0.6247 -0.1379 0.9918
v 1.4712 0.1205 1.0217
v 1.6540 0.1764 0.8666
v 0.3676 -0.0578 0.7653
v 0.2376 -0.1276 0.5071
v 0.1609 -0.1845 0.0400
v 0.2199 -0.1284 -0.2059
v 0.4016 -0.2189 0.7677
v 0.2707 -0.2906 0.5072
v 0.2003 -0.3341 0.0387
v 0.2676 -0.2815 -0.1831
v 0.2157 0.1188 -0.4025
v 1.7295 0.3464 0.6319
v 1.7631 0.2088 0.6465
v 0.3062 -0.0368 -0.3910
v 0.3823 -0.1958 -0.3589
v 0.8512 -0.1943 -0.5780
v 0.6174 -0.2699 -0.4649
v 0.9316 -0.2067 1.1591
v 1.3095 -0.0702 -0.5842
v 1.0884 -0.1377 -0.6550
v 1.7197 0.0386 -0.1671
v 1.5325 -0.0148 -0.4037
v 1.8462 0.0758 0.4169
v 1.8262 0.0672 0.1420
v 1.2392 -0.1100 1.1254
v 0.6582 -0.3043 1.0060
v 1.5050 -0.0265 1.0325
v 1.6908 0.0308 0.8771
v 0.4329 -0.3822 0.7803
v 0.2927 -0.4569 0.5159
v 0.2293 -0.4959 0.0530
v 0.3000 -0.4452 -0.1602
v 1.8019 0.0644 0.6595
v 0.4310 -0.3633 -0.3329
v 0.9157 -0.3812 -0.5528
v 0.6749 -0.4622 -0.4498
v 0.9701 -0.3820 1.1834
v 1.3707 -0.2568 -0.5411
v 1.1462 -0.3184 -0.6111
v 1.7642 -0.1477 -0.1376
v 1.5870 -0.2011 -0.3673
v 1.8835 -0.1019 0.4533
v 1.8664 -0.1147 0.1776
v 1.2806 -0.2693 1.1438
v 0.6994 -0.4710 1.0157
v 1.5438 -0.1852 1.0477
v 1.7223 -0.1318 0.8886
v 0.4716 -0.5471 0.7933
v 0.3258 -0.6203 0.5414
v 0.2610 -0.6615 0.0923
v 0.3335 -0.6184 -0.1200
v 1.8364 -0.1046 0.6857
v 0.4790 -0.5459 -0.2979
v 0.9955 -0.6384 -0.5316
v 0.7454 -0.7020 -0.4283
v 1.0075 -0.5649 1.1870
v 1.4584 -0.5007 -0.4861
v 1.2343 -0.5685 -0.5713
v 1.8218 -0.3808 -0.0988
v 1.6612 -0.4407 -0.3188
v 1.9241 -0.3233 0.4792
v 1.9144 -0.3445 0.2140
v 1.3212 -0.4572 1.1610
v 0.7381 -0.6549 1.0155
v 1.5918 -0.3771 1.0578
v 1.7639 -0.3315 0.8912
v 0.5112 -0.7323 0.8099
v 0.3633 -0.8049 0.5726
v 0.2989 -0.8517 0.1406
v 0.3795 -0.8201 -0.0666
v 1.8754 -0.3157 0.7004
v 0.5358 -0.7660 -0.2592
v 1.1796 -1.1995 -0.4888
v 0.9049 -1.2310 -0.3987
v 1.1469 -1.0803 1.1638
v 1.6481 -1.0839 -0.3595
v 1.4342 -1.1447 -0.4736
v 1.9138 -1.0190 -0.0128
v 1.8079 -1.0509 -0.2046
v 1.9927 -0.9746 0.4489
v 1.9846 -1.0005 0.2301
v 1.4408 -1.0121 1.1499
v 0.8603 -1.1615 1.0429
v 1.6993 -0.9372 1.0253
v 1.8709 -0.9270 0.8400
v 0.6398 -1.2264 0.8500
v 0.4950 -1.2976 0.6068
v 0.4322 -1.3639 0.1886
v 0.4891 -1.3344 -0.0070
v 1.9614 -0.9486 0.6462
v 0.6362 -1.2867 -0.2075
v 1.2672 -1.5164 -0.4703
v 1.0168 -1.5341 -0.3807
v 1.2338 -1.4100 1.1324
v 1.7128 -1.4129 -0.3057
v 1.5135 -1.4642 -0.4306
v 1.9215 -1.3681 0.0254
v 1.8565 -1.3931 -0.1488
v 2.0215 -1.3581 0.3762
v 1.9815 -1.3726 0.1996
v 1.5290 -1.3474 1.1046
v 0.9540 -1.4700 1.0520
v 1.7756 -1.2849 0.9748
v 1.9474 -1.3004 0.7889
v 0.7351 -1.5334 0.8566
v 0.5930 -1.6105 0.5828
v 0.5535 -1.6794 0.1718
v 0.5983 -1.6459 -0.0125
v 1.9987 -1.3329 0.5738
v 0.7128 -1.5945 -0.1950
v 1.3384 -1.8420 -0.3984
v 1.1264 -1.8781 -0.3423
v 1.3458 -1.7186 1.0623
v 1.7226 -1.7397 -0.2476
v 1.5494 -1.7858 -0.3592
v 1.9292 -1.7265 0.0374
v 1.8606 -1.7257 -0.1036
v 1.9760 -1.7285 0.2811
v 1.9551 -1.7234 0.1629
v 1.6108 -1.6795 1.0116
v 1.0698 -1.7655 1.0299
v 1.8287 -1.6660 0.8778
v 1.9585 -1.6930 0.6827
v 0.8364 -1.8385 0.8313
v 0.6872 -1.9199 0.5610
v 0.6605 -2.0169 0.1476
v 0.7051 -1.9843 -0.0281
v 2.0052 -1.7203 0.4604
v 0.8012 -1.9235 -0.1857
v 1.3771 -2.1389 -0.3574
v 1.1787 -2.1743 -0.3128
v 1.4526 -2.0149 0.9990
v 1.7060 -2.0504 -0.2102
v 1.5681 -2.0855 -0.3095
v 1.9185 -2.0324 0.0253
v 1.8391 -2.0260 -0.0947
v 1.9557 -2.0229 0.2514
v 1.9519 -2.0228 0.1483
v 1.6810 -1.9937 0.9104
v 1.1871 -2.0516 0.9704
v 1.8497 -1.9993 0.7487
v 1.9326 -2.0061 0.5817
v 0.9552 -2.1206 0.7712
v 0.8260 -2.2069 0.5518
v 0.7285 -2.3396 0.1447
v 0.7632 -2.2977 -0.0243
v 1.9597 -2.0174 0.3834
v 0.8806 -2.2289 -0.1740
v 1.3837 -2.3489 -0.3388
v 1.1826 -2.3761 -0.2912
v 1.5431 -2.2936 0.9419
v 1.7156 -2.3066 -0.1891
v 1.5806 -2.3096 -0.2884
v 1.9307 -2.2940 0.0284
v 1.8432 -2.2877 -0.0733
v 1.9584 -2.3007 0.2371
v 1.9620 -2.2976 0.1333
v 1.7124 -2.2972 0.8299
v 1.3152 -2.3233 0.9560
v 1.8271 -2.3039 0.6744
v 1.8807 -2.3066 0.5441
v 1.0849 -2.3886 0.7841
v 0.9471 -2.4709 0.5507
v 0.7754 -2.5962 0.1618
v 0.7914 -2.5475 -0.0045
v 1.9087 -2.3071 0.3736
v 0.8815 -2.4568 -0.1451
v 1.3973 -2.5285 -0.3296
v 1.2077 -2.5566 -0.2813
v 1.5973 -2.5346 0.9249
v 1.7906 -2.5142 -0.1609
v 1.6136 -2.5131 -0.2784
v 1.9605 -2.5552 0.0557
v 1.8817 -2.5419 -0.0600
v 1.9306 -2.5537 0.2550
v 1.9777 -2.5533 0.1682
v 1.7282 -2.5746 0.8258
v 1.4011 -2.5566 0.9440
v 1.8073 -2.5951 0.6504
v 1.8481 -2.5947 0.5121
v 1.1744 -2.6345 0.7555
v 1.0416 -2.7283 0.4970
v 0.8430 -2.8173 0.1704
v 0.8480 -2.7593 0.0038
v 1.8811 -2.5890 0.3703
v 0.9288 -2.6585 -0.1358
v 1.4446 -2.7311 -0.3209
v 1.2638 -2.7603 -0.2866
v 1.6261 -2.8041 0.8907
v 1.8287 -2.7281 -0.1838
v 1.6519 -2.7124 -0.2916
v 1.9834 -2.8063 0.0860
v 1.9274 -2.7750 -0.0659
v 1.9202 -2.8157 0.2939
v 1.9786 -2.7972 0.1788
v 1.7367 -2.8437 0.8018
v 1.4781 -2.8026 0.9075
v 1.8144 -2.8701 0.6324
v 1.8594 -2.8603 0.5404
v 1.2477 -2.8651 0.7841
v 1.0970 -2.9673 0.5312
v 0.9199 -3.0262 0.1623
v 0.9461 -2.9604 -0.0090
v 1.8927 -2.8219 0.4051
v 1.0747 -2.8902 -0.1394
v 1.4757 -2.9360 -0.3463
v 1.3140 -3.0162 -0.2739
v 1.6395 -3.0635 0.7981
v 1.8578 -2.9388 -0.2330
v 1.6743 -2.9199 -0.3284
v 2.0020 -3.0278 0.0522
v 1.9604 -2.9910 -0.1175
v 1.9619 -3.0347 0.2874
v 1.9877 -3.0259 0.1830
v 1.7496 -3.0819 0.7396
v 1.4951 -3.0642 0.7939
v 1.8242 -3.1244 0.6338
v 1.8860 -3.1128 0.5103
v 1.3041 -3.1220 0.6531
v 1.1524 -3.1928 0.4957
v 0.9920 -3.2357 0.1400
v 1.0209 -3.1607 -0.0130
v 1.9202 -3.0749 0.4093
v 1.1631 -3.0878 -0.1740
v 1.5216 -3.1181 -0.4385
v 1.3559 -3.2367 -0.3745
v 1.6536 -3.3423 0.6922
v 1.8812 -3.0707 -0.3229
v 1.7081 -3.0623 -0.3998
v 2.0506 -3.1662 -0.0106
v 1.9959 -3.1203 -0.1989
v 2.0087 -3.2097 0.2735
v 2.0372 -3.1890 0.1475
v 1.7619 -3.3229 0.6588
v 1.5235 -3.3718 0.6567
v 1.8780 -3.3208 0.6295
v 1.9401 -3.2953 0.4994
v 1.3366 -3.4140 0.5358
v 1.1970 -3.4528 0.3857
v 1.0761 -3.4502 0.0322
v 1.1042 -3.4148 -0.1174
v 1.9603 -3.2568 0.4009
v 1.2219 -3.3150 -0.2593
v 1.5552 -3.4153 -0.5134
v 1.3883 -3.5189 -0.4455
v 1.6617 -3.5659 0.6657
v 1.8774 -3.3123 -0.4363
v 1.7225 -3.3315 -0.4930
v 2.1022 -3.3491 -0.1077
v 2.0221 -3.3260 -0.2991
v 2.0776 -3.3857 0.2266
v 2.1038 -3.3694 0.0809
v 1.7742 -3.5169 0.6608
v 1.5356 -3.6167 0.6039
v 1.8835 -3.4846 0.6067
v 1.9834 -3.4533 0.4850
v 1.3757 -3.6582 0.4559
v 1.2622 -3.6765 0.3428
v 1.1124 -3.7080 0.0084
v 1.1300 -3.6747 -0.1553
v 2.0221 -3.4321 0.3723
v 1.2409 -3.5998 -0.3063
v 1.5673 -3.6734 -0.5682
v 1.3906 -3.7718 -0.4873
v 1.6605 -3.8269 0.6122
v 1.8996 -3.5450 -0.5085
v 1.7451 -3.5872 -0.5649
v 2.1446 -3.5244 -0.1977
v 2.0260 -3.5394 -0.4117
v 2.1468 -3.5642 0.1823
v 2.1723 -3.5434 0.0101
v 1.7800 -3.7515 0.6255
v 1.5270 -3.8877 0.5393
v 1.8989 -3.6874 0.5767
v 2.0196 -3.6275 0.4682
v 1.3860 -3.9141 0.4191
v 1.2865 -3.9109 0.3116
v 1.1273 -3.9722 -0.0258
v 1.1448 -3.9392 -0.1843
v 2.0760 -3.6092 0.3475
v 1.2583 -3.8616 -0.3364
v 1.5820 -3.9551 -0.6110
v 1.4187 -4.0404 -0.5308
v 1.6566 -4.1499 0.5635
v 1.9347 -3.7882 -0.5641
v 1.7699 -3.8668 -0.6188
v 2.1860 -3.7337 -0.2765
v 2.0558 -3.7487 -0.4663
v 2.2199 -3.7942 0.1454
v 2.2453 -3.7633 -0.0465
v 1.7810 -4.0589 0.5895
v 1.5218 -4.2063 0.4913
v 1.9076 -3.9683 0.5586
v 2.0464 -3.8765 0.4632
v 1.4053 -4.2083 0.3908
v 1.2652 -4.2421 0.2821
v 1.1268 -4.2375 -0.0353
v 1.1538 -4.2196 -0.2041
v 2.1410 -3.8131 0.3439
v 1.2738 -4.1518 -0.3586
v 1.6056 -4.3322 -0.6269
v 1.4369 -4.4278 -0.5373
v 1.6466 -4.5092 0.5174
v 1.9607 -4.1410 -0.5955
v 1.8052 -4.2329 -0.6394
v 2.2229 -4.0798 -0.3557
v 2.1042 -4.0970 -0.4935
v 2.2804 -4.1652 0.1209
v 2.3173 -4.1159 -0.0933
v 1.7707 -4.4413 0.5528
v 1.5223 -4.5406 0.4506
v 1.9023 -4.3554 0.5452
v 2.0457 -4.2688 0.4786
v 1.4059 -4.5337 0.3651
v 1.2503 -4.5769 0.2589
v 1.1422 -4.5840 -0.0489
v 1.1748 -4.5535 -0.2327
v 2.1894 -4.1979 0.3255
v 1.3148 -4.5156 -0.3762
v 1.6588 -4.8208 -0.5879
v 1.4742 -4.8915 -0.4932
v 1.6636 -4.9390 0.4759
v 2.0166 -4.7092 -0.5730
v 1.8599 -4.7615 -0.6085
v 2.2808 -4.6685 -0.3241
v 2.1551 -4.6997 -0.4760
v 2.3070 -4.7201 0.1498
v 2.3467 -4.6994 -0.0775
v 1.7872 -4.8914 0.5147
v 1.5286 -4.9686 0.4213
v 1.9148 -4.8220 0.5207
v 2.0572 -4.7655 0.4847
v 1.4365 -5.0012 0.3529
v 1.3073 -5.0086 0.2572
v 1.2126 -5.0007 -0.0378
v 1.2441 -5.0166 -0.2236
v 2.1885 -4.7459 0.3453
v 1.3757 -4.9621 -0.3741
v 1.7081 -5.3953 -0.4763
v 1.5591 -5.4184 -0.4009
v 1.6946 -5.4781 0.4297
v 2.0355 -5.3310 -0.4837
v 1.8765 -5.3695 -0.5083
v 2.2767 -5.3588 -0.2579
v 2.1730 -5.3422 -0.4013
v 2.2586 -5.3933 0.2153
v 2.3191 -5.3869 -0.0020
v 1.8186 -5.4469 0.4719
v 1.5795 -5.5012 0.3798
v 1.9284 -5.4246 0.4856
v 2.0447 -5.4053 0.4685
v 1.5146 -5.5063 0.3098
v 1.4239 -5.5258 0.2496
v 1.3247 -5.4458 -0.0237
v 1.3745 -5.4855 -0.1947
v 2.1529 -5.3956 0.3735
v 1.4730 -5.4584 -0.3145
v 1.7801 -6.1192 -0.3835
v 1.6550 -6.1209 -0.3226
v 1.7810 -6.0597 0.4198
v 2.0536 -6.0239 -0.3656
v 1.9281 -6.0636 -0.3902
v 2.2543 -6.0487 -0.1148
v 2.2093 -6.0273 -0.2256
v 2.2487 -6.0233 0.2518
v 2.2731 -6.0120 0.0653
v 1.8694 -6.0508 0.4474
v 1.6819 -6.0673 0.3776
v 1.9509 -6.0261 0.4606
v 2.0330 -6.0167 0.4499
v 1.6226 -6.0805 0.3138
v 1.5677 -6.0851 0.2243
v 1.5005 -6.0680 -0.0165
v 1.5694 -6.1327 -0.1278
v 2.1393 -6.0221 0.3838
v 1.6046 -6.1030 -0.2088
v 2.0647 -8.1207 0.4226
v 2.0057 -8.1098 0.4703
v 1.9387 -8.0822 0.5172
v 1.8667 -8.0417 0.5653
v 1.8639 -8.0294 0.7831
v 2.2615 -6.9029 0.1590
v 2.2556 -6.9268 0.0211
v 2.2784 -7.1315 0.0374
v 2.2817 -7.1371 0.1901
v 2.3119 -7.2942 0.1906
v 1.8328 -6.6139 -0.3533
v 1.7498 -6.6074 -0.2735
v 1.8595 -6.5052 0.4384
v 2.1143 -6.6072 -0.2478
v 1.9765 -6.6121 -0.3431
v 2.2487 -6.5538 -0.0560
v 2.2103 -6.5749 -0.1432
v 2.1554 -6.5275 0.3682
v 2.2384 -6.5385 0.2627
v 1.9350 -6.5029 0.4511
v 1.7814 -6.5222 0.4053
v 1.9923 -6.5109 0.4506
v 1.7400 -6.5302 0.3517
v 1.7044 -6.5482 0.2764
v 1.6633 -6.6067 0.0500
v 1.6665 -6.6108 -0.0722
v 2.0666 -6.5084 0.4254
v 1.7011 -6.6126 -0.1633
v 1.9185 -7.0062 -0.3529
v 1.8190 -6.9694 -0.2599
v 1.9209 -6.8546 0.4850
v 2.1645 -6.9638 -0.1740
v 2.0506 -6.9938 -0.2569
v 2.3514 -7.4455 0.0531
v 2.2431 -6.9290 -0.0762
v 2.1782 -6.8834 0.3533
v 2.2488 -6.9007 0.2816
v 1.9778 -6.8553 0.4886
v 1.8715 -6.8565 0.4603
v 2.0423 -6.8603 0.4755
v 1.8301 -6.8566 0.4130
v 1.7892 -6.8587 0.3428
v 1.7305 -6.8801 0.1237
v 1.7330 -6.9190 -0.0004
v 2.1028 -6.8561 0.4323
v 1.7445 -6.9286 -0.1363
v 1.9526 -7.0917 0.5498
v 2.2126 -7.1519 0.3950
v 2.2666 -7.1439 0.2892
v 2.0034 -7.0967 0.5442
v 1.9111 -7.0820 0.5334
v 2.0619 -7.1101 0.5190
v 1.8791 -7.0669 0.4926
v 2.1357 -7.1296 0.4691
v 1.8003 -7.9081 1.7469
v 1.6674 -7.8992 1.7560
v 1.6322 -8.0419 1.7444
v 1.8511 -8.0632 1.7588
v 1.6963 -7.9598 1.9393
v 1.6684 -8.0405 2.0554
v 1.8563 -8.0412 2.0419
v 1.8135 -7.9652 1.9253
v 1.6874 -8.0228 2.0711
v 1.8450 -8.0175 2.0588
v 1.8092 -7.9713 1.9332
v 1.7037 -7.9706 1.9504
v 1.6121 -8.0831 1.9358
v 1.8696 -8.0764 1.9422
v 1.8171 -7.9427 1.8811
v 1.6800 -7.9383 1.8904
v 1.6799 -7.9159 1.8383
v 1.8103 -7.9250 1.8334
v 1.8735 -8.0804 1.8515
v 1.5930 -8.0796 1.8501
v 1.6758 -7.9007 1.7890
v 1.8570 -8.0664 1.7780
v 1.8023 -7.9158 1.7737
v 1.6208 -8.0495 1.7832
v 1.6777 -7.9103 1.8132
v 1.8647 -8.0750 1.8033
v 1.8094 -7.9220 1.8086
v 1.6133 -8.0619 1.8102
v 1.6345 -8.0742 1.9874
v 1.8168 -7.9534 1.9001
v 1.8686 -8.0739 1.9970
v 1.6866 -7.9489 1.9117
v 1.6908 -8.1344 1.7504
v 1.7405 -8.0847 2.0886
v 1.7391 -8.0547 2.1100
v 1.6968 -8.1688 1.9808
v 1.6896 -8.1791 1.8533
v 1.6942 -8.1529 1.7804
v 1.6902 -8.1684 1.8165
v 1.7206 -8.1454 2.0314
v 1.7726 -8.1593 1.8109
v 1.7649 -8.1536 1.7832
v 1.8200 -8.1388 2.0236
v 1.8134 -8.0458 2.1017
v 1.7944 -8.1598 1.8529
v 1.8217 -8.1631 1.9685
v 1.7571 -8.1427 1.7596
v 1.8138 -8.0791 2.0815
v 1.7010 -8.0134 2.0790
v 1.8339 -8.0073 2.0640
v 1.8038 -7.9764 1.9432
v 1.7120 -7.9793 1.9537
v 1.7356 -8.0368 2.0997
v 1.8110 -8.0306 2.0943
v 1.6299 -7.9626 1.7560
v 1.8292 -7.9532 1.7564
v 1.6764 -7.9886 1.9890
v 1.8447 -7.9913 1.9618
v 1.6889 -7.9886 2.0007
v 1.8352 -7.9857 1.9765
v 1.6306 -7.9911 1.8960
v 1.8531 -7.9663 1.8341
v 1.6235 -7.9802 1.8470
v 1.8603 -7.9850 1.8925
v 1.6310 -7.9700 1.7897
v 1.8354 -7.9563 1.7773
v 1.6249 -7.9730 1.8189
v 1.8453 -7.9612 1.8081
v 1.8538 -7.9948 1.9208
v 1.6519 -7.9964 1.9384
v 1.8214 -7.9850 1.9850
v 1.6968 -7.9895 2.0024
v 1.6593 -8.0971 1.7523
v 1.8427 -8.0600 2.0682
v 1.7093 -8.0448 2.1078
v 1.8026 -8.1070 1.7609
v 1.6490 -8.1335 1.9515
v 1.6331 -8.1286 1.8535
v 1.6562 -8.1116 1.7778
v 1.6486 -8.1186 1.8112
v 1.8555 -8.1057 2.0072
v 1.7056 -8.0749 2.0834
v 1.6768 -8.1245 2.0237
v 1.8277 -8.1207 1.8114
v 1.8087 -8.1149 1.7829
v 1.8354 -8.0349 2.0831
v 1.8441 -8.1210 1.8518
v 1.8594 -8.1117 1.9551
v 1.7144 -8.0265 2.0865
v 1.8289 -8.0196 2.0752
v 1.9316 -7.9847 2.0147
v 1.9124 -8.0307 2.0648
v 2.0262 -8.0262 2.0598
v 2.0028 -7.9791 2.0126
v 1.9175 -8.0202 2.0723
v 2.0182 -8.0216 2.0659
v 2.0015 -7.9861 2.0172
v 1.9335 -7.9909 2.0207
v 1.8903 -8.0371 1.9681
v 2.0433 -8.0569 1.9500
v 2.0027 -7.9687 1.9790
v 1.9267 -7.9687 1.9812
v 1.8938 -8.0390 2.0216
v 2.0031 -7.9743 1.9939
v 2.0441 -8.0467 2.0083
v 1.9265 -7.9744 1.9973
v 1.9407 -8.0615 2.1050
v 1.9433 -8.0387 2.1069
v 1.9351 -8.1415 1.9487
v 1.9288 -8.1111 2.0670
v 1.9973 -8.1151 2.0673
v 1.9919 -8.0389 2.1078
v 1.9957 -8.1370 1.9463
v 1.9957 -8.0609 2.1025
v 1.9246 -8.0140 2.0750
v 2.0121 -8.0116 2.0747
v 1.9962 -7.9911 2.0228
v 1.9377 -7.9953 2.0257
v 1.9417 -8.0276 2.1021
v 1.9946 -8.0284 2.0991
v 2.0368 -8.0510 1.9047
v 1.9263 -7.9455 1.9579
v 2.0020 -7.9447 1.9554
v 1.8939 -8.0283 1.9239
v 1.9396 -8.1211 1.8798
v 1.9948 -8.1130 1.8745
v 1.9162 -7.9989 2.0279
v 2.0188 -7.9948 2.0276
v 1.9218 -8.0035 2.0328
v 2.0133 -7.9965 2.0338
v 1.9056 -7.9707 1.9793
v 2.0353 -8.0010 1.9618
v 2.0323 -8.0017 1.9924
v 1.9060 -7.9857 2.0002
v 2.0034 -7.9992 2.0384
v 1.9330 -8.0037 2.0375
v 2.0328 -7.9967 1.9340
v 1.9052 -7.9666 1.9446
v 2.0219 -8.0448 2.0819
v 1.9255 -8.0317 2.0973
v 1.8972 -8.1098 1.9481
v 2.0350 -8.0812 2.0381
v 1.9191 -8.0491 2.0904
v 1.9018 -8.0817 2.0360
v 2.0163 -8.0294 2.0891
v 2.0354 -8.1026 1.9449
v 1.9297 -8.0230 2.0932
v 2.0051 -8.0193 2.0913
v 1.9049 -8.0961 1.8894
v 2.0258 -8.0923 1.8859
v 0.0739 7.0224 1.4891
v 0.1365 7.0389 1.4592
v 0.1953 7.0658 1.4216
v 0.2483 7.1005 1.3915
v 0.2991 7.1468 1.3706
v 0.2653 7.0194 1.3427
v 0.2091 6.9807 1.3759
v 0.1469 6.9480 1.4121
v 0.0736 6.9304 1.4407
v 0.3862 7.1854 1.2851
v 0.3587 7.1219 1.2900
v 0.3141 7.0641 1.3136
v 0.2576 7.0565 1.3663
v 0.2070 7.0149 1.3995
v 0.0778 6.9666 1.4713
v 0.1460 6.9830 1.4404
v 0.3466 7.1512 1.3233
v 0.3061 7.0991 1.3405
v 0.0727 6.9042 1.4116
v 0.1456 6.9207 1.3831
v 0.2127 6.9497 1.3451
v 0.2732 6.9880 1.3095
v 0.3240 7.0332 1.2759
v 0.3690 7.0896 1.2458
v 0.4067 7.1556 1.2363
v 0.0724 6.8857 1.3778
v 0.1436 6.8994 1.3507
v 0.2113 6.9265 1.3089
v 0.2742 6.9626 1.2660
v 0.3316 7.0049 1.2228
v 0.3879 7.0595 1.1827
v 0.4368 7.1257 1.1508
v 0.4861 7.2505 1.1425
v 1.7839 -7.8772 1.6837
v 1.6430 -7.8838 1.6571
v 1.5969 -8.0256 1.6204
v 1.8310 -8.0546 1.6987
v 1.6610 -8.1267 1.5959
v 1.7553 -8.1328 1.6541
v 1.5997 -7.9391 1.6303
v 1.8206 -7.9340 1.6955
v 1.6206 -8.0901 1.5950
v 1.7888 -8.0962 1.6766
v 1.7820 -7.8553 1.6333
v 1.6325 -7.8522 1.6015
v 1.5734 -8.0082 1.5583
v 1.8272 -8.0414 1.6808
v 1.6452 -8.1283 1.5420
v 1.7710 -8.1449 1.6020
v 1.5807 -7.9209 1.5716
v 1.8210 -7.8961 1.6541
v 1.6089 -8.0882 1.5501
v 1.8037 -8.1236 1.6385
v 1.8061 -7.8212 1.5373
v 1.6261 -7.8250 1.5253
v 1.5602 -7.9845 1.4784
v 1.8313 -8.0354 1.6531
v 1.6259 -8.1268 1.4752
v 1.8225 -8.1606 1.5653
v 1.5768 -7.8930 1.5039
v 1.8410 -7.8906 1.6098
v 1.5872 -8.0733 1.4711
v 1.8283 -8.1274 1.6143
v 2.0114 -7.9155 1.8552
v 1.9162 -7.9085 1.8577
v 1.8845 -8.0110 1.8016
v 2.0439 -8.0302 1.8047
v 1.9390 -8.0987 1.7728
v 1.9803 -8.0982 1.7740
v 1.8973 -7.9423 1.8381
v 2.0371 -7.9706 1.8372
v 1.9065 -8.0728 1.7867
v 2.0154 -8.0730 1.7865
v 2.0145 -7.8973 1.7995
v 1.9169 -7.8855 1.8018
v 1.8866 -7.9999 1.7812
v 2.0400 -8.0228 1.7809
v 1.9372 -8.0986 1.7537
v 1.9776 -8.0970 1.7530
v 1.8982 -7.9355 1.7966
v 2.0364 -7.9586 1.8028
v 1.9052 -8.0701 1.7658
v 2.0119 -8.0707 1.7631
v 1.9988 -7.9001 1.7500
v 1.9290 -7.8918 1.7490
v 1.8859 -7.9899 1.7596
v 2.0296 -8.0205 1.7539
v 1.9333 -8.1011 1.7429
v 1.9748 -8.0996 1.7373
v 1.9045 -7.9180 1.7517
v 2.0211 -7.9500 1.7491
v 1.9027 -8.0736 1.7505
v 2.0073 -8.0712 1.7381
v 1.9889 -7.8956 1.6785
v 1.9242 -7.8848 1.6750
v 1.8706 -7.9876 1.7176
v 2.0239 -8.0239 1.7001
v 1.9211 -8.1158 1.6805
v 1.9700 -8.1160 1.6701
v 1.9024 -7.8951 1.6836
v 2.0113 -7.9427 1.6891
v 1.8835 -8.1061 1.6894
v 2.0078 -8.0879 1.6808
v 1.9794 -8.0970 1.7876
v 2.0185 -8.0763 1.8067
v 2.0425 -8.0348 1.8266
v 1.9946 -7.9284 1.8841
v 2.0137 -8.0021 -0.4518
v 1.9399 -8.0978 1.7877
v 1.9294 -7.9201 1.8876
v 1.9065 -7.9523 1.8688
v 1.8881 -8.0173 1.8373
v 2.0334 -7.9762 1.8593
v 1.9053 -8.0738 1.8143
v 1.9909 -7.8875 1.6413
v 1.9213 -7.8754 1.6359
v 1.8621 -7.9951 1.7033
v 2.0221 -8.0267 1.6833
v 2.0166 -7.8875 -0.4693
v 1.9145 -8.1302 1.6444
v 1.9717 -8.1276 1.6358
v 1.8942 -7.8874 1.6520
v 2.0086 -7.9352 1.6663
v 1.8761 -8.1165 1.6673
v 1.9993 -8.0989 1.6546
v 2.0057 -7.8551 1.5501
v 1.8961 -7.8455 1.5580
v 1.8485 -8.0061 1.6646
v 2.0191 -8.0063 1.6572
v 2.0037 -7.7682 -0.4773
v 1.8816 -8.1505 1.5785
v 1.9894 -8.1046 1.5737
v 1.8670 -7.8953 1.6171
v 2.0225 -7.9010 1.6080
v 1.8532 -8.1222 1.6135
v 2.0170 -8.0726 1.6274
v 2.0948 -7.9802 1.9290
v 2.0693 -8.0329 1.9799
v 2.1764 -8.0242 1.9763
v 2.1505 -7.9700 1.9335
v 2.0761 -8.0057 1.9898
v 2.1704 -7.9989 1.9927
v 2.1475 -7.9850 1.9424
v 2.1026 -7.9837 1.9403
v 2.0502 -8.0718 1.8969
v 2.1955 -8.0724 1.8935
v 2.1569 -7.9555 1.9022
v 2.0937 -7.9580 1.8985
v 2.0548 -8.0644 1.9549
v 2.1546 -7.9608 1.9143
v 2.1917 -8.0607 1.9471
v 2.0922 -7.9633 1.9089
v 2.1026 -8.0563 2.0084
v 2.1008 -8.0199 2.0189
v 2.0907 -8.1304 1.9029
v 2.0912 -8.0965 1.9759
v 2.1553 -8.0917 1.9762
v 2.1416 -8.0143 2.0241
v 2.1579 -8.1315 1.8987
v 2.1476 -8.0497 2.0103
v 2.0891 -7.9956 1.9921
v 2.1551 -7.9944 1.9893
v 2.1476 -7.9876 1.9459
v 2.1070 -7.9867 1.9443
v 2.1012 -8.0032 2.0157
v 2.1425 -8.0017 2.0161
v 2.1936 -8.0650 1.8532
v 2.0960 -7.9524 1.8772
v 2.1616 -7.9550 1.8787
v 2.0555 -8.0695 1.8675
v 2.0975 -8.1326 1.8459
v 2.1571 -8.1306 1.8373
v 2.0697 -7.9995 1.9320
v 2.1807 -7.9971 1.9421
v 2.0817 -7.9936 1.9437
v 2.1732 -7.9952 1.9515
v 2.0588 -8.0149 1.8943
v 2.1972 -8.0160 1.8954
v 2.1940 -8.0136 1.9171
v 2.0600 -8.0018 1.9204
v 2.1672 -7.9918 1.9528
v 2.0903 -7.9905 1.9510
v 2.1974 -8.0128 1.8739
v 2.0611 -8.0140 1.8745
v 2.1670 -8.0399 1.9945
v 2.0813 -8.0139 2.0012
v 2.0598 -8.1003 1.8976
v 2.1797 -8.0736 1.9595
v 2.0770 -8.0507 1.9894
v 2.0652 -8.0799 1.9582
v 2.1638 -8.0055 2.0067
v 2.1827 -8.0984 1.8938
v 2.0915 -7.9989 2.0010
v 2.1519 -7.9943 2.0004
v 2.0660 -8.1023 1.8555
v 2.1823 -8.0955 1.8423
v 2.1771 -7.9296 1.8075
v 2.0857 -7.9189 1.8099
v 2.0597 -8.0378 1.7803
v 2.1957 -8.0322 1.7706
v 2.1017 -8.1024 1.7552
v 2.1471 -8.1010 1.7521
v 2.0617 -7.9779 1.7976
v 2.1943 -7.9768 1.7964
v 2.0712 -8.0744 1.7644
v 2.1828 -8.0815 1.7598
v 2.1768 -7.9275 1.7569
v 2.0856 -7.9095 1.7608
v 2.0600 -8.0323 1.7595
v 2.1967 -8.0248 1.7467
v 2.1016 -8.0966 1.7420
v 2.1465 -8.0969 1.7372
v 2.0624 -7.9665 1.7656
v 2.1949 -7.9667 1.7656
v 2.0693 -8.0687 1.7504
v 2.1822 -8.0779 1.7416
v 2.1610 -7.9150 1.7219
v 2.0985 -7.9076 1.7201
v 2.0643 -8.0299 1.7376
v 2.1948 -8.0218 1.7226
v 2.1023 -8.0926 1.7321
v 2.1448 -8.0957 1.7246
v 2.0657 -7.9626 1.7274
v 2.1893 -7.9611 1.7243
v 2.0685 -8.0690 1.7383
v 2.1806 -8.0787 1.7210
v 2.1516 -7.9136 1.6297
v 2.0895 -7.9044 1.6380
v 2.0593 -8.0304 1.6945
v 2.1871 -8.0266 1.6497
v 2.1011 -8.1121 1.6645
v 2.1373 -8.1060 1.6599
v 2.0642 -7.9506 1.6639
v 2.1730 -7.9495 1.6385
v 2.0645 -8.0794 1.6948
v 2.1700 -8.0878 1.6547
v 2.1452 -8.1069 1.7659
v 2.1817 -8.0828 1.7819
v 2.1919 -8.0400 1.7911
v 2.1650 -7.9398 1.8346
v 2.1027 -8.1065 1.7685
v 2.0970 -7.9316 1.8352
v 2.0633 -7.9900 1.8192
v 2.0611 -8.0468 1.8056
v 2.1931 -7.9856 1.8148
v 2.0726 -8.0811 1.7814
v 2.1473 -7.9072 1.6003
v 2.0878 -7.8933 1.6073
v 2.0546 -8.0270 1.6780
v 2.1923 -8.0279 1.6320
v 2.0954 -8.1250 1.6323
v 2.1429 -8.1199 1.6098
v 2.0625 -7.9412 1.6452
v 2.1717 -7.9459 1.6133
v 2.0668 -8.0849 1.6742
v 2.1760 -8.0817 1.6154
v 2.1481 -7.8854 1.5292
v 2.0738 -7.8654 1.5395
v 2.0440 -8.0051 1.6555
v 2.1894 -8.0105 1.6030
v 2.0707 -8.1369 1.5755
v 2.1517 -8.1331 1.5293
v 2.0528 -7.9090 1.6011
v 2.1779 -7.9212 1.5563
v 2.0582 -8.0732 1.6260
v 2.1848 -8.0829 1.5744
v 2.2371 -7.9842 1.8084
v 2.2181 -8.0236 1.8442
v 2.3161 -8.0087 1.8365
v 2.2918 -7.9829 1.8093
v 2.2248 -8.0057 1.8478
v 2.3091 -8.0016 1.8398
v 2.2919 -7.9912 1.8151
v 2.2405 -7.9913 1.8140
v 2.2021 -8.0528 1.7778
v 2.3368 -8.0492 1.7681
v 2.3014 -7.9736 1.7805
v 2.2302 -7.9761 1.7810
v 2.2025 -8.0560 1.8114
v 2.2988 -7.9773 1.7922
v 2.3363 -8.0328 1.8086
v 2.2315 -7.9778 1.7913
v 2.2379 -8.0397 1.8741
v 2.2414 -8.0213 1.8724
v 2.2364 -8.1351 1.7616
v 2.2429 -8.1023 1.8517
v 2.3112 -8.0955 1.8449
v 2.2940 -8.0204 1.8704
v 2.3105 -8.1248 1.7659
v 2.3027 -8.0425 1.8698
v 2.2316 -8.0038 1.8473
v 2.3006 -8.0017 1.8400
v 2.2868 -7.9917 1.8214
v 2.2416 -7.9950 1.8207
v 2.2494 -8.0102 1.8663
v 2.2854 -8.0079 1.8658
v 2.3331 -8.0510 1.7395
v 2.2299 -7.9708 1.7664
v 2.3048 -7.9675 1.7678
v 2.2067 -8.0527 1.7482
v 2.2437 -8.1229 1.7089
v 2.3108 -8.1136 1.7080
v 2.2192 -8.0035 1.8142
v 2.3095 -7.9930 1.8158
v 2.2268 -7.9994 1.8205
v 2.3034 -7.9961 1.8212
v 2.2061 -8.0045 1.7826
v 2.3335 -8.0064 1.7762
v 2.3254 -8.0053 1.7945
v 2.2048 -8.0100 1.7975
v 2.2977 -7.9982 1.8319
v 2.2328 -7.9990 1.8283
v 2.3324 -8.0048 1.7577
v 2.2097 -8.0011 1.7685
v 2.3120 -8.0237 1.8548
v 2.2290 -8.0130 1.8632
v 2.2105 -8.0924 1.7655
v 2.3354 -8.0571 1.8293
v 2.2232 -8.0333 1.8630
v 2.2179 -8.0804 1.8379
v 2.3071 -8.0132 1.8574
v 2.3322 -8.0854 1.7670
v 2.2328 -8.0055 1.8597
v 2.3014 -8.0034 1.8552
v 2.2218 -8.1004 1.7216
v 2.3317 -8.0842 1.7248
v 2.3144 -7.9389 1.6834
v 2.2273 -7.9334 1.6855
v 2.2056 -8.0359 1.6587
v 2.3385 -8.0269 1.6596
v 2.2465 -8.1053 1.6418
v 2.3071 -8.0986 1.6370
v 2.2138 -7.9718 1.6736
v 2.3271 -7.9761 1.6792
v 2.2197 -8.0811 1.6442
v 2.3332 -8.0594 1.6488
v 2.3162 -7.9273 1.6533
v 2.2253 -7.9151 1.6500
v 2.2064 -8.0362 1.6439
v 2.3420 -8.0192 1.6346
v 2.2500 -8.1070 1.6304
v 2.3086 -8.0958 1.6278
v 2.2128 -7.9717 1.6463
v 2.3290 -7.9671 1.6476
v 2.2185 -8.0767 1.6345
v 2.3388 -8.0531 1.6252
v 2.3044 -7.9272 1.6154
v 2.2374 -7.9197 1.6187
v 2.2081 -8.0347 1.6304
v 2.3464 -8.0168 1.6133
v 2.2505 -8.1082 1.6199
v 2.3042 -8.1003 1.6172
v 2.2171 -7.9571 1.6276
v 2.3239 -7.9594 1.6165
v 2.2199 -8.0874 1.6216
v 2.3376 -8.0522 1.6143
v 2.3068 -7.9296 1.5460
v 2.2408 -7.9092 1.5552
v 2.2107 -8.0350 1.6056
v 2.3423 -8.0138 1.5600
v 2.2461 -8.1156 1.5801
v 2.3029 -8.1056 1.5640
v 2.2126 -7.9453 1.5811
v 2.3263 -7.9680 1.5485
v 2.2220 -8.0984 1.5871
v 2.3299 -8.0729 1.5617
v 2.3085 -8.1080 1.6810
v 2.3300 -8.0746 1.6895
v 2.3303 -8.0409 1.7012
v 2.3031 -7.9511 1.7141
v 2.2472 -8.1142 1.6772
v 2.2352 -7.9459 1.7118
v 2.2155 -7.9836 1.7175
v 2.2132 -8.0470 1.6961
v 2.3226 -7.9854 1.7201
v 2.2254 -8.0990 1.6755
v 2.3078 -7.9298 1.5120
v 2.2411 -7.8983 1.5235
v 2.2097 -8.0401 1.5958
v 2.3412 -8.0192 1.5377
v 2.2409 -8.1250 1.5489
v 2.3044 -8.1176 1.5347
v 2.2145 -7.9451 1.5655
v 2.3292 -7.9680 1.5201
v 2.2204 -8.1013 1.5743
v 2.3259 -8.0903 1.5311
v 2.3005 -7.8843 1.4557
v 2.2287 -7.8888 1.4728
v 2.1985 -8.0165 1.5920
v 2.3390 -8.0192 1.5116
v 2.2118 -8.1359 1.5098
v 2.3072 -8.1208 1.4604
v 2.2100 -7.9187 1.5395
v 2.3306 -7.9283 1.4726
v 2.1988 -8.0790 1.5591
v 2.3282 -8.1051 1.4875
v 2.3636 -7.9697 1.5224
v 2.4752 -7.9714 1.4711
v 2.3841 -8.0931 1.5045
v 2.4740 -8.0690 1.4751
v 2.3863 -7.9164 1.5010
v 2.4478 -7.9273 1.4763
v 2.3617 -8.0334 1.5316
v 2.4859 -8.0271 1.4717
v 2.3603 -7.9656 1.5026
v 2.4836 -7.9676 1.4268
v 2.3718 -8.0995 1.4872
v 2.4644 -8.0895 1.4390
v 2.3796 -7.9098 1.4771
v 2.4587 -7.9201 1.4351
v 2.3528 -8.0294 1.5148
v 2.4945 -8.0374 1.4280
v 2.3553 -7.9266 1.4607
v 2.5059 -7.9686 1.3643
v 2.3567 -8.1069 1.4762
v 2.4527 -8.1023 1.3781
v 2.3762 -7.8964 1.4185
v 2.4719 -7.9117 1.3665
v 2.3472 -8.0204 1.5090
v 2.5054 -8.0378 1.3619
v 2.1268 -7.9433 1.8796
v 1.7778 -8.0483 2.1061
v 1.7785 -8.0906 2.0931
v 1.7730 -8.1535 2.0370
v 1.7587 -8.1660 1.9753
v 1.7417 -8.1689 1.8528
v 1.7334 -8.1685 1.8107
v 1.7290 -8.1536 1.7823
v 1.7230 -8.1387 1.7550
v 1.7076 -8.1305 1.6221
v 1.7076 -8.1379 1.5689
v 1.7225 -8.1429 1.5158
v 1.7409 -7.8960 1.8161
v 1.7447 -7.9019 1.8409
v 1.7499 -7.9246 1.8866
v 1.7772 -8.0330 2.0978
v 1.7564 -7.9500 1.9251
v 1.7527 -7.9334 1.9034
v 1.7556 -7.9622 1.9327
v 1.7709 -8.0213 2.0832
v 1.7582 -7.9742 1.9457
v 1.7674 -7.9873 1.9949
v 1.7707 -8.0093 2.0727
v 1.7218 -7.7666 1.4942
v 1.7212 -7.8266 1.6196
v 1.7377 -7.8754 1.7596
v 1.7276 -7.8514 1.6781
v 1.7408 -7.8882 1.7896
v 1.7728 -7.6878 1.2238
v 1.7079 -7.7337 1.2216
v 2.0372 -7.7208 1.2442
v 1.9823 -7.7100 1.2552
v 2.2297 -7.7915 1.1395
v 2.1844 -7.7661 1.1785
v 2.4646 -7.9082 1.0911
v 2.4110 -7.8709 1.1037
v 2.3475 -7.8276 1.0843
v 2.5190 -7.9931 1.1210
v 2.5254 -8.0609 1.1049
v 2.2785 -7.8026 1.1192
v 2.1306 -7.7495 1.2189
v 2.0827 -7.7268 1.2320
v 1.9209 -7.7004 1.2494
v 1.8566 -7.6824 1.2423
v 1.7655 -7.6417 1.0968
v 1.7177 -7.6910 1.1092
v 2.0332 -7.6252 1.0835
v 1.9687 -7.6121 1.0885
v 2.2367 -7.7023 0.9721
v 2.1810 -7.6797 1.0196
v 2.4074 -7.8399 0.8404
v 2.3659 -7.7942 0.8465
v 2.3165 -7.7395 0.8687
v 2.4594 -7.9034 0.8668
v 2.4854 -7.9825 0.8814
v 2.2723 -7.7095 0.9172
v 2.1245 -7.6565 1.0580
v 2.0815 -7.6424 1.0744
v 1.9035 -7.6062 1.0911
v 1.8407 -7.6080 1.0998
v 2.0128 -8.0937 -0.3746
v 1.7728 -7.5700 0.8909
v 1.7302 -7.6178 0.8711
v 1.9957 -7.5045 0.9257
v 1.9360 -7.4944 0.9030
v 2.0143 -8.1376 -0.2969
v 2.1947 -7.5450 0.7728
v 2.1594 -7.5244 0.8210
v 2.3826 -7.7779 0.6145
v 2.2876 -7.6148 0.6381
v 2.4249 -7.8885 0.6283
v 2.2445 -7.5705 0.7074
v 2.1078 -7.5141 0.8657
v 2.0567 -7.5225 0.9121
v 1.8731 -7.5051 0.8902
v 1.8148 -7.5379 0.8929
v 1.7450 -7.5543 0.6763
v 1.9669 -7.3919 0.7421
v 1.9161 -7.3756 0.7194
v 2.1934 -7.4177 0.6073
v 2.1222 -7.4140 0.6718
v 2.3332 -7.5951 0.0611
v 2.3256 -7.4636 -0.0667
v 2.3060 -7.4670 0.4122
v 2.4045 -7.8278 0.6200
v 2.3741 -7.8498 0.3977
v 2.2543 -7.4403 0.5360
v 2.0736 -7.4091 0.7143
v 2.0193 -7.4054 0.7369
v 1.8487 -7.3812 0.6566
v 1.7873 -7.4757 0.6773
v 1.6546 -7.7960 1.2114
v 1.6101 -7.8586 1.2211
v 1.5893 -8.0964 1.2291
v 1.5870 -7.9642 1.2266
v 1.6714 -7.7552 1.0825
v 1.6220 -7.8090 1.1038
v 1.6614 -8.0109 1.0606
v 1.6175 -7.9314 1.0693
v 1.6896 -7.6920 0.8567
v 1.6741 -7.7643 0.8748
v 1.7284 -7.9179 0.8332
v 1.6816 -7.8378 0.8655
v 1.6885 -7.7512 0.6933
v 1.7365 -7.9168 0.6322
v 1.7083 -7.8213 0.6670
v 2.5014 -8.1250 1.1129
v 2.2899 -8.1796 1.1403
v 2.4299 -8.1641 1.1216
v 2.3494 -8.1817 1.1306
v 2.4731 -8.0552 0.8863
v 2.3286 -8.1619 0.9140
v 2.4349 -8.1035 0.8877
v 2.3974 -8.1462 0.9048
v 2.4250 -7.9536 0.6170
v 2.3541 -8.1030 0.5855
v 2.4142 -8.0042 0.5933
v 2.4029 -8.0431 0.5571
v 2.3732 -7.9127 0.3813
v 2.3177 -8.0750 0.2819
v 2.3673 -7.9741 0.3517
v 2.3512 -8.0299 0.3226
v 1.7585 -8.1820 1.2615
v 1.8682 -8.1828 1.2748
v 1.9477 -8.1681 1.2675
v 2.0246 -8.1572 1.2461
v 2.1152 -8.1594 1.2156
v 2.1768 -8.1667 1.1892
v 2.2349 -8.1731 1.1593
v 1.6570 -8.1502 1.2460
v 2.3258 -7.2933 0.0420
v 1.9514 -8.0544 0.7608
v 2.0337 -8.0819 0.7344
v 2.1151 -8.1093 0.6915
v 2.1782 -8.1309 0.6683
v 1.7829 -7.9903 0.8028
v 1.8370 -8.0706 1.0326
v 1.9279 -8.0935 1.0304
v 2.0183 -8.1017 1.0179
v 2.0890 -8.1103 0.9888
v 2.1663 -8.1313 0.9580
v 1.7223 -8.0513 1.0365
v 2.2192 -8.1114 -0.1196
v 2.2516 -8.0451 -0.1593
v 2.2608 -7.9812 -0.1510
v 2.2374 -8.0855 -0.1392
v 1.7379 -8.0036 -0.2551
v 1.7589 -8.1024 -0.2222
v 1.8032 -8.1452 -0.1623
v 1.7144 -7.9567 0.0244
v 1.7171 -8.0624 0.0135
v 1.7584 -8.1029 0.0421
v 1.7301 -7.9286 0.2579
v 1.7445 -8.0073 0.2587
v 1.8523 -8.0332 -0.4236
v 2.0865 -8.1252 -0.2829
v 2.0966 -8.0895 -0.3415
v 2.1057 -8.0110 -0.3971
v 1.8950 -8.1531 -0.2611
v 1.8737 -8.1088 -0.3486
v 2.1916 -8.0619 -0.2593
v 2.2065 -7.9971 -0.2736
v 2.1683 -8.1026 -0.2282
v 1.7188 -7.8544 0.2647
v 1.7163 -7.6292 0.6663
v 1.6973 -7.6988 0.6676
v 2.1269 -7.6746 -0.3719
v 2.0878 -7.4371 -0.2709
v 2.1051 -7.5516 -0.3418
v 2.1277 -7.7845 -0.3993
v 2.1169 -7.9021 -0.4099
v 2.2259 -7.7399 -0.2021
v 1.7565 -7.0599 0.1894
v 2.2182 -7.6000 -0.1615
v 2.2236 -7.8319 -0.2385
v 2.2164 -7.9179 -0.2608
v 2.2790 -7.7642 -0.0795
v 0.0616 0.1386 0.2865
v 2.2723 -7.8405 -0.1092
v 2.2673 -7.9088 -0.1314
v 1.7399 -7.3232 0.2886
v 1.7027 -7.7714 0.2697
v 1.6955 -7.6737 0.2749
v 1.7013 -7.5650 0.2871
v 1.7150 -7.4480 0.2948
v 1.7203 -7.4578 0.1151
v 1.7125 -7.8407 0.0483
v 1.7266 -7.3333 0.1233
v 1.7207 -7.5876 0.0896
v 1.7178 -7.7151 0.0598
v 1.7497 -7.3430 -0.0690
v 1.7686 -7.4755 -0.0958
v 1.7398 -7.8923 -0.2573
v 1.7575 -7.7620 -0.2049
v 1.7731 -7.6233 -0.1459
v 1.9771 -7.4983 -0.4100
v 1.8460 -7.6578 -0.3515
v 1.8261 -7.7775 -0.4027
v 1.8220 -7.8985 -0.4320
v 1.8586 -7.5110 -0.3105
v 1.8711 -7.3788 -0.2631
v 1.9789 -7.3760 -0.3837
v 1.8390 -7.0559 0.4235
v 2.2753 -7.1501 -0.0597
v 2.2258 -7.4588 -0.1531
v 2.0697 -7.1721 -0.2312
v 1.8720 -7.1306 -0.2560
v 1.7674 -7.1244 -0.1095
v 1.9513 -7.1575 -0.3458
v 1.7486 -7.0808 0.0444
v 2.1927 -7.1862 -0.1498
v 2.1725 -7.3092 0.5076
v 1.9446 -7.2591 0.6249
v 1.9956 -7.6551 -0.4519
v 2.2874 -7.3210 0.3277
v 2.3379 -7.5700 0.2274
v 1.7469 -7.2113 0.0977
v 1.9810 -7.2606 -0.3575
v 2.3029 -7.3194 -0.0621
v 2.2089 -7.3284 -0.1454
v 2.0912 -7.3041 -0.2559
v 1.8807 -7.2448 -0.2305
v 2.3529 -7.7153 0.2100
v 1.8601 -7.2145 0.5226
v 1.9070 -7.2330 0.5953
v 1.7588 -7.1957 0.2516
v 1.9880 -7.2791 0.6293
v 2.0404 -7.2881 0.6127
v 2.0968 -7.2938 0.5764
v 1.7798 -7.2292 -0.0837
v 2.2399 -7.3275 0.4399
v 2.3547 -7.5981 0.4064
v 0.0257 0.1449 0.2778
v 2.2889 -7.6171 -0.0580
v 0.0973 0.0722 0.3010
v 0.1282 -0.0342 0.2896
v 0.1628 -0.1777 0.2772
v 0.1981 -0.3356 0.2693
v 0.2259 -0.5003 0.2775
v 0.2574 -0.6639 0.3096
v 0.2959 -0.8451 0.3476
v 0.4330 -1.3517 0.3856
v 0.5460 -1.6695 0.3668
v 0.6433 -1.9951 0.3438
v 0.7440 -2.3014 0.3394
v 0.8348 -2.5594 0.3479
v 0.9126 -2.7973 0.3552
v 0.9807 -3.0197 0.3516
v 1.0346 -3.2328 0.3273
v 1.1179 -3.4671 0.2242
v 1.1648 -3.6871 0.1806
v 1.1684 -3.9135 0.1643
v 1.1642 -4.2187 0.1468
v 1.1730 -4.5754 0.1260
v 1.2306 -4.9925 0.1033
v 1.3338 -5.4590 0.1059
v 1.5219 -6.0817 0.1125
v 2.2602 -6.5366 0.1081
v 1.6791 -6.5701 0.1768
v 1.7532 -6.8612 0.2426
v 2.2780 -8.1005 0.1216
v 2.3167 -8.0402 0.1355
v 2.3345 -7.9822 0.1430
v 2.3384 -7.8661 0.1939
v 2.3388 -7.9258 0.1726
v 1.7223 -7.8570 0.4691
v 1.7422 -7.9610 0.4479
v 1.7010 -7.7904 0.4850
v 1.6937 -7.7278 0.4700
v 1.6951 -7.6489 0.4633
v 1.7168 -7.5516 0.4689
v 1.7883 -7.3275 0.4469
v 1.7496 -7.4451 0.4691
v 1.7912 -7.0507 0.3141
v 1.8035 -7.1915 0.3858
v 2.3896 -7.7151 0.3979
v 2.2788 -8.1551 0.9157
v 2.2296 -8.1544 0.9252
v 2.3198 -7.7411 0.0518
v 2.3737 -7.7914 0.3970
v 2.3398 -7.7063 0.6233
v 2.3211 -7.4307 0.2256
v 2.3118 -7.8234 0.0374
v 2.3408 -7.8025 0.1987
v 2.3072 -7.8896 0.0254
v 2.3037 -7.9530 -0.0005
v 2.2972 -8.0154 -0.0241
v 2.2812 -8.0649 -0.0148
v 2.2481 -8.1120 -0.0033
v 2.2961 -8.1210 0.6145
v 2.2352 -8.1370 0.6477
v 2.2773 -8.1040 0.2898
v 2.1574 -8.1329 0.3579
v 1.7854 -7.9997 0.5928
v 2.2297 -8.1226 0.3085
v 2.0318 -8.1574 -0.2039
v 1.8454 -8.1736 -0.0483
v 1.8075 -8.0732 0.2741
v 2.0876 -8.1429 -0.2146
v 1.9065 -8.1752 -0.1730
v 2.1559 -8.1282 -0.1901
v 1.7848 -8.0303 0.4267
v 1.9809 -8.1758 -0.0032
v 1.8988 -8.1732 0.0614
v 1.8095 -8.1330 0.0951
v 2.1979 -8.1357 -0.0325
v 2.0908 -8.1668 -0.0365
v 2.1385 -8.1553 -0.0421
v 2.1971 -8.1410 0.1199
v 2.2388 -8.1235 0.1189
v 1.9568 -8.1404 0.2516
v 2.0314 -8.1572 0.1929
v 2.1260 -8.1533 0.1305
v 1.8885 -8.1036 0.3195
v 1.8457 -8.0521 0.4306
v 1.9626 -7.9521 1.9560
v 1.9652 -7.9646 1.9796
v 1.9641 -7.9715 1.9960
v 2.1235 -8.1014 1.9860
v 2.1238 -8.1315 1.9008
v 2.1258 -8.0550 2.0172
v 2.2774 -8.1141 1.6418
v 2.2769 -8.1226 1.6747
v 2.2769 -8.1191 1.7086
v 2.2639 -7.9958 1.8347
v 1.9668 -8.1167 1.8774
v 1.9596 -8.0973 1.7878
v 1.9598 -8.0993 1.7734
v 1.9573 -8.0970 1.7529
v 1.9677 -8.0619 2.1048
v 1.9639 -8.1183 2.0716
v 1.9653 -8.1401 1.9484
v 2.2740 -8.1308 1.7638
v 2.1216 -7.9559 1.9009
v 2.1209 -7.9607 1.9122
v 2.2682 -7.9229 1.6871
v 2.2720 -7.9086 1.6518
v 2.2726 -7.9085 1.6168
v 2.2751 -8.1059 1.8547
v 2.2708 -8.0446 1.8720
v 2.1232 -8.0946 1.7284
v 2.1103 -7.8678 1.5074
v 2.1195 -7.8876 1.5923
v 2.1212 -7.8924 1.6238
v 2.2725 -7.8952 1.5077
v 2.2626 -7.8693 1.4374
v 2.2590 -8.1369 1.4547
v 2.1257 -7.8958 1.7190
v 2.2654 -7.9676 1.7937
v 2.2658 -7.9609 1.7835
v 2.2668 -7.9541 1.7700
v 2.2774 -7.9073 1.5457
v 2.2681 -8.0211 1.8714
v 1.9625 -7.8821 1.7467
v 1.9648 -7.8767 1.7994
v 1.9630 -7.8962 1.8594
v 1.9618 -7.9122 1.8860
v 1.9677 -7.9785 2.0109
v 1.9676 -7.9829 2.0170
v 1.9683 -7.9888 2.0247
v 1.9685 -7.9973 2.0408
v 2.3782 -8.1171 1.4052
v 2.4035 -8.1115 1.4585
v 2.2760 -8.1153 1.6289
v 2.1217 -7.9746 1.9308
v 1.9470 -7.8286 1.5204
v 1.9532 -7.8699 1.6260
v 1.9557 -7.8801 1.6715
v 2.1277 -8.1307 1.8416
v 2.2674 -8.0085 1.8666
v 2.2656 -8.0037 1.8572
v 2.2643 -8.0007 1.8462
v 2.1263 -7.8989 1.7586
v 2.1262 -7.9127 1.8107
v 2.1270 -7.9242 1.8374
v 1.9693 -8.0057 2.0765
v 1.9706 -8.0149 2.0949
v 1.9707 -8.0300 2.0997
v 1.9687 -8.0392 2.1089
v 1.9539 -8.1003 1.7399
v 1.9455 -8.1158 1.6748
v 1.9439 -8.1288 1.6391
v 1.9511 -8.1498 1.5089
v 2.2657 -7.9920 1.8222
v 2.2651 -7.9834 1.8179
v 2.2646 -7.9755 1.8102
v 2.1238 -8.1069 1.7668
v 2.1241 -8.1026 1.7540
v 2.1235 -8.0968 1.7401
v 2.4202 -7.8962 1.4512
v 2.1238 -7.9935 1.9881
v 2.1229 -8.0030 2.0168
v 2.1242 -8.0209 2.0238
v 2.2664 -7.9398 1.7178
v 2.4191 -7.9010 1.4876
v 2.4212 -8.0982 1.4808
v 2.2765 -8.1148 1.6200
v 2.2712 -8.1066 1.5729
v 2.2717 -8.1311 1.5417
v 2.1014 -8.1381 1.5127
v 2.1194 -8.1221 1.6213
v 2.1194 -8.1089 1.6623
v 2.1239 -7.9972 1.9981
v 2.1248 -7.9933 1.9592
v 2.1224 -7.9883 1.9436
v 2.1221 -7.9856 1.9390
v 2.3748 -8.0076 1.6825
v 2.3618 -8.0287 1.7263
v 2.4520 -8.0202 1.7147
v 2.4354 -8.0034 1.6775
v 2.3704 -8.0232 1.7294
v 2.4447 -8.0135 1.7192
v 2.4320 -8.0052 1.6822
v 2.3778 -8.0089 1.6858
v 2.3403 -8.0480 1.6696
v 2.4730 -8.0348 1.6622
v 2.4417 -7.9854 1.6649
v 2.3750 -7.9877 1.6696
v 2.3501 -8.0582 1.7047
v 2.4386 -7.9908 1.6712
v 2.4652 -8.0359 1.6860
v 2.3754 -7.9921 1.6768
v 2.3833 -8.0456 1.7621
v 2.3887 -8.0338 1.7584
v 2.3821 -8.1183 1.6445
v 2.3860 -8.0981 1.7237
v 2.4535 -8.0855 1.7111
v 2.4314 -8.0321 1.7542
v 2.4591 -8.0990 1.6505
v 2.4355 -8.0461 1.7540
v 2.3766 -8.0174 1.7312
v 2.4369 -8.0128 1.7197
v 2.4279 -8.0062 1.6864
v 2.3791 -8.0112 1.6893
v 2.3897 -8.0248 1.7508
v 2.4260 -8.0227 1.7443
v 2.4756 -8.0374 1.6480
v 2.3754 -7.9773 1.6604
v 2.4435 -7.9804 1.6576
v 2.3443 -8.0440 1.6480
v 2.3850 -8.1189 1.6344
v 2.4608 -8.0973 1.6388
v 2.3663 -8.0183 1.7035
v 2.4471 -8.0069 1.6964
v 2.3715 -8.0158 1.7070
v 2.4401 -8.0079 1.7002
v 2.3456 -8.0129 1.6670
v 2.4615 -8.0064 1.6642
v 2.4598 -8.0118 1.6795
v 2.3543 -8.0180 1.6882
v 2.4348 -8.0078 1.7060
v 2.3773 -8.0121 1.7093
v 2.4637 -8.0036 1.6521
v 2.3462 -8.0087 1.6568
v 2.4517 -8.0315 1.7327
v 2.3735 -8.0273 1.7448
v 2.3532 -8.0787 1.6509
v 2.4675 -8.0619 1.6992
v 2.3676 -8.0384 1.7452
v 2.3601 -8.0747 1.7155
v 2.4456 -8.0211 1.7340
v 2.4769 -8.0720 1.6555
v 2.3806 -8.0212 1.7420
v 2.4344 -8.0197 1.7328
v 2.3538 -8.0820 1.6424
v 2.4769 -8.0711 1.6404
v 2.4403 -7.9583 1.6304
v 2.3796 -7.9492 1.6268
v 2.3523 -8.0305 1.6080
v 2.4787 -8.0208 1.6129
v 2.3842 -8.1184 1.5942
v 2.4553 -8.0876 1.5915
v 2.3553 -7.9859 1.6139
v 2.4620 -7.9802 1.6227
v 2.3593 -8.0749 1.6000
v 2.4854 -8.0491 1.6051
v 2.4519 -7.9439 1.6142
v 2.3752 -7.9378 1.6051
v 2.3566 -8.0274 1.5828
v 2.4835 -8.0073 1.5921
v 2.3836 -8.1054 1.5601
v 2.4526 -8.0777 1.5621
v 2.3594 -7.9801 1.5902
v 2.4651 -7.9740 1.6038
v 2.3625 -8.0670 1.5749
v 2.4872 -8.0444 1.5793
v 2.4538 -7.9398 1.5807
v 2.3796 -7.9337 1.5732
v 2.3580 -8.0276 1.5735
v 2.4891 -8.0092 1.5756
v 2.3876 -8.1026 1.5542
v 2.4518 -8.0766 1.5513
v 2.3608 -7.9710 1.5744
v 2.4685 -7.9645 1.5823
v 2.3657 -8.0671 1.5638
v 2.4881 -8.0459 1.5723
v 2.4461 -7.9264 1.5487
v 2.3889 -7.9280 1.5429
v 2.3598 -8.0272 1.5615
v 2.4876 -8.0063 1.5490
v 2.3918 -8.0946 1.5438
v 2.4528 -8.0733 1.5446
v 2.3618 -7.9716 1.5586
v 2.4710 -7.9600 1.5506
v 2.3695 -8.0690 1.5526
v 2.4902 -8.0416 1.5538
v 2.4630 -8.0947 1.6288
v 2.4793 -8.0653 1.6332
v 2.4745 -8.0330 1.6370
v 2.4420 -7.9663 1.6438
v 2.3869 -8.1193 1.6244
v 2.3764 -7.9658 1.6459
v 2.3495 -8.0006 1.6383
v 2.3479 -8.0407 1.6340
v 2.4620 -7.9922 1.6391
v 2.3559 -8.0860 1.6308
v 2.4259 -8.1150 1.5923
v 2.4203 -8.1266 1.6200
v 2.4180 -8.1262 1.6298
v 2.4014 -8.0093 1.7098
v 2.4177 -8.1237 1.6364
v 2.4082 -7.9486 1.6320
v 2.4138 -7.9443 1.6095
v 2.4160 -7.9295 1.5751
v 2.4126 -8.0980 1.7235
v 2.4074 -8.0530 1.7688
v 2.4005 -7.9816 1.6721
v 2.4014 -7.9744 1.6661
v 2.4034 -7.9759 1.6572
v 2.4186 -7.9174 1.5449
v 2.4081 -8.0369 1.7593
v 2.4203 -8.1048 1.5595
v 2.4054 -8.0262 1.7494
v 2.4053 -8.0173 1.7375
v 2.4053 -8.0135 1.7249
v 2.4019 -8.0084 1.6867
v 2.4016 -8.0074 1.6823
v 2.4003 -8.0049 1.6771
v 2.4075 -7.9659 1.6438
v 2.4199 -8.1013 1.5505
v 2.4170 -8.0998 1.5431
v 2.4245 -7.8790 1.3763
v 2.3960 -8.0925 1.5117
v 2.4142 -8.0937 1.5035
v 1.5883 -7.9886 1.3465
v 1.6097 -7.9079 1.3336
v 2.5202 -8.0686 1.1974
v 2.5196 -7.9983 1.1926
v 2.4828 -7.9540 1.2039
v 1.6371 -7.8404 1.3250
v 1.7079 -7.7711 1.3472
v 1.7877 -7.7431 1.3608
v 1.8724 -7.7661 1.3785
v 1.9380 -7.7829 1.3754
v 1.9896 -7.7917 1.3686
v 2.0435 -7.7942 1.3569
v 2.0843 -7.8023 1.3406
v 2.1286 -7.8143 1.3287
v 2.1915 -7.8175 1.2918
v 2.2348 -7.8316 1.2480
v 2.2828 -7.8512 1.2317
v 2.4712 -8.1305 1.2168
v 2.3956 -8.1674 1.2376
v 1.5797 -8.1002 1.3535
v 1.6198 -8.1554 1.3646
v 1.7329 -8.1845 1.3802
v 1.8349 -8.1867 1.3948
v 1.9097 -8.1746 1.3984
v 2.3285 -8.1718 1.2598
v 2.2770 -8.1640 1.2788
v 2.2145 -8.1758 1.3141
v 2.1659 -8.1563 1.3314
v 2.0971 -8.1564 1.3589
v 1.9741 -8.1788 1.3799
v 2.3648 -7.8661 1.1962
v 2.4308 -7.9041 1.1918
v 1.8617 -8.1461 0.1471
v 0.7852 -0.8859 1.0300
v 0.5648 -0.9571 0.8342
v 0.4202 -1.0237 0.6024
v 0.3522 -1.0632 0.3802
v 0.3480 -1.0758 0.1831
v 0.4285 -1.0534 -0.0230
v 0.5893 -1.0087 -0.2244
v 0.8219 -0.9536 -0.4127
v 1.0887 -0.9032 -0.5107
v 1.3370 -0.8389 -0.5257
v 1.5600 -0.7662 -0.4280
v 1.7488 -0.7135 -0.2640
v 1.8884 -0.6619 -0.0529
v 1.9603 -0.6351 0.2262
v 1.9680 -0.6137 0.4814
v 1.9227 -0.6057 0.6836
v 1.8145 -0.6152 0.8704
v 1.6461 -0.6494 1.0500
v 1.3743 -0.7227 1.1664
v 1.0679 -0.7982 1.1952
vn 0.400 0.799 -0.449
vn 0.358 0.874 -0.330
vn 0.000 0.845 -0.535
vn 0.404 0.868 -0.290
vn 0.537 0.798 -0.272
vn 0.265 0.963 -0.043
vn -0.000 0.919 -0.394
vn 0.413 0.904 -0.110
vn 0.537 0.826 -0.170
vn 0.548 0.819 -0.170
vn 0.000 0.988 -0.154
vn 0.824 0.560 -0.085
vn 0.469 0.857 -0.213
vn 0.454 0.883 -0.116
vn 0.653 0.748 -0.119
vn -0.000 0.983 -0.184
vn 0.921 0.385 0.060
vn 0.499 0.818 0.285
vn 0.621 0.783 0.036
vn 0.786 0.556 0.271
vn 0.000 1.000 -0.023
vn 0.857 0.189 0.480
vn 0.047 0.532 0.845
vn 0.445 0.538 0.716
vn 0.632 0.478 0.610
vn 0.000 0.543 0.840
vn -0.423 -0.478 0.770
vn -0.379 -0.355 0.854
vn -0.235 -0.054 0.971
vn 0.000 0.120 0.993
vn -0.142 -0.965 0.222
vn -0.345 -0.924 0.165
vn -0.437 -0.132 0.890
vn -0.290 0.026 0.957
vn 0.000 -0.982 0.188
vn -0.000 0.016 1.000
vn -0.505 -0.314 0.803
vn -0.866 -0.423 0.266
vn -0.821 -0.568 -0.054
vn -0.789 -0.614 -0.021
vn -0.713 -0.700 0.034
vn -0.631 -0.773 0.064
vn -0.135 -0.977 0.167
vn -0.955 -0.181 0.233
vn -0.355 -0.925 0.137
vn 0.000 -0.977 0.215
vn -0.957 -0.178 0.229
vn -0.956 -0.128 0.264
vn -0.984 -0.077 0.161
vn -0.953 -0.033 0.300
vn -0.984 0.026 0.175
vn -0.919 0.119 0.377
vn -0.946 0.207 0.248
vn -0.865 0.250 0.436
vn -0.868 0.358 0.345
vn -0.748 0.402 0.527
vn -0.739 0.505 0.446
vn -0.617 0.536 0.576
vn -0.614 0.616 0.493
vn -0.882 -0.427 0.200
vn -0.930 -0.302 0.211
vn -0.855 -0.214 0.473
vn -0.914 -0.151 0.376
vn -0.825 -0.051 0.562
vn -0.916 -0.042 0.400
vn -0.847 0.040 0.530
vn -0.894 0.078 0.442
vn -0.784 0.160 0.599
vn -0.832 0.217 0.511
vn -0.740 0.251 0.624
vn -0.761 0.327 0.561
vn -0.629 0.352 0.693
vn -0.592 0.444 0.673
vn -0.833 -0.508 0.219
vn -0.755 0.028 0.655
vn -0.760 0.093 0.644
vn -0.686 0.165 0.709
vn -0.613 0.277 0.740
vn 0.000 -0.978 0.210
vn -0.125 -0.976 0.180
vn -0.335 -0.916 0.223
vn 0.000 -0.989 0.148
vn -0.719 -0.650 0.245
vn -0.120 -0.784 0.609
vn -0.311 -0.727 0.612
vn 0.000 -0.875 0.484
vn -0.774 -0.482 0.410
vn -0.177 -0.307 0.935
vn -0.274 -0.301 0.913
vn -0.000 -0.364 0.931
vn -0.737 -0.216 0.641
vn -0.192 -0.217 0.957
vn -0.575 -0.122 0.809
vn -0.360 -0.228 0.905
vn -0.256 -0.013 0.966
vn 0.000 -0.173 0.985
vn -0.627 -0.064 0.776
vn -0.175 -0.313 0.933
vn -0.495 -0.128 0.859
vn -0.294 -0.253 0.922
vn -0.332 -0.125 0.935
vn 0.000 -0.347 0.938
vn -0.574 -0.067 0.816
vn -0.111 -0.221 0.969
vn -0.439 -0.108 0.892
vn -0.215 -0.181 0.960
vn -0.347 -0.192 0.918
vn 0.000 -0.260 0.966
vn -0.501 -0.029 0.865
vn -0.086 -0.054 0.995
vn -0.403 0.024 0.915
vn -0.170 -0.050 0.984
vn -0.449 -0.197 0.872
vn -0.000 -0.107 0.994
vn -0.504 0.077 0.860
vn -0.981 0.044 -0.186
vn -0.995 0.068 -0.073
vn -0.973 0.232 0.004
vn -0.889 0.451 0.078
vn -0.780 0.614 0.121
vn -0.655 0.729 0.200
vn -0.878 0.127 -0.461
vn -0.904 0.189 -0.384
vn -0.913 0.290 -0.287
vn -0.856 0.465 -0.224
vn -0.754 0.626 -0.200
vn -0.626 0.760 -0.178
vn -0.842 0.124 -0.525
vn -0.785 0.225 -0.578
vn -0.749 0.331 -0.574
vn -0.720 0.442 -0.536
vn -0.647 0.597 -0.474
vn -0.573 0.719 -0.394
vn -0.660 0.263 -0.703
vn -0.633 0.308 -0.710
vn -0.590 0.403 -0.699
vn -0.526 0.529 -0.666
vn -0.446 0.679 -0.583
vn -0.552 0.203 -0.808
vn -0.531 0.253 -0.808
vn -0.459 0.341 -0.820
vn -0.395 0.444 -0.804
vn -0.313 0.582 -0.751
vn -0.371 0.135 -0.919
vn -0.358 0.189 -0.914
vn -0.275 0.270 -0.923
vn -0.214 0.358 -0.909
vn -0.183 0.463 -0.868
vn 0.000 0.108 -0.994
vn 0.000 0.102 -0.995
vn -0.000 0.156 -0.988
vn 0.000 0.236 -0.972
vn 0.000 0.315 -0.949
vn -0.628 -0.775 0.069
vn -0.714 -0.696 0.070
vn -0.776 -0.628 0.054
vn -0.801 -0.595 -0.063
vn -0.490 -0.436 0.755
vn -0.514 -0.852 0.097
vn -0.529 -0.829 0.181
vn -0.799 -0.571 0.186
vn -0.621 -0.764 0.175
vn -0.703 -0.685 0.191
vn -0.386 -0.889 0.248
vn -0.151 -0.962 0.227
vn -0.572 -0.817 0.076
vn -0.499 -0.860 0.107
vn -0.549 -0.831 0.083
vn -0.637 -0.723 0.268
vn -0.715 -0.494 0.496
vn -0.520 -0.585 0.623
vn -0.509 -0.817 0.272
vn -0.799 -0.549 0.245
vn -0.697 0.009 0.717
vn -0.688 0.045 0.724
vn -0.661 0.072 0.747
vn -0.553 0.211 0.806
vn -0.157 -0.980 0.121
vn -0.366 -0.922 0.127
vn 0.000 -0.991 0.133
vn -0.538 -0.828 0.160
vn -0.615 -0.774 0.150
vn -0.663 -0.739 0.121
vn -0.932 -0.355 0.069
vn -0.808 -0.583 0.087
vn -0.768 -0.626 0.134
vn -0.884 -0.465 0.050
vn 0.002 0.333 -0.943
vn -0.063 0.077 -0.995
vn -0.054 0.175 -0.983
vn -0.091 0.111 -0.990
vn -0.009 0.270 -0.963
vn -0.843 -0.288 0.455
vn -0.828 -0.350 0.438
vn -0.778 -0.071 0.624
vn -0.764 -0.084 0.640
vn -0.625 -0.271 0.732
vn -0.436 -0.284 0.854
vn -0.067 0.298 -0.952
vn -0.192 0.142 -0.971
vn -0.050 0.365 -0.930
vn -0.131 0.210 -0.969
vn -0.213 0.095 -0.972
vn -0.631 0.689 0.358
vn -0.283 0.464 0.840
vn -0.203 0.355 0.913
vn -0.183 0.193 0.964
vn -0.236 0.149 0.960
vn -0.401 0.126 0.908
vn -0.535 0.130 0.835
vn -0.609 0.215 0.763
vn -0.628 0.212 0.749
vn -0.664 0.131 0.737
vn -0.127 0.501 0.856
vn -0.199 0.562 0.802
vn -0.435 0.811 0.392
vn -0.113 0.442 0.890
vn -0.181 0.427 0.886
vn -0.261 0.417 0.871
vn -0.310 0.355 0.882
vn -0.375 0.359 0.855
vn -0.424 0.372 0.826
vn -0.428 0.296 0.854
vn -0.051 0.543 0.838
vn -0.104 0.607 0.788
vn -0.365 0.855 0.368
vn -0.060 0.532 0.844
vn -0.076 0.548 0.833
vn -0.052 0.532 0.845
vn -0.050 0.503 0.863
vn -0.101 0.508 0.855
vn -0.126 0.479 0.869
vn -0.139 0.390 0.910
vn -0.003 0.662 0.750
vn 0.050 0.707 0.706
vn -0.113 0.870 0.479
vn -0.080 0.549 0.832
vn -0.076 0.490 0.868
vn -0.002 0.507 0.862
vn -0.013 0.530 0.848
vn 0.003 0.533 0.846
vn 0.019 0.502 0.865
vn 0.022 0.433 0.901
vn -0.037 0.780 0.624
vn 0.011 0.777 0.629
vn -0.035 0.756 0.653
vn -0.124 0.639 0.760
vn -0.000 0.430 0.903
vn -0.000 0.362 0.932
vn 0.000 0.322 0.947
vn 0.000 0.240 0.971
vn -0.118 0.554 0.824
vn -0.800 0.473 0.369
vn -0.484 0.095 0.870
vn -0.235 -0.131 0.963
vn 0.145 -0.702 0.697
vn -0.189 -0.803 0.565
vn -0.640 -0.632 0.436
vn -0.804 -0.467 0.368
vn -0.889 -0.339 0.309
vn -0.926 -0.262 0.271
vn -0.927 -0.242 0.288
vn -0.792 0.467 0.394
vn -0.484 0.162 0.860
vn -0.154 -0.130 0.979
vn 0.466 -0.636 0.615
vn 0.562 -0.720 0.408
vn 0.669 -0.688 0.280
vn -0.942 -0.336 -0.006
vn -0.973 -0.230 0.004
vn -0.955 -0.286 0.080
vn -0.965 -0.251 0.078
vn -0.742 0.536 0.402
vn -0.438 0.269 0.858
vn -0.010 -0.042 0.999
vn 0.531 -0.572 0.625
vn 0.617 -0.650 0.445
vn 0.653 -0.690 0.313
vn -0.774 0.543 0.326
vn -0.441 0.260 0.859
vn -0.282 0.099 0.954
vn -0.303 -0.126 0.945
vn -0.393 -0.155 0.907
vn -0.455 -0.143 0.879
vn -0.568 -0.091 0.818
vn -0.760 -0.012 0.650
vn -0.837 -0.029 0.546
vn -0.844 -0.128 0.521
vn -0.802 0.455 0.387
vn -0.490 0.099 0.866
vn -0.173 -0.136 0.975
vn 0.372 -0.675 0.637
vn 0.305 -0.852 0.425
vn -0.540 -0.795 0.276
vn -0.888 -0.433 0.151
vn -0.918 -0.327 0.225
vn -0.940 -0.276 0.199
vn -0.956 -0.233 0.180
vn -0.485 0.600 0.636
vn -0.325 0.703 0.633
vn -0.248 0.744 0.621
vn -0.009 0.796 0.606
vn -0.005 0.751 0.660
vn -0.707 0.307 0.637
vn -0.678 0.337 0.653
vn -0.632 0.422 0.650
vn -0.645 0.437 0.627
vn -0.705 0.288 0.648
vn -0.324 0.297 0.898
vn -0.245 0.248 0.937
vn -0.432 0.429 0.793
vn -0.496 0.466 0.733
vn -0.484 0.446 0.753
vn 0.146 0.372 -0.917
vn 0.147 0.268 -0.952
vn 0.000 0.279 -0.960
vn 0.118 0.534 -0.837
vn 0.035 0.688 -0.725
vn -0.137 0.789 -0.600
vn -0.099 0.432 0.896
vn 0.000 0.161 0.987
vn 0.186 0.204 0.961
vn 0.109 0.289 0.951
vn -0.030 0.496 0.868
vn 0.048 0.346 0.937
vn -0.001 0.390 0.921
vn -0.321 0.885 -0.336
vn -0.349 0.919 -0.182
vn -0.341 0.940 0.010
vn -0.281 0.915 0.291
vn -0.153 0.867 0.474
vn -0.284 0.706 0.649
vn -0.386 0.831 0.401
vn -0.406 0.911 0.069
vn -0.366 0.911 -0.191
vn -0.318 0.915 -0.250
vn -0.170 0.830 -0.531
vn -0.052 0.672 -0.739
vn 0.020 0.527 -0.850
vn 0.000 0.241 -0.970
vn 0.100 0.281 -0.954
vn 0.070 0.404 -0.912
vn 0.008 0.402 -0.915
vn 0.042 0.325 -0.945
vn 0.000 0.273 -0.962
vn -0.061 0.511 -0.857
vn -0.166 0.650 -0.741
vn -0.303 0.774 -0.556
vn -0.434 0.824 -0.364
vn -0.485 0.845 -0.225
vn -0.036 0.436 0.899
vn -0.511 0.855 0.087
vn -0.472 0.747 0.468
vn -0.457 0.608 0.650
vn -0.069 0.445 0.893
vn -0.031 0.433 0.901
vn -0.063 0.431 0.900
vn -0.083 0.518 0.852
vn -0.098 0.197 0.976
vn -0.353 0.356 0.865
vn -0.444 0.488 0.752
vn -0.196 0.636 0.747
vn -0.052 0.452 0.890
vn -0.170 0.582 0.795
vn -0.142 0.507 0.850
vn -0.211 0.687 0.696
vn -0.223 0.690 0.689
vn -0.195 0.598 0.777
vn -0.217 0.610 0.762
vn -0.036 0.222 0.974
vn -0.000 0.137 0.991
vn 0.001 0.438 0.899
vn 0.000 0.406 0.914
vn 0.014 0.503 0.864
vn 0.000 0.509 0.861
vn -0.026 0.450 0.893
vn 0.000 0.477 0.879
vn 0.039 0.413 0.910
vn 0.119 0.369 0.922
vn 0.186 0.301 0.935
vn 0.112 0.392 0.913
vn 0.062 0.463 0.884
vn 0.017 0.482 0.876
vn -0.039 0.485 0.873
vn -0.083 0.465 0.881
vn 0.220 0.322 -0.921
vn 0.157 0.289 -0.944
vn -0.000 0.292 -0.956
vn 0.230 0.449 -0.863
vn 0.081 0.649 -0.756
vn -0.192 0.754 -0.628
vn -0.406 0.788 -0.463
vn -0.460 0.827 -0.324
vn -0.449 0.864 -0.228
vn -0.385 0.923 0.021
vn -0.270 0.940 0.208
vn 0.280 0.287 -0.916
vn 0.157 0.273 -0.949
vn -0.000 0.273 -0.962
vn 0.289 0.387 -0.876
vn 0.080 0.489 -0.868
vn -0.296 0.580 -0.759
vn -0.480 0.665 -0.572
vn -0.508 0.729 -0.459
vn -0.439 0.853 -0.283
vn -0.417 0.900 -0.124
vn -0.404 0.909 0.100
vn -0.522 0.468 -0.713
vn -0.457 0.207 -0.865
vn -0.435 0.103 -0.894
vn -0.520 -0.032 -0.854
vn -0.499 -0.068 -0.864
vn -0.455 -0.160 -0.876
vn -0.327 0.354 -0.877
vn -0.299 0.219 -0.929
vn -0.298 0.151 -0.943
vn -0.260 0.013 -0.965
vn -0.229 -0.035 -0.973
vn -0.179 -0.136 -0.974
vn 0.043 0.359 -0.932
vn 0.035 0.283 -0.958
vn 0.075 0.178 -0.981
vn 0.157 0.064 -0.986
vn 0.164 -0.002 -0.987
vn 0.203 -0.106 -0.973
vn 0.328 0.348 -0.878
vn 0.322 0.342 -0.883
vn 0.309 0.218 -0.926
vn 0.350 0.062 -0.935
vn 0.377 -0.020 -0.926
vn 0.344 -0.039 -0.938
vn 0.297 0.340 -0.892
vn 0.316 0.339 -0.886
vn 0.388 0.205 -0.899
vn 0.359 0.043 -0.932
vn 0.302 0.031 -0.953
vn 0.224 0.075 -0.972
vn 0.185 0.301 -0.935
vn 0.249 0.216 -0.944
vn 0.251 0.203 -0.946
vn 0.172 0.145 -0.974
vn 0.152 0.108 -0.982
vn 0.154 0.077 -0.985
vn -0.000 0.248 -0.969
vn 0.000 0.220 -0.975
vn -0.000 0.217 -0.976
vn 0.000 0.144 -0.990
vn 0.000 0.101 -0.995
vn 0.000 0.050 -0.999
vn -0.464 0.645 -0.607
vn -0.434 0.792 -0.429
vn -0.451 0.876 -0.171
vn -0.475 0.876 0.089
vn -0.402 0.630 -0.665
vn -0.499 0.713 -0.492
vn -0.626 0.733 -0.266
vn -0.668 0.744 0.024
vn -0.468 0.436 -0.769
vn -0.500 0.196 -0.844
vn -0.546 0.000 -0.838
vn -0.781 -0.270 -0.563
vn -0.828 -0.230 -0.511
vn -0.839 -0.211 -0.501
vn -0.474 0.468 -0.746
vn -0.603 0.613 -0.511
vn -0.722 0.627 -0.293
vn -0.794 0.607 -0.028
vn -0.426 0.189 -0.885
vn -0.482 0.111 -0.869
vn -0.485 0.097 -0.869
vn -0.918 -0.255 -0.302
vn -0.880 -0.292 -0.375
vn -0.907 -0.232 -0.350
vn -0.482 0.319 -0.816
vn -0.649 0.447 -0.616
vn -0.755 0.584 -0.297
vn -0.825 0.565 -0.011
vn -0.340 0.211 -0.917
vn -0.229 0.054 -0.972
vn -0.405 -0.714 -0.571
vn -0.661 -0.683 -0.310
vn -0.960 -0.241 -0.142
vn -0.956 -0.252 -0.151
vn -0.466 0.357 -0.809
vn -0.629 0.487 -0.606
vn -0.751 0.582 -0.311
vn -0.819 0.573 0.032
vn -0.314 0.197 -0.929
vn -0.184 0.073 -0.980
vn 0.625 -0.637 -0.451
vn 0.665 -0.744 -0.068
vn 0.615 -0.782 0.103
vn -0.439 0.359 -0.824
vn -0.618 0.542 -0.569
vn -0.756 0.589 -0.286
vn -0.827 0.561 0.047
vn -0.287 0.205 -0.936
vn -0.161 0.020 -0.987
vn 0.538 -0.606 -0.586
vn 0.735 -0.674 -0.075
vn 0.717 -0.687 0.119
vn -0.509 -0.857 0.081
vn -0.443 0.308 -0.842
vn -0.620 0.488 -0.614
vn -0.746 0.613 -0.259
vn -0.785 0.613 0.083
vn -0.284 0.145 -0.948
vn -0.139 -0.005 -0.990
vn 0.412 -0.648 -0.641
vn 0.638 -0.759 -0.132
vn 0.677 -0.724 0.134
vn 0.538 -0.803 0.258
vn -0.664 -0.738 -0.118
vn -0.943 -0.322 -0.081
vn -0.747 -0.400 -0.532
vn -0.339 0.099 -0.936
vn -0.885 -0.361 -0.294
vn -0.753 0.584 -0.302
vn -0.822 0.569 -0.028
vn -0.650 0.520 -0.555
vn -0.484 0.314 -0.817
vn -0.368 0.176 -0.913
vn -0.352 -0.083 0.932
vn -0.503 0.116 0.857
vn -0.835 0.454 0.310
vn -0.767 -0.372 0.522
vn -0.623 -0.456 0.636
vn -0.422 -0.531 0.735
vn -0.147 -0.503 0.852
vn -0.727 0.312 0.611
vn -0.894 -0.248 0.372
vn -0.885 -0.246 0.395
vn -0.838 -0.300 0.456
vn -0.119 -0.140 -0.983
vn -0.003 -0.107 -0.994
vn -0.044 -0.118 -0.992
vn -0.020 -0.147 -0.989
vn -0.415 -0.099 -0.905
vn -0.963 -0.237 -0.125
vn -0.663 -0.209 -0.719
vn -0.697 -0.145 -0.702
vn -0.661 -0.139 -0.737
vn -0.698 0.596 0.398
vn -0.403 0.353 0.845
vn 0.010 0.048 0.999
vn 0.597 -0.504 0.623
vn 0.660 -0.614 0.433
vn 0.661 -0.685 0.306
vn -0.567 0.504 0.652
vn -0.438 0.278 -0.855
vn -0.622 0.421 -0.660
vn -0.759 0.550 -0.348
vn -0.780 0.624 0.053
vn -0.268 0.143 -0.953
vn -0.089 -0.051 -0.995
vn 0.434 -0.693 -0.576
vn 0.613 -0.782 -0.114
vn 0.656 -0.739 0.153
vn 0.019 -0.188 -0.982
vn -0.699 0.629 0.341
vn -0.351 0.407 0.843
vn -0.018 0.112 0.994
vn 0.589 -0.518 0.620
vn 0.654 -0.621 0.432
vn 0.669 -0.675 0.311
vn -0.533 0.562 0.632
vn -0.459 0.292 -0.839
vn -0.637 0.404 -0.657
vn -0.767 0.512 -0.387
vn -0.803 0.595 -0.036
vn -0.227 0.091 -0.970
vn -0.014 -0.115 -0.993
vn 0.526 -0.702 -0.480
vn 0.652 -0.750 -0.111
vn 0.695 -0.696 0.178
vn 0.089 -0.234 -0.968
vn -0.692 0.671 0.266
vn -0.316 0.414 0.854
vn -0.032 0.097 0.995
vn 0.590 -0.520 0.618
vn 0.667 -0.592 0.453
vn 0.702 -0.625 0.341
vn -0.507 0.599 0.619
vn -0.521 0.255 -0.814
vn -0.671 0.403 -0.623
vn -0.755 0.538 -0.375
vn -0.775 0.627 -0.079
vn -0.246 0.029 -0.969
vn -0.035 -0.122 -0.992
vn 0.595 -0.646 -0.478
vn 0.701 -0.694 -0.162
vn 0.737 -0.658 0.156
vn 0.127 -0.241 -0.962
vn -0.677 0.696 0.239
vn -0.287 0.386 0.877
vn -0.018 0.036 0.999
vn 0.576 -0.483 0.659
vn 0.685 -0.533 0.497
vn 0.744 -0.571 0.349
vn -0.496 0.604 0.623
vn -0.555 0.272 -0.787
vn -0.689 0.386 -0.613
vn -0.763 0.509 -0.398
vn -0.763 0.638 -0.101
vn -0.317 0.058 -0.947
vn -0.116 -0.093 -0.989
vn 0.593 -0.603 -0.534
vn 0.711 -0.655 -0.256
vn 0.771 -0.635 0.050
vn 0.070 -0.215 -0.974
vn -0.359 0.024 0.933
vn -0.265 0.015 0.964
vn -0.264 0.009 0.965
vn -0.261 -0.005 0.965
vn -0.268 0.009 0.963
vn -0.269 -0.024 0.963
vn -0.297 -0.082 0.951
vn -0.370 -0.087 0.925
vn -0.377 -0.060 0.924
vn -0.354 -0.081 0.932
vn -0.392 -0.077 0.917
vn -0.421 -0.091 0.903
vn -0.437 -0.091 0.895
vn -0.425 -0.052 0.904
vn -0.410 -0.026 0.912
vn -0.451 -0.024 0.892
vn -0.388 -0.053 0.920
vn -0.324 -0.063 0.944
vn -0.325 -0.066 0.943
vn -0.333 -0.063 0.941
vn -0.353 -0.050 0.934
vn -0.343 -0.116 0.932
vn -0.375 -0.152 0.914
vn -0.422 -0.054 0.905
vn -0.323 -0.070 0.944
vn -0.340 -0.112 0.934
vn -0.380 -0.091 0.921
vn -0.375 -0.097 0.922
vn -0.379 -0.103 0.919
vn -0.400 -0.084 0.913
vn -0.422 -0.079 0.903
vn -0.520 -0.058 0.852
vn -0.330 0.026 0.944
vn -0.248 0.063 0.967
vn -0.227 0.071 0.971
vn -0.213 0.044 0.976
vn -0.208 0.030 0.978
vn -0.213 -0.005 0.977
vn -0.239 -0.063 0.969
vn -0.280 -0.127 0.952
vn -0.344 -0.144 0.928
vn -0.378 -0.135 0.916
vn -0.434 -0.086 0.897
vn -0.467 -0.083 0.881
vn -0.473 -0.096 0.876
vn -0.459 -0.079 0.885
vn -0.421 -0.042 0.906
vn -0.412 -0.019 0.911
vn -0.297 0.024 0.955
vn -0.210 0.072 0.975
vn -0.169 0.121 0.978
vn -0.139 0.122 0.983
vn -0.133 0.070 0.989
vn -0.145 0.018 0.989
vn -0.185 -0.047 0.982
vn -0.257 -0.121 0.959
vn -0.330 -0.183 0.926
vn -0.394 -0.217 0.893
vn -0.478 -0.147 0.866
vn -0.516 -0.116 0.848
vn -0.500 -0.121 0.858
vn -0.462 -0.092 0.882
vn -0.428 -0.055 0.902
vn -0.392 -0.028 0.920
vn -0.232 0.134 0.963
vn -0.104 0.191 0.976
vn -0.008 0.228 0.974
vn 0.079 0.233 0.969
vn 0.138 0.202 0.970
vn 0.137 0.082 0.987
vn 0.038 -0.055 0.998
vn -0.144 -0.124 0.982
vn -0.338 -0.174 0.925
vn -0.477 -0.255 0.841
vn -0.602 -0.298 0.741
vn -0.678 -0.270 0.683
vn -0.663 -0.231 0.712
vn -0.585 -0.139 0.799
vn -0.479 -0.037 0.877
vn -0.379 0.036 0.925
vn -0.203 0.190 0.961
vn -0.042 0.261 0.964
vn 0.091 0.304 0.948
vn 0.192 0.274 0.942
vn 0.271 0.174 0.947
vn 0.315 0.064 0.947
vn 0.209 -0.083 0.974
vn -0.058 -0.154 0.986
vn -0.325 -0.185 0.927
vn -0.546 -0.217 0.810
vn -0.685 -0.265 0.679
vn -0.765 -0.302 0.569
vn -0.773 -0.299 0.560
vn -0.706 -0.154 0.691
vn -0.543 -0.004 0.840
vn -0.387 0.081 0.918
vn -0.147 0.303 0.942
vn 0.008 0.350 0.937
vn 0.135 0.332 0.933
vn 0.244 0.261 0.934
vn 0.319 0.186 0.929
vn 0.345 0.077 0.935
vn 0.227 -0.006 0.974
vn 0.072 -0.164 0.984
vn -0.265 -0.182 0.947
vn -0.552 -0.105 0.827
vn -0.779 -0.124 0.615
vn -0.834 -0.245 0.494
vn -0.860 -0.297 0.415
vn -0.829 -0.206 0.519
vn -0.664 0.071 0.745
vn -0.392 0.190 0.900
vn -0.388 -0.014 0.921
vn -0.440 -0.055 0.896
vn -0.426 -0.269 0.864
vn -0.332 -0.190 0.924
vn -0.264 0.092 0.960
vn -0.535 -0.251 0.807
vn -0.154 0.136 0.979
vn -0.589 -0.178 0.789
vn -0.040 0.047 0.998
vn -0.016 0.156 0.988
vn -0.091 0.177 0.980
vn -0.570 -0.168 0.804
vn -0.099 -0.036 0.994
vn -0.037 0.185 0.982
vn -0.510 -0.115 0.853
vn -0.212 -0.119 0.970
vn 0.000 0.131 0.991
vn 0.000 0.125 0.992
vn -0.000 0.253 0.967
vn 0.000 0.254 0.967
vn 0.242 0.182 0.953
vn 0.270 0.149 0.951
vn 0.229 0.186 0.955
vn 0.144 0.159 0.977
vn 0.406 0.663 0.629
vn -0.717 -0.562 -0.413
vn -0.984 0.088 0.153
vn -0.308 0.687 0.658
vn -0.213 0.848 0.486
vn -0.952 0.299 -0.064
vn -0.774 -0.437 -0.458
vn 0.334 0.731 0.595
vn 0.333 0.762 0.555
vn -0.717 -0.565 -0.408
vn -0.990 0.137 -0.034
vn -0.492 0.709 0.506
vn -0.996 0.044 0.083
vn -0.734 -0.604 0.310
vn 0.298 0.777 0.554
vn -0.433 0.811 0.394
vn 0.625 0.581 0.521
vn 0.742 0.472 0.476
vn -0.114 -0.894 0.434
vn -0.343 -0.829 -0.441
vn -0.342 -0.757 -0.557
vn -0.345 -0.764 -0.545
vn 0.721 0.507 0.472
vn 0.726 0.479 0.494
vn 0.290 0.603 0.743
vn -0.542 0.368 0.756
vn 0.547 0.412 0.729
vn -0.973 -0.221 -0.065
vn -0.813 -0.543 -0.213
vn 0.293 -0.737 0.609
vn -0.795 0.106 0.598
vn -0.677 0.204 0.707
vn -0.284 -0.417 0.863
vn -0.507 -0.198 0.839
vn -0.094 0.552 0.829
vn -0.823 0.243 0.514
vn -0.453 0.030 0.891
vn -0.763 0.409 0.501
vn -0.562 0.498 0.661
vn -0.781 0.424 0.458
vn -0.677 0.650 0.346
vn -0.838 0.454 0.303
vn -0.848 0.517 0.120
vn -0.650 0.016 0.760
vn 0.753 -0.566 -0.334
vn 0.781 -0.593 -0.194
vn 0.830 -0.551 -0.087
vn 0.746 -0.627 -0.225
vn -0.365 0.625 0.690
vn 0.468 0.575 0.671
vn -0.844 -0.472 -0.255
vn -0.941 0.145 0.307
vn -0.596 -0.694 -0.405
vn 0.684 0.383 0.621
vn -0.732 0.371 0.571
vn 0.564 -0.795 0.224
vn 0.752 -0.540 -0.378
vn -0.724 0.434 0.535
vn 0.811 0.383 0.443
vn -0.253 -0.786 -0.564
vn -0.966 0.066 0.249
vn -0.727 -0.543 -0.420
vn 0.574 0.563 0.594
vn -0.210 0.712 0.670
vn -0.772 -0.443 -0.456
vn -0.976 0.210 -0.064
vn -0.340 0.836 0.430
vn -0.343 -0.754 -0.560
vn 0.679 0.536 0.501
vn 0.354 0.741 0.571
vn -0.777 0.605 0.174
vn 0.759 -0.624 -0.188
vn -0.777 0.483 0.404
vn -0.279 -0.759 -0.589
vn -0.984 0.164 0.074
vn -0.689 -0.554 -0.467
vn 0.789 -0.344 -0.509
vn -0.773 0.461 0.436
vn 0.649 0.552 0.523
vn -0.265 -0.730 -0.630
vn -0.229 0.682 0.694
vn 0.617 0.585 0.527
vn -0.707 -0.593 -0.384
vn -0.979 0.139 0.152
vn -0.285 -0.744 -0.604
vn 0.862 0.368 0.349
vn -0.711 0.523 0.471
vn 0.741 -0.443 -0.504
vn 0.793 -0.433 -0.428
vn 0.687 0.516 0.512
vn -0.340 0.658 0.672
vn 0.380 0.668 0.640
vn -0.988 0.035 0.152
vn -0.393 0.642 0.659
vn -0.664 -0.588 -0.461
vn 0.361 0.693 0.624
vn -0.709 -0.572 -0.414
vn -0.984 0.010 0.175
vn -0.786 0.402 0.469
vn -0.288 -0.725 -0.625
vn 0.675 0.555 0.486
vn 0.357 0.747 0.561
vn -0.715 0.670 0.199
vn 0.746 -0.645 -0.167
vn 0.804 -0.363 -0.471
vn 0.634 0.572 0.521
vn 0.342 0.712 0.613
vn -0.366 0.731 0.577
vn -0.798 -0.389 -0.460
vn -0.954 0.257 -0.151
vn -0.283 0.851 0.442
vn -0.326 -0.705 -0.630
vn -0.333 0.715 0.615
vn -0.691 -0.563 -0.454
vn -0.328 -0.777 -0.537
vn -0.779 0.472 0.413
vn 0.737 -0.627 -0.254
vn 0.462 0.653 0.600
vn -0.982 0.154 0.114
vn 0.790 0.416 0.451
vn -0.261 0.738 0.622
vn -0.679 -0.604 -0.418
vn -0.220 -0.781 -0.585
vn -0.730 0.557 0.395
vn 0.793 -0.509 -0.335
vn 0.555 0.620 0.554
vn -0.969 0.232 0.088
vn 0.792 0.436 0.426
vn 0.732 -0.657 -0.182
vn 0.765 0.373 0.525
vn -0.964 0.103 0.246
vn -0.368 -0.784 -0.501
vn -0.755 -0.553 -0.351
vn -0.739 0.383 0.554
vn -0.264 0.676 0.688
vn 0.559 0.545 0.625
vn 0.978 -0.202 -0.056
vn 0.956 -0.289 0.058
vn 0.962 -0.269 -0.043
vn 0.965 -0.262 0.031
vn 0.553 -0.375 0.744
vn -0.057 -0.183 0.982
vn 0.839 -0.271 0.471
vn 0.974 -0.201 -0.103
vn 0.957 -0.275 0.091
vn 0.983 -0.027 -0.182
vn 0.992 -0.071 -0.103
vn 0.950 -0.202 -0.240
vn 0.946 -0.311 0.088
vn 0.982 -0.059 -0.181
vn 0.944 -0.328 -0.023
vn 0.965 -0.252 -0.074
vn 0.971 -0.177 0.161
vn 0.579 -0.672 -0.461
vn 0.494 -0.773 -0.398
vn 0.491 -0.640 -0.590
vn 0.351 -0.843 -0.408
vn 0.396 -0.829 -0.394
vn 0.389 -0.813 -0.434
vn 0.213 -0.974 -0.073
vn -0.557 -0.455 0.695
vn 0.394 -0.826 -0.402
vn 0.516 -0.582 -0.628
vn 0.479 -0.560 -0.676
vn 0.511 -0.697 -0.503
vn 0.475 -0.641 -0.602
vn 0.613 -0.768 0.185
vn 0.412 -0.826 -0.385
vn 0.497 -0.724 -0.479
vn 0.023 -0.954 0.300
vn -0.657 0.424 0.623
vn -0.612 0.180 0.770
vn -0.550 0.566 0.614
vn -0.819 0.389 0.421
vn -0.815 0.319 0.484
vn -0.831 0.357 0.427
vn -0.541 0.531 0.652
vn -0.672 -0.214 0.709
vn -0.553 0.384 0.740
vn -0.771 0.074 0.633
vn -0.724 0.436 0.535
vn -0.764 0.348 0.544
vn -0.262 -0.723 -0.639
vn -0.702 -0.566 -0.433
vn 0.758 -0.487 -0.434
vn -0.196 0.693 0.694
vn -0.976 0.083 0.201
vn -0.705 0.477 0.525
vn 0.866 0.367 0.339
vn 0.625 0.571 0.533
vn 0.959 -0.201 -0.201
vn 0.539 -0.626 -0.564
vn 0.237 0.589 0.773
vn -0.697 -0.413 -0.586
vn -0.990 0.136 -0.049
vn -0.397 0.649 0.649
vn -0.367 0.624 0.690
vn -0.967 0.245 0.068
vn -0.762 -0.317 -0.565
vn 0.320 0.546 0.774
vn 0.429 0.499 0.753
vn -0.659 -0.330 -0.676
vn -0.971 0.128 -0.202
vn -0.283 0.615 0.736
vn -0.989 -0.036 -0.145
vn -0.829 -0.468 -0.305
vn 0.016 -0.144 0.989
vn -0.333 0.732 0.594
vn 0.695 0.296 0.656
vn 0.651 0.346 0.675
vn -0.546 -0.831 -0.106
vn -0.397 -0.517 -0.758
vn -0.313 -0.563 -0.765
vn -0.377 -0.609 -0.698
vn 0.436 -0.299 0.849
vn 0.793 0.165 0.586
vn -0.155 0.599 0.786
vn -0.819 0.108 0.563
vn 0.085 0.476 0.875
vn -0.966 -0.114 -0.234
vn -0.845 -0.361 -0.395
vn -0.082 -0.763 0.641
vn -0.883 0.041 0.468
vn -0.831 -0.004 0.556
vn -0.681 -0.301 0.668
vn -0.772 -0.111 0.626
vn -0.634 0.523 0.570
vn -0.996 0.045 0.076
vn -0.751 -0.022 0.660
vn -0.967 0.217 0.137
vn -0.865 0.413 0.284
vn -0.756 0.505 0.417
vn -0.693 0.548 0.468
vn -0.731 0.513 0.449
vn -0.762 0.559 0.327
vn -0.851 -0.109 0.514
vn 0.831 -0.535 -0.154
vn 0.896 -0.412 -0.165
vn 0.645 -0.763 0.032
vn 0.722 -0.685 -0.100
vn -0.666 0.490 0.563
vn 0.105 0.590 0.801
vn -0.826 -0.345 -0.446
vn -0.970 0.157 0.185
vn -0.577 -0.544 -0.609
vn 0.358 0.429 0.830
vn -0.860 0.303 0.411
vn 0.448 -0.844 0.296
vn 0.833 -0.495 -0.247
vn -0.843 0.358 0.401
vn 0.579 0.403 0.709
vn -0.358 -0.621 -0.697
vn -0.994 0.100 0.044
vn -0.657 -0.439 -0.613
vn 0.252 0.575 0.778
vn -0.521 0.592 0.615
vn -0.659 -0.336 -0.673
vn -0.961 0.263 -0.084
vn -0.337 0.735 0.589
vn -0.391 -0.582 -0.713
vn 0.688 0.299 0.661
vn 0.361 0.543 0.758
vn -0.717 0.609 0.339
vn 0.800 -0.598 -0.051
vn -0.771 0.392 0.502
vn -0.332 -0.599 -0.729
vn -0.986 0.107 0.125
vn -0.782 -0.410 -0.468
vn 0.908 -0.341 -0.243
vn -0.785 0.378 0.491
vn 0.620 0.442 0.648
vn -0.421 -0.610 -0.672
vn -0.498 0.553 0.668
vn 0.223 0.563 0.796
vn -0.701 -0.414 -0.581
vn -0.998 0.056 0.012
vn -0.407 -0.594 -0.694
vn 0.645 0.372 0.667
vn -0.847 0.336 0.412
vn 0.858 -0.354 -0.372
vn 0.874 -0.429 -0.229
vn 0.632 0.425 0.648
vn -0.373 0.617 0.692
vn 0.177 0.578 0.797
vn -0.994 0.063 0.089
vn -0.413 0.539 0.735
vn -0.758 -0.439 -0.482
vn 0.144 0.562 0.814
vn -0.701 -0.418 -0.577
vn -0.993 0.116 0.018
vn -0.744 0.471 0.474
vn -0.438 -0.591 -0.677
vn 0.693 0.244 0.678
vn 0.347 0.549 0.760
vn -0.670 0.638 0.380
vn 0.780 -0.619 -0.092
vn 0.918 -0.253 -0.306
vn 0.667 0.418 0.616
vn 0.224 0.549 0.805
vn -0.433 0.508 0.745
vn -0.714 -0.293 -0.636
vn -0.941 0.331 -0.063
vn -0.343 0.740 0.579
vn -0.397 -0.551 -0.734
vn -0.466 0.637 0.614
vn -0.709 -0.415 -0.571
vn -0.402 -0.622 -0.672
vn -0.815 0.469 0.340
vn 0.849 -0.494 -0.185
vn 0.245 0.556 0.795
vn -0.984 0.139 -0.112
vn 0.666 0.271 0.695
vn -0.472 0.591 0.654
vn -0.681 -0.431 -0.592
vn -0.343 -0.620 -0.705
vn -0.799 0.447 0.402
vn 0.904 -0.201 -0.377
vn 0.235 0.548 0.802
vn -0.996 0.086 -0.031
vn 0.600 0.390 0.699
vn 0.768 -0.632 -0.106
vn 0.572 0.420 0.704
vn -0.984 0.178 0.015
vn -0.396 -0.614 -0.683
vn -0.665 -0.446 -0.599
vn -0.868 0.319 0.380
vn -0.608 0.523 0.597
vn 0.267 0.593 0.760
vn 0.940 -0.327 0.094
vn 0.973 -0.172 0.155
vn 0.721 -0.603 0.342
vn 0.890 -0.407 0.205
vn 0.106 -0.398 0.911
vn -0.586 -0.056 0.808
vn 0.595 -0.463 0.657
vn 0.972 -0.178 0.155
vn 0.912 -0.327 0.247
vn 0.997 -0.050 0.056
vn 0.982 -0.184 0.041
vn 0.994 -0.106 -0.034
vn 0.891 -0.379 0.250
vn 0.999 0.054 0.001
vn 0.934 -0.344 0.092
vn 0.999 -0.004 -0.041
vn 0.911 -0.294 0.290
vn 0.651 -0.464 -0.600
vn 0.650 -0.655 -0.385
vn 0.644 -0.475 -0.600
vn 0.502 -0.772 -0.389
vn 0.429 -0.770 -0.473
vn 0.565 -0.735 -0.376
vn 0.154 -0.968 -0.197
vn -0.824 -0.415 0.385
vn 0.410 -0.811 -0.418
vn 0.544 -0.550 -0.634
vn 0.653 -0.542 -0.529
vn 0.515 -0.677 -0.526
vn 0.664 -0.581 -0.470
vn 0.323 -0.936 -0.142
vn 0.590 -0.622 -0.514
vn 0.679 -0.646 -0.350
vn -0.325 -0.923 0.208
vn -0.817 0.380 0.435
vn -0.870 0.138 0.473
vn -0.791 0.493 0.363
vn -0.918 0.297 0.264
vn -0.877 0.333 0.347
vn -0.895 0.362 0.261
vn -0.777 0.477 0.410
vn -0.845 0.186 0.500
vn -0.793 0.265 0.549
vn -0.949 0.108 0.296
vn -0.834 0.433 0.342
vn -0.866 0.393 0.310
vn -0.339 -0.639 -0.690
vn -0.678 -0.424 -0.600
vn 0.849 -0.464 -0.253
vn -0.494 0.595 0.634
vn -0.988 0.151 -0.015
vn -0.836 0.401 0.375
vn 0.577 0.379 0.724
vn 0.178 0.554 0.813
vn 0.977 -0.182 0.115
vn 0.539 -0.649 -0.536
vn 0.135 0.437 0.889
vn -0.706 -0.257 -0.661
vn -0.979 0.079 -0.188
vn -0.625 0.484 0.612
vn -0.479 0.684 0.551
vn -0.916 0.358 -0.181
vn -0.659 -0.085 -0.747
vn 0.259 0.456 0.851
vn 0.249 0.477 0.843
vn -0.657 -0.274 -0.702
vn -0.966 0.165 -0.201
vn -0.388 0.532 0.753
vn -0.988 0.148 -0.039
vn -0.753 -0.471 -0.460
vn -0.444 -0.105 0.890
vn -0.542 0.608 0.579
vn 0.598 0.203 0.776
vn 0.558 0.309 0.770
vn -0.578 -0.726 -0.373
vn -0.355 -0.503 -0.788
vn -0.433 -0.288 -0.854
vn -0.457 -0.425 -0.781
vn 0.264 -0.319 0.910
vn 0.587 0.057 0.808
vn -0.109 0.491 0.864
vn -0.876 0.213 0.434
vn 0.132 0.221 0.966
vn -0.779 -0.219 -0.587
vn -0.537 -0.591 -0.601
vn 0.270 -0.899 0.344
vn -0.978 0.075 0.193
vn -0.925 0.037 0.379
vn -0.378 -0.694 0.613
vn -0.851 -0.242 0.467
vn -0.507 0.229 0.831
vn -0.952 -0.242 -0.186
vn -0.915 0.074 0.396
vn -0.954 -0.028 -0.300
vn -0.804 0.382 0.455
vn -0.878 0.364 0.311
vn -0.769 0.591 0.243
vn -0.790 0.448 0.419
vn -0.828 0.474 0.300
vn -0.937 -0.047 0.345
vn 0.840 -0.458 -0.291
vn 0.725 -0.688 -0.035
vn 0.705 -0.693 0.154
vn 0.740 -0.661 -0.120
vn -0.743 0.435 0.508
vn 0.018 0.491 0.871
vn -0.767 -0.267 -0.584
vn -0.997 0.065 0.051
vn -0.372 -0.583 -0.723
vn 0.423 0.211 0.881
vn -0.921 0.238 0.309
vn 0.594 -0.791 0.148
vn 0.839 -0.464 -0.284
vn -0.907 0.318 0.277
vn 0.553 0.254 0.793
vn -0.285 -0.498 -0.819
vn -0.983 0.125 -0.131
vn -0.637 -0.296 -0.712
vn 0.109 0.464 0.879
vn -0.638 0.499 0.586
vn -0.683 -0.214 -0.698
vn -0.946 0.271 -0.178
vn -0.537 0.659 0.526
vn -0.395 -0.427 -0.814
vn 0.565 0.207 0.799
vn 0.177 0.486 0.856
vn -0.795 0.551 0.254
vn 0.790 -0.609 -0.068
vn -0.887 0.386 0.252
vn -0.396 -0.376 -0.838
vn -0.979 0.161 -0.125
vn -0.700 -0.271 -0.660
vn 0.888 -0.390 -0.242
vn -0.914 0.235 0.332
vn 0.642 0.237 0.729
vn -0.426 -0.454 -0.783
vn -0.629 0.519 0.578
vn 0.131 0.491 0.861
vn -0.608 -0.297 -0.736
vn -0.965 0.162 -0.208
vn -0.359 -0.446 -0.820
vn 0.676 0.251 0.693
vn -0.884 0.408 0.228
vn 0.821 -0.417 -0.390
vn 0.903 -0.373 -0.211
vn 0.567 0.269 0.779
vn -0.628 0.431 0.648
vn 0.176 0.392 0.903
vn -0.997 0.047 -0.057
vn -0.647 0.371 0.666
vn -0.742 -0.336 -0.580
vn 0.226 0.404 0.886
vn -0.728 -0.294 -0.619
vn -0.988 0.105 -0.115
vn -0.862 0.358 0.358
vn -0.382 -0.485 -0.786
vn 0.591 0.212 0.779
vn 0.246 0.456 0.855
vn -0.763 0.593 0.259
vn 0.747 -0.651 -0.136
vn 0.860 -0.495 -0.122
vn 0.631 0.204 0.749
vn 0.237 0.449 0.861
vn -0.597 0.529 0.603
vn -0.704 -0.125 -0.699
vn -0.923 0.348 -0.162
vn -0.514 0.683 0.519
vn -0.477 -0.331 -0.814
vn -0.645 0.487 0.589
vn -0.701 -0.249 -0.669
vn -0.475 -0.403 -0.782
vn -0.913 0.326 0.245
vn 0.803 -0.525 -0.283
vn 0.073 0.503 0.861
vn -0.975 0.062 -0.214
vn 0.535 0.359 0.765
vn -0.619 0.543 0.568
vn -0.635 -0.285 -0.718
vn -0.373 -0.484 -0.792
vn -0.896 0.384 0.222
vn 0.805 -0.559 -0.199
vn 0.069 0.506 0.860
vn -0.960 0.196 -0.200
vn 0.541 0.303 0.784
vn 0.797 -0.590 -0.124
vn 0.525 0.242 0.816
vn -0.989 0.125 -0.083
vn -0.278 -0.534 -0.798
vn -0.681 -0.288 -0.673
vn -0.903 0.341 0.263
vn -0.663 0.508 0.550
vn 0.099 0.477 0.873
vn 0.972 -0.187 0.140
vn 0.830 -0.435 0.350
vn 0.580 -0.756 0.304
vn 0.822 -0.460 0.337
vn 0.389 -0.706 0.592
vn -0.359 -0.484 0.798
vn 0.714 -0.552 0.430
vn 0.962 -0.251 0.108
vn 0.865 -0.365 0.345
vn 0.976 -0.134 0.170
vn 0.973 -0.114 0.202
vn 0.970 -0.228 -0.082
vn 0.865 -0.406 0.295
vn 0.927 -0.255 0.274
vn 0.948 -0.306 0.088
vn 0.920 -0.379 0.096
vn 0.896 -0.351 0.273
vn 0.529 -0.668 -0.523
vn 0.502 -0.623 -0.600
vn 0.578 -0.630 -0.518
vn 0.414 -0.721 -0.556
vn 0.544 -0.695 -0.470
vn 0.484 -0.714 -0.506
vn 0.376 -0.903 -0.206
vn -0.486 -0.737 0.469
vn 0.442 -0.737 -0.512
vn 0.557 -0.537 -0.634
vn 0.602 -0.546 -0.583
vn 0.567 -0.585 -0.580
vn 0.631 -0.542 -0.554
vn 0.378 -0.919 -0.110
vn 0.457 -0.741 -0.493
vn 0.560 -0.578 -0.594
vn 0.090 -0.994 0.068
vn -0.885 0.349 0.308
vn -0.842 -0.063 0.537
vn -0.825 0.302 0.477
vn -0.968 0.161 0.190
vn -0.863 0.423 0.278
vn -0.948 0.277 0.155
vn -0.832 0.410 0.374
vn -0.966 0.004 0.259
vn -0.813 0.033 0.582
vn -0.848 -0.006 0.530
vn -0.865 0.406 0.295
vn -0.903 0.224 0.367
vn -0.301 -0.474 -0.827
vn -0.602 -0.339 -0.722
vn 0.841 -0.374 -0.391
vn -0.642 0.477 0.600
vn -0.986 0.066 -0.153
vn -0.899 0.328 0.292
vn 0.596 0.286 0.750
vn 0.129 0.488 0.863
vn 0.980 -0.195 -0.027
vn 0.573 -0.502 -0.648
vn -0.104 0.413 0.905
vn -0.578 -0.225 -0.784
vn -0.967 0.005 -0.255
vn -0.691 0.381 0.615
vn -0.741 0.411 0.531
vn -0.968 0.142 -0.209
vn -0.547 -0.316 -0.775
vn 0.065 0.272 0.960
vn -0.255 0.308 0.916
vn -0.474 -0.295 -0.830
vn -0.922 0.100 -0.373
vn -0.852 0.401 0.338
vn -0.896 0.107 -0.431
vn -0.467 -0.304 -0.830
vn -0.649 -0.179 0.740
vn -0.829 0.388 0.403
vn 0.605 0.165 0.779
vn 0.495 0.239 0.835
vn 0.081 -0.596 -0.799
vn -0.125 -0.437 -0.890
vn -0.130 -0.451 -0.883
vn -0.170 -0.373 -0.912
vn -0.225 -0.720 0.657
vn 0.496 0.032 0.868
vn -0.268 0.438 0.858
vn -0.909 0.168 0.381
vn 0.031 0.178 0.984
vn -0.813 -0.182 -0.553
vn -0.619 -0.484 -0.618
vn -0.062 -0.874 0.483
vn -0.994 0.103 -0.029
vn -0.972 0.111 0.206
vn -0.585 -0.600 0.546
vn -0.958 0.047 0.284
vn -0.447 0.229 0.865
vn -0.929 -0.254 -0.268
vn -0.991 0.049 0.121
vn -0.940 -0.040 -0.338
vn -0.718 0.362 0.595
vn -0.958 0.198 0.208
vn -0.912 0.338 0.233
vn -0.946 0.316 -0.065
vn -0.956 0.293 0.022
vn -0.940 0.048 0.339
vn 0.891 -0.409 -0.199
vn 0.931 -0.328 -0.157
vn 0.777 -0.577 0.252
vn 0.905 -0.420 0.072
vn -0.875 0.016 0.483
vn -0.169 0.390 0.905
vn -0.793 -0.280 -0.542
vn -0.998 -0.054 0.037
vn -0.357 -0.574 -0.737
vn 0.183 0.202 0.962
vn -0.958 -0.065 0.279
vn 0.442 -0.860 0.254
vn 0.905 -0.354 -0.237
vn -0.973 0.137 0.185
vn 0.444 0.225 0.867
vn -0.190 -0.440 -0.878
vn -0.989 -0.015 -0.146
vn -0.520 -0.308 -0.797
vn -0.008 0.379 0.925
vn -0.771 0.328 0.546
vn -0.457 -0.237 -0.857
vn -0.897 0.210 -0.388
vn -0.752 0.488 0.444
vn -0.094 -0.447 -0.889
vn 0.550 0.082 0.831
vn -0.081 0.438 0.895
vn -0.916 0.400 -0.006
vn 0.923 -0.386 0.009
vn -0.957 0.188 0.221
vn -0.171 -0.469 -0.867
vn -0.979 -0.036 -0.200
vn -0.575 -0.342 -0.743
vn 0.907 -0.366 -0.209
vn -0.950 0.179 0.254
vn 0.506 0.204 0.838
vn -0.179 -0.468 -0.865
vn -0.736 0.351 0.578
vn -0.012 0.407 0.913
vn -0.623 -0.226 -0.749
vn -0.987 0.030 -0.160
vn -0.256 -0.365 -0.895
vn 0.573 0.312 0.758
vn -0.951 0.194 0.238
vn 0.927 -0.157 -0.341
vn 0.906 -0.353 -0.234
vn 0.483 0.246 0.841
vn -0.690 0.337 0.641
vn -0.081 0.349 0.934
vn -0.973 -0.057 -0.224
vn -0.719 0.296 0.629
vn -0.566 -0.316 -0.762
vn -0.080 0.290 0.954
vn -0.548 -0.263 -0.794
vn -0.965 -0.034 -0.259
vn -0.954 0.185 0.235
vn -0.130 -0.401 -0.907
vn 0.621 0.057 0.782
vn 0.039 0.424 0.905
vn -0.893 0.438 0.107
vn 0.922 -0.374 -0.100
vn 0.917 -0.356 -0.183
vn 0.555 0.207 0.806
vn -0.028 0.275 0.961
vn -0.768 0.266 0.583
vn -0.484 -0.222 -0.847
vn -0.903 0.268 -0.335
vn -0.714 0.515 0.473
vn -0.126 -0.403 -0.907
vn -0.724 0.383 0.573
vn -0.588 -0.200 -0.784
vn -0.225 -0.359 -0.906
vn -0.961 0.221 0.167
vn 0.899 -0.390 -0.199
vn -0.081 0.393 0.916
vn -0.962 0.072 -0.264
vn 0.545 0.109 0.831
vn -0.696 0.426 0.577
vn -0.572 -0.214 -0.792
vn -0.178 -0.361 -0.915
vn -0.930 0.303 0.207
vn 0.942 -0.211 -0.259
vn -0.057 0.354 0.933
vn -0.964 0.112 -0.241
vn 0.531 0.207 0.822
vn 0.819 -0.569 -0.075
vn 0.401 0.216 0.890
vn -0.992 -0.109 -0.056
vn -0.167 -0.548 -0.819
vn -0.589 -0.355 -0.726
vn -0.970 -0.026 0.241
vn -0.817 0.178 0.548
vn -0.050 0.364 0.930
vn 0.947 -0.290 0.139
vn 0.975 -0.137 0.173
vn 0.417 -0.862 0.289
vn 0.914 -0.318 0.254
vn 0.069 -0.524 0.849
vn -0.418 -0.387 0.822
vn 0.515 -0.491 0.702
vn 0.971 -0.169 0.168
vn 0.921 -0.308 0.238
vn 0.969 -0.192 0.154
vn 0.972 -0.189 0.141
vn 1.000 0.014 0.017
vn 0.956 -0.205 0.212
vn 0.977 -0.146 0.156
vn 0.949 -0.284 0.133
vn 0.994 -0.035 0.101
vn 0.858 -0.320 0.401
vn 0.753 -0.337 -0.565
vn 0.709 -0.464 -0.531
vn 0.729 -0.487 -0.480
vn 0.768 -0.529 -0.361
vn 0.500 -0.635 -0.589
vn 0.831 -0.489 -0.265
vn 0.243 -0.931 -0.273
vn -0.723 -0.680 0.125
vn 0.802 -0.541 -0.253
vn 0.669 -0.339 -0.661
vn 0.711 -0.487 -0.507
vn 0.592 -0.514 -0.621
vn 0.725 -0.425 -0.542
vn 0.801 -0.595 -0.071
vn 0.758 -0.459 -0.463
vn 0.704 -0.477 -0.526
vn -0.240 -0.968 0.075
vn -0.944 0.080 0.321
vn -0.903 -0.014 0.430
vn -0.889 0.317 0.331
vn -0.985 0.171 0.027
vn -0.968 0.085 0.237
vn -0.975 0.183 0.123
vn -0.914 0.305 0.266
vn -0.925 -0.028 0.379
vn -0.833 0.125 0.538
vn -0.988 -0.052 0.144
vn -0.933 0.287 0.217
vn -0.945 0.277 0.175
vn -0.207 -0.404 -0.891
vn -0.601 -0.258 -0.757
vn 0.926 -0.270 -0.263
vn -0.760 0.320 0.566
vn -0.994 0.009 -0.110
vn -0.961 0.147 0.235
vn 0.481 0.264 0.836
vn -0.038 0.381 0.924
vn 0.988 -0.096 0.124
vn 0.658 -0.414 -0.629
vn 0.961 0.162 -0.226
vn -0.746 0.391 0.539
vn -0.347 0.740 0.577
vn 0.791 0.605 0.095
vn 0.794 -0.317 -0.519
vn -0.928 -0.356 0.107
vn 0.844 0.528 0.097
vn 0.677 0.693 0.246
vn 0.968 -0.245 0.052
vn -0.480 0.631 0.609
vn -0.665 -0.005 0.747
vn -0.143 -0.882 0.449
vn 0.030 0.914 0.405
vn 0.419 0.736 0.532
vn 0.229 -0.463 0.857
vn 0.466 0.652 0.597
vn 0.921 0.319 0.224
vn -0.416 0.270 0.868
vn 0.196 0.875 0.442
vn -0.185 0.673 0.716
vn 0.716 0.677 0.171
vn 0.173 0.867 0.467
vn 0.480 0.674 0.562
vn -0.328 -0.844 -0.424
vn 0.646 0.679 0.349
vn 0.899 0.436 0.034
vn -0.595 0.588 0.547
vn -0.062 0.895 0.443
vn -0.814 -0.201 0.545
vn 0.866 -0.451 -0.216
vn 0.391 0.782 0.486
vn -0.289 -0.943 0.165
vn -0.394 -0.905 -0.159
vn 0.344 0.648 0.680
vn 0.709 -0.494 -0.503
vn -0.890 -0.352 0.288
vn -0.148 0.797 0.585
vn -0.696 0.504 0.511
vn 0.960 0.251 -0.127
vn 0.732 0.551 0.401
vn 0.795 0.449 0.409
vn 0.976 0.145 -0.161
vn -0.649 0.573 0.500
vn -0.263 0.752 0.605
vn -0.947 -0.233 0.223
vn 0.732 -0.426 -0.532
vn 0.282 0.657 0.699
vn -0.443 -0.872 -0.209
vn -0.113 -0.904 -0.412
vn 0.855 -0.250 -0.455
vn 0.766 0.637 0.082
vn 0.952 0.211 -0.221
vn -0.815 0.346 0.465
vn -0.373 0.723 0.581
vn 0.198 0.874 0.444
vn -0.870 -0.473 0.141
vn 0.808 0.553 0.204
vn -0.726 0.443 0.526
vn -0.943 -0.326 0.066
vn 0.184 0.792 0.583
vn -0.407 -0.782 -0.471
vn 0.968 0.140 -0.209
vn -0.321 0.703 0.635
vn 0.787 -0.323 -0.525
vn 0.803 0.470 0.367
vn -0.734 0.484 0.477
vn -0.963 -0.265 0.056
vn 0.217 0.687 0.693
vn -0.394 -0.844 -0.363
vn 0.975 0.140 -0.172
vn -0.313 0.716 0.623
vn 0.777 -0.324 -0.540
vn -0.362 -0.932 -0.022
vn 0.764 -0.514 -0.391
vn -0.120 0.864 0.489
vn -0.871 -0.299 0.389
vn -0.665 0.534 0.522
vn 0.359 0.747 0.559
vn 0.691 0.624 0.364
vn 0.942 0.329 -0.068
vn 0.281 -0.723 -0.631
vn 0.433 -0.856 0.283
vn 0.671 -0.391 0.629
vn 0.259 -0.965 -0.035
vn 0.155 -0.916 -0.370
vn 0.442 -0.693 -0.570
vn 0.075 -0.877 -0.474
vn 0.227 -0.698 -0.679
vn 0.245 -0.752 -0.612
vn 0.149 -0.960 -0.238
vn -0.713 -0.673 -0.196
vn -0.723 -0.654 -0.222
vn -0.660 -0.737 0.149
vn -0.616 -0.714 0.332
vn -0.281 -0.338 0.898
vn -0.711 -0.701 -0.056
vn -0.666 -0.746 0.021
vn -0.573 -0.811 -0.119
vn -0.683 -0.711 -0.169
vn -0.556 -0.596 0.579
vn 0.507 0.805 0.308
vn 0.413 0.347 0.842
vn 0.586 0.733 0.344
vn 0.225 0.749 0.623
vn 0.408 0.820 0.402
vn 0.316 0.812 0.490
vn 0.555 0.783 0.280
vn 0.434 0.746 0.506
vn 0.578 0.509 0.637
vn 0.279 0.439 0.854
vn 0.465 0.816 0.342
vn 0.411 0.741 0.532
vn -0.894 -0.372 0.249
vn -0.699 0.483 0.527
vn -0.414 -0.885 -0.213
vn 0.767 0.559 0.315
vn -0.205 0.746 0.634
vn 0.307 0.687 0.658
vn 0.753 -0.442 -0.487
vn 0.961 0.201 -0.189
vn 0.122 -0.891 -0.438
vn -0.664 -0.748 -0.013
vn 0.063 0.725 0.686
vn -0.969 -0.211 -0.127
vn -0.947 -0.022 -0.320
vn 0.130 0.801 0.584
vn -0.965 -0.162 0.206
vn -0.002 0.818 0.575
vn -0.056 0.846 0.530
vn -0.957 -0.189 -0.221
vn -0.200 0.627 0.753
vn -0.953 0.039 0.301
vn -0.731 0.260 0.631
vn -0.597 0.359 0.717
vn -0.991 -0.126 0.037
vn 0.134 0.709 0.693
vn 0.030 0.842 0.539
vn -0.976 -0.053 -0.212
vn -0.949 -0.283 -0.140
vn 0.090 0.711 0.698
vn 0.186 0.713 0.676
vn -0.968 -0.229 -0.099
vn 0.170 0.691 0.703
vn -0.964 -0.246 -0.103
vn 0.080 0.706 0.704
vn -0.966 -0.243 -0.093
vn -0.946 -0.232 -0.227
vn 0.118 0.791 0.601
vn 0.076 0.835 0.544
vn -0.962 -0.009 -0.274
vn 0.064 0.759 0.648
vn -0.970 -0.171 -0.173
vn 0.134 0.731 0.669
vn -0.979 -0.145 -0.146
vn -0.983 -0.168 -0.077
vn 0.201 0.697 0.688
vn -0.856 0.313 0.411
vn -0.561 0.513 0.650
vn -0.692 0.483 0.537
vn -0.964 -0.249 -0.097
vn 0.188 0.692 0.697
vn -0.052 0.659 0.750
vn -0.934 -0.123 -0.335
vn -0.949 -0.043 -0.313
vn 0.011 0.616 0.788
vn -0.898 -0.360 -0.253
vn -0.349 0.394 0.850
vn -0.052 0.718 0.695
vn -0.810 -0.135 -0.571
vn -0.722 0.392 0.571
vn -0.976 0.090 0.199
vn -0.912 0.204 0.356
vn -0.878 0.296 0.376
vn -0.994 -0.027 -0.110
vn -0.262 0.630 0.731
vn -0.007 0.707 0.707
vn -0.877 -0.083 -0.474
vn -0.954 -0.209 -0.215
vn -0.144 0.562 0.815
vn -0.075 0.662 0.745
vn -0.930 -0.165 -0.329
vn -0.073 0.589 0.805
vn -0.950 -0.147 -0.275
vn -0.075 0.638 0.766
vn -0.946 -0.095 -0.309
vn -0.954 -0.206 -0.220
vn -0.107 0.544 0.832
vn 0.032 0.686 0.727
vn -0.913 -0.009 -0.408
vn -0.059 0.656 0.752
vn -0.912 -0.139 -0.386
vn -0.030 0.604 0.796
vn -0.923 -0.159 -0.350
vn -0.946 -0.040 -0.322
vn -0.148 0.663 0.734
vn -0.881 0.374 0.292
vn -0.773 0.471 0.425
vn -0.820 0.445 0.361
vn -0.938 -0.132 -0.321
vn -0.081 0.616 0.783
vn -0.334 0.510 0.793
vn -0.880 -0.111 -0.462
vn -0.848 0.167 -0.504
vn -0.178 0.622 0.762
vn -0.889 -0.259 -0.377
vn -0.465 0.290 0.836
vn -0.219 0.661 0.718
vn -0.832 -0.092 -0.547
vn -0.704 0.463 0.538
vn -0.948 0.051 -0.314
vn -0.910 0.295 0.290
vn -0.967 0.168 -0.193
vn -0.965 -0.022 -0.260
vn -0.333 0.575 0.748
vn -0.250 0.654 0.714
vn -0.870 0.010 -0.493
vn -0.926 -0.166 -0.338
vn -0.311 0.446 0.839
vn -0.301 0.554 0.776
vn -0.867 -0.076 -0.492
vn -0.276 0.551 0.788
vn -0.906 -0.122 -0.404
vn -0.318 0.463 0.827
vn -0.884 -0.102 -0.457
vn -0.907 -0.045 -0.418
vn -0.241 0.559 0.793
vn -0.222 0.653 0.724
vn -0.857 0.091 -0.507
vn -0.322 0.542 0.776
vn -0.884 -0.063 -0.464
vn -0.282 0.558 0.780
vn -0.878 -0.015 -0.478
vn -0.918 -0.052 -0.394
vn -0.322 0.562 0.762
vn -0.900 0.396 0.182
vn -0.857 0.428 0.288
vn -0.851 0.459 0.255
vn -0.876 -0.105 -0.471
vn -0.294 0.529 0.796
vn -0.457 0.421 0.784
vn -0.794 -0.128 -0.594
vn -0.795 -0.167 -0.583
vn -0.424 0.387 0.819
vn -0.717 -0.039 -0.696
vn -0.938 -0.165 0.304
vn -0.584 0.396 0.709
vn -0.709 -0.131 -0.693
vn -0.692 0.389 0.609
vn -0.949 -0.016 -0.315
vn -0.948 0.141 0.286
vn -0.973 0.079 -0.216
vn -0.963 -0.104 -0.249
vn -0.550 0.300 0.779
vn -0.467 0.493 0.734
vn -0.687 -0.047 -0.725
vn -0.786 -0.228 -0.575
vn -0.501 0.283 0.818
vn -0.421 0.388 0.820
vn -0.829 -0.114 -0.548
vn -0.394 0.443 0.805
vn -0.783 -0.180 -0.595
vn -0.467 0.372 0.802
vn -0.849 -0.135 -0.511
vn -0.779 -0.265 -0.569
vn -0.522 0.266 0.810
vn -0.420 0.555 0.718
vn -0.709 -0.024 -0.705
vn -0.445 0.445 0.777
vn -0.790 -0.083 -0.608
vn -0.408 0.443 0.798
vn -0.805 -0.076 -0.589
vn -0.904 -0.168 -0.393
vn -0.416 0.356 0.837
vn -0.963 0.224 0.149
vn -0.932 0.166 0.322
vn -0.934 0.254 0.251
vn -0.846 -0.138 -0.515
vn -0.388 0.417 0.822
vn 0.962 0.161 0.220
vn 0.945 0.174 0.276
vn 0.987 0.040 0.156
vn 0.953 0.115 0.279
vn -0.413 -0.909 -0.060
vn 0.104 0.241 0.965
vn 0.101 -0.809 -0.579
vn 0.167 -0.828 -0.535
vn 0.220 -0.864 0.453
vn 0.002 -0.899 -0.439
vn 0.801 0.161 0.577
vn 0.978 0.100 0.180
vn 0.925 0.181 0.333
vn 0.954 0.231 0.189
vn 0.946 0.238 0.221
vn 0.999 0.031 0.025
vn 0.937 0.145 0.319
vn 0.963 0.197 0.182
vn 0.978 0.034 0.205
vn 0.984 0.058 0.168
vn -0.052 -0.845 -0.532
vn 0.705 0.089 0.704
vn 0.922 0.134 0.363
vn 0.204 -0.815 -0.543
vn 0.204 -0.758 -0.619
vn 0.050 -0.823 -0.566
vn 0.088 -0.852 -0.516
vn -0.030 -0.850 -0.527
vn -0.781 -0.179 0.599
vn -0.252 -0.901 -0.352
vn 0.119 -0.731 -0.672
vn 0.107 -0.806 -0.582
vn 0.149 -0.719 -0.679
vn 0.167 -0.709 -0.685
vn -0.543 0.375 0.751
vn -0.842 0.177 0.510
vn -0.684 0.289 0.669
vn 0.996 0.065 0.053
vn 0.143 -0.738 -0.659
vn 0.909 0.001 0.416
vn 0.899 0.054 0.435
vn 0.583 -0.509 0.633
vn 0.903 -0.069 0.424
vn -0.639 -0.748 -0.181
vn -0.462 0.285 0.840
vn 0.263 -0.766 -0.586
vn 0.211 -0.659 -0.722
vn -0.049 -0.990 -0.131
vn 0.148 -0.732 -0.665
vn 0.580 0.123 0.805
vn 0.846 0.170 0.505
vn 0.861 0.015 0.509
vn 0.883 0.256 0.393
vn 0.913 0.151 0.380
vn 0.910 0.163 0.382
vn 0.850 -0.053 0.524
vn 0.901 0.273 0.337
vn 0.900 -0.066 0.431
vn 0.905 0.171 0.389
vn -0.050 -0.734 -0.677
vn 0.215 0.118 0.969
vn 0.798 0.163 0.581
vn 0.262 -0.660 -0.705
vn 0.233 -0.605 -0.761
vn 0.045 -0.784 -0.619
vn 0.189 -0.784 -0.591
vn 0.173 -0.777 -0.605
vn -0.956 -0.262 0.129
vn -0.268 -0.788 -0.555
vn 0.145 -0.672 -0.726
vn 0.062 -0.722 -0.690
vn 0.260 -0.670 -0.695
vn 0.233 -0.627 -0.743
vn -0.801 0.415 0.431
vn -0.933 0.236 0.270
vn -0.886 0.295 0.358
vn 0.842 0.152 0.518
vn 0.121 -0.707 -0.697
vn 0.877 0.067 0.475
vn 0.785 -0.144 0.603
vn 0.416 -0.757 0.503
vn 0.754 -0.097 0.650
vn -0.267 -0.902 -0.339
vn -0.364 -0.117 0.924
vn 0.102 -0.592 -0.799
vn 0.018 -0.555 -0.832
vn -0.019 -0.953 -0.304
vn 0.037 -0.671 -0.741
vn 0.685 -0.155 0.712
vn 0.878 -0.019 0.478
vn 0.771 -0.060 0.634
vn 0.886 0.078 0.457
vn 0.860 0.078 0.505
vn 0.956 -0.022 0.292
vn 0.801 -0.111 0.589
vn 0.845 -0.019 0.534
vn 0.901 0.005 0.434
vn 0.905 -0.092 0.416
vn 0.081 -0.672 -0.736
vn 0.392 -0.221 0.893
vn 0.796 -0.056 0.603
vn 0.155 -0.647 -0.747
vn 0.102 -0.563 -0.820
vn -0.034 -0.578 -0.815
vn 0.094 -0.605 -0.791
vn 0.042 -0.632 -0.774
vn -0.857 -0.514 0.042
vn -0.037 -0.804 -0.594
vn 0.158 -0.550 -0.820
vn 0.083 -0.609 -0.789
vn 0.175 -0.599 -0.781
vn 0.133 -0.566 -0.814
vn -0.816 0.117 0.566
vn -0.921 0.067 0.383
vn -0.834 -0.002 0.551
vn 0.932 0.002 0.363
vn 0.111 -0.560 -0.821
vn 0.842 -0.032 0.538
vn 0.871 0.062 0.487
vn 0.133 -0.976 0.170
vn 0.812 -0.116 0.571
vn -0.437 -0.769 -0.467
vn -0.281 -0.137 0.950
vn 0.338 -0.477 -0.811
vn 0.419 -0.527 -0.739
vn 0.568 -0.667 -0.482
vn 0.475 -0.544 -0.692
vn 0.433 -0.078 0.898
vn 0.770 0.059 0.635
vn 0.812 -0.157 0.562
vn 0.847 0.033 0.531
vn 0.849 0.028 0.527
vn 0.881 0.182 0.436
vn 0.857 -0.104 0.504
vn 0.864 0.055 0.501
vn 0.846 -0.131 0.516
vn 0.861 0.091 0.500
vn 0.161 -0.617 -0.771
vn 0.161 -0.178 0.971
vn 0.653 0.017 0.757
vn 0.336 -0.437 -0.834
vn 0.383 -0.547 -0.744
vn 0.348 -0.575 -0.740
vn 0.311 -0.465 -0.829
vn 0.437 -0.594 -0.676
vn -0.840 -0.472 -0.269
vn -0.076 -0.698 -0.712
vn 0.227 -0.426 -0.876
vn 0.256 -0.561 -0.788
vn 0.380 -0.460 -0.803
vn 0.374 -0.539 -0.755
vn -0.855 0.234 0.464
vn -0.981 0.185 -0.054
vn -0.928 0.311 0.202
vn 0.831 0.113 0.544
vn 0.244 -0.465 -0.851
vn -0.380 0.760 0.527
vn -0.982 0.121 0.144
vn 0.419 0.708 0.568
vn 0.901 0.110 0.420
vn -0.768 0.526 0.364
vn 0.762 -0.621 0.185
vn 0.896 -0.437 -0.075
vn 0.707 -0.673 0.219
vn -0.385 0.614 0.689
vn -0.993 0.109 -0.055
vn -0.711 0.524 0.469
vn 0.655 -0.736 -0.172
vn 0.774 -0.612 0.165
vn 0.538 -0.843 -0.026
vn -0.552 0.629 0.548
vn -0.949 0.306 -0.082
vn -0.685 0.591 0.427
vn 0.613 -0.790 -0.003
vn 0.586 -0.791 0.176
vn 0.536 -0.842 -0.069
vn -0.856 0.495 0.148
vn -0.853 0.251 -0.457
vn -0.574 -0.196 -0.795
vn -0.029 -0.577 -0.816
vn -0.882 0.468 -0.055
vn 0.653 -0.749 0.111
vn 0.483 -0.860 0.162
vn 0.745 -0.652 -0.141
vn 0.105 0.822 0.560
vn -0.714 -0.015 -0.700
vn 0.923 -0.317 0.220
vn 0.499 -0.751 -0.432
vn -0.503 0.737 0.451
vn -0.960 0.250 0.129
vn 0.246 0.737 0.630
vn -0.809 0.477 0.342
vn 0.808 -0.557 0.191
vn 0.853 -0.369 0.368
vn 0.752 -0.655 0.077
vn -0.540 0.658 0.524
vn -0.934 0.329 -0.141
vn -0.709 0.600 0.371
vn 0.763 -0.604 -0.230
vn 0.758 -0.643 -0.109
vn 0.826 -0.538 -0.170
vn -0.580 0.670 0.464
vn -0.870 0.448 -0.207
vn -0.702 0.635 0.321
vn 0.726 -0.682 0.082
vn 0.825 -0.562 -0.065
vn 0.589 -0.795 0.143
vn -0.855 0.518 0.025
vn -0.800 0.252 -0.545
vn -0.475 -0.347 -0.809
vn -0.866 0.456 -0.205
vn 0.172 -0.747 -0.642
vn 0.440 -0.887 -0.141
vn -0.115 0.824 0.555
vn -0.810 0.069 -0.582
vn 0.753 -0.658 0.013
vn 0.386 0.577 0.720
vn -0.760 0.590 0.272
vn 0.877 -0.381 0.294
vn 0.812 -0.515 0.274
vn 0.793 -0.609 -0.024
vn -0.810 0.582 0.070
vn 0.774 -0.551 -0.311
vn 0.768 -0.585 -0.261
vn 0.837 -0.498 -0.226
vn 0.898 -0.434 -0.072
vn -0.174 -0.674 -0.718
vn 0.951 0.303 -0.064
vn 0.954 -0.189 -0.234
vn -0.807 0.516 0.288
vn -0.887 0.345 0.308
vn -0.817 0.565 0.112
vn -0.015 0.777 0.630
vn 0.755 -0.625 0.200
vn 0.570 -0.797 -0.199
vn 0.156 0.408 0.900
vn 0.625 -0.777 -0.072
vn 0.675 -0.702 -0.227
vn 0.620 -0.763 -0.183
vn 0.780 -0.617 -0.103
vn 0.863 -0.487 0.134
vn 0.857 -0.512 0.054
vn 0.787 -0.617 0.012
vn -0.922 0.350 -0.163
vn -0.824 0.019 -0.566
vn -0.331 -0.608 -0.721
vn -0.075 -0.785 -0.615
vn -0.912 0.245 -0.331
vn 0.698 -0.690 -0.192
vn 0.348 -0.937 -0.032
vn -0.919 0.174 0.353
vn -0.478 0.787 0.390
vn -0.657 -0.276 -0.702
vn -0.776 0.602 0.186
vn -0.683 0.686 0.251
vn -0.935 0.312 -0.168
vn 0.900 0.385 -0.203
vn 0.936 -0.211 -0.281
vn 0.725 -0.637 -0.263
vn 0.375 -0.923 -0.090
vn 0.409 -0.909 0.075
vn -0.438 0.801 0.407
vn -0.935 0.320 -0.153
vn -0.861 0.012 -0.509
vn -0.589 -0.350 -0.729
vn -0.933 0.282 -0.223
vn 0.271 -0.946 0.176
vn 0.459 -0.727 0.510
vn -0.916 0.327 -0.233
vn -0.923 0.385 -0.008
vn -0.703 0.652 0.285
vn -0.852 0.511 0.112
vn 0.287 0.899 0.331
vn -0.038 0.761 0.648
vn -0.931 0.332 -0.153
vn -0.920 0.198 -0.340
vn 0.869 -0.494 0.038
vn -0.939 0.309 -0.149
vn -0.497 0.818 0.291
vn -0.863 0.483 0.149
vn -0.837 0.522 0.164
vn -0.846 0.523 0.105
vn -0.901 0.376 -0.219
vn -0.801 0.595 0.067
vn -0.635 0.730 0.254
vn -0.875 0.472 -0.104
vn -0.852 0.523 -0.016
vn -0.234 0.912 0.336
vn -0.906 0.308 -0.290
vn -0.152 -0.491 -0.858
vn 0.401 -0.752 -0.523
vn -0.882 0.224 -0.416
vn -0.090 0.772 0.629
vn -0.977 -0.122 -0.174
vn -0.704 0.684 0.190
vn -0.839 0.529 0.131
vn 0.179 -0.681 -0.710
vn -0.586 -0.341 -0.736
vn -0.723 0.581 0.373
vn -0.916 0.400 -0.028
vn -0.915 0.374 -0.149
vn -0.909 0.411 -0.072
vn -0.668 0.700 0.254
vn -0.882 0.466 0.073
vn -0.810 0.532 0.246
vn -0.831 0.523 0.189
vn -0.523 0.765 0.376
vn -0.937 0.306 -0.171
vn -0.654 0.707 0.268
vn -0.619 0.584 0.525
vn -0.921 0.145 -0.361
vn 0.361 0.767 0.531
vn -0.439 0.772 0.460
vn -0.986 0.157 -0.058
vn -0.738 -0.644 -0.201
vn -0.293 -0.956 -0.019
vn 0.763 0.492 0.418
vn -0.821 0.526 0.223
vn 0.710 -0.693 -0.120
vn 0.945 -0.324 -0.040
vn 0.362 -0.932 -0.016
vn -0.026 0.847 0.531
vn -0.956 -0.222 -0.190
vn 0.978 0.084 0.189
vn 0.055 -0.997 0.054
vn 0.615 -0.786 -0.069
vn -0.683 0.592 0.429
vn 0.715 0.033 0.698
vn -0.406 -0.561 -0.721
vn -0.812 -0.230 -0.536
vn 0.020 0.673 0.739
vn 0.293 -0.881 -0.373
vn 0.809 -0.493 0.319
vn -0.514 -0.289 -0.807
vn -0.924 0.152 -0.350
vn 0.014 -0.812 -0.583
vn 0.799 -0.288 0.528
vn 0.751 -0.235 0.617
vn -0.013 -0.834 -0.552
vn -0.380 -0.549 -0.745
vn 0.588 -0.067 0.806
vn 0.236 0.454 0.859
vn -0.488 0.575 0.656
vn 0.846 -0.423 0.324
vn 0.297 -0.896 -0.330
vn -0.031 0.603 0.797
vn -0.782 -0.167 -0.601
vn -0.827 0.345 0.444
vn -0.182 0.267 0.946
vn -0.788 0.464 0.405
vn 0.644 -0.764 -0.039
vn -0.984 0.096 -0.149
vn -0.589 -0.275 -0.760
vn 0.414 -0.656 -0.631
vn 0.711 -0.253 0.656
vn 0.880 -0.456 0.135
vn -0.967 0.252 0.038
vn -0.733 -0.064 -0.677
vn -0.663 0.282 0.694
vn -0.647 -0.316 -0.694
vn -0.983 -0.009 -0.181
vn -0.314 0.689 0.653
vn 0.402 0.429 0.809
vn -0.151 -0.509 -0.848
vn 0.407 -0.055 0.912
vn 0.773 -0.600 -0.206
vn 0.840 -0.386 0.382
vn -0.707 0.675 0.210
vn -0.257 0.368 0.893
vn 0.017 0.004 1.000
vn 0.530 -0.445 0.721
vn 0.681 -0.501 0.534
vn 0.749 -0.560 0.354
vn -0.507 0.600 0.618
vn -0.545 0.309 -0.780
vn -0.657 0.472 -0.588
vn -0.741 0.554 -0.381
vn -0.777 0.618 -0.120
vn -0.354 0.069 -0.933
vn -0.166 -0.124 -0.978
vn 0.564 -0.620 -0.545
vn 0.687 -0.660 -0.303
vn 0.765 -0.640 0.069
vn 0.029 -0.270 -0.962
vn -0.693 0.698 0.183
vn -0.226 0.369 0.901
vn 0.076 -0.009 0.997
vn 0.482 -0.434 0.761
vn 0.656 -0.510 0.556
vn 0.728 -0.609 0.316
vn -0.497 0.618 0.609
vn -0.556 0.258 -0.790
vn -0.672 0.458 -0.582
vn -0.724 0.587 -0.361
vn -0.737 0.667 -0.111
vn -0.356 0.011 -0.934
vn -0.219 -0.047 -0.974
vn 0.493 -0.643 -0.586
vn 0.610 -0.705 -0.361
vn 0.700 -0.714 0.004
vn -0.037 -0.205 -0.978
vn -0.651 0.735 0.189
vn -0.155 0.384 0.910
vn 0.154 0.000 0.988
vn 0.492 -0.381 0.782
vn 0.664 -0.479 0.573
vn 0.721 -0.642 0.261
vn -0.432 0.655 0.620
vn -0.627 0.243 -0.741
vn -0.721 0.402 -0.564
vn -0.754 0.557 -0.349
vn -0.731 0.675 -0.101
vn -0.454 0.137 -0.880
vn -0.271 0.025 -0.962
vn 0.428 -0.662 -0.616
vn 0.555 -0.754 -0.351
vn 0.649 -0.759 -0.053
vn -0.011 -0.351 -0.936
vn -0.611 0.768 0.191
vn -0.023 0.452 0.891
vn 0.259 0.083 0.962
vn 0.548 -0.280 0.788
vn 0.681 -0.446 0.581
vn 0.729 -0.652 0.209
vn -0.337 0.716 0.611
vn -0.705 0.202 -0.679
vn -0.762 0.360 -0.539
vn -0.778 0.522 -0.349
vn -0.724 0.681 -0.110
vn -0.628 0.082 -0.773
vn -0.384 -0.184 -0.905
vn 0.355 -0.748 -0.561
vn 0.515 -0.788 -0.338
vn 0.636 -0.765 -0.094
vn -0.048 -0.488 -0.871
vn -0.569 0.801 0.184
vn 0.103 0.589 0.802
vn 0.440 0.305 0.844
vn 0.696 -0.079 0.713
vn 0.760 -0.348 0.549
vn 0.757 -0.630 0.174
vn -0.273 0.774 0.571
vn -0.735 0.142 -0.662
vn -0.773 0.353 -0.527
vn -0.780 0.519 -0.351
vn -0.721 0.681 -0.133
vn -0.690 0.009 -0.724
vn -0.457 -0.351 -0.818
vn 0.287 -0.822 -0.493
vn 0.462 -0.823 -0.331
vn 0.624 -0.769 -0.134
vn -0.101 -0.655 -0.749
vn -0.576 0.799 0.172
vn 0.122 0.719 0.684
vn 0.497 0.495 0.713
vn 0.824 0.102 0.558
vn 0.879 -0.200 0.433
vn 0.806 -0.581 0.114
vn -0.270 0.826 0.495
vn -0.750 0.055 -0.659
vn -0.796 0.302 -0.525
vn -0.790 0.507 -0.344
vn -0.734 0.664 -0.140
vn -0.695 -0.107 -0.711
vn -0.421 -0.515 -0.747
vn 0.247 -0.841 -0.481
vn 0.417 -0.835 -0.359
vn 0.597 -0.778 -0.195
vn -0.162 -0.696 -0.700
vn -0.600 0.775 0.199
vn 0.036 0.732 0.680
vn 0.419 0.502 0.757
vn 0.799 0.094 0.593
vn 0.883 -0.198 0.425
vn 0.803 -0.586 0.111
vn -0.329 0.813 0.481
vn -0.765 -0.008 -0.643
vn -0.837 0.228 -0.498
vn -0.840 0.446 -0.309
vn -0.775 0.624 -0.103
vn -0.657 -0.239 -0.715
vn -0.383 -0.586 -0.714
vn 0.275 -0.853 -0.445
vn 0.418 -0.846 -0.331
vn 0.570 -0.801 -0.184
vn -0.237 -0.683 -0.691
vn -0.614 0.755 0.232
vn -0.012 0.697 0.717
vn 0.329 0.494 0.805
vn 0.708 0.098 0.700
vn 0.824 -0.250 0.509
vn 0.766 -0.603 0.221
vn -0.332 0.793 0.510
vn -0.795 -0.050 -0.605
vn -0.864 0.212 -0.457
vn -0.859 0.434 -0.273
vn -0.794 0.604 -0.063
vn -0.618 -0.356 -0.701
vn -0.331 -0.659 -0.675
vn 0.289 -0.878 -0.381
vn 0.438 -0.864 -0.247
vn 0.563 -0.821 -0.097
vn -0.236 -0.733 -0.638
vn -0.581 0.770 0.262
vn 0.039 0.701 0.712
vn 0.291 0.538 0.791
vn 0.657 0.143 0.740
vn 0.785 -0.278 0.554
vn 0.740 -0.593 0.316
vn -0.304 0.800 0.517
vn -0.827 -0.005 -0.562
vn -0.878 0.194 -0.436
vn -0.862 0.440 -0.251
vn -0.775 0.632 -0.025
vn -0.599 -0.428 -0.677
vn -0.316 -0.693 -0.648
vn 0.312 -0.898 -0.312
vn 0.484 -0.866 -0.127
vn 0.583 -0.812 0.013
vn -0.215 -0.759 -0.615
vn -0.550 0.781 0.296
vn 0.033 0.737 0.675
vn 0.321 0.581 0.748
vn 0.651 0.181 0.738
vn 0.780 -0.269 0.565
vn 0.747 -0.557 0.362
vn -0.291 0.811 0.508
vn -0.851 0.011 -0.524
vn -0.887 0.229 -0.400
vn -0.866 0.456 -0.207
vn -0.758 0.652 0.038
vn -0.656 -0.408 -0.635
vn -0.405 -0.653 -0.641
vn 0.359 -0.904 -0.230
vn 0.512 -0.857 -0.063
vn 0.628 -0.771 0.104
vn -0.250 -0.754 -0.608
vn -0.571 0.758 0.316
vn -0.032 0.772 0.634
vn 0.312 0.615 0.724
vn 0.665 0.160 0.730
vn 0.768 -0.259 0.585
vn 0.745 -0.544 0.386
vn -0.315 0.809 0.496
vn -0.884 0.059 -0.465
vn -0.904 0.298 -0.306
vn -0.862 0.495 -0.107
vn -0.744 0.657 0.118
vn -0.773 -0.245 -0.586
vn -0.526 -0.575 -0.626
vn 0.374 -0.905 -0.203
vn 0.525 -0.850 -0.032
vn 0.661 -0.725 0.192
vn -0.345 -0.702 -0.623
vn -0.579 0.755 0.307
vn -0.121 0.804 0.582
vn 0.244 0.674 0.697
vn 0.691 0.104 0.716
vn 0.755 -0.259 0.603
vn 0.741 -0.503 0.446
vn -0.384 0.807 0.449
vn -0.902 0.191 -0.386
vn -0.885 0.424 -0.190
vn -0.818 0.575 -0.001
vn -0.710 0.684 0.170
vn -0.824 -0.138 -0.549
vn -0.637 -0.445 -0.630
vn 0.398 -0.894 -0.204
vn 0.578 -0.815 0.028
vn 0.688 -0.678 0.258
vn -0.422 -0.642 -0.640
vn -0.574 0.771 0.276
vn -0.177 0.830 0.529
vn 0.173 0.700 0.693
vn 0.702 0.033 0.711
vn 0.756 -0.274 0.594
vn 0.752 -0.445 0.486
vn -0.418 0.821 0.390
vn -0.920 0.264 -0.291
vn -0.867 0.491 -0.088
vn -0.780 0.622 0.065
vn -0.678 0.711 0.184
vn -0.862 -0.074 -0.502
vn -0.706 -0.343 -0.620
vn 0.458 -0.877 -0.147
vn 0.646 -0.753 0.129
vn 0.725 -0.596 0.345
vn -0.475 -0.580 -0.662
vn -0.590 0.781 0.207
vn -0.205 0.851 0.483
vn 0.191 0.713 0.674
vn 0.723 0.070 0.687
vn 0.798 -0.200 0.568
vn 0.818 -0.362 0.446
vn -0.436 0.840 0.323
vn -0.934 0.265 -0.239
vn -0.878 0.474 -0.060
vn -0.794 0.606 0.054
vn -0.699 0.703 0.133
vn -0.891 -0.006 -0.454
vn -0.756 -0.229 -0.614
vn 0.524 -0.842 -0.130
vn 0.712 -0.687 0.147
vn 0.791 -0.517 0.326
vn -0.499 -0.497 -0.709
vn -0.663 0.745 0.067
vn -0.281 0.911 0.303
vn 0.144 0.887 0.439
vn 0.850 0.288 0.442
vn 0.914 -0.010 0.406
vn 0.899 -0.262 0.350
vn -0.509 0.840 0.191
vn -0.899 0.321 -0.298
vn -0.871 0.457 -0.181
vn -0.827 0.552 -0.103
vn -0.765 0.643 -0.037
vn -0.880 0.160 -0.447
vn -0.817 0.048 -0.575
vn 0.589 -0.808 0.022
vn 0.747 -0.643 0.171
vn 0.848 -0.456 0.270
vn -0.423 -0.371 -0.827
vn -0.407 0.866 0.292
vn 0.319 0.933 0.169
vn 0.914 0.220 -0.341
vn -0.143 0.955 0.261
vn -0.832 0.547 -0.091
vn -0.781 0.625 0.014
vn -0.699 0.705 0.118
vn -0.584 0.781 0.221
vn -0.865 0.465 -0.187
vn -0.876 0.278 -0.395
vn -0.641 0.328 0.694
vn -0.966 0.041 0.257
vn -0.801 0.594 0.077
vn -0.966 0.224 -0.127
vn -0.928 0.354 -0.116
vn -0.900 0.375 -0.222
vn -0.884 0.391 -0.257
vn -0.159 -0.928 -0.338
vn 0.828 -0.346 -0.442
vn 0.746 0.665 0.034
vn 0.945 0.191 -0.265
vn -0.765 0.377 0.522
vn -0.388 0.717 0.579
vn 0.206 0.906 0.369
vn -0.886 -0.418 0.202
vn 0.365 -0.800 -0.477
vn -0.608 -0.790 -0.072
vn -0.132 -0.941 -0.312
vn 0.873 -0.328 -0.362
vn 0.760 0.650 0.022
vn 0.958 0.186 -0.219
vn -0.784 0.344 0.518
vn -0.396 0.740 0.543
vn 0.214 0.904 0.371
vn -0.855 -0.455 0.248
vn 0.383 -0.810 -0.445
vn -0.580 -0.814 -0.037
vn -0.094 -0.958 -0.270
vn 0.874 -0.314 -0.370
vn 0.791 0.608 0.070
vn 0.967 0.185 -0.174
vn -0.761 0.287 0.582
vn -0.380 0.707 0.597
vn 0.256 0.877 0.407
vn -0.797 -0.517 0.312
vn 0.392 -0.812 -0.432
vn -0.542 -0.840 0.005
vn -0.082 -0.964 -0.252
vn 0.852 -0.350 -0.389
vn 0.803 0.587 0.108
vn 0.974 0.166 -0.157
vn -0.670 0.183 0.719
vn -0.322 0.673 0.666
vn 0.272 0.843 0.463
vn -0.660 -0.619 0.426
vn 0.402 -0.821 -0.405
vn -0.472 -0.878 0.072
vn -0.045 -0.991 -0.129
vn 0.845 -0.390 -0.367
vn 0.824 0.538 0.177
vn 0.976 0.060 -0.208
vn -0.444 0.119 0.888
vn -0.236 0.632 0.738
vn 0.294 0.825 0.483
vn -0.417 -0.641 0.644
vn 0.379 -0.871 -0.311
vn -0.324 -0.924 0.201
vn 0.007 -0.993 0.116
vn 0.666 -0.679 -0.309
vn 0.957 0.290 -0.017
vn 0.949 -0.141 -0.282
vn -0.231 0.376 0.897
vn -0.128 0.770 0.625
vn 0.436 0.812 0.389
vn 0.097 -0.209 0.973
vn 0.231 -0.956 -0.180
vn 0.114 -0.799 0.591
vn 0.879 -0.314 -0.359
vn 0.514 -0.811 -0.279
vn 0.376 -0.923 -0.088
vn 0.393 -0.917 -0.065
vn 0.380 -0.906 -0.188
vn 0.397 -0.906 -0.143
vn 0.409 -0.905 -0.118
vn 0.560 -0.826 -0.066
vn 0.864 -0.406 -0.297
vn 0.636 -0.757 0.152
vn 0.757 -0.629 0.175
vn 0.849 -0.478 -0.224
vn 0.726 -0.639 0.254
vn 0.786 -0.574 0.232
vn 0.794 -0.497 -0.350
vn 0.714 -0.689 0.125
vn 0.782 -0.612 0.115
vn 0.429 -0.575 -0.696
vn 0.490 -0.858 -0.153
vn -0.924 0.331 -0.193
vn -0.867 0.496 0.047
vn -0.494 -0.409 -0.767
vn -0.907 0.233 -0.350
vn -0.679 0.685 0.265
vn -0.733 0.650 0.202
vn -0.887 0.460 -0.048
vn 0.830 -0.538 -0.147
vn 0.459 -0.805 -0.376
vn -0.853 0.518 0.069
vn -0.387 0.839 0.384
vn -0.923 0.314 -0.221
vn 0.333 0.882 0.332
vn -0.611 0.731 0.303
vn -0.141 -0.628 -0.765
vn 0.407 -0.833 -0.374
vn 0.103 0.959 0.263
vn 0.911 -0.177 -0.373
vn 0.527 -0.639 -0.560
vn 0.710 -0.664 -0.234
vn -0.058 -0.546 -0.836
vn 0.823 -0.561 -0.087
vn 0.970 -0.075 -0.230
vn 0.925 -0.367 -0.097
vn 0.747 0.664 -0.028
vn -0.391 0.403 0.828
vn -0.553 0.157 0.818
vn -0.611 0.021 0.791
vn -0.618 -0.004 0.786
vn -0.677 -0.026 0.736
vn -0.738 -0.149 0.658
vn -0.798 -0.407 0.444
vn -0.772 -0.593 0.229
vn -0.720 -0.682 0.124
vn -0.667 -0.743 0.058
vn -0.685 -0.724 0.075
vn -0.735 -0.661 0.154
vn -0.224 0.675 0.703
vn -0.089 0.722 0.687
vn -0.043 0.614 0.788
vn -0.067 0.563 0.824
vn -0.116 0.511 0.852
vn -0.231 0.283 0.931
vn -0.250 -0.022 0.968
vn -0.209 -0.296 0.932
vn -0.044 -0.430 0.902
vn 0.140 -0.440 0.887
vn 0.186 -0.449 0.874
vn 0.319 -0.370 0.873
vn 0.415 -0.285 0.864
vn 0.408 -0.288 0.866
vn 0.381 -0.319 0.868
vn 0.329 -0.318 0.889
vn 0.277 -0.290 0.916
vn 0.527 0.423 0.737
vn 0.525 0.381 0.761
vn 0.530 0.387 0.754
vn 0.637 0.586 0.501
vn 0.903 0.389 -0.182
vn 0.510 0.428 0.746
vn -0.452 0.024 -0.892
vn -0.270 0.082 -0.959
vn 0.095 0.114 -0.989
vn 0.304 0.131 -0.944
vn 0.390 0.132 -0.911
vn 0.248 0.172 -0.953
vn 0.000 0.171 -0.985
vn -0.541 -0.177 -0.822
vn -0.108 -0.297 -0.949
vn 0.138 -0.234 -0.962
vn 0.122 -0.269 -0.955
vn 0.095 -0.296 -0.951
vn -0.507 -0.262 -0.821
vn -0.489 -0.059 -0.870
vn 0.157 -0.351 -0.923
vn 0.243 -0.406 -0.881
vn 0.302 -0.392 -0.869
vn 0.265 -0.373 -0.889
vn 0.231 -0.394 -0.889
vn 0.138 -0.363 -0.922
vn 0.065 -0.420 -0.905
vn 0.020 -0.545 -0.838
vn -0.038 -0.686 -0.726
vn -0.054 -0.740 -0.671
vn -0.041 -0.779 -0.626
vn -0.064 -0.812 -0.581
vn -0.100 -0.813 -0.573
vn -0.113 -0.823 -0.556
vn -0.145 -0.821 -0.552
vn -0.200 -0.784 -0.588
vn -0.239 -0.743 -0.626
vn -0.224 -0.714 -0.663
vn -0.071 -0.656 -0.752
vn -0.837 0.205 -0.507
vn 0.787 -0.617 -0.027
vn 0.670 -0.740 -0.062
vn 0.740 -0.672 -0.036
vn 0.781 -0.578 0.235
vn 0.746 -0.641 -0.183
vn 0.736 -0.672 -0.081
vn 0.483 -0.857 0.180
vn 0.477 -0.871 -0.119
vn 0.712 0.333 0.618
vn 0.743 -0.651 0.156
vn 0.567 -0.819 0.086
vn 0.555 -0.046 0.831
vn 0.170 0.625 0.762
vn 0.704 0.069 0.707
vn 0.678 -0.632 0.374
vn -0.210 0.782 0.587
vn -0.128 0.785 0.606
vn -0.133 0.870 0.475
vn 0.683 0.716 -0.140
vn 0.685 -0.660 -0.310
vn 0.679 -0.729 -0.085
vn 0.762 -0.639 0.109
vn 0.795 -0.584 -0.164
vn 0.687 -0.726 -0.005
vn 0.745 -0.578 -0.332
vn 0.575 -0.789 -0.215
vn 0.788 -0.481 -0.385
vn 0.582 -0.748 -0.319
vn 0.824 -0.163 0.543
vn -0.486 -0.041 -0.873
vn -0.269 0.069 -0.961
vn 0.123 0.112 -0.986
vn 0.328 0.068 -0.942
vn 0.378 0.058 -0.924
vn 0.222 0.141 -0.965
vn -0.000 0.174 -0.985
vn -0.634 -0.256 -0.730
vn -0.044 -0.490 -0.871
vn 0.324 -0.410 -0.852
vn 0.235 -0.404 -0.884
vn 0.207 -0.449 -0.869
vn -0.597 -0.359 -0.718
vn 0.276 -0.506 -0.817
vn 0.372 -0.553 -0.746
vn 0.452 -0.522 -0.723
vn 0.419 -0.487 -0.767
vn -0.601 -0.242 -0.762
vn 0.397 -0.492 -0.775
vn 0.327 -0.523 -0.787
vn 0.234 -0.540 -0.809
vn 0.156 -0.647 -0.746
vn 0.098 -0.760 -0.643
vn 0.113 -0.813 -0.571
vn 0.138 -0.831 -0.538
vn 0.135 -0.862 -0.488
vn 0.139 -0.885 -0.445
vn 0.134 -0.901 -0.413
vn 0.092 -0.900 -0.427
vn 0.064 -0.881 -0.468
vn 0.066 -0.875 -0.480
vn 0.108 -0.859 -0.501
vn 0.317 -0.904 -0.285
vn -0.843 -0.051 -0.535
vn -0.606 -0.129 -0.785
vn -0.605 -0.198 -0.771
vn -0.789 -0.121 -0.603
vn 0.494 0.369 0.787
vn 0.493 0.420 0.762
vn 0.538 0.319 0.781
vn 0.623 0.320 0.714
vn 0.698 0.316 0.642
vn 0.603 0.112 0.790
vn 0.424 -0.142 0.895
vn 0.323 -0.250 0.913
vn 0.286 -0.275 0.918
vn -0.732 0.680 0.049
vn -0.617 0.775 0.133
vn -0.900 0.100 -0.425
vn -0.923 0.298 -0.243
vn 0.861 -0.107 0.498
vn 0.805 0.156 0.572
vn -0.813 -0.050 -0.580
vn -0.519 -0.405 -0.753
vn 0.865 -0.297 0.405
vn 0.564 -0.822 -0.073
vn -0.442 0.858 0.262
vn -0.184 0.893 0.412
vn 0.733 -0.660 0.165
vn -0.820 0.572 -0.017
vn 0.233 0.774 0.589
vn 0.823 -0.487 0.292
vn -0.886 0.453 -0.103
vn 0.610 0.426 0.669
vn -0.197 -0.644 -0.739
vn 0.171 -0.836 -0.521
vn -0.020 -0.585 -0.811
vn -0.521 -0.233 -0.821
vn -0.840 0.151 -0.521
vn -0.869 0.236 -0.435
vn -0.878 0.382 -0.289
vn -0.856 0.477 -0.198
vn -0.819 0.561 -0.121
vn -0.766 0.643 -0.029
vn -0.670 0.736 0.096
vn -0.531 0.823 0.201
vn -0.306 0.901 0.307
vn 0.116 0.916 0.384
vn 0.388 -0.806 -0.447
vn 0.596 -0.799 -0.081
vn 0.755 -0.650 0.082
vn 0.864 -0.475 0.168
vn 0.963 -0.228 0.146
vn 0.971 0.210 0.117
vn 0.874 0.459 0.159
vn 0.539 0.801 0.259
vn -0.908 -0.252 0.333
vn -0.955 -0.287 0.069
vn -0.947 -0.261 0.187
vn -0.400 -0.227 -0.888
vn -0.113 -0.222 -0.968
vn 0.195 -0.158 -0.968
vn 0.241 -0.047 -0.969
vn 0.185 0.037 -0.982
vn 0.181 0.015 -0.983
vn -0.000 0.004 -1.000
vn -0.801 -0.258 -0.540
vn -0.888 -0.270 -0.373
vn -0.947 -0.285 -0.151
vn -0.635 -0.246 -0.732
vn -0.921 -0.238 0.308
vn -0.951 -0.302 0.064
vn -0.944 -0.282 0.174
vn -0.317 -0.260 -0.912
vn -0.057 -0.227 -0.972
vn 0.094 -0.136 -0.986
vn 0.112 -0.029 -0.993
vn 0.172 0.007 -0.985
vn 0.190 -0.016 -0.982
vn 0.000 -0.014 -1.000
vn -0.816 -0.229 -0.530
vn -0.893 -0.251 -0.374
vn -0.947 -0.279 -0.160
vn -0.596 -0.247 -0.764
vn -0.954 -0.173 0.246
vn -0.976 -0.213 0.051
vn -0.972 -0.203 0.122
vn -0.326 -0.233 -0.916
vn -0.152 -0.162 -0.975
vn -0.038 -0.073 -0.997
vn 0.065 -0.035 -0.997
vn 0.209 -0.036 -0.977
vn 0.187 -0.048 -0.981
vn 0.000 -0.047 -0.999
vn -0.782 -0.239 -0.576
vn -0.906 -0.218 -0.364
vn -0.962 -0.225 -0.152
vn -0.520 -0.260 -0.813
vn -0.968 -0.118 0.220
vn -0.981 -0.193 -0.003
vn -0.988 -0.124 0.093
vn -0.366 -0.221 -0.904
vn -0.262 -0.172 -0.950
vn -0.092 -0.136 -0.986
vn 0.073 -0.113 -0.991
vn 0.220 -0.107 -0.970
vn 0.157 -0.078 -0.984
vn -0.000 -0.054 -0.999
vn -0.744 -0.268 -0.612
vn -0.883 -0.254 -0.396
vn -0.957 -0.233 -0.171
vn -0.526 -0.252 -0.812
vn -0.967 -0.108 0.232
vn -0.984 -0.173 -0.042
vn -0.989 -0.136 0.060
vn -0.427 -0.210 -0.879
vn -0.283 -0.210 -0.936
vn -0.119 -0.212 -0.970
vn 0.061 -0.197 -0.979
vn 0.143 -0.148 -0.978
vn 0.074 -0.078 -0.994
vn -0.000 -0.047 -0.999
vn -0.769 -0.248 -0.590
vn -0.873 -0.252 -0.417
vn -0.960 -0.206 -0.190
vn -0.568 -0.237 -0.788
vn -0.966 -0.099 0.239
vn -0.988 -0.142 -0.054
vn -0.992 -0.115 0.047
vn -0.454 -0.220 -0.863
vn -0.268 -0.248 -0.931
vn -0.140 -0.244 -0.960
vn -0.029 -0.199 -0.980
vn 0.016 -0.137 -0.991
vn 0.006 -0.092 -0.996
vn 0.000 -0.091 -0.996
vn -0.806 -0.207 -0.554
vn -0.900 -0.208 -0.383
vn -0.958 -0.197 -0.208
vn -0.621 -0.218 -0.753
vn -0.968 -0.091 0.233
vn -0.990 -0.126 -0.062
vn -0.992 -0.121 0.040
vn -0.434 -0.288 -0.854
vn -0.299 -0.266 -0.916
vn -0.209 -0.215 -0.954
vn -0.115 -0.178 -0.977
vn -0.040 -0.151 -0.988
vn -0.012 -0.141 -0.990
vn 0.000 -0.162 -0.987
vn -0.840 -0.182 -0.512
vn -0.928 -0.170 -0.331
vn -0.963 -0.174 -0.204
vn -0.641 -0.243 -0.728
vn -0.973 -0.075 0.220
vn -0.996 -0.061 -0.068
vn -0.997 -0.064 0.047
vn -0.476 -0.286 -0.832
vn -0.388 -0.230 -0.892
vn -0.263 -0.200 -0.944
vn -0.158 -0.177 -0.971
vn -0.054 -0.165 -0.985
vn 0.002 -0.180 -0.984
vn 0.000 -0.216 -0.976
vn -0.797 -0.224 -0.561
vn -0.934 -0.163 -0.317
vn -0.973 -0.112 -0.201
vn -0.590 -0.295 -0.751
vn -0.962 0.076 0.263
vn -0.984 0.137 -0.115
vn -0.991 0.127 0.049
vn -0.215 -0.139 0.967
vn -0.558 -0.169 -0.812
vn -0.448 -0.165 -0.879
vn -0.313 -0.156 -0.937
vn -0.189 -0.147 -0.971
vn -0.059 -0.150 -0.987
vn 0.033 -0.186 -0.982
vn -0.000 -0.226 -0.974
vn 0.048 -0.053 0.997
vn -0.920 0.117 -0.375
vn -0.953 0.145 -0.265
vn -0.700 -0.059 -0.712
vn -0.953 0.034 0.300
vn -0.983 0.154 -0.103
vn -0.994 0.092 0.057
vn -0.059 -0.087 0.994
vn -0.543 -0.027 -0.840
vn -0.413 -0.090 -0.906
vn -0.338 -0.117 -0.934
vn -0.215 -0.117 -0.970
vn -0.052 -0.118 -0.992
vn 0.074 -0.121 -0.990
vn 0.000 -0.155 -0.988
vn -0.878 0.144 -0.456
vn -0.936 0.190 -0.296
vn -0.674 0.024 -0.738
vn -0.881 -0.282 0.380
vn -0.882 -0.238 0.407
vn -0.887 -0.153 0.436
vn -0.888 -0.080 0.453
vn -0.899 -0.090 0.428
vn -0.000 -0.054 0.999
vn 0.000 0.007 1.000
vn 0.000 -0.083 0.997
vn -0.193 -0.124 0.973
vn -0.472 -0.079 0.878
vn -0.547 -0.121 0.829
vn 0.036 -0.060 0.998
vn 0.030 0.001 1.000
vn 0.020 -0.041 0.999
vn -0.180 -0.092 0.979
vn -0.438 -0.089 0.895
vn -0.603 -0.162 0.781
vn -0.113 -0.075 0.991
vn 0.061 0.004 0.998
vn -0.055 -0.040 0.998
vn -0.201 -0.096 0.975
vn -0.405 -0.168 0.899
vn -0.619 -0.190 0.762
vn -0.004 -0.032 0.999
vn -0.000 0.069 0.998
vn -0.003 -0.043 0.999
vn -0.262 -0.139 0.955
vn -0.417 -0.194 0.888
vn -0.682 -0.098 0.725
vn 0.000 -0.027 1.000
vn 0.031 -0.140 0.990
vn 0.025 -0.050 0.998
vn -0.346 -0.191 0.919
vn -0.382 -0.171 0.908
vn -0.734 -0.050 0.677
vn -0.023 -0.077 0.997
vn 0.122 -0.060 0.991
vn -0.892 -0.080 0.445
vn -0.845 -0.118 0.521
vn -0.842 -0.097 0.531
vn -0.822 -0.046 0.568
vn -0.863 -0.004 -0.506
vn 0.000 -0.015 1.000
vn 0.078 0.031 0.997
vn 0.033 0.105 0.994
vn 0.011 -0.013 1.000
vn -0.005 -0.023 1.000
vn -0.000 0.066 0.998
vn 0.172 0.096 0.980
vn 0.163 0.097 0.982
vn 0.076 0.072 0.994
vn 0.000 0.075 0.997
vn 0.000 0.098 0.995
vn 0.203 0.118 0.972
vn 0.123 0.186 0.975
vn 0.072 0.152 0.986
vn 0.000 0.167 0.986
vn 0.000 0.194 0.981
vn -0.286 -0.031 0.958
vn -0.085 0.014 0.996
vn -0.559 -0.060 0.827
vn -0.356 -0.072 0.932
vn -0.369 -0.071 0.927
vn -0.805 -0.021 0.593
vn -0.949 0.017 0.315
vn -0.991 0.099 -0.090
vn -0.995 0.062 0.082
vn -0.846 0.150 -0.511
vn -0.940 0.142 -0.311
vn -0.317 0.072 0.946
vn -0.152 0.073 0.986
vn -0.574 0.027 0.818
vn -0.363 0.066 0.930
vn -0.371 0.059 0.927
vn -0.809 0.004 0.588
vn -0.972 -0.020 -0.233
vn -0.936 -0.078 -0.345
vn -0.974 -0.008 0.226
vn -0.997 0.047 0.055
vn -0.995 0.036 -0.095
vn -0.643 -0.216 -0.734
vn -0.207 -0.118 -0.971
vn -0.055 -0.127 -0.990
vn 0.061 -0.161 -0.985
vn 0.000 -0.182 -0.983
vn -0.585 -0.063 -0.809
vn -0.456 -0.107 -0.883
vn 0.071 -0.070 0.995
vn -0.329 -0.131 -0.935
vn -0.836 -0.081 0.543
vn 0.000 -0.088 0.996
vn -0.149 -0.130 0.980
vn -0.005 -0.088 0.996
vn -0.317 -0.175 0.932
vn -0.414 -0.174 0.893
vn -0.589 -0.130 0.798
vn -0.841 -0.175 -0.512
vn -0.597 0.082 0.798
vn -0.122 -0.002 0.993
vn -0.294 0.035 0.955
vn -0.935 0.191 -0.299
vn -0.818 0.216 -0.533
vn -0.994 0.050 0.098
vn -0.991 0.114 -0.065
vn -0.953 0.013 0.302
vn -0.841 0.042 0.540
vn -0.402 0.081 0.912
vn -0.341 0.079 0.937
vn -0.786 0.070 -0.615
vn -0.734 0.120 -0.668
vn -0.684 0.225 -0.695
vn -0.474 0.024 -0.880
vn -0.375 -0.019 -0.927
vn -0.325 -0.065 -0.943
vn -0.216 -0.075 -0.974
vn -0.071 -0.044 -0.997
vn 0.097 -0.048 -0.994
vn -0.000 -0.050 -0.999
vn -0.434 0.196 -0.879
vn -0.345 0.158 -0.925
vn -0.313 0.094 -0.945
vn -0.249 0.069 -0.966
vn -0.064 0.064 -0.996
vn 0.115 0.055 -0.992
vn 0.000 0.074 -0.997
vn -0.381 0.372 -0.846
vn -0.292 0.361 -0.886
vn -0.254 0.309 -0.917
vn -0.190 0.250 -0.949
vn -0.023 0.224 -0.974
vn 0.110 0.223 -0.969
vn -0.000 0.254 -0.967
vn -0.608 0.067 -0.791
vn -0.563 0.217 -0.797
vn -0.692 0.237 -0.681
vn -0.350 0.361 -0.864
vn -0.168 0.372 -0.913
vn -0.108 0.374 -0.921
vn -0.060 0.379 -0.923
vn 0.178 0.359 -0.916
vn 0.370 0.286 -0.884
vn 0.000 0.244 -0.970
vn -0.548 0.347 -0.761
vn -0.741 0.305 -0.598
vn -0.561 0.348 -0.751
vn -0.284 0.279 -0.917
vn -0.121 0.248 -0.961
vn -0.081 0.216 -0.973
vn 0.120 0.170 -0.978
vn 0.450 0.125 -0.885
vn 0.660 0.073 -0.748
vn -0.000 -0.084 -0.996
vn -0.696 0.339 -0.633
vn -0.222 0.095 -0.970
vn -0.033 0.037 -0.999
vn 0.082 -0.018 -0.996
vn 0.362 -0.065 -0.930
vn 0.578 -0.067 -0.813
vn 0.897 -0.072 -0.436
vn -0.000 -0.297 -0.955
vn -0.492 0.298 -0.818
vn -0.675 0.205 -0.709
vn -0.189 -0.179 -0.965
vn 0.018 -0.234 -0.972
vn 0.210 -0.273 -0.939
vn 0.455 -0.287 -0.843
vn 0.656 -0.268 -0.705
vn 0.937 -0.169 -0.305
vn -0.000 -0.461 -0.887
vn -0.486 0.174 -0.856
vn -0.701 0.050 -0.712
vn -0.131 -0.420 -0.898
vn 0.100 -0.522 -0.847
vn 0.362 -0.609 -0.706
vn 0.494 -0.619 -0.610
vn 0.649 -0.566 -0.508
vn 0.879 -0.362 -0.310
vn 0.000 -0.632 -0.775
vn -0.473 -0.072 -0.878
vn -0.671 -0.055 -0.739
vn 0.003 -0.586 -0.810
vn 0.277 -0.736 -0.618
vn 0.454 -0.732 -0.508
vn 0.497 -0.726 -0.475
vn 0.609 -0.694 -0.383
vn 0.765 -0.557 -0.323
vn 0.000 -0.806 -0.591
vn -0.416 -0.253 -0.873
vn -0.616 -0.142 -0.775
vn 0.199 -0.607 -0.770
vn 0.397 -0.572 -0.718
vn 0.512 -0.654 -0.558
vn 0.623 -0.674 -0.397
vn 0.667 -0.676 -0.313
vn 0.662 -0.683 -0.308
vn 0.000 -0.886 -0.463
vn -0.314 -0.342 -0.886
vn -0.564 -0.167 -0.809
vn 0.293 -0.359 -0.886
vn 0.393 -0.340 -0.855
vn 0.803 -0.462 -0.376
vn 0.759 -0.599 -0.256
vn 0.543 -0.799 -0.258
vn -0.000 -0.948 -0.318
vn -0.177 -0.369 -0.913
vn -0.928 0.075 -0.364
vn -0.837 0.101 -0.538
vn -0.971 0.171 0.169
vn -0.988 0.118 -0.096
vn -0.923 0.150 0.354
vn -0.824 0.111 0.556
vn -0.911 0.075 -0.405
vn -0.848 0.165 -0.503
vn -0.975 0.203 0.087
vn -0.967 0.132 -0.219
vn -0.922 0.222 0.317
vn -0.820 0.218 0.529
vn -0.905 0.225 -0.361
vn -0.853 0.330 -0.404
vn -0.972 0.236 0.006
vn -0.940 0.184 -0.287
vn -0.909 0.266 0.319
vn -0.815 0.196 0.545
vn -0.907 0.298 -0.296
vn -0.856 0.267 -0.442
vn -0.979 0.192 -0.068
vn -0.933 0.242 -0.265
vn -0.932 0.208 0.296
vn -0.793 0.139 0.593
vn -0.911 0.267 -0.315
vn -0.849 0.141 -0.510
vn -0.964 0.263 -0.039
vn -0.929 0.288 -0.233
vn -0.938 0.207 0.279
vn -0.769 0.134 0.625
vn -0.900 0.242 -0.362
vn -0.827 0.097 -0.553
vn -0.961 0.275 -0.017
vn -0.932 0.286 -0.223
vn -0.922 0.244 0.299
vn -0.747 0.213 0.630
vn -0.888 0.226 -0.401
vn -0.795 0.052 -0.604
vn -0.968 0.251 -0.025
vn -0.937 0.275 -0.215
vn -0.940 0.226 0.254
vn -0.770 0.221 0.599
vn -0.880 0.167 -0.444
vn -0.760 -0.009 -0.649
vn -0.968 0.247 0.044
vn -0.943 0.262 -0.204
vn 0.206 0.011 0.978
vn 0.207 -0.009 0.978
vn 0.000 -0.049 0.999
vn -0.606 0.017 0.796
vn -0.098 -0.090 0.991
vn -0.281 -0.106 0.954
vn -0.399 -0.061 0.915
vn -0.371 -0.102 0.923
vn -0.003 -0.056 0.998
vn -0.556 0.144 0.818
vn -0.181 -0.081 0.980
vn -0.286 -0.095 0.953
vn -0.306 0.031 0.951
vn -0.290 -0.060 0.955
vn -0.002 -0.146 0.989
vn -0.521 0.112 0.846
vn -0.232 -0.147 0.962
vn -0.321 -0.177 0.930
vn -0.198 0.019 0.980
vn -0.200 -0.107 0.974
vn -0.000 -0.224 0.975
vn -0.548 0.037 0.836
vn -0.296 -0.352 0.888
vn -0.248 -0.269 0.931
vn -0.176 0.032 0.984
vn -0.010 -0.057 0.998
vn 0.000 -0.508 0.862
vn -0.553 0.032 0.833
vn -0.238 -0.556 0.797
vn 0.058 -0.263 0.963
vn -0.256 -0.009 0.967
vn 0.142 -0.010 0.990
vn 0.000 -0.773 0.634
vn -0.501 0.122 0.857
vn 0.082 -0.647 0.758
vn 0.406 -0.222 0.886
vn -0.262 -0.000 0.965
vn 0.108 -0.036 0.994
vn -0.450 0.176 0.876
vn 0.545 -0.205 0.813
vn -0.219 0.060 0.974
vn 0.211 -0.065 0.975
vn -0.047 -0.053 0.997
vn -0.049 -0.053 0.997
vn -0.046 -0.124 0.991
vn -0.082 -0.307 0.948
vn -0.131 -0.579 0.805
vn -0.129 -0.784 0.607
vn -0.424 -0.036 0.905
vn -0.345 -0.031 0.938
vn -0.127 -0.078 0.989
vn -0.006 -0.100 0.995
vn 0.005 -0.076 0.997
vn -0.633 -0.043 0.773
vn -0.265 -0.057 0.963
vn 0.000 -0.921 0.389
vn -0.153 -0.913 0.377
vn 0.000 -0.982 0.191
vn -0.177 -0.976 0.123
vn 0.000 -0.907 -0.421
vn 0.499 -0.822 -0.274
vn 0.000 -0.940 -0.342
vn 0.669 -0.669 -0.324
vn 0.162 -0.860 0.484
vn 0.360 -0.878 0.317
vn 0.842 -0.515 -0.161
vn 0.840 -0.456 -0.293
vn 0.596 -0.499 0.629
vn 0.787 -0.458 0.413
vn 0.941 -0.317 -0.118
vn 0.912 -0.291 -0.290
vn 0.155 0.359 -0.920
vn -0.000 0.337 -0.941
vn -0.366 0.422 -0.829
vn -0.220 0.438 -0.872
vn -0.148 0.418 -0.896
vn -0.522 0.355 -0.776
vn -0.094 0.393 -0.915
vn 0.008 0.383 -0.924
vn -0.644 0.320 -0.695
vn -0.982 0.190 -0.020
vn -0.928 0.211 -0.309
vn -0.863 -0.036 0.504
vn -0.947 0.026 0.321
vn -0.980 0.122 0.155
vn -0.791 0.264 -0.552
vn -0.529 -0.099 -0.843
vn -0.072 -0.265 -0.962
vn -0.871 0.127 -0.474
vn -0.728 0.015 -0.685
vn -0.963 0.267 0.044
vn -0.952 0.222 -0.211
vn -0.191 0.073 0.979
vn 0.574 -0.111 0.812
vn -0.445 0.147 0.883
vn -0.737 0.201 0.645
vn 0.728 -0.258 0.635
vn 0.860 -0.284 0.425
vn 0.942 -0.315 -0.112
vn 0.879 -0.326 -0.347
vn -0.170 0.105 0.980
vn 0.591 -0.075 0.803
vn -0.437 0.156 0.886
vn -0.739 0.231 0.632
vn 0.762 -0.184 0.621
vn 0.877 -0.228 0.422
vn 0.948 -0.283 -0.143
vn 0.835 -0.355 -0.420
vn 0.781 -0.120 0.613
vn 0.905 -0.148 0.400
vn 0.960 -0.221 -0.173
vn 0.832 -0.279 -0.480
vn 0.698 -0.403 -0.592
vn -0.906 0.230 0.355
vn -0.911 0.264 0.317
vn 0.584 -0.401 -0.706
vn 0.587 -0.341 -0.735
vn 0.287 -0.268 -0.920
vn 0.408 -0.244 -0.880
vn 0.229 0.052 0.972
vn -0.508 -0.037 -0.861
vn -0.054 -0.213 -0.976
vn -0.869 0.136 -0.477
vn -0.710 0.060 -0.702
vn -0.969 0.240 0.050
vn -0.958 0.193 -0.214
vn -0.164 0.148 0.975
vn 0.586 -0.071 0.807
vn -0.429 0.184 0.884
vn -0.739 0.223 0.636
vn 0.777 -0.107 0.621
vn 0.909 -0.116 0.399
vn 0.959 -0.211 -0.189
vn 0.814 -0.258 -0.520
vn -0.908 0.252 0.334
vn 0.594 -0.271 -0.757
vn 0.297 -0.185 -0.937
vn 0.460 -0.228 -0.858
vn 0.131 0.058 0.990
vn -0.446 -0.040 -0.894
vn 0.019 -0.166 -0.986
vn -0.845 0.129 -0.519
vn -0.679 0.061 -0.731
vn -0.980 0.199 0.012
vn -0.954 0.172 -0.246
vn -0.221 0.143 0.965
vn 0.561 -0.088 0.823
vn -0.514 0.171 0.841
vn -0.783 0.190 0.593
vn 0.729 -0.122 0.674
vn 0.878 -0.124 0.462
vn 0.965 -0.224 -0.135
vn 0.826 -0.291 -0.483
vn -0.930 0.216 0.298
vn 0.623 -0.298 -0.723
vn 0.243 -0.165 -0.956
vn 0.459 -0.206 -0.864
vn 0.211 -0.026 0.977
vn -0.511 0.004 -0.860
vn -0.131 -0.108 -0.985
vn -0.884 0.142 -0.446
vn -0.713 0.085 -0.696
vn -0.984 0.168 0.064
vn -0.969 0.164 -0.185
vn -0.216 0.074 0.974
vn 0.589 -0.089 0.803
vn -0.513 0.113 0.851
vn -0.767 0.131 0.628
vn 0.764 -0.100 0.637
vn 0.883 -0.139 0.448
vn 0.929 -0.256 -0.265
vn 0.764 -0.285 -0.579
vn -0.921 0.160 0.355
vn 0.613 -0.259 -0.746
vn 0.139 -0.125 -0.982
vn 0.423 -0.181 -0.888
vn 0.156 -0.127 0.980
vn -0.591 -0.010 -0.807
vn -0.286 -0.060 -0.956
vn -0.937 0.023 -0.349
vn -0.792 0.019 -0.610
vn -0.998 0.061 0.034
vn -0.985 0.035 -0.167
vn -0.270 -0.040 0.962
vn 0.447 -0.122 0.886
vn -0.580 0.031 0.814
vn -0.843 0.083 0.531
vn 0.708 -0.181 0.682
vn 0.858 -0.260 0.444
vn 0.945 -0.313 -0.097
vn 0.861 -0.266 -0.434
vn -0.953 0.064 0.295
vn 0.673 -0.195 -0.714
vn 0.004 -0.155 -0.988
vn 0.367 -0.210 -0.906
vn 0.116 -0.149 0.982
vn -0.664 -0.055 -0.746
vn -0.416 -0.095 -0.904
vn -0.951 -0.005 -0.309
vn -0.861 -0.015 -0.509
vn -0.999 0.015 -0.030
vn -0.976 -0.000 -0.216
vn -0.248 -0.116 0.962
vn 0.499 -0.189 0.845
vn -0.565 -0.053 0.823
vn -0.846 0.006 0.533
vn 0.751 -0.264 0.605
vn 0.873 -0.302 0.382
vn 0.930 -0.311 -0.199
vn 0.833 -0.255 -0.491
vn -0.975 0.025 0.221
vn 0.559 -0.206 -0.803
vn 0.031 -0.182 -0.983
vn 0.356 -0.176 -0.918
vn -0.058 -0.207 0.977
vn -0.628 -0.114 -0.770
vn -0.382 -0.148 -0.912
vn -0.945 -0.010 -0.327
vn -0.799 -0.069 -0.597
vn -0.985 -0.073 -0.158
vn -0.978 -0.024 -0.207
vn -0.395 -0.163 0.904
vn 0.356 -0.292 0.887
vn -0.686 -0.148 0.713
vn -0.918 -0.119 0.379
vn 0.666 -0.341 0.664
vn 0.827 -0.331 0.454
vn 0.958 -0.244 -0.152
vn 0.867 -0.226 -0.444
vn -0.992 -0.094 0.079
vn 0.570 -0.182 -0.801
vn -0.011 -0.114 -0.993
vn 0.337 -0.131 -0.932
vn -0.143 -0.158 0.977
vn -0.623 -0.085 -0.778
vn -0.407 -0.092 -0.909
vn -0.913 -0.003 -0.407
vn -0.741 -0.062 -0.668
vn -0.998 -0.054 0.016
vn -0.990 0.009 -0.142
vn -0.532 -0.162 0.831
vn 0.339 -0.261 0.904
vn -0.783 -0.186 0.593
vn -0.939 -0.186 0.290
vn 0.640 -0.355 0.682
vn 0.763 -0.366 0.533
vn 0.976 -0.209 -0.063
vn 0.883 -0.153 -0.444
vn -0.987 -0.155 0.051
vn 0.563 -0.141 -0.814
vn -0.022 -0.066 -0.998
vn 0.343 -0.102 -0.934
vn -0.293 -0.080 0.953
vn -0.644 0.027 -0.765
vn -0.415 -0.012 -0.910
vn -0.888 0.027 -0.459
vn -0.721 0.006 -0.693
vn -0.977 -0.042 0.207
vn -0.997 0.028 -0.069
vn -0.676 -0.073 0.733
vn 0.302 -0.207 0.931
vn -0.869 -0.123 0.479
vn -0.958 -0.158 0.239
vn 0.654 -0.316 0.687
vn 0.735 -0.340 0.586
vn 0.964 -0.252 0.086
vn 0.896 -0.194 -0.400
vn -0.973 -0.117 0.200
vn 0.559 -0.131 -0.819
vn 0.004 -0.027 -1.000
vn 0.348 -0.098 -0.933
vn -0.355 -0.037 0.934
vn -0.655 0.146 -0.741
vn -0.396 0.080 -0.915
vn -0.920 0.052 -0.388
vn -0.805 0.115 -0.582
vn -0.940 0.011 0.340
vn -0.989 0.051 0.139
vn -0.776 -0.023 0.630
vn 0.291 -0.152 0.945
vn -0.926 -0.055 0.373
vn -0.965 -0.047 0.258
vn 0.707 -0.222 0.671
vn 0.761 -0.269 0.590
vn 0.937 -0.330 0.112
vn 0.827 -0.328 -0.456
vn -0.953 -0.009 0.302
vn 0.552 -0.222 -0.804
vn 0.040 0.050 -0.998
vn 0.400 -0.121 -0.908
vn -0.334 -0.208 0.919
vn -0.652 0.219 -0.726
vn -0.338 0.155 -0.928
vn -0.972 0.098 -0.213
vn -0.883 0.192 -0.427
vn -0.923 0.081 0.377
vn -0.976 0.060 0.207
vn -0.789 -0.086 0.609
vn 0.206 -0.322 0.924
vn -0.905 0.008 0.425
vn -0.938 0.065 0.340
vn 0.591 -0.304 0.747
vn 0.805 -0.204 0.557
vn 0.942 -0.331 0.047
vn 0.800 -0.297 -0.521
vn -0.953 0.079 0.294
vn 0.568 -0.228 -0.791
vn 0.170 0.211 -0.963
vn 0.522 0.060 -0.851
vn -0.171 -0.336 0.926
vn -0.613 0.360 -0.703
vn -0.257 0.325 -0.910
vn -0.973 0.215 -0.086
vn -0.878 0.314 -0.361
vn -0.918 0.162 0.362
vn -0.976 0.142 0.166
vn -0.663 -0.168 0.729
vn 0.285 -0.395 0.873
vn -0.803 0.038 0.594
vn -0.909 0.141 0.392
vn 0.491 -0.415 0.766
vn 0.688 -0.381 0.617
vn 0.951 -0.308 -0.009
vn 0.845 -0.147 -0.514
vn -0.929 0.161 0.334
vn 0.667 -0.014 -0.745
vn 0.234 0.297 -0.926
vn 0.566 0.173 -0.806
vn -0.030 -0.255 0.966
vn -0.573 0.422 -0.703
vn -0.211 0.402 -0.891
vn -0.944 0.328 -0.049
vn -0.851 0.378 -0.364
vn -0.908 0.240 0.344
vn -0.945 0.277 0.174
vn -0.355 -0.094 0.930
vn 0.359 -0.338 0.870
vn -0.674 0.085 0.734
vn -0.885 0.166 0.436
vn 0.538 -0.359 0.762
vn 0.721 -0.343 0.603
vn 0.968 -0.252 0.019
vn 0.883 -0.064 -0.465
vn -0.906 0.219 0.362
vn 0.734 0.061 -0.676
vn 0.266 0.205 -0.942
vn 0.593 0.125 -0.796
vn 0.163 -0.151 0.975
vn -0.492 0.338 -0.802
vn -0.145 0.296 -0.944
vn -0.933 0.322 -0.161
vn -0.790 0.327 -0.518
vn -0.909 0.258 0.328
vn -0.946 0.302 0.118
vn -0.221 -0.100 0.970
vn 0.524 -0.174 0.834
vn -0.657 -0.042 0.752
vn -0.825 0.121 0.552
vn 0.629 -0.220 0.746
vn 0.742 -0.232 0.628
vn 0.990 -0.121 0.079
vn 0.915 -0.030 -0.402
vn -0.890 0.220 0.400
vn 0.763 0.046 -0.644
vn 0.285 0.159 -0.945
vn 0.620 0.083 -0.780
vn 0.238 -0.157 0.958
vn -0.418 0.283 -0.863
vn -0.091 0.233 -0.968
vn -0.903 0.314 -0.293
vn -0.733 0.305 -0.608
vn -0.913 0.265 0.311
vn -0.951 0.305 0.054
vn -0.188 -0.127 0.974
vn 0.536 -0.147 0.831
vn -0.551 -0.045 0.834
vn -0.755 0.072 0.652
vn 0.659 -0.112 0.744
vn 0.758 -0.073 0.648
vn 0.998 -0.031 0.063
vn 0.917 -0.009 -0.398
vn -0.854 0.206 0.477
vn 0.783 0.015 -0.622
vn 0.266 0.069 -0.962
vn 0.629 0.012 -0.777
vn 0.283 -0.123 0.951
vn -0.418 0.172 -0.892
vn -0.079 0.122 -0.989
vn -0.893 0.237 -0.383
vn -0.704 0.212 -0.678
vn -0.939 0.172 0.298
vn -0.974 0.228 0.003
vn -0.087 -0.101 0.991
vn 0.535 -0.105 0.838
vn -0.430 -0.037 0.902
vn -0.646 0.046 0.762
vn 0.612 -0.080 0.786
vn 0.743 -0.036 0.669
vn 0.999 -0.025 0.022
vn 0.893 -0.017 -0.450
vn -0.831 0.127 0.542
vn 0.778 -0.022 -0.628
vn 0.238 -0.046 -0.970
vn 0.608 -0.080 -0.790
vn 0.316 -0.097 0.944
vn -0.436 0.047 -0.899
vn -0.094 0.001 -0.996
vn -0.896 0.103 -0.431
vn -0.682 0.073 -0.728
vn -0.938 0.086 0.336
vn -0.992 0.107 -0.064
vn 0.042 -0.085 0.996
vn 0.521 -0.082 0.849
vn -0.290 -0.035 0.956
vn -0.577 0.021 0.816
vn 0.584 -0.069 0.808
vn 0.736 -0.079 0.672
vn 0.994 -0.108 -0.008
vn 0.871 -0.085 -0.484
vn -0.829 0.052 0.556
vn 0.745 -0.075 -0.662
vn 0.248 -0.154 -0.957
vn 0.557 -0.174 -0.812
vn 0.310 -0.101 0.945
vn -0.415 -0.059 -0.908
vn -0.077 -0.109 -0.991
vn -0.911 -0.003 -0.413
vn -0.694 -0.018 -0.719
vn -0.933 0.013 0.358
vn -0.999 0.005 -0.052
vn 0.130 -0.083 0.988
vn 0.493 -0.105 0.864
vn -0.152 -0.044 0.987
vn -0.538 -0.007 0.843
vn 0.574 -0.106 0.812
vn 0.751 -0.138 0.645
vn 0.977 -0.212 -0.027
vn 0.873 -0.204 -0.444
vn -0.808 0.007 0.590
vn 0.699 -0.164 -0.696
vn 0.259 -0.183 -0.949
vn 0.531 -0.190 -0.826
vn 0.336 -0.082 0.938
vn -0.408 -0.144 -0.902
vn -0.032 -0.170 -0.985
vn -0.930 -0.071 -0.362
vn -0.695 -0.110 -0.710
vn -0.919 -0.011 0.394
vn -0.999 -0.043 -0.010
vn 0.189 -0.068 0.980
vn 0.528 -0.110 0.842
vn -0.056 -0.045 0.997
vn -0.498 -0.028 0.867
vn 0.654 -0.151 0.741
vn 0.758 -0.208 0.618
vn 0.957 -0.265 -0.121
vn 0.880 -0.278 -0.385
vn -0.764 -0.013 0.645
vn 0.732 -0.227 -0.642
vn 0.222 -0.124 -0.967
vn 0.687 -0.189 -0.701
vn 0.341 -0.049 0.939
vn -0.491 -0.129 -0.862
vn -0.130 -0.127 -0.983
vn -0.959 -0.066 -0.274
vn -0.741 -0.110 -0.662
vn -0.922 -0.009 0.387
vn -0.999 -0.050 -0.016
vn 0.193 -0.038 0.981
vn 0.535 -0.091 0.840
vn -0.035 -0.029 0.999
vn -0.448 -0.018 0.894
vn 0.787 -0.154 0.598
vn 0.839 -0.214 0.501
vn 0.958 -0.275 -0.082
vn 0.897 -0.263 -0.356
vn -0.705 0.003 0.709
vn 0.849 -0.242 -0.469
vn 0.116 -0.988 0.102
vn 0.228 -0.963 0.141
vn 0.356 -0.923 0.148
vn 0.391 -0.916 0.092
vn 0.359 -0.930 -0.080
vn -0.999 0.030 0.025
vn -0.991 0.051 -0.120
vn -0.982 0.184 -0.042
vn -0.992 0.116 0.042
vn -0.977 0.176 0.117
vn 0.168 -0.103 -0.980
vn 0.816 -0.193 -0.545
vn 0.306 0.014 0.952
vn -0.606 -0.072 -0.792
vn -0.320 -0.083 -0.944
vn -0.978 -0.030 -0.206
vn -0.806 -0.064 -0.589
vn -0.717 0.013 0.697
vn -0.947 0.008 0.321
vn 0.101 0.031 0.994
vn 0.554 -0.052 0.831
vn -0.182 0.032 0.983
vn 0.814 -0.143 0.563
vn 0.899 -0.193 0.394
vn 0.962 -0.256 0.092
vn 0.950 -0.236 -0.202
vn -0.486 0.025 0.874
vn 0.893 -0.193 -0.407
vn 0.248 -0.077 -0.966
vn 0.819 -0.192 -0.540
vn 0.238 0.136 0.962
vn -0.646 -0.044 -0.762
vn -0.505 -0.028 -0.863
vn -0.999 0.002 -0.046
vn -0.848 0.018 -0.530
vn -0.741 0.098 0.665
vn -0.924 0.088 0.373
vn -0.078 0.161 0.984
vn 0.576 0.043 0.816
vn -0.392 0.141 0.909
vn 0.809 -0.072 0.584
vn 0.895 -0.116 0.430
vn 0.975 -0.175 0.135
vn 0.985 -0.173 -0.017
vn -0.637 0.107 0.763
vn 0.940 -0.174 -0.294
vn -0.008 0.307 0.952
vn -0.804 0.193 0.562
vn -0.944 0.134 0.302
vn -0.325 0.287 0.901
vn 0.432 0.273 0.860
vn -0.534 0.237 0.811
vn 0.819 0.075 0.569
vn -0.682 0.237 0.692
vn -0.611 0.763 0.210
vn 0.650 0.711 0.268
vn 0.949 -0.282 0.142
vn -0.926 -0.172 -0.335
vn 0.336 0.851 0.404
vn 0.872 0.032 0.488
vn -0.940 0.295 0.170
vn -0.202 0.800 0.565
vn 0.654 0.595 0.467
vn -0.825 0.501 0.262
vn -0.155 0.872 0.464
vn -0.267 0.725 0.635
vn 0.940 -0.202 0.275
vn -0.997 0.054 0.063
vn -0.424 0.845 0.327
vn 0.482 0.786 0.387
vn 0.472 0.827 0.304
vn -0.520 0.829 0.205
vn -0.995 -0.080 -0.057
vn 0.999 -0.043 -0.029
vn 0.577 0.786 0.223
vn -0.922 -0.143 -0.359
vn -0.585 0.805 0.102
vn 0.953 -0.157 -0.258
vn 0.524 0.811 0.262
vn -0.958 -0.127 -0.257
vn -0.544 0.838 0.046
vn 0.916 -0.138 -0.378
vn 0.896 0.190 0.400
vn -0.492 0.795 0.355
vn -0.991 0.019 0.134
vn 0.257 0.826 0.501
vn 0.534 -0.841 -0.091
vn 0.177 -0.593 0.786
vn 0.069 -0.241 0.968
vn 0.302 -0.925 0.231
vn 0.306 -0.952 0.022
vn 0.458 -0.792 -0.403
vn 0.424 -0.852 -0.309
vn 0.380 -0.691 0.615
vn -0.425 -0.841 -0.335
vn -0.380 -0.828 -0.412
vn -0.464 -0.734 0.496
vn -0.409 -0.166 0.897
vn -0.423 -0.893 -0.155
vn -0.472 -0.881 0.027
vn -0.370 -0.916 -0.157
vn -0.583 -0.504 0.637
vn 0.142 0.894 0.426
vn -0.123 0.924 0.362
vn -0.028 0.968 0.251
vn -0.096 0.897 0.432
vn 0.008 0.680 0.733
vn -0.132 0.607 0.783
vn 0.968 0.149 0.204
vn -0.946 0.298 -0.124
vn 0.784 0.548 0.291
vn -0.691 0.691 0.211
vn 0.265 0.883 0.387
vn -0.638 0.749 0.182
vn 0.861 0.412 0.298
vn -0.945 0.314 -0.089
vn 0.823 0.531 0.202
vn -0.922 0.371 0.107
vn 0.940 0.342 -0.008
vn -0.909 0.358 -0.212
vn 0.919 0.383 -0.090
vn -0.914 0.353 -0.199
vn -0.919 0.372 0.130
vn 0.724 0.574 0.383
vn -0.136 0.962 0.238
vn -0.005 0.962 0.274
vn 0.808 -0.586 0.060
vn -0.823 -0.276 0.497
vn 0.577 0.056 0.815
vn -0.647 -0.706 -0.286
vn 0.704 -0.680 0.206
vn 0.743 -0.668 -0.039
vn 0.767 -0.539 -0.348
vn 0.718 -0.572 -0.396
vn -0.786 -0.497 0.368
vn 0.518 -0.498 0.695
vn 0.714 -0.476 0.514
vn -0.606 -0.706 -0.367
vn -0.591 -0.687 -0.423
vn -0.721 -0.027 0.693
vn -0.727 -0.671 -0.147
vn -0.867 -0.498 0.004
vn 0.082 0.660 0.747
vn -0.165 0.709 0.685
vn 0.184 0.792 0.582
vn 0.931 0.167 0.325
vn -0.892 0.357 0.279
vn -0.114 0.883 0.456
vn 0.756 0.552 0.351
vn -0.754 0.573 0.322
vn -0.029 0.731 0.682
vn 0.090 0.746 0.660
vn 0.999 0.028 0.028
vn -0.997 0.005 -0.076
vn -0.588 0.711 0.385
vn 0.059 0.826 0.561
vn 0.959 0.167 0.228
vn -0.551 0.813 0.189
vn -0.993 0.027 0.116
vn 0.149 0.888 0.434
vn 0.288 -0.410 0.866
vn 0.286 0.149 0.947
vn 0.397 -0.918 0.021
vn 0.627 -0.688 0.366
vn -0.454 -0.802 0.389
vn -0.303 0.053 0.951
vn -0.508 -0.862 -0.003
vn -0.590 -0.376 0.714
vn 0.261 0.914 0.310
vn -0.287 0.904 0.317
vn -0.055 0.863 0.502
vn 0.118 0.790 0.602
vn 0.080 0.497 0.864
vn 0.005 0.666 0.746
vn -0.999 -0.040 -0.023
vn 0.484 0.814 0.322
vn -0.508 0.794 0.334
vn 1.000 -0.006 -0.018
vn 0.249 -0.932 -0.263
vn -0.475 -0.844 -0.248
vn 0.743 0.529 0.410
vn -0.702 0.659 0.269
vn 0.183 0.880 0.439
vn -0.281 0.795 0.537
vn 0.908 0.382 0.173
vn -0.935 0.354 0.008
vn -0.915 0.389 0.109
vn 0.632 0.612 0.476
vn -0.219 0.910 0.353
vn 0.177 0.933 0.312
vn -0.938 0.334 0.092
vn 0.947 0.320 0.031
vn -0.901 -0.071 0.429
vn 0.758 0.222 0.613
vn 0.912 -0.411 0.025
vn -0.826 -0.500 0.261
vn 0.833 -0.178 0.523
vn 0.948 -0.223 0.229
vn -0.749 0.163 0.642
vn -0.851 -0.523 -0.047
vn 0.279 0.806 0.522
vn -0.266 0.601 0.754
vn 0.840 -0.511 -0.182
vn -0.881 -0.446 -0.155
vn -0.295 -0.143 0.945
vn -0.488 -0.134 0.863
vn -0.570 -0.171 0.803
vn -0.585 -0.279 0.761
vn -0.623 -0.320 0.714
vn -0.000 -0.231 0.973
vn -0.670 -0.393 0.629
vn -0.638 -0.458 0.619
vn -0.522 -0.573 0.632
vn -0.278 -0.664 0.695
vn -0.797 -0.305 0.521
vn -0.783 -0.361 0.507
vn -0.000 -0.732 0.681
vn -0.728 -0.374 0.575
vn -0.649 -0.315 0.692
vn 0.000 -0.543 0.840
vn -0.641 -0.313 0.701
vn -0.317 -0.379 0.870
vn -0.540 -0.359 0.761
vn -0.724 -0.338 0.602
vn -0.671 -0.328 0.665
vn -0.254 -0.768 0.587
vn -0.485 -0.693 0.533
vn -0.615 -0.599 0.513
vn -0.695 -0.539 0.476
vn -0.767 -0.469 0.438
vn 0.000 -0.833 0.553
vn -0.800 -0.415 0.433
vn -0.804 -0.373 0.463
vn -0.218 -0.890 0.401
vn -0.422 -0.826 0.374
vn -0.583 -0.737 0.341
vn -0.671 -0.668 0.322
vn -0.746 -0.577 0.332
vn -0.000 -0.949 0.317
vn -0.794 -0.520 0.315
vn -0.854 -0.399 0.334
vn -0.887 -0.329 0.324
vn -0.602 0.758 0.252
vn 0.566 0.739 0.365
vn 0.955 -0.137 0.262
vn -0.957 -0.240 -0.165
vn 0.507 -0.858 0.084
vn -0.265 -0.962 0.064
vn 0.901 0.302 0.311
vn -0.972 0.234 0.037
vn 0.840 -0.509 0.189
vn -0.628 -0.775 0.073
vn -0.459 0.807 0.371
vn 0.560 0.727 0.399
vn 0.972 -0.145 0.183
vn -0.987 -0.078 0.138
vn 0.530 -0.837 0.135
vn 0.050 -0.968 0.247
vn 0.918 0.279 0.282
vn -0.904 0.294 0.312
vn 0.861 -0.489 0.140
vn -0.410 -0.751 0.518
vn -0.210 0.904 0.372
vn 0.736 0.677 0.003
vn 0.998 -0.062 -0.018
vn -0.796 0.056 0.603
vn 0.399 -0.892 0.212
vn 0.021 -0.977 0.211
vn 0.940 0.331 -0.080
vn -0.324 0.645 0.692
vn 0.868 -0.467 0.167
vn -0.488 -0.521 0.701
vn -0.682 0.614 0.396
vn 0.627 0.708 0.325
vn 0.998 -0.068 0.001
vn -0.993 -0.114 -0.038
vn 0.381 -0.922 0.066
vn -0.467 -0.878 -0.104
vn 0.965 0.210 0.154
vn -0.951 0.256 0.174
vn 0.808 -0.589 -0.015
vn -0.809 -0.557 -0.187
vn -0.724 0.686 0.081
vn 0.624 0.781 0.036
vn 1.000 0.024 -0.018
vn -0.973 -0.104 -0.205
vn 0.443 -0.895 0.058
vn -0.483 -0.875 -0.034
vn 0.961 0.276 0.021
vn -0.955 0.232 -0.183
vn 0.888 -0.458 0.038
vn -0.801 -0.564 -0.201
vn -0.712 0.687 -0.143
vn 0.497 0.867 0.029
vn 0.962 0.044 0.271
vn -0.976 -0.069 -0.207
vn 0.398 -0.871 0.288
vn -0.423 -0.885 0.195
vn 0.923 0.381 0.048
vn -0.957 0.247 -0.153
vn 0.772 -0.526 0.357
vn -0.868 -0.496 0.028
vn -0.810 0.587 -0.009
vn 0.226 0.964 0.139
vn 0.914 0.161 0.372
vn -0.993 -0.073 -0.089
vn 0.164 -0.916 0.367
vn -0.341 -0.906 0.250
vn 0.801 0.543 0.250
vn -0.967 0.230 -0.106
vn 0.807 -0.375 0.456
vn -0.782 -0.610 0.126
vn -0.297 -0.936 -0.189
vn -0.707 -0.679 -0.200
vn -0.990 -0.139 -0.009
vn -0.777 0.588 0.224
vn -0.155 -0.442 -0.884
vn 0.528 -0.829 -0.183
vn 0.399 0.818 0.413
vn 0.938 0.311 0.157
vn 0.994 -0.016 0.104
vn -0.939 0.318 0.129
vn 0.927 -0.373 -0.051
vn -0.556 0.761 0.334
vn 0.101 0.931 0.350
vn 0.903 0.130 0.409
vn -0.998 -0.057 0.003
vn 0.069 -0.035 -0.997
vn 0.127 -0.935 0.330
vn -0.562 -0.822 0.086
vn 0.673 0.624 0.398
vn -0.944 0.263 0.201
vn 0.781 -0.467 0.416
vn -0.865 -0.502 0.001
vn -0.255 0.904 0.343
vn -0.042 0.898 0.438
vn 0.762 -0.032 0.646
vn -0.855 0.122 0.505
vn 0.041 0.153 -0.987
vn -0.082 -0.970 0.227
vn -0.181 -0.915 0.361
vn 0.659 0.535 0.528
vn -0.529 0.578 0.622
vn 0.408 -0.689 0.599
vn -0.634 -0.584 0.507
vn 0.425 0.753 0.503
vn 0.937 0.101 0.334
vn -0.933 0.150 0.328
vn -0.083 0.738 0.669
vn 0.847 0.481 0.227
vn -0.873 0.386 0.297
vn -0.101 0.701 0.706
vn 0.162 0.849 0.503
vn 0.998 -0.060 0.012
vn -0.983 -0.179 0.031
vn -0.653 0.725 0.219
vn 0.681 0.727 0.088
vn 0.976 0.097 0.194
vn -0.655 0.716 0.240
vn -0.956 -0.127 0.265
vn 0.352 0.762 0.543
vn 0.417 -0.400 0.816
vn 0.489 -0.098 0.867
vn 0.435 -0.876 0.210
vn 0.561 -0.662 0.497
vn -0.441 -0.728 0.524
vn -0.408 -0.009 0.913
vn -0.480 -0.849 0.221
vn -0.602 -0.346 0.719
vn 0.278 0.946 0.169
vn -0.071 0.991 0.114
vn -0.024 0.925 0.380
vn -0.090 0.813 0.575
vn 0.307 0.685 0.660
vn -0.068 0.618 0.783
vn -0.988 -0.136 -0.072
vn 0.797 0.578 0.177
vn -0.583 0.754 0.303
vn 0.991 -0.072 -0.109
vn 0.380 -0.910 -0.166
vn -0.536 -0.823 -0.191
vn 0.875 0.416 0.248
vn -0.741 0.579 0.340
vn 0.527 0.831 0.178
vn -0.822 0.538 0.185
vn 0.955 0.294 -0.032
vn -0.967 0.244 0.077
vn -0.957 0.239 0.162
vn 0.877 0.448 0.177
vn -0.109 0.985 0.135
vn 0.057 0.987 0.151
vn -0.962 0.262 0.072
vn 0.955 0.297 0.018
vn -0.819 -0.172 0.547
vn 0.762 0.054 0.645
vn 0.810 -0.570 0.140
vn -0.763 -0.503 0.407
vn 0.706 -0.269 0.656
vn 0.805 -0.452 0.385
vn -0.698 0.096 0.709
vn -0.835 -0.543 0.093
vn 0.284 0.846 0.452
vn -0.152 0.899 0.412
vn 0.792 -0.583 -0.179
vn -0.908 -0.410 -0.087
vn -0.655 0.718 0.236
vn 0.706 0.652 0.275
vn 0.996 -0.091 -0.007
vn -0.992 -0.114 0.060
vn 0.436 -0.850 -0.296
vn -0.398 -0.891 -0.218
vn 0.983 0.160 0.093
vn -0.969 0.210 0.133
vn 0.805 -0.574 -0.151
vn -0.894 -0.448 -0.030
vn -0.675 0.735 0.068
vn 0.731 0.682 -0.009
vn 0.995 -0.034 -0.094
vn -0.995 -0.092 -0.030
vn 0.487 -0.811 -0.323
vn -0.309 -0.940 -0.143
vn 0.974 0.227 0.010
vn -0.968 0.244 -0.061
vn 0.859 -0.506 -0.081
vn -0.845 -0.523 -0.114
vn -0.691 0.721 -0.039
vn 0.768 0.640 0.030
vn 0.999 -0.003 0.036
vn -0.993 0.005 -0.120
vn 0.400 -0.903 0.155
vn -0.329 -0.940 0.086
vn 0.963 0.266 -0.039
vn -0.933 0.342 -0.114
vn 0.763 -0.625 0.165
vn -0.876 -0.478 -0.068
vn -0.789 0.613 -0.052
vn 0.562 0.816 0.136
vn 0.985 0.054 0.163
vn -0.994 -0.106 -0.032
vn 0.348 -0.896 0.275
vn -0.379 -0.904 0.199
vn 0.933 0.338 0.125
vn -0.968 0.238 -0.083
vn 0.911 -0.384 0.150
vn -0.772 -0.633 0.047
vn -0.418 -0.842 -0.341
vn -0.810 -0.562 -0.166
vn -0.990 -0.133 -0.039
vn -0.777 0.558 0.292
vn 0.488 -0.823 -0.291
vn 0.598 0.688 0.410
vn 0.951 0.273 0.143
vn 0.997 -0.060 -0.052
vn -0.977 0.197 0.080
vn 0.895 -0.409 -0.177
vn -0.659 0.722 0.212
vn 0.260 0.898 0.354
vn 0.926 0.120 0.357
vn -0.996 0.009 0.087
vn 0.536 -0.788 0.301
vn -0.416 -0.892 0.178
vn 0.747 0.511 0.425
vn -0.921 0.363 0.140
vn 0.881 -0.454 0.129
vn -0.833 -0.529 0.161
vn -0.326 0.891 0.316
vn -0.156 0.908 0.388
vn 0.353 0.030 0.935
vn -0.969 0.155 0.194
vn 0.291 -0.899 0.328
vn -0.100 -0.968 0.230
vn 0.171 0.614 0.770
vn -0.636 0.601 0.485
vn 0.545 -0.621 0.563
vn -0.871 -0.417 0.260
vn 0.509 0.715 0.480
vn 0.943 0.129 0.305
vn -0.815 0.489 0.312
vn -0.255 0.803 0.539
vn 0.794 0.553 0.253
vn -0.565 0.731 0.382
vn -0.164 0.701 0.694
vn 0.252 0.718 0.649
vn 0.993 -0.118 -0.023
vn -1.000 0.028 -0.006
vn -0.591 0.729 0.346
vn 0.580 0.770 0.266
vn 0.971 0.040 0.238
vn -0.551 0.776 0.307
vn -0.975 0.172 0.140
vn 0.464 0.796 0.389
vn 0.178 -0.231 0.957
vn 0.215 0.281 0.936
vn 0.461 -0.877 0.137
vn 0.597 -0.628 0.499
vn -0.519 -0.659 0.545
vn -0.234 0.204 0.951
vn -0.630 -0.772 0.083
vn -0.540 -0.152 0.828
vn 0.149 0.959 0.240
vn -0.125 0.958 0.258
vn -0.103 0.938 0.332
vn 0.178 0.773 0.609
vn 0.103 0.687 0.719
vn -0.120 0.537 0.835
vn -0.991 0.080 -0.107
vn 0.708 0.675 0.205
vn -0.532 0.799 0.278
vn 0.990 -0.058 -0.129
vn 0.226 -0.940 -0.254
vn -0.665 -0.737 -0.119
vn 0.868 0.394 0.304
vn -0.579 0.746 0.327
vn 0.417 0.851 0.320
vn -0.286 0.899 0.331
vn 0.961 0.278 0.003
vn -0.932 0.344 0.115
vn -0.872 0.460 0.168
vn 0.815 0.468 0.342
vn -0.111 0.920 0.377
vn 0.181 0.946 0.269
vn -0.913 0.406 0.032
vn 0.967 0.247 -0.068
vn -0.842 0.242 0.483
vn 0.679 0.358 0.641
vn 0.895 -0.439 0.076
vn -0.918 -0.250 0.309
vn 0.764 -0.146 0.629
vn 0.884 -0.345 0.316
vn -0.676 0.399 0.619
vn -0.941 -0.339 0.020
vn 0.140 0.906 0.399
vn -0.227 0.870 0.438
vn 0.868 -0.469 -0.164
vn -0.971 -0.225 -0.077
vn -0.582 0.699 0.416
vn 0.705 0.630 0.326
vn 0.992 -0.094 0.080
vn -0.986 0.032 0.162
vn 0.443 -0.877 -0.183
vn -0.749 -0.653 -0.109
vn 0.986 0.134 0.100
vn -0.945 0.263 0.192
vn 0.808 -0.574 -0.133
vn -0.951 -0.306 0.040
vn -0.698 0.706 0.118
vn 0.685 0.728 0.039
vn 0.996 -0.023 -0.084
vn -0.985 0.060 0.163
vn 0.531 -0.848 -0.013
vn -0.710 -0.701 -0.064
vn 0.984 0.177 0.018
vn -0.948 0.319 0.008
vn 0.844 -0.528 0.089
vn -0.920 -0.390 0.051
vn -0.684 0.728 -0.041
vn 0.672 0.741 0.008
vn 0.995 -0.062 -0.082
vn -0.987 0.160 -0.011
vn 0.446 -0.868 0.218
vn -0.642 -0.766 0.031
vn 0.980 0.197 -0.023
vn -0.910 0.413 -0.025
vn 0.810 -0.566 0.152
vn -0.924 -0.382 -0.025
vn -0.806 0.592 0.008
vn 0.338 0.928 0.155
vn 1.000 0.010 0.007
vn -0.998 0.051 -0.046
vn 0.244 -0.955 0.172
vn -0.503 -0.825 0.258
vn 0.928 0.361 0.092
vn -0.930 0.368 0.002
vn 0.929 -0.363 0.077
vn -0.888 -0.455 0.067
vn -0.646 -0.739 -0.192
vn -0.923 -0.371 -0.102
vn -0.998 0.014 0.057
vn -0.711 0.655 0.255
vn 0.454 -0.873 -0.179
vn 0.518 0.782 0.346
vn 0.971 0.235 0.045
vn 0.999 -0.043 0.012
vn -0.975 0.215 0.063
vn 0.930 -0.363 -0.067
vn -0.701 0.644 0.307
vn 0.401 0.872 0.282
vn 0.819 0.083 0.568
vn -1.000 -0.022 0.009
vn 0.358 -0.823 0.440
vn -0.539 -0.835 0.112
vn 0.842 0.473 0.260
vn -0.928 0.339 0.152
vn 0.773 -0.505 0.384
vn -0.895 -0.432 0.105
vn -0.317 0.928 0.194
vn -0.148 0.920 0.362
vn -0.323 0.101 0.941
vn -0.879 0.191 0.437
vn -0.105 -0.955 0.276
vn -0.267 -0.931 0.248
vn -0.240 0.588 0.773
vn -0.635 0.509 0.581
vn 0.115 -0.693 0.711
vn -0.762 -0.444 0.471
vn 0.935 0.330 0.128
vn -0.946 0.322 0.051
vn 0.774 -0.604 0.190
vn -0.694 -0.713 0.100
vn 0.547 0.796 0.258
vn -0.811 0.576 0.100
vn 0.989 -0.092 0.117
vn -0.998 -0.070 0.011
vn 0.865 0.373 0.336
vn -0.927 0.280 0.250
vn 0.338 -0.706 0.622
vn -0.598 -0.794 0.108
vn 0.534 0.807 0.251
vn -0.758 0.608 0.236
vn 0.868 -0.089 0.489
vn -0.963 -0.229 0.144
vn 0.045 0.560 0.827
vn -0.934 0.351 0.063
vn -0.094 -0.858 0.506
vn -0.657 -0.734 0.171
vn -0.144 0.976 0.163
vn -0.744 0.667 0.035
vn 0.008 -0.196 0.981
vn -0.963 -0.222 0.153
vn 0.044 0.903 0.428
vn -0.049 -0.151 0.987
vn -0.202 -0.572 0.795
vn -0.050 -0.838 0.544
vn -0.111 -0.989 0.103
vn -0.129 -0.991 -0.037
vn -0.098 -0.970 -0.223
vn -0.039 -0.894 -0.447
vn 0.084 -0.990 -0.111
vn 0.087 -0.996 -0.003
vn 0.173 -0.981 0.087
vn 0.191 -0.964 0.183
vn -0.124 0.969 0.214
vn -0.052 0.937 0.346
vn -0.106 0.904 0.414
vn -0.014 0.679 0.734
vn -0.041 0.780 0.624
vn -0.136 0.848 0.513
vn -0.134 0.639 0.758
vn -0.026 0.720 0.693
vn -0.014 0.945 0.327
vn -0.008 0.966 0.260
vn 0.001 0.929 0.370
vn 0.242 0.959 0.148
vn 0.018 0.900 0.436
vn -0.110 0.950 0.291
vn 0.112 0.941 0.320
vn -0.159 0.933 0.324
vn 0.246 0.881 0.404
vn 0.650 0.723 0.233
vn -0.271 0.819 0.506
vn -0.163 0.841 0.516
vn -0.515 0.778 0.360
vn -0.585 0.728 0.358
vn -0.746 0.664 0.056
vn -0.620 0.769 0.159
vn -0.525 0.811 0.258
vn -0.913 0.405 -0.041
vn -0.993 -0.060 -0.101
vn -0.441 0.826 0.350
vn -0.464 0.779 0.422
vn -0.370 0.799 0.474
vn -0.127 0.851 0.510
vn 0.038 0.877 0.479
vn 0.467 0.825 0.318
vn 0.798 0.586 0.139
vn -0.272 0.822 0.500
vn -0.048 0.854 0.519
vn -0.610 0.695 0.381
vn -0.619 0.670 0.409
vn -0.795 0.605 0.046
vn -0.761 0.639 0.117
vn -0.732 0.651 0.202
vn -0.911 0.409 -0.055
vn -0.982 0.035 -0.183
vn -0.663 0.683 0.308
vn -0.495 0.740 0.455
vn -0.403 0.784 0.473
vn 0.025 0.888 0.460
vn 0.214 0.892 0.398
vn -0.112 -0.761 -0.639
vn 0.700 0.688 0.191
vn 0.834 0.547 0.079
vn -0.204 0.827 0.524
vn 0.214 0.821 0.530
vn -0.122 -0.923 -0.365
vn -0.723 0.579 0.376
vn -0.618 0.663 0.423
vn -0.918 0.395 0.037
vn -0.846 0.478 0.235
vn -0.977 0.075 -0.197
vn -0.823 0.483 0.300
vn -0.478 0.741 0.472
vn -0.342 0.794 0.503
vn 0.399 0.801 0.447
vn 0.533 0.784 0.317
vn 0.905 0.393 0.160
vn -0.074 0.796 0.601
vn 0.430 0.651 0.626
vn -0.644 0.613 0.458
vn -0.521 0.679 0.517
vn -0.981 -0.050 -0.187
vn -0.882 -0.011 -0.471
vn -0.923 0.314 0.223
vn -0.952 0.282 -0.116
vn -0.982 0.078 -0.171
vn -0.797 0.460 0.391
vn -0.376 0.743 0.554
vn -0.287 0.767 0.574
vn 0.720 0.540 0.437
vn 0.794 0.531 0.296
vn 0.768 0.628 0.129
vn 0.938 0.345 0.029
vn 0.911 -0.291 -0.291
vn 0.987 0.013 -0.159
vn 0.832 0.550 0.067
vn 0.963 0.229 -0.143
vn 0.756 -0.476 -0.449
vn 0.948 -0.136 -0.288
vn 0.931 0.365 0.019
vn 0.977 0.188 -0.099
vn 0.843 -0.459 -0.280
vn 0.957 -0.162 -0.240
vn 0.995 -0.075 -0.066
vn 0.895 -0.446 0.013
vn 0.957 -0.283 -0.060
vn -0.771 -0.620 -0.144
vn -0.027 -0.999 -0.036
vn -0.396 -0.907 -0.141
vn -0.202 -0.978 -0.059
vn -0.890 -0.385 -0.244
vn -0.206 -0.967 -0.148
vn -0.630 -0.750 -0.201
vn -0.500 -0.850 -0.166
vn -0.980 -0.024 -0.200
vn -0.468 -0.876 -0.120
vn -0.922 -0.324 -0.212
vn -0.753 -0.635 -0.172
vn -0.981 0.021 -0.194
vn -0.747 -0.649 -0.142
vn -0.980 -0.080 -0.185
vn -0.942 -0.281 -0.184
vn 0.143 -0.936 -0.321
vn -0.024 -0.976 -0.218
vn -0.067 -0.987 -0.149
vn 0.081 -0.983 -0.164
vn 0.104 -0.990 -0.090
vn 0.089 -0.996 -0.027
vn 0.170 -0.983 -0.066
vn 0.380 -0.826 -0.416
vn -0.980 0.193 -0.039
vn 0.330 -0.944 -0.016
vn 0.256 -0.967 0.001
vn 0.274 -0.961 0.045
vn 0.225 -0.974 0.002
vn 0.605 -0.779 -0.164
vn 0.240 -0.901 -0.362
vn 0.187 -0.947 -0.260
vn 0.092 -0.974 -0.207
vn 0.235 -0.965 -0.118
vn 0.282 -0.953 -0.113
vn 0.463 -0.780 -0.420
vn -0.561 -0.795 -0.232
vn -0.901 -0.271 -0.339
vn -0.931 -0.081 -0.355
vn -0.773 -0.570 -0.280
vn 0.969 -0.098 -0.226
vn 0.861 -0.440 -0.255
vn 0.524 -0.843 -0.123
vn 0.997 -0.072 -0.029
vn 0.941 -0.338 0.034
vn 0.685 -0.715 0.142
vn 0.986 -0.157 0.065
vn 0.890 -0.437 0.132
vn 0.578 -0.319 -0.751
vn -0.403 -0.833 -0.379
vn -0.525 -0.623 -0.580
vn -0.600 -0.377 -0.706
vn 0.095 -0.937 -0.337
vn 0.246 -0.794 -0.556
vn -0.746 -0.463 -0.479
vn -0.813 -0.209 -0.544
vn -0.617 -0.680 -0.397
vn 0.991 -0.131 0.011
vn 0.918 0.393 0.052
vn 0.993 0.119 -0.004
vn -0.753 0.226 -0.618
vn -0.717 0.188 -0.671
vn -0.742 0.315 -0.591
vn -0.744 0.116 -0.658
vn -0.704 -0.046 -0.709
vn -0.882 0.176 -0.437
vn 0.988 -0.052 0.143
vn -0.831 0.148 -0.536
vn -0.888 0.064 -0.455
vn -0.893 0.017 -0.450
vn -0.925 0.042 -0.378
vn 0.717 -0.686 0.125
vn -0.949 0.017 -0.314
vn -0.956 0.015 -0.293
vn 0.963 0.202 0.181
vn 0.997 -0.068 -0.033
vn 0.998 0.039 -0.048
vn 0.995 0.104 0.010
vn 0.979 0.171 0.110
vn 0.987 0.054 -0.153
vn 0.998 -0.002 -0.058
vn 0.994 0.080 -0.071
vn 0.983 0.078 -0.164
vn 0.991 0.066 -0.120
vn 0.925 0.092 -0.367
vn 0.940 0.078 -0.334
vn 0.958 0.067 -0.278
vn 0.950 0.193 -0.246
vn 0.945 0.152 -0.289
vn -0.134 0.307 -0.942
vn 0.758 0.245 -0.605
vn 0.728 0.241 -0.641
vn 0.608 0.003 -0.794
vn 0.754 0.219 -0.619
vn 0.811 0.175 -0.558
vn -0.019 0.232 -0.973
vn 0.896 0.047 0.441
vn -0.889 0.109 -0.445
vn -0.682 0.030 -0.731
vn -0.635 0.081 -0.768
vn 0.776 -0.227 -0.588
vn 0.929 -0.182 -0.322
vn -0.108 -0.033 -0.994
vn 0.998 -0.059 -0.029
vn -0.675 0.060 -0.735
vn -0.669 0.461 0.583
vn 0.001 0.600 0.800
vn 0.004 0.266 -0.964
vn -0.935 0.206 0.288
vn -0.993 0.116 0.017
vn 0.992 0.112 -0.057
vn 0.053 0.227 -0.972
vn -0.840 0.167 -0.517
vn -0.677 0.092 -0.730
vn -0.684 0.131 -0.717
vn 0.808 0.032 -0.588
vn -0.989 0.057 -0.140
vn 0.815 0.313 0.487
vn 0.675 0.353 0.648
vn 0.980 0.101 0.173
vn -0.202 0.550 0.810
vn -0.411 0.507 0.758
vn -0.576 0.411 0.707
vn 0.930 -0.036 -0.366
vn -0.810 0.332 0.485
vn -0.960 0.276 0.042
vn 0.090 -0.996 -0.015
vn -0.877 -0.100 -0.469
vn 0.902 -0.383 0.196
vn 0.941 -0.282 0.187
vn 0.952 -0.247 0.178
vn 0.968 -0.188 0.166
vn 0.976 -0.155 0.151
vn 0.966 -0.158 0.207
vn 0.968 -0.202 0.149
vn 0.930 -0.304 0.208
vn 0.943 -0.321 0.092
vn 0.945 -0.286 0.156
vn 0.898 -0.306 0.318
vn 0.844 -0.291 0.451
vn 0.801 -0.294 0.522
vn 0.851 -0.246 0.465
vn 0.836 -0.369 0.406
vn 0.873 -0.328 0.362
vn 0.906 -0.173 0.387
vn 0.912 -0.043 0.408
vn 0.914 -0.029 0.405
vn 0.934 -0.096 0.344
vn 0.939 -0.179 0.296
vn 0.931 -0.244 0.272
vn 0.924 -0.267 0.273
vn -1.000 -0.013 0.000
vn 0.939 -0.231 0.257
vn 0.949 -0.133 0.287
vn -0.694 -0.715 -0.080
vn -0.896 -0.421 -0.143
vn -0.971 -0.171 -0.168
vn -0.984 0.012 -0.179
vn -0.983 0.026 -0.181
vn 0.972 -0.233 0.011
vn 0.928 -0.369 0.056
vn 0.988 -0.154 -0.010
vn 0.997 -0.077 -0.011
vn 0.989 0.144 0.033
vn 0.973 0.216 0.080
vn 0.902 0.328 0.282
vn 0.937 0.306 0.169
vn 0.000 -1.000 -0.028
vn 0.939 0.043 0.341
vn 0.913 0.224 0.342
vn -0.991 0.133 -0.014
vn -0.013 -0.995 -0.103
vn 0.203 -0.976 -0.076
vn -0.972 -0.064 -0.228
vn -0.993 -0.026 -0.117
vn -0.882 0.431 0.190
vn -0.981 0.139 0.137
vn -0.977 -0.033 -0.212
vn -0.980 -0.097 -0.172
vn -0.977 0.002 -0.214
vn -0.971 0.004 -0.240
vn -0.967 -0.123 -0.224
vn -0.882 -0.439 -0.171
vn -0.624 -0.769 -0.137
vn -0.256 -0.964 -0.073
vn -0.064 -0.997 -0.049
vn -0.412 -0.910 -0.053
vn -0.017 -0.999 0.046
vn 0.632 -0.771 0.079
vn -0.220 -0.975 -0.009
vn -0.111 -0.985 -0.135
vn 0.386 -0.921 0.042
vn 0.605 -0.766 0.217
vn -0.234 -0.956 -0.175
vn 0.038 -0.996 -0.087
vn -0.379 -0.905 -0.193
vn 0.636 -0.757 0.153
vn -0.067 -0.998 0.013
vn 0.071 -0.992 0.106
vn 0.539 -0.820 0.192
vn -0.410 -0.908 -0.085
vn -0.145 -0.989 -0.030
vn -0.288 -0.954 -0.084
vn -0.273 -0.962 0.024
vn -0.416 -0.909 -0.025
vn 0.158 -0.967 0.198
vn -0.011 -0.992 0.123
vn -0.128 -0.990 0.065
vn 0.364 -0.904 0.223
vn 0.411 -0.893 0.183
vn 0.044 0.875 0.482
vn 0.030 0.866 0.499
vn -0.029 0.929 0.370
vn -0.017 -0.835 0.550
vn -0.085 -0.969 0.234
vn -0.142 -0.456 0.878
vn -0.191 -0.968 -0.163
vn -0.044 -0.991 -0.126
vn -0.099 -0.986 -0.133
vn 0.040 0.942 0.333
vn -0.094 -0.961 -0.260
vn -0.060 -0.981 -0.185
vn -0.026 -1.000 0.003
vn -0.047 -0.999 0.026
vn -0.079 -0.447 0.891
vn 0.027 -0.895 0.446
vn -0.091 -0.996 0.006
vn -0.175 -0.979 0.106
vn -0.025 0.926 0.377
vn 0.092 0.869 0.487
vn -0.084 0.900 0.427
vn -0.120 0.971 0.206
vn -0.053 0.998 0.020
vn -0.112 -0.777 0.620
vn -0.134 -0.225 0.965
vn -0.021 -0.985 0.172
vn -0.268 0.919 0.290
vn -0.209 0.952 0.224
vn -0.284 0.958 0.033
vn -0.326 0.882 0.341
vn -0.174 0.955 0.239
vn -0.158 -0.976 0.153
vn 0.030 0.999 0.041
vn -0.089 0.889 0.450
vn -0.007 0.886 0.463
vn 0.126 0.936 0.329
vn -0.413 0.908 0.074
vn -0.043 0.154 0.987
vn -0.018 0.999 -0.035
vn -0.098 0.986 0.132
vn -0.124 0.920 0.372
vn -0.092 0.888 0.450
vn 0.056 0.850 0.523
vn 0.040 0.751 0.659
vn 0.060 0.839 0.540
vn -0.007 0.949 0.316
vn -0.312 -0.923 0.225
vn -0.250 -0.950 0.187
vn -0.166 -0.986 0.001
vn 0.154 0.753 0.640
vn -0.137 0.931 0.338
vn -0.152 0.934 0.325
vn -0.250 0.965 0.083
vn 0.002 -0.985 -0.172
vn 0.004 0.682 0.731
vn -0.003 0.946 0.325
vn -0.009 0.953 0.302
vn -0.172 0.970 0.173
vn -0.193 0.946 0.259
vn -0.190 0.897 0.400
vn 0.078 0.946 0.314
vn -0.029 0.763 0.645
vn -0.059 0.487 0.871
vn 0.013 0.168 0.986
vn -0.058 -0.974 0.219
vn -0.063 -0.960 0.274
vn -0.127 -0.970 0.205
vn -0.188 -0.955 0.230
vn 0.045 0.861 0.506
vn -0.004 0.624 0.781
vn 0.125 0.826 0.550
vn 0.032 -0.952 -0.305
vn 0.006 -0.929 -0.370
vn 0.036 -0.953 -0.302
vn -0.303 0.928 0.217
vn -0.007 0.992 0.126
vn 0.084 0.714 0.695
vn 0.176 -0.031 0.984
vn -0.168 0.921 0.352
vn -0.334 0.924 0.187
vn -0.324 -0.924 0.202
vn -0.231 -0.971 -0.066
vn -0.234 -0.955 0.181
vn -0.160 -0.962 0.220
vn -0.040 -0.984 0.171
vn -0.189 -0.969 0.162
vn -0.153 -0.960 0.233
vn 0.050 0.962 0.269
vn -0.014 0.992 0.129
vn 0.013 0.916 0.401
vn 0.062 0.645 0.761
vn 0.108 0.711 0.695
vn 0.928 0.213 0.307
vn -0.825 0.486 0.289
vn 0.103 0.510 0.854
vn 0.608 0.745 0.277
vn -0.578 0.770 0.271
vn 0.075 0.973 0.216
vn 0.073 0.935 0.346
vn 0.979 -0.191 0.074
vn -0.962 0.175 0.212
vn -0.426 0.664 0.614
vn 0.484 0.732 0.479
vn 0.923 0.146 0.357
vn -0.330 0.699 0.634
vn -0.945 0.209 0.251
vn 0.047 0.458 0.888
vn 0.389 -0.455 0.801
vn 0.244 0.526 0.815
vn 0.420 -0.879 0.226
vn 0.566 -0.714 0.412
vn -0.552 -0.707 0.442
vn -0.325 0.519 0.791
vn -0.665 -0.716 0.213
vn -0.721 -0.219 0.657
vn 0.238 0.929 0.282
vn -0.074 0.920 0.385
vn 0.048 0.996 0.078
vn 0.025 0.989 0.148
vn 0.083 0.773 0.629
vn -0.073 0.802 0.593
vn -0.968 0.227 0.110
vn 0.561 0.695 0.451
vn -0.293 0.784 0.548
vn 0.981 -0.071 -0.180
vn 0.520 -0.854 -0.034
vn -0.714 -0.700 0.003
vn 0.769 0.571 0.287
vn -0.320 0.858 0.401
vn 0.541 0.817 0.200
vn -0.244 0.946 0.213
vn 0.837 0.402 0.371
vn -0.819 0.494 0.291
vn -0.816 0.500 0.291
vn 0.660 0.527 0.535
vn -0.021 0.976 0.215
vn 0.175 0.978 0.113
vn -0.819 0.469 0.330
vn 0.938 0.347 0.000
vn -0.902 0.159 0.401
vn 0.574 0.581 0.576
vn 0.816 -0.565 0.122
vn -0.916 -0.196 0.350
vn 0.779 -0.221 0.587
vn 0.831 -0.461 0.313
vn -0.538 0.584 0.608
vn -0.959 -0.201 0.200
vn 0.204 0.896 0.395
vn -0.127 0.864 0.488
vn 0.845 -0.535 -0.021
vn -0.992 -0.113 0.053
vn -0.374 0.621 0.689
vn 0.655 0.691 0.305
vn 0.985 -0.041 -0.167
vn -0.924 0.239 0.298
vn 0.481 -0.853 -0.201
vn -0.739 -0.631 -0.237
vn 0.958 0.278 -0.072
vn -0.844 0.384 0.375
vn 0.904 -0.396 -0.162
vn -0.972 -0.221 0.076
vn -0.496 0.780 0.381
vn 0.533 0.803 0.268
vn 0.988 -0.007 -0.156
vn -0.939 0.211 0.270
vn 0.518 -0.786 -0.337
vn -0.676 -0.704 -0.218
vn 0.973 0.233 0.006
vn -0.889 0.385 0.246
vn 0.943 -0.229 -0.242
vn -0.907 -0.420 -0.022
vn -0.447 0.852 0.273
vn 0.648 0.761 -0.017
vn 0.983 -0.057 -0.176
vn -0.959 0.245 0.140
vn 0.550 -0.632 -0.546
vn -0.647 -0.743 -0.174
vn 0.971 0.231 -0.058
vn -0.883 0.448 0.140
vn 0.904 -0.294 -0.311
vn -0.920 -0.393 -0.004
vn -0.669 0.737 0.098
vn 0.690 0.713 0.121
vn 0.987 -0.130 -0.096
vn -0.975 0.222 -0.014
vn 0.524 -0.836 -0.161
vn -0.537 -0.841 0.067
vn 0.968 0.242 -0.072
vn -0.877 0.479 0.021
vn 0.920 -0.377 -0.111
vn -0.912 -0.411 -0.004
vn -0.715 -0.668 -0.208
vn -0.927 -0.371 -0.051
vn -0.960 0.179 0.218
vn -0.525 0.684 0.506
vn 0.657 -0.750 -0.071
vn 0.373 0.710 0.597
vn 0.917 0.393 0.073
vn 0.979 -0.018 -0.205
vn -0.895 0.364 0.257
vn 0.922 -0.330 -0.203
vn -0.378 -0.870 -0.316
vn -0.285 -0.946 -0.155
vn -0.267 -0.957 0.113
vn 0.071 0.986 0.152
vn -0.233 -0.934 0.271
vn -0.048 0.809 0.585
vn -0.064 0.951 0.303
vn -0.007 0.951 0.310
vn -0.114 -0.872 0.476
vn -0.241 -0.513 0.824
vn -0.076 0.403 0.912
vn 0.019 0.903 0.430
vn -0.014 0.874 0.486
vn 0.068 0.949 0.309
vn -0.020 0.578 0.816
vn -0.426 -0.841 -0.335
vn -0.087 0.777 0.624
vn -0.060 0.891 0.449
vn 0.025 0.953 0.301
vn 0.101 0.993 0.065
vn 0.041 0.928 0.369
vn -0.046 0.393 0.918
vn -0.073 0.710 0.701
vn -0.338 -0.870 -0.359
vn -0.290 -0.939 -0.183
vn -0.315 0.948 -0.044
vn 0.084 -0.996 -0.016
vn -0.321 -0.947 -0.002
vn 0.985 0.128 -0.112
vn 0.931 0.361 -0.057
vn -0.925 -0.362 0.118
vn -0.955 0.293 0.052
vn -0.717 0.697 -0.009
vn 0.756 0.654 0.019
vn 0.422 0.886 0.192
vn 0.109 0.917 0.384
vn -0.106 0.904 0.414
vn -0.227 0.889 0.398
vn -0.161 0.893 0.421
vn -0.245 0.876 0.416
vn -0.307 0.862 0.403
vn -0.305 0.878 0.368
vn -0.317 0.891 0.326
vn -0.455 0.871 0.186
vn -0.327 0.920 0.215
vn -0.618 -0.761 0.198
vn -0.334 -0.919 0.209
vn 0.946 -0.316 -0.070
vn 0.494 -0.869 0.022
vn 0.149 -0.982 0.119
vn 0.001 -0.994 0.109
vn -0.082 -0.995 0.057
vn -0.108 -0.981 0.161
vn -0.104 -0.984 0.144
vn 0.025 -0.994 0.107
vn 0.103 -0.992 0.073
vn -0.098 -0.989 0.112
vn -0.095 -0.993 0.067
vn -0.349 0.921 0.172
vn -0.452 0.890 0.056
vn 0.350 -0.907 0.236
vn 0.534 -0.118 0.837
vn 0.734 -0.128 0.667
vn 0.868 -0.199 0.454
vn 0.950 -0.250 0.189
vn 0.950 -0.254 -0.181
vn 0.822 -0.227 -0.522
vn 0.655 -0.214 -0.724
vn 0.458 -0.180 -0.871
vn 0.191 -0.146 -0.971
vn -0.204 -0.083 -0.975
vn -0.542 0.002 -0.840
vn -0.745 0.057 -0.665
vn -0.913 0.086 -0.398
vn -0.982 0.097 -0.162
vn -0.992 0.102 0.073
vn -0.931 0.091 0.352
vn -0.797 0.089 0.598
vn -0.547 0.064 0.835
vn -0.244 0.030 0.969
vn 0.207 -0.083 0.975
vn -0.400 0.799 -0.449
vn -0.358 0.874 -0.330
vn -0.404 0.868 -0.290
vn -0.537 0.798 -0.272
vn -0.265 0.963 -0.043
vn -0.413 0.904 -0.110
vn -0.537 0.826 -0.170
vn -0.548 0.819 -0.170
vn -0.824 0.560 -0.085
vn -0.469 0.857 -0.213
vn -0.454 0.883 -0.116
vn -0.653 0.748 -0.119
vn -0.921 0.385 0.060
vn -0.499 0.818 0.285
vn -0.621 0.783 0.036
vn -0.786 0.556 0.271
vn -0.857 0.189 0.480
vn -0.047 0.532 0.845
vn -0.445 0.538 0.716
vn -0.632 0.478 0.610
vn 0.423 -0.478 0.770
vn 0.379 -0.355 0.854
vn 0.235 -0.054 0.971
vn 0.142 -0.965 0.222
vn 0.345 -0.924 0.165
vn 0.437 -0.132 0.890
vn 0.290 0.026 0.957
vn 0.505 -0.314 0.803
vn 0.866 -0.423 0.266
vn 0.821 -0.568 -0.054
vn 0.789 -0.614 -0.021
vn 0.713 -0.700 0.034
vn 0.631 -0.773 0.064
vn 0.135 -0.977 0.167
vn 0.955 -0.181 0.233
vn 0.355 -0.925 0.137
vn 0.957 -0.178 0.229
vn 0.956 -0.128 0.264
vn 0.984 -0.077 0.161
vn 0.953 -0.033 0.300
vn 0.984 0.026 0.175
vn 0.919 0.119 0.377
vn 0.946 0.207 0.248
vn 0.865 0.250 0.436
vn 0.868 0.358 0.345
vn 0.748 0.402 0.527
vn 0.739 0.505 0.446
vn 0.617 0.536 0.576
vn 0.614 0.616 0.493
vn 0.882 -0.427 0.200
vn 0.930 -0.302 0.211
vn 0.855 -0.214 0.473
vn 0.914 -0.151 0.376
vn 0.825 -0.051 0.562
vn 0.916 -0.042 0.400
vn 0.847 0.040 0.530
vn 0.894 0.078 0.442
vn 0.784 0.160 0.599
vn 0.832 0.217 0.511
vn 0.740 0.251 0.624
vn 0.761 0.327 0.561
vn 0.629 0.352 0.693
vn 0.592 0.444 0.673
vn 0.833 -0.508 0.219
vn 0.755 0.028 0.655
vn 0.760 0.093 0.644
vn 0.686 0.165 0.709
vn 0.613 0.277 0.740
vn 0.125 -0.976 0.180
vn 0.335 -0.916 0.223
vn 0.719 -0.650 0.245
vn 0.120 -0.784 0.609
vn 0.311 -0.727 0.612
vn 0.774 -0.482 0.410
vn 0.177 -0.307 0.935
vn 0.274 -0.301 0.913
vn 0.737 -0.216 0.641
vn 0.192 -0.217 0.957
vn 0.575 -0.122 0.809
vn 0.360 -0.228 0.905
vn 0.256 -0.013 0.966
vn 0.627 -0.064 0.776
vn 0.175 -0.313 0.933
vn 0.495 -0.128 0.859
vn 0.294 -0.253 0.922
vn 0.332 -0.125 0.935
vn 0.574 -0.067 0.816
vn 0.111 -0.221 0.969
vn 0.439 -0.108 0.892
vn 0.215 -0.181 0.960
vn 0.347 -0.192 0.918
vn 0.501 -0.029 0.865
vn 0.086 -0.054 0.995
vn 0.403 0.024 0.915
vn 0.170 -0.050 0.984
vn 0.449 -0.197 0.872
vn 0.504 0.077 0.860
vn 0.981 0.044 -0.186
vn 0.995 0.068 -0.073
vn 0.973 0.232 0.004
vn 0.889 0.451 0.078
vn 0.780 0.614 0.121
vn 0.655 0.729 0.200
vn 0.878 0.127 -0.461
vn 0.904 0.189 -0.384
vn 0.913 0.290 -0.287
vn 0.856 0.465 -0.224
vn 0.754 0.626 -0.200
vn 0.626 0.760 -0.178
vn 0.842 0.124 -0.525
vn 0.785 0.225 -0.578
vn 0.749 0.331 -0.574
vn 0.720 0.442 -0.536
vn 0.647 0.597 -0.474
vn 0.573 0.719 -0.394
vn 0.660 0.263 -0.703
vn 0.633 0.308 -0.710
vn 0.590 0.403 -0.699
vn 0.526 0.529 -0.666
vn 0.446 0.679 -0.583
vn 0.552 0.203 -0.808
vn 0.531 0.253 -0.808
vn 0.459 0.341 -0.820
vn 0.395 0.444 -0.804
vn 0.313 0.582 -0.751
vn 0.371 0.135 -0.919
vn 0.358 0.189 -0.914
vn 0.275 0.270 -0.923
vn 0.214 0.358 -0.909
vn 0.183 0.463 -0.868
vn 0.628 -0.775 0.069
vn 0.714 -0.696 0.070
vn 0.776 -0.628 0.054
vn 0.801 -0.595 -0.063
vn 0.490 -0.436 0.755
vn 0.514 -0.852 0.097
vn 0.529 -0.829 0.181
vn 0.799 -0.571 0.186
vn 0.621 -0.764 0.175
vn 0.703 -0.685 0.191
vn 0.386 -0.889 0.248
vn 0.151 -0.962 0.227
vn 0.572 -0.817 0.076
vn 0.499 -0.860 0.107
vn 0.549 -0.831 0.083
vn 0.637 -0.723 0.268
vn 0.715 -0.494 0.496
vn 0.520 -0.585 0.623
vn 0.509 -0.817 0.272
vn 0.799 -0.549 0.245
vn 0.697 0.009 0.717
vn 0.688 0.045 0.724
vn 0.661 0.072 0.747
vn 0.553 0.211 0.806
vn 0.157 -0.980 0.121
vn 0.366 -0.922 0.127
vn 0.538 -0.828 0.160
vn 0.615 -0.774 0.150
vn 0.663 -0.739 0.121
vn 0.932 -0.355 0.069
vn 0.808 -0.583 0.087
vn 0.768 -0.626 0.134
vn 0.884 -0.465 0.050
vn -0.002 0.333 -0.943
vn 0.063 0.077 -0.995
vn 0.054 0.175 -0.983
vn 0.091 0.111 -0.990
vn 0.009 0.270 -0.963
vn 0.843 -0.288 0.455
vn 0.828 -0.350 0.438
vn 0.778 -0.071 0.624
vn 0.764 -0.084 0.640
vn 0.625 -0.271 0.732
vn 0.436 -0.284 0.854
vn 0.067 0.298 -0.952
vn 0.192 0.142 -0.971
vn 0.050 0.365 -0.930
vn 0.131 0.210 -0.969
vn 0.213 0.095 -0.972
vn 0.631 0.689 0.358
vn 0.283 0.464 0.840
vn 0.203 0.355 0.913
vn 0.183 0.193 0.964
vn 0.236 0.149 0.960
vn 0.401 0.126 0.908
vn 0.535 0.130 0.835
vn 0.609 0.215 0.763
vn 0.628 0.212 0.749
vn 0.664 0.131 0.737
vn 0.127 0.501 0.856
vn 0.199 0.562 0.802
vn 0.435 0.811 0.392
vn 0.113 0.442 0.890
vn 0.181 0.427 0.886
vn 0.261 0.417 0.871
vn 0.310 0.355 0.882
vn 0.375 0.359 0.855
vn 0.424 0.372 0.826
vn 0.428 0.296 0.854
vn 0.051 0.543 0.838
vn 0.104 0.607 0.788
vn 0.365 0.855 0.368
vn 0.060 0.532 0.844
vn 0.076 0.548 0.833
vn 0.052 0.532 0.845
vn 0.050 0.503 0.863
vn 0.101 0.508 0.855
vn 0.126 0.479 0.869
vn 0.139 0.390 0.910
vn 0.003 0.662 0.750
vn -0.050 0.707 0.706
vn 0.113 0.870 0.479
vn 0.080 0.549 0.832
vn 0.076 0.490 0.868
vn 0.002 0.507 0.862
vn 0.013 0.530 0.848
vn -0.003 0.533 0.846
vn -0.019 0.502 0.865
vn -0.022 0.433 0.901
vn 0.037 0.780 0.624
vn -0.011 0.777 0.629
vn 0.035 0.756 0.653
vn 0.124 0.639 0.760
vn 0.118 0.554 0.824
vn 0.800 0.473 0.369
vn 0.484 0.095 0.870
vn 0.235 -0.131 0.963
vn -0.145 -0.702 0.697
vn 0.189 -0.803 0.565
vn 0.640 -0.632 0.436
vn 0.804 -0.467 0.368
vn 0.889 -0.339 0.309
vn 0.926 -0.262 0.271
vn 0.927 -0.242 0.288
vn 0.792 0.467 0.394
vn 0.484 0.162 0.860
vn 0.154 -0.130 0.979
vn -0.466 -0.636 0.615
vn -0.562 -0.720 0.408
vn -0.669 -0.688 0.280
vn 0.942 -0.336 -0.006
vn 0.973 -0.230 0.004
vn 0.955 -0.286 0.080
vn 0.965 -0.251 0.078
vn 0.742 0.536 0.402
vn 0.438 0.269 0.858
vn 0.010 -0.042 0.999
vn -0.531 -0.572 0.625
vn -0.617 -0.650 0.445
vn -0.653 -0.690 0.313
vn 0.774 0.543 0.326
vn 0.441 0.260 0.859
vn 0.282 0.099 0.954
vn 0.303 -0.126 0.945
vn 0.393 -0.155 0.907
vn 0.455 -0.143 0.879
vn 0.568 -0.091 0.818
vn 0.760 -0.012 0.650
vn 0.837 -0.029 0.546
vn 0.844 -0.128 0.521
vn 0.802 0.455 0.387
vn 0.490 0.099 0.866
vn 0.173 -0.136 0.975
vn -0.372 -0.675 0.637
vn -0.305 -0.852 0.425
vn 0.540 -0.795 0.276
vn 0.888 -0.433 0.151
vn 0.918 -0.327 0.225
vn 0.940 -0.276 0.199
vn 0.956 -0.233 0.180
vn 0.485 0.600 0.636
vn 0.325 0.703 0.633
vn 0.248 0.744 0.621
vn 0.009 0.796 0.606
vn 0.005 0.751 0.660
vn 0.707 0.307 0.637
vn 0.678 0.337 0.653
vn 0.632 0.422 0.650
vn 0.645 0.437 0.627
vn 0.705 0.288 0.648
vn 0.324 0.297 0.898
vn 0.245 0.248 0.937
vn 0.432 0.429 0.793
vn 0.496 0.466 0.733
vn 0.484 0.446 0.753
vn -0.146 0.372 -0.917
vn -0.147 0.268 -0.952
vn -0.118 0.534 -0.837
vn -0.035 0.688 -0.725
vn 0.137 0.789 -0.600
vn 0.099 0.432 0.896
vn -0.186 0.204 0.961
vn -0.109 0.289 0.951
vn 0.030 0.496 0.868
vn -0.048 0.346 0.937
vn 0.001 0.390 0.921
vn 0.321 0.885 -0.336
vn 0.349 0.919 -0.182
vn 0.341 0.940 0.010
vn 0.281 0.915 0.291
vn 0.153 0.867 0.474
vn 0.284 0.706 0.649
vn 0.386 0.831 0.401
vn 0.406 0.911 0.069
vn 0.366 0.911 -0.191
vn 0.318 0.915 -0.250
vn 0.170 0.830 -0.531
vn 0.052 0.672 -0.739
vn -0.020 0.527 -0.850
vn -0.100 0.281 -0.954
vn -0.070 0.404 -0.912
vn -0.008 0.402 -0.915
vn -0.042 0.325 -0.945
vn 0.061 0.511 -0.857
vn 0.166 0.650 -0.741
vn 0.303 0.774 -0.556
vn 0.434 0.824 -0.364
vn 0.485 0.845 -0.225
vn 0.036 0.436 0.899
vn 0.511 0.855 0.087
vn 0.472 0.747 0.468
vn 0.457 0.608 0.650
vn 0.069 0.445 0.893
vn 0.031 0.433 0.901
vn 0.063 0.431 0.900
vn 0.083 0.518 0.852
vn 0.098 0.197 0.976
vn 0.353 0.356 0.865
vn 0.444 0.488 0.752
vn 0.196 0.636 0.747
vn 0.052 0.452 0.890
vn 0.170 0.582 0.795
vn 0.142 0.507 0.850
vn 0.211 0.687 0.696
vn 0.223 0.690 0.689
vn 0.195 0.598 0.777
vn 0.217 0.610 0.762
vn 0.036 0.222 0.974
vn -0.001 0.438 0.899
vn -0.014 0.503 0.864
vn 0.026 0.450 0.893
vn -0.039 0.413 0.910
vn -0.119 0.369 0.922
vn -0.186 0.301 0.935
vn -0.112 0.392 0.913
vn -0.062 0.463 0.884
vn -0.017 0.482 0.876
vn 0.039 0.485 0.873
vn 0.083 0.465 0.881
vn -0.220 0.322 -0.921
vn -0.157 0.289 -0.944
vn -0.230 0.449 -0.863
vn -0.081 0.649 -0.756
vn 0.192 0.754 -0.628
vn 0.406 0.788 -0.463
vn 0.460 0.827 -0.324
vn 0.449 0.864 -0.228
vn 0.385 0.923 0.021
vn 0.270 0.940 0.208
vn -0.280 0.287 -0.916
vn -0.157 0.273 -0.949
vn -0.289 0.387 -0.876
vn -0.080 0.489 -0.868
vn 0.296 0.580 -0.759
vn 0.480 0.665 -0.572
vn 0.508 0.729 -0.459
vn 0.439 0.853 -0.283
vn 0.417 0.900 -0.124
vn 0.404 0.909 0.100
vn 0.522 0.468 -0.713
vn 0.457 0.207 -0.865
vn 0.435 0.103 -0.894
vn 0.520 -0.032 -0.854
vn 0.499 -0.068 -0.864
vn 0.455 -0.160 -0.876
vn 0.327 0.354 -0.877
vn 0.299 0.219 -0.929
vn 0.298 0.151 -0.943
vn 0.260 0.013 -0.965
vn 0.229 -0.035 -0.973
vn 0.179 -0.136 -0.974
vn -0.043 0.359 -0.932
vn -0.035 0.283 -0.958
vn -0.075 0.178 -0.981
vn -0.157 0.064 -0.986
vn -0.164 -0.002 -0.987
vn -0.203 -0.106 -0.973
vn -0.328 0.348 -0.878
vn -0.322 0.342 -0.883
vn -0.309 0.218 -0.926
vn -0.350 0.062 -0.935
vn -0.377 -0.020 -0.926
vn -0.344 -0.039 -0.938
vn -0.297 0.340 -0.892
vn -0.316 0.339 -0.886
vn -0.388 0.205 -0.899
vn -0.359 0.043 -0.932
vn -0.302 0.031 -0.953
vn -0.224 0.075 -0.972
vn -0.185 0.301 -0.935
vn -0.249 0.216 -0.944
vn -0.251 0.203 -0.946
vn -0.172 0.145 -0.974
vn -0.152 0.108 -0.982
vn -0.154 0.077 -0.985
vn 0.464 0.645 -0.607
vn 0.434 0.792 -0.429
vn 0.451 0.876 -0.171
vn 0.475 0.876 0.089
vn 0.402 0.630 -0.665
vn 0.499 0.713 -0.492
vn 0.626 0.733 -0.266
vn 0.668 0.744 0.024
vn 0.468 0.436 -0.769
vn 0.500 0.196 -0.844
vn 0.546 0.000 -0.838
vn 0.781 -0.270 -0.563
vn 0.828 -0.230 -0.511
vn 0.839 -0.211 -0.501
vn 0.474 0.468 -0.746
vn 0.603 0.613 -0.511
vn 0.722 0.627 -0.293
vn 0.794 0.607 -0.028
vn 0.426 0.189 -0.885
vn 0.482 0.111 -0.869
vn 0.485 0.097 -0.869
vn 0.918 -0.255 -0.302
vn 0.880 -0.292 -0.375
vn 0.907 -0.232 -0.350
vn 0.482 0.319 -0.816
vn 0.649 0.447 -0.616
vn 0.755 0.584 -0.297
vn 0.825 0.565 -0.011
vn 0.340 0.211 -0.917
vn 0.229 0.054 -0.972
vn 0.405 -0.714 -0.571
vn 0.661 -0.683 -0.310
vn 0.960 -0.241 -0.142
vn 0.956 -0.252 -0.151
vn 0.466 0.357 -0.809
vn 0.629 0.487 -0.606
vn 0.751 0.582 -0.311
vn 0.819 0.573 0.032
vn 0.314 0.197 -0.929
vn 0.184 0.073 -0.980
vn -0.625 -0.637 -0.451
vn -0.665 -0.744 -0.068
vn -0.615 -0.782 0.103
vn 0.439 0.359 -0.824
vn 0.618 0.542 -0.569
vn 0.756 0.589 -0.286
vn 0.827 0.561 0.047
vn 0.287 0.205 -0.936
vn 0.161 0.020 -0.987
vn -0.538 -0.606 -0.586
vn -0.735 -0.674 -0.075
vn -0.717 -0.687 0.119
vn 0.509 -0.857 0.081
vn 0.443 0.308 -0.842
vn 0.620 0.488 -0.614
vn 0.746 0.613 -0.259
vn 0.785 0.613 0.083
vn 0.284 0.145 -0.948
vn 0.139 -0.005 -0.990
vn -0.412 -0.648 -0.641
vn -0.638 -0.759 -0.132
vn -0.677 -0.724 0.134
vn -0.538 -0.803 0.258
vn 0.664 -0.738 -0.118
vn 0.943 -0.322 -0.081
vn 0.747 -0.400 -0.532
vn 0.339 0.099 -0.936
vn 0.885 -0.361 -0.294
vn 0.753 0.584 -0.302
vn 0.822 0.569 -0.028
vn 0.650 0.520 -0.555
vn 0.484 0.314 -0.817
vn 0.368 0.176 -0.913
vn 0.352 -0.083 0.932
vn 0.503 0.116 0.857
vn 0.835 0.454 0.310
vn 0.767 -0.372 0.522
vn 0.623 -0.456 0.636
vn 0.422 -0.531 0.735
vn 0.147 -0.503 0.852
vn 0.727 0.312 0.611
vn 0.894 -0.248 0.372
vn 0.885 -0.246 0.395
vn 0.838 -0.300 0.456
vn 0.119 -0.140 -0.983
vn 0.003 -0.107 -0.994
vn 0.044 -0.118 -0.992
vn 0.020 -0.147 -0.989
vn 0.415 -0.099 -0.905
vn 0.963 -0.237 -0.125
vn 0.663 -0.209 -0.719
vn 0.697 -0.145 -0.702
vn 0.661 -0.139 -0.737
vn 0.698 0.596 0.398
vn 0.403 0.353 0.845
vn -0.010 0.048 0.999
vn -0.597 -0.504 0.623
vn -0.660 -0.614 0.433
vn -0.661 -0.685 0.306
vn 0.567 0.504 0.652
vn 0.438 0.278 -0.855
vn 0.622 0.421 -0.660
vn 0.759 0.550 -0.348
vn 0.780 0.624 0.053
vn 0.268 0.143 -0.953
vn 0.089 -0.051 -0.995
vn -0.434 -0.693 -0.576
vn -0.613 -0.782 -0.114
vn -0.656 -0.739 0.153
vn -0.019 -0.188 -0.982
vn 0.699 0.629 0.341
vn 0.351 0.407 0.843
vn 0.018 0.112 0.994
vn -0.589 -0.518 0.620
vn -0.654 -0.621 0.432
vn -0.669 -0.675 0.311
vn 0.533 0.562 0.632
vn 0.459 0.292 -0.839
vn 0.637 0.404 -0.657
vn 0.767 0.512 -0.387
vn 0.803 0.595 -0.036
vn 0.227 0.091 -0.970
vn 0.014 -0.115 -0.993
vn -0.526 -0.702 -0.480
vn -0.652 -0.750 -0.111
vn -0.695 -0.696 0.178
vn -0.089 -0.234 -0.968
vn 0.692 0.671 0.266
vn 0.316 0.414 0.854
vn 0.032 0.097 0.995
vn -0.590 -0.520 0.618
vn -0.667 -0.592 0.453
vn -0.702 -0.625 0.341
vn 0.507 0.599 0.619
vn 0.521 0.255 -0.814
vn 0.671 0.403 -0.623
vn 0.755 0.538 -0.375
vn 0.775 0.627 -0.079
vn 0.246 0.029 -0.969
vn 0.035 -0.122 -0.992
vn -0.595 -0.646 -0.478
vn -0.701 -0.694 -0.162
vn -0.737 -0.658 0.156
vn -0.127 -0.241 -0.962
vn 0.677 0.696 0.239
vn 0.287 0.386 0.877
vn 0.018 0.036 0.999
vn -0.576 -0.483 0.659
vn -0.685 -0.533 0.497
vn -0.744 -0.571 0.349
vn 0.496 0.604 0.623
vn 0.555 0.272 -0.787
vn 0.689 0.386 -0.613
vn 0.763 0.509 -0.398
vn 0.763 0.638 -0.101
vn 0.317 0.058 -0.947
vn 0.116 -0.093 -0.989
vn -0.593 -0.603 -0.534
vn -0.711 -0.655 -0.256
vn -0.771 -0.635 0.050
vn -0.070 -0.215 -0.974
vn 0.359 0.024 0.933
vn 0.265 0.015 0.964
vn 0.264 0.009 0.965
vn 0.261 -0.005 0.965
vn 0.268 0.009 0.963
vn 0.269 -0.024 0.963
vn 0.297 -0.082 0.951
vn 0.370 -0.087 0.925
vn 0.377 -0.060 0.924
vn 0.354 -0.081 0.932
vn 0.392 -0.077 0.917
vn 0.421 -0.091 0.903
vn 0.437 -0.091 0.895
vn 0.425 -0.052 0.904
vn 0.410 -0.026 0.912
vn 0.451 -0.024 0.892
vn 0.388 -0.053 0.920
vn 0.324 -0.063 0.944
vn 0.325 -0.066 0.943
vn 0.333 -0.063 0.941
vn 0.353 -0.050 0.934
vn 0.343 -0.116 0.932
vn 0.375 -0.152 0.914
vn 0.422 -0.054 0.905
vn 0.323 -0.070 0.944
vn 0.340 -0.112 0.934
vn 0.380 -0.091 0.921
vn 0.375 -0.097 0.922
vn 0.379 -0.103 0.919
vn 0.400 -0.084 0.913
vn 0.422 -0.079 0.903
vn 0.520 -0.058 0.852
vn 0.330 0.026 0.944
vn 0.248 0.063 0.967
vn 0.227 0.071 0.971
vn 0.213 0.044 0.976
vn 0.208 0.030 0.978
vn 0.213 -0.005 0.977
vn 0.239 -0.063 0.969
vn 0.280 -0.127 0.952
vn 0.344 -0.144 0.928
vn 0.378 -0.135 0.916
vn 0.434 -0.086 0.897
vn 0.467 -0.083 0.881
vn 0.473 -0.096 0.876
vn 0.459 -0.079 0.885
vn 0.421 -0.042 0.906
vn 0.412 -0.019 0.911
vn 0.297 0.024 0.955
vn 0.210 0.072 0.975
vn 0.169 0.121 0.978
vn 0.139 0.122 0.983
vn 0.133 0.070 0.989
vn 0.145 0.018 0.989
vn 0.185 -0.047 0.982
vn 0.257 -0.121 0.959
vn 0.330 -0.183 0.926
vn 0.394 -0.217 0.893
vn 0.478 -0.147 0.866
vn 0.516 -0.116 0.848
vn 0.500 -0.121 0.858
vn 0.462 -0.092 0.882
vn 0.428 -0.055 0.902
vn 0.392 -0.028 0.920
vn 0.232 0.134 0.963
vn 0.104 0.191 0.976
vn 0.008 0.228 0.974
vn -0.079 0.233 0.969
vn -0.138 0.202 0.970
vn -0.137 0.082 0.987
vn -0.038 -0.055 0.998
vn 0.144 -0.124 0.982
vn 0.338 -0.174 0.925
vn 0.477 -0.255 0.841
vn 0.602 -0.298 0.741
vn 0.678 -0.270 0.683
vn 0.663 -0.231 0.712
vn 0.585 -0.139 0.799
vn 0.479 -0.037 0.877
vn 0.379 0.036 0.925
vn 0.203 0.190 0.961
vn 0.042 0.261 0.964
vn -0.091 0.304 0.948
vn -0.192 0.274 0.942
vn -0.271 0.174 0.947
vn -0.315 0.064 0.947
vn -0.209 -0.083 0.974
vn 0.058 -0.154 0.986
vn 0.325 -0.185 0.927
vn 0.546 -0.217 0.810
vn 0.685 -0.265 0.679
vn 0.765 -0.302 0.569
vn 0.773 -0.299 0.560
vn 0.706 -0.154 0.691
vn 0.543 -0.004 0.840
vn 0.387 0.081 0.918
vn 0.147 0.303 0.942
vn -0.008 0.350 0.937
vn -0.135 0.332 0.933
vn -0.244 0.261 0.934
vn -0.319 0.186 0.929
vn -0.345 0.077 0.935
vn -0.227 -0.006 0.974
vn -0.072 -0.164 0.984
vn 0.265 -0.182 0.947
vn 0.552 -0.105 0.827
vn 0.779 -0.124 0.615
vn 0.834 -0.245 0.494
vn 0.860 -0.297 0.415
vn 0.829 -0.206 0.519
vn 0.664 0.071 0.745
vn 0.392 0.190 0.900
vn 0.388 -0.014 0.921
vn 0.440 -0.055 0.896
vn 0.426 -0.269 0.864
vn 0.332 -0.190 0.924
vn 0.264 0.092 0.960
vn 0.535 -0.251 0.807
vn 0.154 0.136 0.979
vn 0.589 -0.178 0.789
vn 0.040 0.047 0.998
vn 0.016 0.156 0.988
vn 0.091 0.177 0.980
vn 0.570 -0.168 0.804
vn 0.099 -0.036 0.994
vn 0.037 0.185 0.982
vn 0.510 -0.115 0.853
vn 0.212 -0.119 0.970
vn -0.242 0.182 0.953
vn -0.270 0.149 0.951
vn -0.229 0.186 0.955
vn -0.144 0.159 0.977
vn -0.406 0.663 0.629
vn 0.717 -0.562 -0.413
vn 0.984 0.088 0.153
vn 0.308 0.687 0.658
vn 0.213 0.848 0.486
vn 0.952 0.299 -0.064
vn 0.774 -0.437 -0.458
vn -0.334 0.731 0.595
vn -0.333 0.762 0.555
vn 0.717 -0.565 -0.408
vn 0.990 0.137 -0.034
vn 0.492 0.709 0.506
vn 0.996 0.044 0.083
vn 0.734 -0.604 0.310
vn -0.298 0.777 0.554
vn 0.433 0.811 0.394
vn -0.625 0.581 0.521
vn -0.742 0.472 0.476
vn 0.114 -0.894 0.434
vn 0.343 -0.829 -0.441
vn 0.342 -0.757 -0.557
vn 0.345 -0.764 -0.545
vn -0.721 0.507 0.472
vn -0.726 0.479 0.494
vn -0.290 0.603 0.743
vn 0.542 0.368 0.756
vn -0.547 0.412 0.729
vn 0.973 -0.221 -0.065
vn 0.813 -0.543 -0.213
vn -0.293 -0.737 0.609
vn 0.795 0.106 0.598
vn 0.677 0.204 0.707
vn 0.284 -0.417 0.863
vn 0.507 -0.198 0.839
vn 0.094 0.552 0.829
vn 0.823 0.243 0.514
vn 0.453 0.030 0.891
vn 0.763 0.409 0.501
vn 0.562 0.498 0.661
vn 0.781 0.424 0.458
vn 0.677 0.650 0.346
vn 0.838 0.454 0.303
vn 0.848 0.517 0.120
vn 0.650 0.016 0.760
vn -0.753 -0.566 -0.334
vn -0.781 -0.593 -0.194
vn -0.830 -0.551 -0.087
vn -0.746 -0.627 -0.225
vn 0.365 0.625 0.690
vn -0.468 0.575 0.671
vn 0.844 -0.472 -0.255
vn 0.941 0.145 0.307
vn 0.596 -0.694 -0.405
vn -0.684 0.383 0.621
vn 0.732 0.371 0.571
vn -0.564 -0.795 0.224
vn -0.752 -0.540 -0.378
vn 0.724 0.434 0.535
vn -0.811 0.383 0.443
vn 0.253 -0.786 -0.564
vn 0.966 0.066 0.249
vn 0.727 -0.543 -0.420
vn -0.574 0.563 0.594
vn 0.210 0.712 0.670
vn 0.772 -0.443 -0.456
vn 0.976 0.210 -0.064
vn 0.340 0.836 0.430
vn 0.343 -0.754 -0.560
vn -0.679 0.536 0.501
vn -0.354 0.741 0.571
vn 0.777 0.605 0.174
vn -0.759 -0.624 -0.188
vn 0.777 0.483 0.404
vn 0.279 -0.759 -0.589
vn 0.984 0.164 0.074
vn 0.689 -0.554 -0.467
vn -0.789 -0.344 -0.509
vn 0.773 0.461 0.436
vn -0.649 0.552 0.523
vn 0.265 -0.730 -0.630
vn 0.229 0.682 0.694
vn -0.617 0.585 0.527
vn 0.707 -0.593 -0.384
vn 0.979 0.139 0.152
vn 0.285 -0.744 -0.604
vn -0.862 0.368 0.349
vn 0.711 0.523 0.471
vn -0.741 -0.443 -0.504
vn -0.793 -0.433 -0.428
vn -0.687 0.516 0.512
vn 0.340 0.658 0.672
vn -0.380 0.668 0.640
vn 0.988 0.035 0.152
vn 0.393 0.642 0.659
vn 0.664 -0.588 -0.461
vn -0.361 0.693 0.624
vn 0.709 -0.572 -0.414
vn 0.984 0.010 0.175
vn 0.786 0.402 0.469
vn 0.288 -0.725 -0.625
vn -0.675 0.555 0.486
vn -0.357 0.747 0.561
vn 0.715 0.670 0.199
vn -0.746 -0.645 -0.167
vn -0.804 -0.363 -0.471
vn -0.634 0.572 0.521
vn -0.342 0.712 0.613
vn 0.366 0.731 0.577
vn 0.798 -0.389 -0.460
vn 0.954 0.257 -0.151
vn 0.283 0.851 0.442
vn 0.326 -0.705 -0.630
vn 0.333 0.715 0.615
vn 0.691 -0.563 -0.454
vn 0.328 -0.777 -0.537
vn 0.779 0.472 0.413
vn -0.737 -0.627 -0.254
vn -0.462 0.653 0.600
vn 0.982 0.154 0.114
vn -0.790 0.416 0.451
vn 0.261 0.738 0.622
vn 0.679 -0.604 -0.418
vn 0.220 -0.781 -0.585
vn 0.730 0.557 0.395
vn -0.793 -0.509 -0.335
vn -0.555 0.620 0.554
vn 0.969 0.232 0.088
vn -0.792 0.436 0.426
vn -0.732 -0.657 -0.182
vn -0.765 0.373 0.525
vn 0.964 0.103 0.246
vn 0.368 -0.784 -0.501
vn 0.755 -0.553 -0.351
vn 0.739 0.383 0.554
vn 0.264 0.676 0.688
vn -0.559 0.545 0.625
vn -0.978 -0.202 -0.056
vn -0.956 -0.289 0.058
vn -0.962 -0.269 -0.043
vn -0.965 -0.262 0.031
vn -0.553 -0.375 0.744
vn 0.057 -0.183 0.982
vn -0.839 -0.271 0.471
vn -0.974 -0.201 -0.103
vn -0.957 -0.275 0.091
vn -0.983 -0.027 -0.182
vn -0.992 -0.071 -0.103
vn -0.950 -0.202 -0.240
vn -0.946 -0.311 0.088
vn -0.982 -0.059 -0.181
vn -0.944 -0.328 -0.023
vn -0.965 -0.252 -0.074
vn -0.971 -0.177 0.161
vn -0.579 -0.672 -0.461
vn -0.494 -0.773 -0.398
vn -0.491 -0.640 -0.590
vn -0.351 -0.843 -0.408
vn -0.396 -0.829 -0.394
vn -0.389 -0.813 -0.434
vn -0.213 -0.974 -0.073
vn 0.557 -0.455 0.695
vn -0.394 -0.826 -0.402
vn -0.516 -0.582 -0.628
vn -0.479 -0.560 -0.676
vn -0.511 -0.697 -0.503
vn -0.475 -0.641 -0.602
vn -0.613 -0.768 0.185
vn -0.412 -0.826 -0.385
vn -0.497 -0.724 -0.479
vn -0.023 -0.954 0.300
vn 0.657 0.424 0.623
vn 0.612 0.180 0.770
vn 0.550 0.566 0.614
vn 0.819 0.389 0.421
vn 0.815 0.319 0.484
vn 0.831 0.357 0.427
vn 0.541 0.531 0.652
vn 0.672 -0.214 0.709
vn 0.553 0.384 0.740
vn 0.771 0.074 0.633
vn 0.724 0.436 0.535
vn 0.764 0.348 0.544
vn 0.262 -0.723 -0.639
vn 0.702 -0.566 -0.433
vn -0.758 -0.487 -0.434
vn 0.196 0.693 0.694
vn 0.976 0.083 0.201
vn 0.705 0.477 0.525
vn -0.866 0.367 0.339
vn -0.625 0.571 0.533
vn -0.959 -0.201 -0.201
vn -0.539 -0.626 -0.564
vn -0.237 0.589 0.773
vn 0.697 -0.413 -0.586
vn 0.990 0.136 -0.049
vn 0.397 0.649 0.649
vn 0.367 0.624 0.690
vn 0.967 0.245 0.068
vn 0.762 -0.317 -0.565
vn -0.320 0.546 0.774
vn -0.429 0.499 0.753
vn 0.659 -0.330 -0.676
vn 0.971 0.128 -0.202
vn 0.283 0.615 0.736
vn 0.989 -0.036 -0.145
vn 0.829 -0.468 -0.305
vn -0.016 -0.144 0.989
vn 0.333 0.732 0.594
vn -0.695 0.296 0.656
vn -0.651 0.346 0.675
vn 0.546 -0.831 -0.106
vn 0.397 -0.517 -0.758
vn 0.313 -0.563 -0.765
vn 0.377 -0.609 -0.698
vn -0.436 -0.299 0.849
vn -0.793 0.165 0.586
vn 0.155 0.599 0.786
vn 0.819 0.108 0.563
vn -0.085 0.476 0.875
vn 0.966 -0.114 -0.234
vn 0.845 -0.361 -0.395
vn 0.082 -0.763 0.641
vn 0.883 0.041 0.468
vn 0.831 -0.004 0.556
vn 0.681 -0.301 0.668
vn 0.772 -0.111 0.626
vn 0.634 0.523 0.570
vn 0.996 0.045 0.076
vn 0.751 -0.022 0.660
vn 0.967 0.217 0.137
vn 0.865 0.413 0.284
vn 0.756 0.505 0.417
vn 0.693 0.548 0.468
vn 0.731 0.513 0.449
vn 0.762 0.559 0.327
vn 0.851 -0.109 0.514
vn -0.831 -0.535 -0.154
vn -0.896 -0.412 -0.165
vn -0.645 -0.763 0.032
vn -0.722 -0.685 -0.100
vn 0.666 0.490 0.563
vn -0.105 0.590 0.801
vn 0.826 -0.345 -0.446
vn 0.970 0.157 0.185
vn 0.577 -0.544 -0.609
vn -0.358 0.429 0.830
vn 0.860 0.303 0.411
vn -0.448 -0.844 0.296
vn -0.833 -0.495 -0.247
vn 0.843 0.358 0.401
vn -0.579 0.403 0.709
vn 0.358 -0.621 -0.697
vn 0.994 0.100 0.044
vn 0.657 -0.439 -0.613
vn -0.252 0.575 0.778
vn 0.521 0.592 0.615
vn 0.659 -0.336 -0.673
vn 0.961 0.263 -0.084
vn 0.337 0.735 0.589
vn 0.391 -0.582 -0.713
vn -0.688 0.299 0.661
vn -0.361 0.543 0.758
vn 0.717 0.609 0.339
vn -0.800 -0.598 -0.051
vn 0.771 0.392 0.502
vn 0.332 -0.599 -0.729
vn 0.986 0.107 0.125
vn 0.782 -0.410 -0.468
vn -0.908 -0.341 -0.243
vn 0.785 0.378 0.491
vn -0.620 0.442 0.648
vn 0.421 -0.610 -0.672
vn 0.498 0.553 0.668
vn -0.223 0.563 0.796
vn 0.701 -0.414 -0.581
vn 0.998 0.056 0.012
vn 0.407 -0.594 -0.694
vn -0.645 0.372 0.667
vn 0.847 0.336 0.412
vn -0.858 -0.354 -0.372
vn -0.874 -0.429 -0.229
vn -0.632 0.425 0.648
vn 0.373 0.617 0.692
vn -0.177 0.578 0.797
vn 0.994 0.063 0.089
vn 0.413 0.539 0.735
vn 0.758 -0.439 -0.482
vn -0.144 0.562 0.814
vn 0.701 -0.418 -0.577
vn 0.993 0.116 0.018
vn 0.744 0.471 0.474
vn 0.438 -0.591 -0.677
vn -0.693 0.244 0.678
vn -0.347 0.549 0.760
vn 0.670 0.638 0.380
vn -0.780 -0.619 -0.092
vn -0.918 -0.253 -0.306
vn -0.667 0.418 0.616
vn -0.224 0.549 0.805
vn 0.433 0.508 0.745
vn 0.714 -0.293 -0.636
vn 0.941 0.331 -0.063
vn 0.343 0.740 0.579
vn 0.397 -0.551 -0.734
vn 0.466 0.637 0.614
vn 0.709 -0.415 -0.571
vn 0.402 -0.622 -0.672
vn 0.815 0.469 0.340
vn -0.849 -0.494 -0.185
vn -0.245 0.556 0.795
vn 0.984 0.139 -0.112
vn -0.666 0.271 0.695
vn 0.472 0.591 0.654
vn 0.681 -0.431 -0.592
vn 0.343 -0.620 -0.705
vn 0.799 0.447 0.402
vn -0.904 -0.201 -0.377
vn -0.235 0.548 0.802
vn 0.996 0.086 -0.031
vn -0.600 0.390 0.699
vn -0.768 -0.632 -0.106
vn -0.572 0.420 0.704
vn 0.984 0.178 0.015
vn 0.396 -0.614 -0.683
vn 0.665 -0.446 -0.599
vn 0.868 0.319 0.380
vn 0.608 0.523 0.597
vn -0.267 0.593 0.760
vn -0.940 -0.327 0.094
vn -0.973 -0.172 0.155
vn -0.721 -0.603 0.342
vn -0.890 -0.407 0.205
vn -0.106 -0.398 0.911
vn 0.586 -0.056 0.808
vn -0.595 -0.463 0.657
vn -0.972 -0.178 0.155
vn -0.912 -0.327 0.247
vn -0.997 -0.050 0.056
vn -0.982 -0.184 0.041
vn -0.994 -0.106 -0.034
vn -0.891 -0.379 0.250
vn -0.999 0.054 0.001
vn -0.934 -0.344 0.092
vn -0.999 -0.004 -0.041
vn -0.911 -0.294 0.290
vn -0.651 -0.464 -0.600
vn -0.650 -0.655 -0.385
vn -0.644 -0.475 -0.600
vn -0.502 -0.772 -0.389
vn -0.429 -0.770 -0.473
vn -0.565 -0.735 -0.376
vn -0.154 -0.968 -0.197
vn 0.824 -0.415 0.385
vn -0.410 -0.811 -0.418
vn -0.544 -0.550 -0.634
vn -0.653 -0.542 -0.529
vn -0.515 -0.677 -0.526
vn -0.664 -0.581 -0.470
vn -0.323 -0.936 -0.142
vn -0.590 -0.622 -0.514
vn -0.679 -0.646 -0.350
vn 0.325 -0.923 0.208
vn 0.817 0.380 0.435
vn 0.870 0.138 0.473
vn 0.791 0.493 0.363
vn 0.918 0.297 0.264
vn 0.877 0.333 0.347
vn 0.895 0.362 0.261
vn 0.777 0.477 0.410
vn 0.845 0.186 0.500
vn 0.793 0.265 0.549
vn 0.949 0.108 0.296
vn 0.834 0.433 0.342
vn 0.866 0.393 0.310
vn 0.339 -0.639 -0.690
vn 0.678 -0.424 -0.600
vn -0.849 -0.464 -0.253
vn 0.494 0.595 0.634
vn 0.988 0.151 -0.015
vn 0.836 0.401 0.375
vn -0.577 0.379 0.724
vn -0.178 0.554 0.813
vn -0.977 -0.182 0.115
vn -0.539 -0.649 -0.536
vn -0.135 0.437 0.889
vn 0.706 -0.257 -0.661
vn 0.979 0.079 -0.188
vn 0.625 0.484 0.612
vn 0.479 0.684 0.551
vn 0.916 0.358 -0.181
vn 0.659 -0.085 -0.747
vn -0.259 0.456 0.851
vn -0.249 0.477 0.843
vn 0.657 -0.274 -0.702
vn 0.966 0.165 -0.201
vn 0.388 0.532 0.753
vn 0.988 0.148 -0.039
vn 0.753 -0.471 -0.460
vn 0.444 -0.105 0.890
vn 0.542 0.608 0.579
vn -0.598 0.203 0.776
vn -0.558 0.309 0.770
vn 0.578 -0.726 -0.373
vn 0.355 -0.503 -0.788
vn 0.433 -0.288 -0.854
vn 0.457 -0.425 -0.781
vn -0.264 -0.319 0.910
vn -0.587 0.057 0.808
vn 0.109 0.491 0.864
vn 0.876 0.213 0.434
vn -0.132 0.221 0.966
vn 0.779 -0.219 -0.587
vn 0.537 -0.591 -0.601
vn -0.270 -0.899 0.344
vn 0.978 0.075 0.193
vn 0.925 0.037 0.379
vn 0.378 -0.694 0.613
vn 0.851 -0.242 0.467
vn 0.507 0.229 0.831
vn 0.952 -0.242 -0.186
vn 0.915 0.074 0.396
vn 0.954 -0.028 -0.300
vn 0.804 0.382 0.455
vn 0.878 0.364 0.311
vn 0.769 0.591 0.243
vn 0.790 0.448 0.419
vn 0.828 0.474 0.300
vn 0.937 -0.047 0.345
vn -0.840 -0.458 -0.291
vn -0.725 -0.688 -0.035
vn -0.705 -0.693 0.154
vn -0.740 -0.661 -0.120
vn 0.743 0.435 0.508
vn -0.018 0.491 0.871
vn 0.767 -0.267 -0.584
vn 0.997 0.065 0.051
vn 0.372 -0.583 -0.723
vn -0.423 0.211 0.881
vn 0.921 0.238 0.309
vn -0.594 -0.791 0.148
vn -0.839 -0.464 -0.284
vn 0.907 0.318 0.277
vn -0.553 0.254 0.793
vn 0.285 -0.498 -0.819
vn 0.983 0.125 -0.131
vn 0.637 -0.296 -0.712
vn -0.109 0.464 0.879
vn 0.638 0.499 0.586
vn 0.683 -0.214 -0.698
vn 0.946 0.271 -0.178
vn 0.537 0.659 0.526
vn 0.395 -0.427 -0.814
vn -0.565 0.207 0.799
vn -0.177 0.486 0.856
vn 0.795 0.551 0.254
vn -0.790 -0.609 -0.068
vn 0.887 0.386 0.252
vn 0.396 -0.376 -0.838
vn 0.979 0.161 -0.125
vn 0.700 -0.271 -0.660
vn -0.888 -0.390 -0.242
vn 0.914 0.235 0.332
vn -0.642 0.237 0.729
vn 0.426 -0.454 -0.783
vn 0.629 0.519 0.578
vn -0.131 0.491 0.861
vn 0.608 -0.297 -0.736
vn 0.965 0.162 -0.208
vn 0.359 -0.446 -0.820
vn -0.676 0.251 0.693
vn 0.884 0.408 0.228
vn -0.821 -0.417 -0.390
vn -0.903 -0.373 -0.211
vn -0.567 0.269 0.779
vn 0.628 0.431 0.648
vn -0.176 0.392 0.903
vn 0.997 0.047 -0.057
vn 0.647 0.371 0.666
vn 0.742 -0.336 -0.580
vn -0.226 0.404 0.886
vn 0.728 -0.294 -0.619
vn 0.988 0.105 -0.115
vn 0.862 0.358 0.358
vn 0.382 -0.485 -0.786
vn -0.591 0.212 0.779
vn -0.246 0.456 0.855
vn 0.763 0.593 0.259
vn -0.747 -0.651 -0.136
vn -0.860 -0.495 -0.122
vn -0.631 0.204 0.749
vn -0.237 0.449 0.861
vn 0.597 0.529 0.603
vn 0.704 -0.125 -0.699
vn 0.923 0.348 -0.162
vn 0.514 0.683 0.519
vn 0.477 -0.331 -0.814
vn 0.645 0.487 0.589
vn 0.701 -0.249 -0.669
vn 0.475 -0.403 -0.782
vn 0.913 0.326 0.245
vn -0.803 -0.525 -0.283
vn -0.073 0.503 0.861
vn 0.975 0.062 -0.214
vn -0.535 0.359 0.765
vn 0.619 0.543 0.568
vn 0.635 -0.285 -0.718
vn 0.373 -0.484 -0.792
vn 0.896 0.384 0.222
vn -0.805 -0.559 -0.199
vn -0.069 0.506 0.860
vn 0.960 0.196 -0.200
vn -0.541 0.303 0.784
vn -0.797 -0.590 -0.124
vn -0.525 0.242 0.816
vn 0.989 0.125 -0.083
vn 0.278 -0.534 -0.798
vn 0.681 -0.288 -0.673
vn 0.903 0.341 0.263
vn 0.663 0.508 0.550
vn -0.099 0.477 0.873
vn -0.972 -0.187 0.140
vn -0.830 -0.435 0.350
vn -0.580 -0.756 0.304
vn -0.822 -0.460 0.337
vn -0.389 -0.706 0.592
vn 0.359 -0.484 0.798
vn -0.714 -0.552 0.430
vn -0.962 -0.251 0.108
vn -0.865 -0.365 0.345
vn -0.976 -0.134 0.170
vn -0.973 -0.114 0.202
vn -0.970 -0.228 -0.082
vn -0.865 -0.406 0.295
vn -0.927 -0.255 0.274
vn -0.948 -0.306 0.088
vn -0.920 -0.379 0.096
vn -0.896 -0.351 0.273
vn -0.529 -0.668 -0.523
vn -0.502 -0.623 -0.600
vn -0.578 -0.630 -0.518
vn -0.414 -0.721 -0.556
vn -0.544 -0.695 -0.470
vn -0.484 -0.714 -0.506
vn -0.376 -0.903 -0.206
vn 0.486 -0.737 0.469
vn -0.442 -0.737 -0.512
vn -0.557 -0.537 -0.634
vn -0.602 -0.546 -0.583
vn -0.567 -0.585 -0.580
vn -0.631 -0.542 -0.554
vn -0.378 -0.919 -0.110
vn -0.457 -0.741 -0.493
vn -0.560 -0.578 -0.594
vn -0.090 -0.994 0.068
vn 0.885 0.349 0.308
vn 0.842 -0.063 0.537
vn 0.825 0.302 0.477
vn 0.968 0.161 0.190
vn 0.863 0.423 0.278
vn 0.948 0.277 0.155
vn 0.832 0.410 0.374
vn 0.966 0.004 0.259
vn 0.813 0.033 0.582
vn 0.848 -0.006 0.530
vn 0.865 0.406 0.295
vn 0.903 0.224 0.367
vn 0.301 -0.474 -0.827
vn 0.602 -0.339 -0.722
vn -0.841 -0.374 -0.391
vn 0.642 0.477 0.600
vn 0.986 0.066 -0.153
vn 0.899 0.328 0.292
vn -0.596 0.286 0.750
vn -0.129 0.488 0.863
vn -0.980 -0.195 -0.027
vn -0.573 -0.502 -0.648
vn 0.104 0.413 0.905
vn 0.578 -0.225 -0.784
vn 0.967 0.005 -0.255
vn 0.691 0.381 0.615
vn 0.741 0.411 0.531
vn 0.968 0.142 -0.209
vn 0.547 -0.316 -0.775
vn -0.065 0.272 0.960
vn 0.255 0.308 0.916
vn 0.474 -0.295 -0.830
vn 0.922 0.100 -0.373
vn 0.852 0.401 0.338
vn 0.896 0.107 -0.431
vn 0.467 -0.304 -0.830
vn 0.649 -0.179 0.740
vn 0.829 0.388 0.403
vn -0.605 0.165 0.779
vn -0.495 0.239 0.835
vn -0.081 -0.596 -0.799
vn 0.125 -0.437 -0.890
vn 0.130 -0.451 -0.883
vn 0.170 -0.373 -0.912
vn 0.225 -0.720 0.657
vn -0.496 0.032 0.868
vn 0.268 0.438 0.858
vn 0.909 0.168 0.381
vn -0.031 0.178 0.984
vn 0.813 -0.182 -0.553
vn 0.619 -0.484 -0.618
vn 0.062 -0.874 0.483
vn 0.994 0.103 -0.029
vn 0.972 0.111 0.206
vn 0.585 -0.600 0.546
vn 0.958 0.047 0.284
vn 0.447 0.229 0.865
vn 0.929 -0.254 -0.268
vn 0.991 0.049 0.121
vn 0.940 -0.040 -0.338
vn 0.718 0.362 0.595
vn 0.958 0.198 0.208
vn 0.912 0.338 0.233
vn 0.946 0.316 -0.065
vn 0.956 0.293 0.022
vn 0.940 0.048 0.339
vn -0.891 -0.409 -0.199
vn -0.931 -0.328 -0.157
vn -0.777 -0.577 0.252
vn -0.905 -0.420 0.072
vn 0.875 0.016 0.483
vn 0.169 0.390 0.905
vn 0.793 -0.280 -0.542
vn 0.998 -0.054 0.037
vn 0.357 -0.574 -0.737
vn -0.183 0.202 0.962
vn 0.958 -0.065 0.279
vn -0.442 -0.860 0.254
vn -0.905 -0.354 -0.237
vn 0.973 0.137 0.185
vn -0.444 0.225 0.867
vn 0.190 -0.440 -0.878
vn 0.989 -0.015 -0.146
vn 0.520 -0.308 -0.797
vn 0.008 0.379 0.925
vn 0.771 0.328 0.546
vn 0.457 -0.237 -0.857
vn 0.897 0.210 -0.388
vn 0.752 0.488 0.444
vn 0.094 -0.447 -0.889
vn -0.550 0.082 0.831
vn 0.081 0.438 0.895
vn 0.916 0.400 -0.006
vn -0.923 -0.386 0.009
vn 0.957 0.188 0.221
vn 0.171 -0.469 -0.867
vn 0.979 -0.036 -0.200
vn 0.575 -0.342 -0.743
vn -0.907 -0.366 -0.209
vn 0.950 0.179 0.254
vn -0.506 0.204 0.838
vn 0.179 -0.468 -0.865
vn 0.736 0.351 0.578
vn 0.012 0.407 0.913
vn 0.623 -0.226 -0.749
vn 0.987 0.030 -0.160
vn 0.256 -0.365 -0.895
vn -0.573 0.312 0.758
vn 0.951 0.194 0.238
vn -0.927 -0.157 -0.341
vn -0.906 -0.353 -0.234
vn -0.483 0.246 0.841
vn 0.690 0.337 0.641
vn 0.081 0.349 0.934
vn 0.973 -0.057 -0.224
vn 0.719 0.296 0.629
vn 0.566 -0.316 -0.762
vn 0.080 0.290 0.954
vn 0.548 -0.263 -0.794
vn 0.965 -0.034 -0.259
vn 0.954 0.185 0.235
vn 0.130 -0.401 -0.907
vn -0.621 0.057 0.782
vn -0.039 0.424 0.905
vn 0.893 0.438 0.107
vn -0.922 -0.374 -0.100
vn -0.917 -0.356 -0.183
vn -0.555 0.207 0.806
vn 0.028 0.275 0.961
vn 0.768 0.266 0.583
vn 0.484 -0.222 -0.847
vn 0.903 0.268 -0.335
vn 0.714 0.515 0.473
vn 0.126 -0.403 -0.907
vn 0.724 0.383 0.573
vn 0.588 -0.200 -0.784
vn 0.225 -0.359 -0.906
vn 0.961 0.221 0.167
vn -0.899 -0.390 -0.199
vn 0.081 0.393 0.916
vn 0.962 0.072 -0.264
vn -0.545 0.109 0.831
vn 0.696 0.426 0.577
vn 0.572 -0.214 -0.792
vn 0.178 -0.361 -0.915
vn 0.930 0.303 0.207
vn -0.942 -0.211 -0.259
vn 0.057 0.354 0.933
vn 0.964 0.112 -0.241
vn -0.531 0.207 0.822
vn -0.819 -0.569 -0.075
vn -0.401 0.216 0.890
vn 0.992 -0.109 -0.056
vn 0.167 -0.548 -0.819
vn 0.589 -0.355 -0.726
vn 0.970 -0.026 0.241
vn 0.817 0.178 0.548
vn 0.050 0.364 0.930
vn -0.947 -0.290 0.139
vn -0.975 -0.137 0.173
vn -0.417 -0.862 0.289
vn -0.914 -0.318 0.254
vn -0.069 -0.524 0.849
vn 0.418 -0.387 0.822
vn -0.515 -0.491 0.702
vn -0.971 -0.169 0.168
vn -0.921 -0.308 0.238
vn -0.969 -0.192 0.154
vn -0.972 -0.189 0.141
vn -1.000 0.014 0.017
vn -0.956 -0.205 0.212
vn -0.977 -0.146 0.156
vn -0.949 -0.284 0.133
vn -0.994 -0.035 0.101
vn -0.858 -0.320 0.401
vn -0.753 -0.337 -0.565
vn -0.709 -0.464 -0.531
vn -0.729 -0.487 -0.480
vn -0.768 -0.529 -0.361
vn -0.500 -0.635 -0.589
vn -0.831 -0.489 -0.265
vn -0.243 -0.931 -0.273
vn 0.723 -0.680 0.125
vn -0.802 -0.541 -0.253
vn -0.669 -0.339 -0.661
vn -0.711 -0.487 -0.507
vn -0.592 -0.514 -0.621
vn -0.725 -0.425 -0.542
vn -0.801 -0.595 -0.071
vn -0.758 -0.459 -0.463
vn -0.704 -0.477 -0.526
vn 0.240 -0.968 0.075
vn 0.944 0.080 0.321
vn 0.903 -0.014 0.430
vn 0.889 0.317 0.331
vn 0.985 0.171 0.027
vn 0.968 0.085 0.237
vn 0.975 0.183 0.123
vn 0.914 0.305 0.266
vn 0.925 -0.028 0.379
vn 0.833 0.125 0.538
vn 0.988 -0.052 0.144
vn 0.933 0.287 0.217
vn 0.945 0.277 0.175
vn 0.207 -0.404 -0.891
vn 0.601 -0.258 -0.757
vn -0.926 -0.270 -0.263
vn 0.760 0.320 0.566
vn 0.994 0.009 -0.110
vn 0.961 0.147 0.235
vn -0.481 0.264 0.836
vn 0.038 0.381 0.924
vn -0.988 -0.096 0.124
vn -0.658 -0.414 -0.629
vn -0.961 0.162 -0.226
vn 0.746 0.391 0.539
vn 0.347 0.740 0.577
vn -0.791 0.605 0.095
vn -0.794 -0.317 -0.519
vn 0.928 -0.356 0.107
vn -0.844 0.528 0.097
vn -0.677 0.693 0.246
vn -0.968 -0.245 0.052
vn 0.480 0.631 0.609
vn 0.665 -0.005 0.747
vn 0.143 -0.882 0.449
vn -0.030 0.914 0.405
vn -0.419 0.736 0.532
vn -0.229 -0.463 0.857
vn -0.466 0.652 0.597
vn -0.921 0.319 0.224
vn 0.416 0.270 0.868
vn -0.196 0.875 0.442
vn 0.185 0.673 0.716
vn -0.716 0.677 0.171
vn -0.173 0.867 0.467
vn -0.480 0.674 0.562
vn 0.328 -0.844 -0.424
vn -0.646 0.679 0.349
vn -0.899 0.436 0.034
vn 0.595 0.588 0.547
vn 0.062 0.895 0.443
vn 0.814 -0.201 0.545
vn -0.866 -0.451 -0.216
vn -0.391 0.782 0.486
vn 0.289 -0.943 0.165
vn 0.394 -0.905 -0.159
vn -0.344 0.648 0.680
vn -0.709 -0.494 -0.503
vn 0.890 -0.352 0.288
vn 0.148 0.797 0.585
vn 0.696 0.504 0.511
vn -0.960 0.251 -0.127
vn -0.732 0.551 0.401
vn -0.795 0.449 0.409
vn -0.976 0.145 -0.161
vn 0.649 0.573 0.500
vn 0.263 0.752 0.605
vn 0.947 -0.233 0.223
vn -0.732 -0.426 -0.532
vn -0.282 0.657 0.699
vn 0.443 -0.872 -0.209
vn 0.113 -0.904 -0.412
vn -0.855 -0.250 -0.455
vn -0.766 0.637 0.082
vn -0.952 0.211 -0.221
vn 0.815 0.346 0.465
vn 0.373 0.723 0.581
vn -0.198 0.874 0.444
vn 0.870 -0.473 0.141
vn -0.808 0.553 0.204
vn 0.726 0.443 0.526
vn 0.943 -0.326 0.066
vn -0.184 0.792 0.583
vn 0.407 -0.782 -0.471
vn -0.968 0.140 -0.209
vn 0.321 0.703 0.635
vn -0.787 -0.323 -0.525
vn -0.803 0.470 0.367
vn 0.734 0.484 0.477
vn 0.963 -0.265 0.056
vn -0.217 0.687 0.693
vn 0.394 -0.844 -0.363
vn -0.975 0.140 -0.172
vn 0.313 0.716 0.623
vn -0.777 -0.324 -0.540
vn 0.362 -0.932 -0.022
vn -0.764 -0.514 -0.391
vn 0.120 0.864 0.489
vn 0.871 -0.299 0.389
vn 0.665 0.534 0.522
vn -0.359 0.747 0.559
vn -0.691 0.624 0.364
vn -0.942 0.329 -0.068
vn -0.281 -0.723 -0.631
vn -0.433 -0.856 0.283
vn -0.671 -0.391 0.629
vn -0.259 -0.965 -0.035
vn -0.155 -0.916 -0.370
vn -0.442 -0.693 -0.570
vn -0.075 -0.877 -0.474
vn -0.227 -0.698 -0.679
vn -0.245 -0.752 -0.612
vn -0.149 -0.960 -0.238
vn 0.713 -0.673 -0.196
vn 0.723 -0.654 -0.222
vn 0.660 -0.737 0.149
vn 0.616 -0.714 0.332
vn 0.281 -0.338 0.898
vn 0.711 -0.701 -0.056
vn 0.666 -0.746 0.021
vn 0.573 -0.811 -0.119
vn 0.683 -0.711 -0.169
vn 0.556 -0.596 0.579
vn -0.507 0.805 0.308
vn -0.413 0.347 0.842
vn -0.586 0.733 0.344
vn -0.225 0.749 0.623
vn -0.408 0.820 0.402
vn -0.316 0.812 0.490
vn -0.555 0.783 0.280
vn -0.434 0.746 0.506
vn -0.578 0.509 0.637
vn -0.279 0.439 0.854
vn -0.465 0.816 0.342
vn -0.411 0.741 0.532
vn 0.894 -0.372 0.249
vn 0.699 0.483 0.527
vn 0.414 -0.885 -0.213
vn -0.767 0.559 0.315
vn 0.205 0.746 0.634
vn -0.307 0.687 0.658
vn -0.753 -0.442 -0.487
vn -0.961 0.201 -0.189
vn -0.122 -0.891 -0.438
vn 0.664 -0.748 -0.013
vn -0.063 0.725 0.686
vn 0.969 -0.211 -0.127
vn 0.947 -0.022 -0.320
vn -0.130 0.801 0.584
vn 0.965 -0.162 0.206
vn 0.002 0.818 0.575
vn 0.056 0.846 0.530
vn 0.957 -0.189 -0.221
vn 0.200 0.627 0.753
vn 0.953 0.039 0.301
vn 0.731 0.260 0.631
vn 0.597 0.359 0.717
vn 0.991 -0.126 0.037
vn -0.134 0.709 0.693
vn -0.030 0.842 0.539
vn 0.976 -0.053 -0.212
vn 0.949 -0.283 -0.140
vn -0.090 0.711 0.698
vn -0.186 0.713 0.676
vn 0.968 -0.229 -0.099
vn -0.170 0.691 0.703
vn 0.964 -0.246 -0.103
vn -0.080 0.706 0.704
vn 0.966 -0.243 -0.093
vn 0.946 -0.232 -0.227
vn -0.118 0.791 0.601
vn -0.076 0.835 0.544
vn 0.962 -0.009 -0.274
vn -0.064 0.759 0.648
vn 0.970 -0.171 -0.173
vn -0.134 0.731 0.669
vn 0.979 -0.145 -0.146
vn 0.983 -0.168 -0.077
vn -0.201 0.697 0.688
vn 0.856 0.313 0.411
vn 0.561 0.513 0.650
vn 0.692 0.483 0.537
vn 0.964 -0.249 -0.097
vn -0.188 0.692 0.697
vn 0.052 0.659 0.750
vn 0.934 -0.123 -0.335
vn 0.949 -0.043 -0.313
vn -0.011 0.616 0.788
vn 0.898 -0.360 -0.253
vn 0.349 0.394 0.850
vn 0.052 0.718 0.695
vn 0.810 -0.135 -0.571
vn 0.722 0.392 0.571
vn 0.976 0.090 0.199
vn 0.912 0.204 0.356
vn 0.878 0.296 0.376
vn 0.994 -0.027 -0.110
vn 0.262 0.630 0.731
vn 0.007 0.707 0.707
vn 0.877 -0.083 -0.474
vn 0.954 -0.209 -0.215
vn 0.144 0.562 0.815
vn 0.075 0.662 0.745
vn 0.930 -0.165 -0.329
vn 0.073 0.589 0.805
vn 0.950 -0.147 -0.275
vn 0.075 0.638 0.766
vn 0.946 -0.095 -0.309
vn 0.954 -0.206 -0.220
vn 0.107 0.544 0.832
vn -0.032 0.686 0.727
vn 0.913 -0.009 -0.408
vn 0.059 0.656 0.752
vn 0.912 -0.139 -0.386
vn 0.030 0.604 0.796
vn 0.923 -0.159 -0.350
vn 0.946 -0.040 -0.322
vn 0.148 0.663 0.734
vn 0.881 0.374 0.292
vn 0.773 0.471 0.425
vn 0.820 0.445 0.361
vn 0.938 -0.132 -0.321
vn 0.081 0.616 0.783
vn 0.334 0.510 0.793
vn 0.880 -0.111 -0.462
vn 0.848 0.167 -0.504
vn 0.178 0.622 0.762
vn 0.889 -0.259 -0.377
vn 0.465 0.290 0.836
vn 0.219 0.661 0.718
vn 0.832 -0.092 -0.547
vn 0.704 0.463 0.538
vn 0.948 0.051 -0.314
vn 0.910 0.295 0.290
vn 0.967 0.168 -0.193
vn 0.965 -0.022 -0.260
vn 0.333 0.575 0.748
vn 0.250 0.654 0.714
vn 0.870 0.010 -0.493
vn 0.926 -0.166 -0.338
vn 0.311 0.446 0.839
vn 0.301 0.554 0.776
vn 0.867 -0.076 -0.492
vn 0.276 0.551 0.788
vn 0.906 -0.122 -0.404
vn 0.318 0.463 0.827
vn 0.884 -0.102 -0.457
vn 0.907 -0.045 -0.418
vn 0.241 0.559 0.793
vn 0.222 0.653 0.724
vn 0.857 0.091 -0.507
vn 0.322 0.542 0.776
vn 0.884 -0.063 -0.464
vn 0.282 0.558 0.780
vn 0.878 -0.015 -0.478
vn 0.918 -0.052 -0.394
vn 0.322 0.562 0.762
vn 0.900 0.396 0.182
vn 0.857 0.428 0.288
vn 0.851 0.459 0.255
vn 0.876 -0.105 -0.471
vn 0.294 0.529 0.796
vn 0.457 0.421 0.784
vn 0.794 -0.128 -0.594
vn 0.795 -0.167 -0.583
vn 0.424 0.387 0.819
vn 0.717 -0.039 -0.696
vn 0.938 -0.165 0.304
vn 0.584 0.396 0.709
vn 0.709 -0.131 -0.693
vn 0.692 0.389 0.609
vn 0.949 -0.016 -0.315
vn 0.948 0.141 0.286
vn 0.973 0.079 -0.216
vn 0.963 -0.104 -0.249
vn 0.550 0.300 0.779
vn 0.467 0.493 0.734
vn 0.687 -0.047 -0.725
vn 0.786 -0.228 -0.575
vn 0.501 0.283 0.818
vn 0.421 0.388 0.820
vn 0.829 -0.114 -0.548
vn 0.394 0.443 0.805
vn 0.783 -0.180 -0.595
vn 0.467 0.372 0.802
vn 0.849 -0.135 -0.511
vn 0.779 -0.265 -0.569
vn 0.522 0.266 0.810
vn 0.420 0.555 0.718
vn 0.709 -0.024 -0.705
vn 0.445 0.445 0.777
vn 0.790 -0.083 -0.608
vn 0.408 0.443 0.798
vn 0.805 -0.076 -0.589
vn 0.904 -0.168 -0.393
vn 0.416 0.356 0.837
vn 0.963 0.224 0.149
vn 0.932 0.166 0.322
vn 0.934 0.254 0.251
vn 0.846 -0.138 -0.515
vn 0.388 0.417 0.822
vn -0.962 0.161 0.220
vn -0.945 0.174 0.276
vn -0.987 0.040 0.156
vn -0.953 0.115 0.279
vn 0.413 -0.909 -0.060
vn -0.104 0.241 0.965
vn -0.101 -0.809 -0.579
vn -0.167 -0.828 -0.535
vn -0.220 -0.864 0.453
vn -0.002 -0.899 -0.439
vn -0.801 0.161 0.577
vn -0.978 0.100 0.180
vn -0.925 0.181 0.333
vn -0.954 0.231 0.189
vn -0.946 0.238 0.221
vn -0.999 0.031 0.025
vn -0.937 0.145 0.319
vn -0.963 0.197 0.182
vn -0.978 0.034 0.205
vn -0.984 0.058 0.168
vn 0.052 -0.845 -0.532
vn -0.705 0.089 0.704
vn -0.922 0.134 0.363
vn -0.204 -0.815 -0.543
vn -0.204 -0.758 -0.619
vn -0.050 -0.823 -0.566
vn -0.088 -0.852 -0.516
vn 0.030 -0.850 -0.527
vn 0.781 -0.179 0.599
vn 0.252 -0.901 -0.352
vn -0.119 -0.731 -0.672
vn -0.107 -0.806 -0.582
vn -0.149 -0.719 -0.679
vn -0.167 -0.709 -0.685
vn 0.543 0.375 0.751
vn 0.842 0.177 0.510
vn 0.684 0.289 0.669
vn -0.996 0.065 0.053
vn -0.143 -0.738 -0.659
vn -0.909 0.001 0.416
vn -0.899 0.054 0.435
vn -0.583 -0.509 0.633
vn -0.903 -0.069 0.424
vn 0.639 -0.748 -0.181
vn 0.462 0.285 0.840
vn -0.263 -0.766 -0.586
vn -0.211 -0.659 -0.722
vn 0.049 -0.990 -0.131
vn -0.148 -0.732 -0.665
vn -0.580 0.123 0.805
vn -0.846 0.170 0.505
vn -0.861 0.015 0.509
vn -0.883 0.256 0.393
vn -0.913 0.151 0.380
vn -0.910 0.163 0.382
vn -0.850 -0.053 0.524
vn -0.901 0.273 0.337
vn -0.900 -0.066 0.431
vn -0.905 0.171 0.389
vn 0.050 -0.734 -0.677
vn -0.215 0.118 0.969
vn -0.798 0.163 0.581
vn -0.262 -0.660 -0.705
vn -0.233 -0.605 -0.761
vn -0.045 -0.784 -0.619
vn -0.189 -0.784 -0.591
vn -0.173 -0.777 -0.605
vn 0.956 -0.262 0.129
vn 0.268 -0.788 -0.555
vn -0.145 -0.672 -0.726
vn -0.062 -0.722 -0.690
vn -0.260 -0.670 -0.695
vn -0.233 -0.627 -0.743
vn 0.801 0.415 0.431
vn 0.933 0.236 0.270
vn 0.886 0.295 0.358
vn -0.842 0.152 0.518
vn -0.121 -0.707 -0.697
vn -0.877 0.067 0.475
vn -0.785 -0.144 0.603
vn -0.416 -0.757 0.503
vn -0.754 -0.097 0.650
vn 0.267 -0.902 -0.339
vn 0.364 -0.117 0.924
vn -0.102 -0.592 -0.799
vn -0.018 -0.555 -0.832
vn 0.019 -0.953 -0.304
vn -0.037 -0.671 -0.741
vn -0.685 -0.155 0.712
vn -0.878 -0.019 0.478
vn -0.771 -0.060 0.634
vn -0.886 0.078 0.457
vn -0.860 0.078 0.505
vn -0.956 -0.022 0.292
vn -0.801 -0.111 0.589
vn -0.845 -0.019 0.534
vn -0.901 0.005 0.434
vn -0.905 -0.092 0.416
vn -0.081 -0.672 -0.736
vn -0.392 -0.221 0.893
vn -0.796 -0.056 0.603
vn -0.155 -0.647 -0.747
vn -0.102 -0.563 -0.820
vn 0.034 -0.578 -0.815
vn -0.094 -0.605 -0.791
vn -0.042 -0.632 -0.774
vn 0.857 -0.514 0.042
vn 0.037 -0.804 -0.594
vn -0.158 -0.550 -0.820
vn -0.083 -0.609 -0.789
vn -0.175 -0.599 -0.781
vn -0.133 -0.566 -0.814
vn 0.816 0.117 0.566
vn 0.921 0.067 0.383
vn 0.834 -0.002 0.551
vn -0.932 0.002 0.363
vn -0.111 -0.560 -0.821
vn -0.842 -0.032 0.538
vn -0.871 0.062 0.487
vn -0.133 -0.976 0.170
vn -0.812 -0.116 0.571
vn 0.437 -0.769 -0.467
vn 0.281 -0.137 0.950
vn -0.338 -0.477 -0.811
vn -0.419 -0.527 -0.739
vn -0.568 -0.667 -0.482
vn -0.475 -0.544 -0.692
vn -0.433 -0.078 0.898
vn -0.770 0.059 0.635
vn -0.812 -0.157 0.562
vn -0.847 0.033 0.531
vn -0.849 0.028 0.527
vn -0.881 0.182 0.436
vn -0.857 -0.104 0.504
vn -0.864 0.055 0.501
vn -0.846 -0.131 0.516
vn -0.861 0.091 0.500
vn -0.161 -0.617 -0.771
vn -0.161 -0.178 0.971
vn -0.653 0.017 0.757
vn -0.336 -0.437 -0.834
vn -0.383 -0.547 -0.744
vn -0.348 -0.575 -0.740
vn -0.311 -0.465 -0.829
vn -0.437 -0.594 -0.676
vn 0.840 -0.472 -0.269
vn 0.076 -0.698 -0.712
vn -0.227 -0.426 -0.876
vn -0.256 -0.561 -0.788
vn -0.380 -0.460 -0.803
vn -0.374 -0.539 -0.755
vn 0.855 0.234 0.464
vn 0.981 0.185 -0.054
vn 0.928 0.311 0.202
vn -0.831 0.113 0.544
vn -0.244 -0.465 -0.851
vn 0.380 0.760 0.527
vn 0.982 0.121 0.144
vn -0.419 0.708 0.568
vn -0.901 0.110 0.420
vn 0.768 0.526 0.364
vn -0.762 -0.621 0.185
vn -0.896 -0.437 -0.075
vn -0.707 -0.673 0.219
vn 0.385 0.614 0.689
vn 0.993 0.109 -0.055
vn 0.711 0.524 0.469
vn -0.655 -0.736 -0.172
vn -0.774 -0.612 0.165
vn -0.538 -0.843 -0.026
vn 0.552 0.629 0.548
vn 0.949 0.306 -0.082
vn 0.685 0.591 0.427
vn -0.613 -0.790 -0.003
vn -0.586 -0.791 0.176
vn -0.536 -0.842 -0.069
vn 0.856 0.495 0.148
vn 0.853 0.251 -0.457
vn 0.574 -0.196 -0.795
vn 0.029 -0.577 -0.816
vn 0.882 0.468 -0.055
vn -0.653 -0.749 0.111
vn -0.483 -0.860 0.162
vn -0.745 -0.652 -0.141
vn -0.105 0.822 0.560
vn 0.714 -0.015 -0.700
vn -0.923 -0.317 0.220
vn -0.499 -0.751 -0.432
vn 0.503 0.737 0.451
vn 0.960 0.250 0.129
vn -0.246 0.737 0.630
vn 0.809 0.477 0.342
vn -0.808 -0.557 0.191
vn -0.853 -0.369 0.368
vn -0.752 -0.655 0.077
vn 0.540 0.658 0.524
vn 0.934 0.329 -0.141
vn 0.709 0.600 0.371
vn -0.763 -0.604 -0.230
vn -0.758 -0.643 -0.109
vn -0.826 -0.538 -0.170
vn 0.580 0.670 0.464
vn 0.870 0.448 -0.207
vn 0.702 0.635 0.321
vn -0.726 -0.682 0.082
vn -0.825 -0.562 -0.065
vn -0.589 -0.795 0.143
vn 0.855 0.518 0.025
vn 0.800 0.252 -0.545
vn 0.475 -0.347 -0.809
vn 0.866 0.456 -0.205
vn -0.172 -0.747 -0.642
vn -0.440 -0.887 -0.141
vn 0.115 0.824 0.555
vn 0.810 0.069 -0.582
vn -0.753 -0.658 0.013
vn -0.386 0.577 0.720
vn 0.760 0.590 0.272
vn -0.877 -0.381 0.294
vn -0.812 -0.515 0.274
vn -0.793 -0.609 -0.024
vn 0.810 0.582 0.070
vn -0.774 -0.551 -0.311
vn -0.768 -0.585 -0.261
vn -0.837 -0.498 -0.226
vn -0.898 -0.434 -0.072
vn 0.174 -0.674 -0.718
vn -0.951 0.303 -0.064
vn -0.954 -0.189 -0.234
vn 0.807 0.516 0.288
vn 0.887 0.345 0.308
vn 0.817 0.565 0.112
vn 0.015 0.777 0.630
vn -0.755 -0.625 0.200
vn -0.570 -0.797 -0.199
vn -0.156 0.408 0.900
vn -0.625 -0.777 -0.072
vn -0.675 -0.702 -0.227
vn -0.620 -0.763 -0.183
vn -0.780 -0.617 -0.103
vn -0.863 -0.487 0.134
vn -0.857 -0.512 0.054
vn -0.787 -0.617 0.012
vn 0.922 0.350 -0.163
vn 0.824 0.019 -0.566
vn 0.331 -0.608 -0.721
vn 0.075 -0.785 -0.615
vn 0.912 0.245 -0.331
vn -0.698 -0.690 -0.192
vn -0.348 -0.937 -0.032
vn 0.919 0.174 0.353
vn 0.478 0.787 0.390
vn 0.657 -0.276 -0.702
vn 0.776 0.602 0.186
vn 0.683 0.686 0.251
vn 0.935 0.312 -0.168
vn -0.900 0.385 -0.203
vn -0.936 -0.211 -0.281
vn -0.725 -0.637 -0.263
vn -0.375 -0.923 -0.090
vn -0.409 -0.909 0.075
vn 0.438 0.801 0.407
vn 0.935 0.320 -0.153
vn 0.861 0.012 -0.509
vn 0.589 -0.350 -0.729
vn 0.933 0.282 -0.223
vn -0.271 -0.946 0.176
vn -0.459 -0.727 0.510
vn 0.916 0.327 -0.233
vn 0.923 0.385 -0.008
vn 0.703 0.652 0.285
vn 0.852 0.511 0.112
vn -0.287 0.899 0.331
vn 0.038 0.761 0.648
vn 0.931 0.332 -0.153
vn 0.920 0.198 -0.340
vn -0.869 -0.494 0.038
vn 0.939 0.309 -0.149
vn 0.497 0.818 0.291
vn 0.863 0.483 0.149
vn 0.837 0.522 0.164
vn 0.846 0.523 0.105
vn 0.901 0.376 -0.219
vn 0.801 0.595 0.067
vn 0.635 0.730 0.254
vn 0.875 0.472 -0.104
vn 0.852 0.523 -0.016
vn 0.234 0.912 0.336
vn 0.906 0.308 -0.290
vn 0.152 -0.491 -0.858
vn -0.401 -0.752 -0.523
vn 0.882 0.224 -0.416
vn 0.090 0.772 0.629
vn 0.977 -0.122 -0.174
vn 0.704 0.684 0.190
vn 0.839 0.529 0.131
vn -0.179 -0.681 -0.710
vn 0.586 -0.341 -0.736
vn 0.723 0.581 0.373
vn 0.916 0.400 -0.028
vn 0.915 0.374 -0.149
vn 0.909 0.411 -0.072
vn 0.668 0.700 0.254
vn 0.882 0.466 0.073
vn 0.810 0.532 0.246
vn 0.831 0.523 0.189
vn 0.523 0.765 0.376
vn 0.937 0.306 -0.171
vn 0.654 0.707 0.268
vn 0.619 0.584 0.525
vn 0.921 0.145 -0.361
vn -0.361 0.767 0.531
vn 0.439 0.772 0.460
vn 0.986 0.157 -0.058
vn 0.738 -0.644 -0.201
vn 0.293 -0.956 -0.019
vn -0.763 0.492 0.418
vn 0.821 0.526 0.223
vn -0.710 -0.693 -0.120
vn -0.945 -0.324 -0.040
vn -0.362 -0.932 -0.016
vn 0.026 0.847 0.531
vn 0.956 -0.222 -0.190
vn -0.978 0.084 0.189
vn -0.055 -0.997 0.054
vn -0.615 -0.786 -0.069
vn 0.683 0.592 0.429
vn -0.715 0.033 0.698
vn 0.406 -0.561 -0.721
vn 0.812 -0.230 -0.536
vn -0.020 0.673 0.739
vn -0.293 -0.881 -0.373
vn -0.809 -0.493 0.319
vn 0.514 -0.289 -0.807
vn 0.924 0.152 -0.350
vn -0.014 -0.812 -0.583
vn -0.799 -0.288 0.528
vn -0.751 -0.235 0.617
vn 0.013 -0.834 -0.552
vn 0.380 -0.549 -0.745
vn -0.588 -0.067 0.806
vn -0.236 0.454 0.859
vn 0.488 0.575 0.656
vn -0.846 -0.423 0.324
vn -0.297 -0.896 -0.330
vn 0.031 0.603 0.797
vn 0.782 -0.167 -0.601
vn 0.827 0.345 0.444
vn 0.182 0.267 0.946
vn 0.788 0.464 0.405
vn -0.644 -0.764 -0.039
vn 0.984 0.096 -0.149
vn 0.589 -0.275 -0.760
vn -0.414 -0.656 -0.631
vn -0.711 -0.253 0.656
vn -0.880 -0.456 0.135
vn 0.967 0.252 0.038
vn 0.733 -0.064 -0.677
vn 0.663 0.282 0.694
vn 0.647 -0.316 -0.694
vn 0.983 -0.009 -0.181
vn 0.314 0.689 0.653
vn -0.402 0.429 0.809
vn 0.151 -0.509 -0.848
vn -0.407 -0.055 0.912
vn -0.773 -0.600 -0.206
vn -0.840 -0.386 0.382
vn 0.707 0.675 0.210
vn 0.257 0.368 0.893
vn -0.017 0.004 1.000
vn -0.530 -0.445 0.721
vn -0.681 -0.501 0.534
vn -0.749 -0.560 0.354
vn 0.507 0.600 0.618
vn 0.545 0.309 -0.780
vn 0.657 0.472 -0.588
vn 0.741 0.554 -0.381
vn 0.777 0.618 -0.120
vn 0.354 0.069 -0.933
vn 0.166 -0.124 -0.978
vn -0.564 -0.620 -0.545
vn -0.687 -0.660 -0.303
vn -0.765 -0.640 0.069
vn -0.029 -0.270 -0.962
vn 0.693 0.698 0.183
vn 0.226 0.369 0.901
vn -0.076 -0.009 0.997
vn -0.482 -0.434 0.761
vn -0.656 -0.510 0.556
vn -0.728 -0.609 0.316
vn 0.497 0.618 0.609
vn 0.556 0.258 -0.790
vn 0.672 0.458 -0.582
vn 0.724 0.587 -0.361
vn 0.737 0.667 -0.111
vn 0.356 0.011 -0.934
vn 0.219 -0.047 -0.974
vn -0.493 -0.643 -0.586
vn -0.610 -0.705 -0.361
vn -0.700 -0.714 0.004
vn 0.037 -0.205 -0.978
vn 0.651 0.735 0.189
vn 0.155 0.384 0.910
vn -0.154 0.000 0.988
vn -0.492 -0.381 0.782
vn -0.664 -0.479 0.573
vn -0.721 -0.642 0.261
vn 0.432 0.655 0.620
vn 0.627 0.243 -0.741
vn 0.721 0.402 -0.564
vn 0.754 0.557 -0.349
vn 0.731 0.675 -0.101
vn 0.454 0.137 -0.880
vn 0.271 0.025 -0.962
vn -0.428 -0.662 -0.616
vn -0.555 -0.754 -0.351
vn -0.649 -0.759 -0.053
vn 0.011 -0.351 -0.936
vn 0.611 0.768 0.191
vn 0.023 0.452 0.891
vn -0.259 0.083 0.962
vn -0.548 -0.280 0.788
vn -0.681 -0.446 0.581
vn -0.729 -0.652 0.209
vn 0.337 0.716 0.611
vn 0.705 0.202 -0.679
vn 0.762 0.360 -0.539
vn 0.778 0.522 -0.349
vn 0.724 0.681 -0.110
vn 0.628 0.082 -0.773
vn 0.384 -0.184 -0.905
vn -0.355 -0.748 -0.561
vn -0.515 -0.788 -0.338
vn -0.636 -0.765 -0.094
vn 0.048 -0.488 -0.871
vn 0.569 0.801 0.184
vn -0.103 0.589 0.802
vn -0.440 0.305 0.844
vn -0.696 -0.079 0.713
vn -0.760 -0.348 0.549
vn -0.757 -0.630 0.174
vn 0.273 0.774 0.571
vn 0.735 0.142 -0.662
vn 0.773 0.353 -0.527
vn 0.780 0.519 -0.351
vn 0.721 0.681 -0.133
vn 0.690 0.009 -0.724
vn 0.457 -0.351 -0.818
vn -0.287 -0.822 -0.493
vn -0.462 -0.823 -0.331
vn -0.624 -0.769 -0.134
vn 0.101 -0.655 -0.749
vn 0.576 0.799 0.172
vn -0.122 0.719 0.684
vn -0.497 0.495 0.713
vn -0.824 0.102 0.558
vn -0.879 -0.200 0.433
vn -0.806 -0.581 0.114
vn 0.270 0.826 0.495
vn 0.750 0.055 -0.659
vn 0.796 0.302 -0.525
vn 0.790 0.507 -0.344
vn 0.734 0.664 -0.140
vn 0.695 -0.107 -0.711
vn 0.421 -0.515 -0.747
vn -0.247 -0.841 -0.481
vn -0.417 -0.835 -0.359
vn -0.597 -0.778 -0.195
vn 0.162 -0.696 -0.700
vn 0.600 0.775 0.199
vn -0.036 0.732 0.680
vn -0.419 0.502 0.757
vn -0.799 0.094 0.593
vn -0.883 -0.198 0.425
vn -0.803 -0.586 0.111
vn 0.329 0.813 0.481
vn 0.765 -0.008 -0.643
vn 0.837 0.228 -0.498
vn 0.840 0.446 -0.309
vn 0.775 0.624 -0.103
vn 0.657 -0.239 -0.715
vn 0.383 -0.586 -0.714
vn -0.275 -0.853 -0.445
vn -0.418 -0.846 -0.331
vn -0.570 -0.801 -0.184
vn 0.237 -0.683 -0.691
vn 0.614 0.755 0.232
vn 0.012 0.697 0.717
vn -0.329 0.494 0.805
vn -0.708 0.098 0.700
vn -0.824 -0.250 0.509
vn -0.766 -0.603 0.221
vn 0.332 0.793 0.510
vn 0.795 -0.050 -0.605
vn 0.864 0.212 -0.457
vn 0.859 0.434 -0.273
vn 0.794 0.604 -0.063
vn 0.618 -0.356 -0.701
vn 0.331 -0.659 -0.675
vn -0.289 -0.878 -0.381
vn -0.438 -0.864 -0.247
vn -0.563 -0.821 -0.097
vn 0.236 -0.733 -0.638
vn 0.581 0.770 0.262
vn -0.039 0.701 0.712
vn -0.291 0.538 0.791
vn -0.657 0.143 0.740
vn -0.785 -0.278 0.554
vn -0.740 -0.593 0.316
vn 0.304 0.800 0.517
vn 0.827 -0.005 -0.562
vn 0.878 0.194 -0.436
vn 0.862 0.440 -0.251
vn 0.775 0.632 -0.025
vn 0.599 -0.428 -0.677
vn 0.316 -0.693 -0.648
vn -0.312 -0.898 -0.312
vn -0.484 -0.866 -0.127
vn -0.583 -0.812 0.013
vn 0.215 -0.759 -0.615
vn 0.550 0.781 0.296
vn -0.033 0.737 0.675
vn -0.321 0.581 0.748
vn -0.651 0.181 0.738
vn -0.780 -0.269 0.565
vn -0.747 -0.557 0.362
vn 0.291 0.811 0.508
vn 0.851 0.011 -0.524
vn 0.887 0.229 -0.400
vn 0.866 0.456 -0.207
vn 0.758 0.652 0.038
vn 0.656 -0.408 -0.635
vn 0.405 -0.653 -0.641
vn -0.359 -0.904 -0.230
vn -0.512 -0.857 -0.063
vn -0.628 -0.771 0.104
vn 0.250 -0.754 -0.608
vn 0.571 0.758 0.316
vn 0.032 0.772 0.634
vn -0.312 0.615 0.724
vn -0.665 0.160 0.730
vn -0.768 -0.259 0.585
vn -0.745 -0.544 0.386
vn 0.315 0.809 0.496
vn 0.884 0.059 -0.465
vn 0.904 0.298 -0.306
vn 0.862 0.495 -0.107
vn 0.744 0.657 0.118
vn 0.773 -0.245 -0.586
vn 0.526 -0.575 -0.626
vn -0.374 -0.905 -0.203
vn -0.525 -0.850 -0.032
vn -0.661 -0.725 0.192
vn 0.345 -0.702 -0.623
vn 0.579 0.755 0.307
vn 0.121 0.804 0.582
vn -0.244 0.674 0.697
vn -0.691 0.104 0.716
vn -0.755 -0.259 0.603
vn -0.741 -0.503 0.446
vn 0.384 0.807 0.449
vn 0.902 0.191 -0.386
vn 0.885 0.424 -0.190
vn 0.818 0.575 -0.001
vn 0.710 0.684 0.170
vn 0.824 -0.138 -0.549
vn 0.637 -0.445 -0.630
vn -0.398 -0.894 -0.204
vn -0.578 -0.815 0.028
vn -0.688 -0.678 0.258
vn 0.422 -0.642 -0.640
vn 0.574 0.771 0.276
vn 0.177 0.830 0.529
vn -0.173 0.700 0.693
vn -0.702 0.033 0.711
vn -0.756 -0.274 0.594
vn -0.752 -0.445 0.486
vn 0.418 0.821 0.390
vn 0.920 0.264 -0.291
vn 0.867 0.491 -0.088
vn 0.780 0.622 0.065
vn 0.678 0.711 0.184
vn 0.862 -0.074 -0.502
vn 0.706 -0.343 -0.620
vn -0.458 -0.877 -0.147
vn -0.646 -0.753 0.129
vn -0.725 -0.596 0.345
vn 0.475 -0.580 -0.662
vn 0.590 0.781 0.207
vn 0.205 0.851 0.483
vn -0.191 0.713 0.674
vn -0.723 0.070 0.687
vn -0.798 -0.200 0.568
vn -0.818 -0.362 0.446
vn 0.436 0.840 0.323
vn 0.934 0.265 -0.239
vn 0.878 0.474 -0.060
vn 0.794 0.606 0.054
vn 0.699 0.703 0.133
vn 0.891 -0.006 -0.454
vn 0.756 -0.229 -0.614
vn -0.524 -0.842 -0.130
vn -0.712 -0.687 0.147
vn -0.791 -0.517 0.326
vn 0.499 -0.497 -0.709
vn 0.663 0.745 0.067
vn 0.281 0.911 0.303
vn -0.144 0.887 0.439
vn -0.850 0.288 0.442
vn -0.914 -0.010 0.406
vn -0.899 -0.262 0.350
vn 0.509 0.840 0.191
vn 0.899 0.321 -0.298
vn 0.871 0.457 -0.181
vn 0.827 0.552 -0.103
vn 0.765 0.643 -0.037
vn 0.880 0.160 -0.447
vn 0.817 0.048 -0.575
vn -0.589 -0.808 0.022
vn -0.747 -0.643 0.171
vn -0.848 -0.456 0.270
vn 0.423 -0.371 -0.827
vn 0.407 0.866 0.292
vn -0.319 0.933 0.169
vn -0.914 0.220 -0.341
vn 0.143 0.955 0.261
vn 0.832 0.547 -0.091
vn 0.781 0.625 0.014
vn 0.699 0.705 0.118
vn 0.584 0.781 0.221
vn 0.865 0.465 -0.187
vn 0.876 0.278 -0.395
vn 0.641 0.328 0.694
vn 0.966 0.041 0.257
vn 0.801 0.594 0.077
vn 0.966 0.224 -0.127
vn 0.928 0.354 -0.116
vn 0.900 0.375 -0.222
vn 0.884 0.391 -0.257
vn 0.159 -0.928 -0.338
vn -0.828 -0.346 -0.442
vn -0.746 0.665 0.034
vn -0.945 0.191 -0.265
vn 0.765 0.377 0.522
vn 0.388 0.717 0.579
vn -0.206 0.906 0.369
vn 0.886 -0.418 0.202
vn -0.365 -0.800 -0.477
vn 0.608 -0.790 -0.072
vn 0.132 -0.941 -0.312
vn -0.873 -0.328 -0.362
vn -0.760 0.650 0.022
vn -0.958 0.186 -0.219
vn 0.784 0.344 0.518
vn 0.396 0.740 0.543
vn -0.214 0.904 0.371
vn 0.855 -0.455 0.248
vn -0.383 -0.810 -0.445
vn 0.580 -0.814 -0.037
vn 0.094 -0.958 -0.270
vn -0.874 -0.314 -0.370
vn -0.791 0.608 0.070
vn -0.967 0.185 -0.174
vn 0.761 0.287 0.582
vn 0.380 0.707 0.597
vn -0.256 0.877 0.407
vn 0.797 -0.517 0.312
vn -0.392 -0.812 -0.432
vn 0.542 -0.840 0.005
vn 0.082 -0.964 -0.252
vn -0.852 -0.350 -0.389
vn -0.803 0.587 0.108
vn -0.974 0.166 -0.157
vn 0.670 0.183 0.719
vn 0.322 0.673 0.666
vn -0.272 0.843 0.463
vn 0.660 -0.619 0.426
vn -0.402 -0.821 -0.405
vn 0.472 -0.878 0.072
vn 0.045 -0.991 -0.129
vn -0.845 -0.390 -0.367
vn -0.824 0.538 0.177
vn -0.976 0.060 -0.208
vn 0.444 0.119 0.888
vn 0.236 0.632 0.738
vn -0.294 0.825 0.483
vn 0.417 -0.641 0.644
vn -0.379 -0.871 -0.311
vn 0.324 -0.924 0.201
vn -0.007 -0.993 0.116
vn -0.666 -0.679 -0.309
vn -0.957 0.290 -0.017
vn -0.949 -0.141 -0.282
vn 0.231 0.376 0.897
vn 0.128 0.770 0.625
vn -0.436 0.812 0.389
vn -0.097 -0.209 0.973
vn -0.231 -0.956 -0.180
vn -0.114 -0.799 0.591
vn -0.879 -0.314 -0.359
vn -0.514 -0.811 -0.279
vn -0.376 -0.923 -0.088
vn -0.393 -0.917 -0.065
vn -0.380 -0.906 -0.188
vn -0.397 -0.906 -0.143
vn -0.409 -0.905 -0.118
vn -0.560 -0.826 -0.066
vn -0.864 -0.406 -0.297
vn -0.636 -0.757 0.152
vn -0.757 -0.629 0.175
vn -0.849 -0.478 -0.224
vn -0.726 -0.639 0.254
vn -0.786 -0.574 0.232
vn -0.794 -0.497 -0.350
vn -0.714 -0.689 0.125
vn -0.782 -0.612 0.115
vn -0.429 -0.575 -0.696
vn -0.490 -0.858 -0.153
vn 0.924 0.331 -0.193
vn 0.867 0.496 0.047
vn 0.494 -0.409 -0.767
vn 0.907 0.233 -0.350
vn 0.679 0.685 0.265
vn 0.733 0.650 0.202
vn 0.887 0.460 -0.048
vn -0.830 -0.538 -0.147
vn -0.459 -0.805 -0.376
vn 0.853 0.518 0.069
vn 0.387 0.839 0.384
vn 0.923 0.314 -0.221
vn -0.333 0.882 0.332
vn 0.611 0.731 0.303
vn 0.141 -0.628 -0.765
vn -0.407 -0.833 -0.374
vn -0.103 0.959 0.263
vn -0.911 -0.177 -0.373
vn -0.527 -0.639 -0.560
vn -0.710 -0.664 -0.234
vn 0.058 -0.546 -0.836
vn -0.823 -0.561 -0.087
vn -0.970 -0.075 -0.230
vn -0.925 -0.367 -0.097
vn -0.747 0.664 -0.028
vn 0.391 0.403 0.828
vn 0.553 0.157 0.818
vn 0.611 0.021 0.791
vn 0.618 -0.004 0.786
vn 0.677 -0.026 0.736
vn 0.738 -0.149 0.658
vn 0.798 -0.407 0.444
vn 0.772 -0.593 0.229
vn 0.720 -0.682 0.124
vn 0.667 -0.743 0.058
vn 0.685 -0.724 0.075
vn 0.735 -0.661 0.154
vn 0.224 0.675 0.703
vn 0.089 0.722 0.687
vn 0.043 0.614 0.788
vn 0.067 0.563 0.824
vn 0.116 0.511 0.852
vn 0.231 0.283 0.931
vn 0.250 -0.022 0.968
vn 0.209 -0.296 0.932
vn 0.044 -0.430 0.902
vn -0.140 -0.440 0.887
vn -0.186 -0.449 0.874
vn -0.319 -0.370 0.873
vn -0.415 -0.285 0.864
vn -0.408 -0.288 0.866
vn -0.381 -0.319 0.868
vn -0.329 -0.318 0.889
vn -0.277 -0.290 0.916
vn -0.527 0.423 0.737
vn -0.525 0.381 0.761
vn -0.530 0.387 0.754
vn -0.637 0.586 0.501
vn -0.903 0.389 -0.182
vn -0.510 0.428 0.746
vn 0.452 0.024 -0.892
vn 0.270 0.082 -0.959
vn -0.095 0.114 -0.989
vn -0.304 0.131 -0.944
vn -0.390 0.132 -0.911
vn -0.248 0.172 -0.953
vn 0.541 -0.177 -0.822
vn 0.108 -0.297 -0.949
vn -0.138 -0.234 -0.962
vn -0.122 -0.269 -0.955
vn -0.095 -0.296 -0.951
vn 0.507 -0.262 -0.821
vn 0.489 -0.059 -0.870
vn -0.157 -0.351 -0.923
vn -0.243 -0.406 -0.881
vn -0.302 -0.392 -0.869
vn -0.265 -0.373 -0.889
vn -0.231 -0.394 -0.889
vn -0.138 -0.363 -0.922
vn -0.065 -0.420 -0.905
vn -0.020 -0.545 -0.838
vn 0.038 -0.686 -0.726
vn 0.054 -0.740 -0.671
vn 0.041 -0.779 -0.626
vn 0.064 -0.812 -0.581
vn 0.100 -0.813 -0.573
vn 0.113 -0.823 -0.556
vn 0.145 -0.821 -0.552
vn 0.200 -0.784 -0.588
vn 0.239 -0.743 -0.626
vn 0.224 -0.714 -0.663
vn 0.071 -0.656 -0.752
vn 0.837 0.205 -0.507
vn -0.787 -0.617 -0.027
vn -0.670 -0.740 -0.062
vn -0.740 -0.672 -0.036
vn -0.781 -0.578 0.235
vn -0.746 -0.641 -0.183
vn -0.736 -0.672 -0.081
vn -0.483 -0.857 0.180
vn -0.477 -0.871 -0.119
vn -0.712 0.333 0.618
vn -0.743 -0.651 0.156
vn -0.567 -0.819 0.086
vn -0.555 -0.046 0.831
vn -0.170 0.625 0.762
vn -0.704 0.069 0.707
vn -0.678 -0.632 0.374
vn 0.210 0.782 0.587
vn 0.128 0.785 0.606
vn 0.133 0.870 0.475
vn -0.683 0.716 -0.140
vn -0.685 -0.660 -0.310
vn -0.679 -0.729 -0.085
vn -0.762 -0.639 0.109
vn -0.795 -0.584 -0.164
vn -0.687 -0.726 -0.005
vn -0.745 -0.578 -0.332
vn -0.575 -0.789 -0.215
vn -0.788 -0.481 -0.385
vn -0.582 -0.748 -0.319
vn -0.824 -0.163 0.543
vn 0.486 -0.041 -0.873
vn 0.269 0.069 -0.961
vn -0.123 0.112 -0.986
vn -0.328 0.068 -0.942
vn -0.378 0.058 -0.924
vn -0.222 0.141 -0.965
vn 0.634 -0.256 -0.730
vn 0.044 -0.490 -0.871
vn -0.324 -0.410 -0.852
vn -0.235 -0.404 -0.884
vn -0.207 -0.449 -0.869
vn 0.597 -0.359 -0.718
vn -0.276 -0.506 -0.817
vn -0.372 -0.553 -0.746
vn -0.452 -0.522 -0.723
vn -0.419 -0.487 -0.767
vn 0.601 -0.242 -0.762
vn -0.397 -0.492 -0.775
vn -0.327 -0.523 -0.787
vn -0.234 -0.540 -0.809
vn -0.156 -0.647 -0.746
vn -0.098 -0.760 -0.643
vn -0.113 -0.813 -0.571
vn -0.138 -0.831 -0.538
vn -0.135 -0.862 -0.488
vn -0.139 -0.885 -0.445
vn -0.134 -0.901 -0.413
vn -0.092 -0.900 -0.427
vn -0.064 -0.881 -0.468
vn -0.066 -0.875 -0.480
vn -0.108 -0.859 -0.501
vn -0.317 -0.904 -0.285
vn 0.843 -0.051 -0.535
vn 0.606 -0.129 -0.785
vn 0.605 -0.198 -0.771
vn 0.789 -0.121 -0.603
vn -0.494 0.369 0.787
vn -0.493 0.420 0.762
vn -0.538 0.319 0.781
vn -0.623 0.320 0.714
vn -0.698 0.316 0.642
vn -0.603 0.112 0.790
vn -0.424 -0.142 0.895
vn -0.323 -0.250 0.913
vn -0.286 -0.275 0.918
vn 0.732 0.680 0.049
vn 0.617 0.775 0.133
vn 0.900 0.100 -0.425
vn 0.923 0.298 -0.243
vn -0.861 -0.107 0.498
vn -0.805 0.156 0.572
vn 0.813 -0.050 -0.580
vn 0.519 -0.405 -0.753
vn -0.865 -0.297 0.405
vn -0.564 -0.822 -0.073
vn 0.442 0.858 0.262
vn 0.184 0.893 0.412
vn -0.733 -0.660 0.165
vn 0.820 0.572 -0.017
vn -0.233 0.774 0.589
vn -0.823 -0.487 0.292
vn 0.886 0.453 -0.103
vn -0.610 0.426 0.669
vn 0.197 -0.644 -0.739
vn -0.171 -0.836 -0.521
vn 0.020 -0.585 -0.811
vn 0.521 -0.233 -0.821
vn 0.840 0.151 -0.521
vn 0.869 0.236 -0.435
vn 0.878 0.382 -0.289
vn 0.856 0.477 -0.198
vn 0.819 0.561 -0.121
vn 0.766 0.643 -0.029
vn 0.670 0.736 0.096
vn 0.531 0.823 0.201
vn 0.306 0.901 0.307
vn -0.116 0.916 0.384
vn -0.388 -0.806 -0.447
vn -0.596 -0.799 -0.081
vn -0.755 -0.650 0.082
vn -0.864 -0.475 0.168
vn -0.963 -0.228 0.146
vn -0.971 0.210 0.117
vn -0.874 0.459 0.159
vn -0.539 0.801 0.259
vn 0.908 -0.252 0.333
vn 0.955 -0.287 0.069
vn 0.947 -0.261 0.187
vn 0.400 -0.227 -0.888
vn 0.113 -0.222 -0.968
vn -0.195 -0.158 -0.968
vn -0.241 -0.047 -0.969
vn -0.185 0.037 -0.982
vn -0.181 0.015 -0.983
vn 0.801 -0.258 -0.540
vn 0.888 -0.270 -0.373
vn 0.947 -0.285 -0.151
vn 0.635 -0.246 -0.732
vn 0.921 -0.238 0.308
vn 0.951 -0.302 0.064
vn 0.944 -0.282 0.174
vn 0.317 -0.260 -0.912
vn 0.057 -0.227 -0.972
vn -0.094 -0.136 -0.986
vn -0.112 -0.029 -0.993
vn -0.172 0.007 -0.985
vn -0.190 -0.016 -0.982
vn 0.816 -0.229 -0.530
vn 0.893 -0.251 -0.374
vn 0.947 -0.279 -0.160
vn 0.596 -0.247 -0.764
vn 0.954 -0.173 0.246
vn 0.976 -0.213 0.051
vn 0.972 -0.203 0.122
vn 0.326 -0.233 -0.916
vn 0.152 -0.162 -0.975
vn 0.038 -0.073 -0.997
vn -0.065 -0.035 -0.997
vn -0.209 -0.036 -0.977
vn -0.187 -0.048 -0.981
vn 0.782 -0.239 -0.576
vn 0.906 -0.218 -0.364
vn 0.962 -0.225 -0.152
vn 0.520 -0.260 -0.813
vn 0.968 -0.118 0.220
vn 0.981 -0.193 -0.003
vn 0.988 -0.124 0.093
vn 0.366 -0.221 -0.904
vn 0.262 -0.172 -0.950
vn 0.092 -0.136 -0.986
vn -0.073 -0.113 -0.991
vn -0.220 -0.107 -0.970
vn -0.157 -0.078 -0.984
vn 0.744 -0.268 -0.612
vn 0.883 -0.254 -0.396
vn 0.957 -0.233 -0.171
vn 0.526 -0.252 -0.812
vn 0.967 -0.108 0.232
vn 0.984 -0.173 -0.042
vn 0.989 -0.136 0.060
vn 0.427 -0.210 -0.879
vn 0.283 -0.210 -0.936
vn 0.119 -0.212 -0.970
vn -0.061 -0.197 -0.979
vn -0.143 -0.148 -0.978
vn -0.074 -0.078 -0.994
vn 0.769 -0.248 -0.590
vn 0.873 -0.252 -0.417
vn 0.960 -0.206 -0.190
vn 0.568 -0.237 -0.788
vn 0.966 -0.099 0.239
vn 0.988 -0.142 -0.054
vn 0.992 -0.115 0.047
vn 0.454 -0.220 -0.863
vn 0.268 -0.248 -0.931
vn 0.140 -0.244 -0.960
vn 0.029 -0.199 -0.980
vn -0.016 -0.137 -0.991
vn -0.006 -0.092 -0.996
vn 0.806 -0.207 -0.554
vn 0.900 -0.208 -0.383
vn 0.958 -0.197 -0.208
vn 0.621 -0.218 -0.753
vn 0.968 -0.091 0.233
vn 0.990 -0.126 -0.062
vn 0.992 -0.121 0.040
vn 0.434 -0.288 -0.854
vn 0.299 -0.266 -0.916
vn 0.209 -0.215 -0.954
vn 0.115 -0.178 -0.977
vn 0.040 -0.151 -0.988
vn 0.012 -0.141 -0.990
vn 0.840 -0.182 -0.512
vn 0.928 -0.170 -0.331
vn 0.963 -0.174 -0.204
vn 0.641 -0.243 -0.728
vn 0.973 -0.075 0.220
vn 0.996 -0.061 -0.068
vn 0.997 -0.064 0.047
vn 0.476 -0.286 -0.832
vn 0.388 -0.230 -0.892
vn 0.263 -0.200 -0.944
vn 0.158 -0.177 -0.971
vn 0.054 -0.165 -0.985
vn -0.002 -0.180 -0.984
vn 0.797 -0.224 -0.561
vn 0.934 -0.163 -0.317
vn 0.973 -0.112 -0.201
vn 0.590 -0.295 -0.751
vn 0.962 0.076 0.263
vn 0.984 0.137 -0.115
vn 0.991 0.127 0.049
vn 0.215 -0.139 0.967
vn 0.558 -0.169 -0.812
vn 0.448 -0.165 -0.879
vn 0.313 -0.156 -0.937
vn 0.189 -0.147 -0.971
vn 0.059 -0.150 -0.987
vn -0.033 -0.186 -0.982
vn -0.048 -0.053 0.997
vn 0.920 0.117 -0.375
vn 0.953 0.145 -0.265
vn 0.700 -0.059 -0.712
vn 0.953 0.034 0.300
vn 0.983 0.154 -0.103
vn 0.994 0.092 0.057
vn 0.059 -0.087 0.994
vn 0.543 -0.027 -0.840
vn 0.413 -0.090 -0.906
vn 0.338 -0.117 -0.934
vn 0.215 -0.117 -0.970
vn 0.052 -0.118 -0.992
vn -0.074 -0.121 -0.990
vn 0.878 0.144 -0.456
vn 0.936 0.190 -0.296
vn 0.674 0.024 -0.738
vn 0.881 -0.282 0.380
vn 0.882 -0.238 0.407
vn 0.887 -0.153 0.436
vn 0.888 -0.080 0.453
vn 0.899 -0.090 0.428
vn 0.193 -0.124 0.973
vn 0.472 -0.079 0.878
vn 0.547 -0.121 0.829
vn -0.036 -0.060 0.998
vn -0.030 0.001 1.000
vn -0.020 -0.041 0.999
vn 0.180 -0.092 0.979
vn 0.438 -0.089 0.895
vn 0.603 -0.162 0.781
vn 0.113 -0.075 0.991
vn -0.061 0.004 0.998
vn 0.055 -0.040 0.998
vn 0.201 -0.096 0.975
vn 0.405 -0.168 0.899
vn 0.619 -0.190 0.762
vn 0.004 -0.032 0.999
vn 0.003 -0.043 0.999
vn 0.262 -0.139 0.955
vn 0.417 -0.194 0.888
vn 0.682 -0.098 0.725
vn -0.031 -0.140 0.990
vn -0.025 -0.050 0.998
vn 0.346 -0.191 0.919
vn 0.382 -0.171 0.908
vn 0.734 -0.050 0.677
vn 0.023 -0.077 0.997
vn -0.122 -0.060 0.991
vn 0.892 -0.080 0.445
vn 0.845 -0.118 0.521
vn 0.842 -0.097 0.531
vn 0.822 -0.046 0.568
vn 0.863 -0.004 -0.506
vn -0.078 0.031 0.997
vn -0.033 0.105 0.994
vn -0.004 -0.014 1.000
vn -0.172 0.096 0.980
vn -0.163 0.097 0.982
vn -0.076 0.072 0.994
vn -0.203 0.118 0.972
vn -0.123 0.186 0.975
vn -0.072 0.152 0.986
vn 0.286 -0.031 0.958
vn 0.085 0.014 0.996
vn 0.559 -0.060 0.827
vn 0.356 -0.072 0.932
vn 0.369 -0.071 0.927
vn 0.805 -0.021 0.593
vn 0.949 0.017 0.315
vn 0.991 0.099 -0.090
vn 0.995 0.062 0.082
vn 0.846 0.150 -0.511
vn 0.940 0.142 -0.311
vn 0.317 0.072 0.946
vn 0.152 0.073 0.986
vn 0.574 0.027 0.818
vn 0.363 0.066 0.930
vn 0.371 0.059 0.927
vn 0.809 0.004 0.588
vn 0.972 -0.020 -0.233
vn 0.936 -0.078 -0.345
vn 0.974 -0.008 0.226
vn 0.997 0.047 0.055
vn 0.995 0.036 -0.095
vn 0.643 -0.216 -0.734
vn 0.207 -0.118 -0.971
vn 0.055 -0.127 -0.990
vn -0.061 -0.161 -0.985
vn 0.585 -0.063 -0.809
vn 0.456 -0.107 -0.883
vn -0.071 -0.070 0.995
vn 0.329 -0.131 -0.935
vn 0.836 -0.081 0.543
vn 0.149 -0.130 0.980
vn 0.005 -0.088 0.996
vn 0.317 -0.175 0.932
vn 0.414 -0.174 0.893
vn 0.589 -0.130 0.798
vn 0.841 -0.175 -0.512
vn 0.677 0.074 0.732
vn 0.153 0.006 0.988
vn 0.311 0.054 0.949
vn 0.906 0.207 -0.369
vn 0.791 0.217 -0.572
vn 0.995 0.080 0.067
vn 0.984 0.148 -0.100
vn 0.962 0.020 0.271
vn 0.860 0.010 0.511
vn 0.415 0.096 0.905
vn 0.346 0.094 0.933
vn 0.786 0.070 -0.615
vn 0.734 0.120 -0.668
vn 0.654 0.222 -0.723
vn 0.474 0.024 -0.880
vn 0.375 -0.019 -0.927
vn 0.325 -0.065 -0.943
vn 0.216 -0.075 -0.974
vn 0.071 -0.044 -0.997
vn -0.097 -0.048 -0.994
vn 0.410 0.207 -0.888
vn 0.329 0.134 -0.935
vn 0.311 0.067 -0.948
vn 0.218 0.049 -0.975
vn 0.032 0.054 -0.998
vn -0.126 0.046 -0.991
vn 0.381 0.393 -0.837
vn 0.298 0.378 -0.877
vn 0.253 0.333 -0.908
vn 0.213 0.268 -0.940
vn 0.065 0.230 -0.971
vn -0.103 0.207 -0.973
vn 0.608 0.067 -0.791
vn 0.562 0.182 -0.807
vn 0.692 0.237 -0.681
vn 0.321 0.352 -0.879
vn 0.157 0.367 -0.917
vn 0.111 0.373 -0.921
vn -0.018 0.379 -0.925
vn -0.217 0.333 -0.918
vn -0.334 0.288 -0.898
vn 0.548 0.347 -0.761
vn 0.687 0.303 -0.660
vn 0.584 0.317 -0.748
vn 0.292 0.278 -0.915
vn 0.136 0.251 -0.958
vn 0.086 0.216 -0.973
vn -0.098 0.186 -0.978
vn -0.397 0.152 -0.905
vn -0.608 0.110 -0.786
vn 0.703 0.350 -0.619
vn 0.222 0.095 -0.970
vn 0.033 0.037 -0.999
vn -0.082 -0.018 -0.996
vn -0.362 -0.065 -0.930
vn -0.578 -0.067 -0.813
vn -0.897 -0.072 -0.436
vn 0.519 0.317 -0.794
vn 0.675 0.205 -0.709
vn 0.189 -0.179 -0.965
vn -0.018 -0.234 -0.972
vn -0.210 -0.273 -0.939
vn -0.455 -0.287 -0.843
vn -0.656 -0.268 -0.705
vn -0.937 -0.169 -0.305
vn 0.486 0.174 -0.856
vn 0.701 0.050 -0.712
vn 0.131 -0.420 -0.898
vn -0.100 -0.522 -0.847
vn -0.362 -0.609 -0.706
vn -0.494 -0.619 -0.610
vn -0.649 -0.566 -0.508
vn -0.879 -0.362 -0.310
vn 0.473 -0.072 -0.878
vn 0.671 -0.055 -0.739
vn -0.003 -0.586 -0.810
vn -0.277 -0.736 -0.618
vn -0.454 -0.732 -0.508
vn -0.497 -0.726 -0.475
vn -0.609 -0.694 -0.383
vn -0.765 -0.557 -0.323
vn 0.416 -0.253 -0.873
vn 0.616 -0.142 -0.775
vn -0.199 -0.607 -0.770
vn -0.397 -0.572 -0.718
vn -0.512 -0.654 -0.558
vn -0.623 -0.674 -0.397
vn -0.667 -0.676 -0.313
vn -0.662 -0.683 -0.308
vn 0.314 -0.342 -0.886
vn 0.564 -0.167 -0.809
vn -0.293 -0.359 -0.886
vn -0.393 -0.340 -0.855
vn -0.803 -0.462 -0.376
vn -0.759 -0.599 -0.256
vn -0.543 -0.799 -0.258
vn 0.177 -0.369 -0.913
vn 0.928 0.075 -0.364
vn 0.837 0.101 -0.538
vn 0.971 0.171 0.169
vn 0.988 0.118 -0.096
vn 0.923 0.150 0.354
vn 0.824 0.111 0.556
vn 0.917 0.081 -0.390
vn 0.820 0.218 -0.528
vn 0.981 0.195 0.006
vn 0.959 0.103 -0.264
vn 0.930 0.223 0.294
vn 0.831 0.225 0.509
vn 0.917 0.212 -0.339
vn 0.874 0.292 -0.388
vn 0.968 0.245 0.062
vn 0.943 0.213 -0.257
vn 0.902 0.266 0.339
vn 0.795 0.180 0.580
vn 0.907 0.298 -0.296
vn 0.856 0.267 -0.442
vn 0.979 0.192 -0.068
vn 0.933 0.242 -0.265
vn 0.932 0.208 0.296
vn 0.793 0.139 0.593
vn 0.911 0.267 -0.315
vn 0.849 0.141 -0.510
vn 0.964 0.263 -0.039
vn 0.929 0.288 -0.233
vn 0.938 0.207 0.279
vn 0.769 0.134 0.625
vn 0.900 0.242 -0.362
vn 0.827 0.097 -0.553
vn 0.961 0.275 -0.017
vn 0.932 0.286 -0.223
vn 0.922 0.244 0.299
vn 0.747 0.213 0.630
vn 0.888 0.226 -0.401
vn 0.795 0.052 -0.604
vn 0.968 0.251 -0.025
vn 0.937 0.275 -0.215
vn 0.940 0.226 0.254
vn 0.770 0.221 0.599
vn 0.880 0.167 -0.444
vn 0.760 -0.009 -0.649
vn 0.968 0.247 0.044
vn 0.943 0.262 -0.204
vn -0.206 0.011 0.978
vn -0.207 -0.009 0.978
vn 0.606 0.017 0.796
vn 0.098 -0.090 0.991
vn 0.281 -0.106 0.954
vn 0.399 -0.061 0.915
vn 0.371 -0.102 0.923
vn 0.607 0.170 0.777
vn 0.222 -0.084 0.971
vn 0.275 -0.107 0.956
vn 0.322 0.068 0.944
vn 0.264 -0.038 0.964
vn 0.502 0.099 0.859
vn 0.218 -0.143 0.965
vn 0.314 -0.166 0.935
vn 0.185 -0.020 0.983
vn 0.201 -0.132 0.971
vn 0.548 0.037 0.836
vn 0.296 -0.352 0.888
vn 0.248 -0.269 0.931
vn 0.176 0.032 0.984
vn 0.010 -0.057 0.998
vn 0.553 0.032 0.833
vn 0.238 -0.556 0.797
vn -0.058 -0.263 0.963
vn 0.256 -0.009 0.967
vn -0.142 -0.010 0.990
vn 0.501 0.122 0.857
vn -0.082 -0.647 0.758
vn -0.406 -0.222 0.886
vn 0.262 -0.000 0.965
vn -0.108 -0.036 0.994
vn 0.450 0.176 0.876
vn -0.545 -0.205 0.813
vn 0.219 0.060 0.974
vn -0.211 -0.065 0.975
vn 0.047 -0.053 0.997
vn 0.067 -0.041 0.997
vn 0.019 -0.138 0.990
vn 0.082 -0.307 0.948
vn 0.131 -0.579 0.805
vn 0.129 -0.784 0.607
vn 0.400 -0.048 0.915
vn 0.353 -0.045 0.935
vn 0.086 -0.083 0.993
vn -0.002 -0.100 0.995
vn 0.595 -0.032 0.803
vn 0.238 -0.072 0.969
vn 0.153 -0.913 0.377
vn 0.177 -0.976 0.123
vn -0.499 -0.822 -0.274
vn -0.669 -0.669 -0.324
vn -0.162 -0.860 0.484
vn -0.360 -0.878 0.317
vn -0.842 -0.515 -0.161
vn -0.840 -0.456 -0.293
vn -0.596 -0.499 0.629
vn -0.787 -0.458 0.413
vn -0.941 -0.317 -0.118
vn -0.912 -0.291 -0.290
vn -0.155 0.359 -0.920
vn 0.366 0.422 -0.829
vn 0.220 0.438 -0.872
vn 0.148 0.418 -0.896
vn 0.533 0.353 -0.769
vn 0.094 0.393 -0.915
vn -0.008 0.383 -0.924
vn 0.664 0.321 -0.675
vn 0.987 0.163 0.002
vn 0.942 0.201 -0.269
vn 0.841 -0.011 0.540
vn 0.934 0.020 0.356
vn 0.978 0.097 0.183
vn 0.807 0.262 -0.529
vn 0.529 -0.099 -0.843
vn 0.072 -0.265 -0.962
vn 0.871 0.127 -0.474
vn 0.728 0.015 -0.685
vn 0.963 0.267 0.044
vn 0.952 0.222 -0.211
vn 0.191 0.073 0.979
vn -0.574 -0.111 0.812
vn 0.445 0.147 0.883
vn 0.737 0.201 0.645
vn -0.728 -0.258 0.635
vn -0.860 -0.284 0.425
vn -0.942 -0.315 -0.112
vn -0.879 -0.326 -0.347
vn 0.170 0.105 0.980
vn -0.591 -0.075 0.803
vn 0.437 0.156 0.886
vn 0.739 0.231 0.632
vn -0.762 -0.184 0.621
vn -0.877 -0.228 0.422
vn -0.948 -0.283 -0.143
vn -0.835 -0.355 -0.420
vn -0.781 -0.120 0.613
vn -0.905 -0.148 0.400
vn -0.960 -0.221 -0.173
vn -0.832 -0.279 -0.480
vn -0.698 -0.403 -0.592
vn 0.906 0.230 0.355
vn 0.911 0.264 0.317
vn -0.584 -0.401 -0.706
vn -0.587 -0.341 -0.735
vn -0.287 -0.268 -0.920
vn -0.408 -0.244 -0.880
vn -0.229 0.052 0.972
vn 0.508 -0.037 -0.861
vn 0.054 -0.213 -0.976
vn 0.869 0.136 -0.477
vn 0.710 0.060 -0.702
vn 0.969 0.240 0.050
vn 0.958 0.193 -0.214
vn 0.164 0.148 0.975
vn -0.586 -0.071 0.807
vn 0.429 0.184 0.884
vn 0.739 0.223 0.636
vn -0.777 -0.107 0.621
vn -0.909 -0.116 0.399
vn -0.959 -0.211 -0.189
vn -0.814 -0.258 -0.520
vn 0.908 0.252 0.334
vn -0.594 -0.271 -0.757
vn -0.297 -0.185 -0.937
vn -0.460 -0.228 -0.858
vn -0.131 0.058 0.990
vn 0.446 -0.040 -0.894
vn -0.019 -0.166 -0.986
vn 0.845 0.129 -0.519
vn 0.679 0.061 -0.731
vn 0.980 0.199 0.012
vn 0.954 0.172 -0.246
vn 0.221 0.143 0.965
vn -0.561 -0.088 0.823
vn 0.514 0.171 0.841
vn 0.783 0.190 0.593
vn -0.729 -0.122 0.674
vn -0.878 -0.124 0.462
vn -0.965 -0.224 -0.135
vn -0.826 -0.291 -0.483
vn 0.930 0.216 0.298
vn -0.623 -0.298 -0.723
vn -0.243 -0.165 -0.956
vn -0.459 -0.206 -0.864
vn -0.211 -0.026 0.977
vn 0.511 0.004 -0.860
vn 0.131 -0.108 -0.985
vn 0.884 0.142 -0.446
vn 0.713 0.085 -0.696
vn 0.984 0.168 0.064
vn 0.969 0.164 -0.185
vn 0.216 0.074 0.974
vn -0.589 -0.089 0.803
vn 0.513 0.113 0.851
vn 0.767 0.131 0.628
vn -0.764 -0.100 0.637
vn -0.883 -0.139 0.448
vn -0.929 -0.256 -0.265
vn -0.764 -0.285 -0.579
vn 0.921 0.160 0.355
vn -0.613 -0.259 -0.746
vn -0.139 -0.125 -0.982
vn -0.423 -0.181 -0.888
vn -0.156 -0.127 0.980
vn 0.591 -0.010 -0.807
vn 0.286 -0.060 -0.956
vn 0.937 0.023 -0.349
vn 0.792 0.019 -0.610
vn 0.998 0.061 0.034
vn 0.985 0.035 -0.167
vn 0.270 -0.040 0.962
vn -0.447 -0.122 0.886
vn 0.580 0.031 0.814
vn 0.843 0.083 0.531
vn -0.708 -0.181 0.682
vn -0.858 -0.260 0.444
vn -0.945 -0.313 -0.097
vn -0.861 -0.266 -0.434
vn 0.953 0.064 0.295
vn -0.673 -0.195 -0.714
vn -0.004 -0.155 -0.988
vn -0.367 -0.210 -0.906
vn -0.116 -0.149 0.982
vn 0.664 -0.055 -0.746
vn 0.416 -0.095 -0.904
vn 0.951 -0.005 -0.309
vn 0.861 -0.015 -0.509
vn 0.999 0.015 -0.030
vn 0.976 -0.000 -0.216
vn 0.248 -0.116 0.962
vn -0.499 -0.189 0.845
vn 0.565 -0.053 0.823
vn 0.846 0.006 0.533
vn -0.751 -0.264 0.605
vn -0.873 -0.302 0.382
vn -0.930 -0.311 -0.199
vn -0.833 -0.255 -0.491
vn 0.975 0.025 0.221
vn -0.559 -0.206 -0.803
vn -0.031 -0.182 -0.983
vn -0.356 -0.176 -0.918
vn 0.058 -0.207 0.977
vn 0.628 -0.114 -0.770
vn 0.382 -0.148 -0.912
vn 0.945 -0.010 -0.327
vn 0.799 -0.069 -0.597
vn 0.985 -0.073 -0.158
vn 0.978 -0.024 -0.207
vn 0.395 -0.163 0.904
vn -0.356 -0.292 0.887
vn 0.686 -0.148 0.713
vn 0.918 -0.119 0.379
vn -0.666 -0.341 0.664
vn -0.827 -0.331 0.454
vn -0.958 -0.244 -0.152
vn -0.867 -0.226 -0.444
vn 0.992 -0.094 0.079
vn -0.570 -0.182 -0.801
vn 0.011 -0.114 -0.993
vn -0.337 -0.131 -0.932
vn 0.143 -0.158 0.977
vn 0.623 -0.085 -0.778
vn 0.407 -0.092 -0.909
vn 0.913 -0.003 -0.407
vn 0.741 -0.062 -0.668
vn 0.998 -0.054 0.016
vn 0.990 0.009 -0.142
vn 0.532 -0.162 0.831
vn -0.339 -0.261 0.904
vn 0.783 -0.186 0.593
vn 0.939 -0.186 0.290
vn -0.640 -0.355 0.682
vn -0.763 -0.366 0.533
vn -0.976 -0.209 -0.063
vn -0.883 -0.153 -0.444
vn 0.987 -0.155 0.051
vn -0.563 -0.141 -0.814
vn 0.022 -0.066 -0.998
vn -0.343 -0.102 -0.934
vn 0.293 -0.080 0.953
vn 0.644 0.027 -0.765
vn 0.415 -0.012 -0.910
vn 0.888 0.027 -0.459
vn 0.721 0.006 -0.693
vn 0.977 -0.042 0.207
vn 0.997 0.028 -0.069
vn 0.676 -0.073 0.733
vn -0.302 -0.207 0.931
vn 0.869 -0.123 0.479
vn 0.958 -0.158 0.239
vn -0.654 -0.316 0.687
vn -0.735 -0.340 0.586
vn -0.964 -0.252 0.086
vn -0.896 -0.194 -0.400
vn 0.973 -0.117 0.200
vn -0.559 -0.131 -0.819
vn -0.004 -0.027 -1.000
vn -0.348 -0.098 -0.933
vn 0.355 -0.037 0.934
vn 0.655 0.146 -0.741
vn 0.396 0.080 -0.915
vn 0.920 0.052 -0.388
vn 0.805 0.115 -0.582
vn 0.940 0.011 0.340
vn 0.989 0.051 0.139
vn 0.776 -0.023 0.630
vn -0.291 -0.152 0.945
vn 0.926 -0.055 0.373
vn 0.965 -0.047 0.258
vn -0.707 -0.222 0.671
vn -0.761 -0.269 0.590
vn -0.937 -0.330 0.112
vn -0.827 -0.328 -0.456
vn 0.953 -0.009 0.302
vn -0.552 -0.222 -0.804
vn -0.040 0.050 -0.998
vn -0.400 -0.121 -0.908
vn 0.334 -0.208 0.919
vn 0.652 0.219 -0.726
vn 0.338 0.155 -0.928
vn 0.972 0.098 -0.213
vn 0.883 0.192 -0.427
vn 0.923 0.081 0.377
vn 0.976 0.060 0.207
vn 0.789 -0.086 0.609
vn -0.206 -0.322 0.924
vn 0.905 0.008 0.425
vn 0.938 0.065 0.340
vn -0.591 -0.304 0.747
vn -0.805 -0.204 0.557
vn -0.942 -0.331 0.047
vn -0.800 -0.297 -0.521
vn 0.953 0.079 0.294
vn -0.568 -0.228 -0.791
vn -0.170 0.211 -0.963
vn -0.522 0.060 -0.851
vn 0.171 -0.336 0.926
vn 0.613 0.360 -0.703
vn 0.257 0.325 -0.910
vn 0.973 0.215 -0.086
vn 0.878 0.314 -0.361
vn 0.918 0.162 0.362
vn 0.976 0.142 0.166
vn 0.663 -0.168 0.729
vn -0.285 -0.395 0.873
vn 0.803 0.038 0.594
vn 0.909 0.141 0.392
vn -0.491 -0.415 0.766
vn -0.688 -0.381 0.617
vn -0.951 -0.308 -0.009
vn -0.845 -0.147 -0.514
vn 0.929 0.161 0.334
vn -0.667 -0.014 -0.745
vn -0.234 0.297 -0.926
vn -0.566 0.173 -0.806
vn 0.030 -0.255 0.966
vn 0.573 0.422 -0.703
vn 0.211 0.402 -0.891
vn 0.944 0.328 -0.049
vn 0.851 0.378 -0.364
vn 0.908 0.240 0.344
vn 0.945 0.277 0.174
vn 0.355 -0.094 0.930
vn -0.359 -0.338 0.870
vn 0.674 0.085 0.734
vn 0.885 0.166 0.436
vn -0.538 -0.359 0.762
vn -0.721 -0.343 0.603
vn -0.968 -0.252 0.019
vn -0.883 -0.064 -0.465
vn 0.906 0.219 0.362
vn -0.734 0.061 -0.676
vn -0.266 0.205 -0.942
vn -0.593 0.125 -0.796
vn -0.163 -0.151 0.975
vn 0.492 0.338 -0.802
vn 0.145 0.296 -0.944
vn 0.933 0.322 -0.161
vn 0.790 0.327 -0.518
vn 0.909 0.258 0.328
vn 0.946 0.302 0.118
vn 0.221 -0.100 0.970
vn -0.524 -0.174 0.834
vn 0.657 -0.042 0.752
vn 0.825 0.121 0.552
vn -0.629 -0.220 0.746
vn -0.742 -0.232 0.628
vn -0.990 -0.121 0.079
vn -0.915 -0.030 -0.402
vn 0.890 0.220 0.400
vn -0.763 0.046 -0.644
vn -0.285 0.159 -0.945
vn -0.620 0.083 -0.780
vn -0.238 -0.157 0.958
vn 0.418 0.283 -0.863
vn 0.091 0.233 -0.968
vn 0.903 0.314 -0.293
vn 0.733 0.305 -0.608
vn 0.913 0.265 0.311
vn 0.951 0.305 0.054
vn 0.188 -0.127 0.974
vn -0.536 -0.147 0.831
vn 0.551 -0.045 0.834
vn 0.755 0.072 0.652
vn -0.659 -0.112 0.744
vn -0.758 -0.073 0.648
vn -0.998 -0.031 0.063
vn -0.917 -0.009 -0.398
vn 0.854 0.206 0.477
vn -0.783 0.015 -0.622
vn -0.266 0.069 -0.962
vn -0.629 0.012 -0.777
vn -0.283 -0.123 0.951
vn 0.418 0.172 -0.892
vn 0.079 0.122 -0.989
vn 0.893 0.237 -0.383
vn 0.704 0.212 -0.678
vn 0.939 0.172 0.298
vn 0.974 0.228 0.003
vn 0.087 -0.101 0.991
vn -0.535 -0.105 0.838
vn 0.430 -0.037 0.902
vn 0.646 0.046 0.762
vn -0.612 -0.080 0.786
vn -0.743 -0.036 0.669
vn -0.999 -0.025 0.022
vn -0.893 -0.017 -0.450
vn 0.831 0.127 0.542
vn -0.778 -0.022 -0.628
vn -0.238 -0.046 -0.970
vn -0.608 -0.080 -0.790
vn -0.316 -0.097 0.944
vn 0.436 0.047 -0.899
vn 0.094 0.001 -0.996
vn 0.896 0.103 -0.431
vn 0.682 0.073 -0.728
vn 0.938 0.086 0.336
vn 0.992 0.107 -0.064
vn -0.042 -0.085 0.996
vn -0.521 -0.082 0.849
vn 0.290 -0.035 0.956
vn 0.577 0.021 0.816
vn -0.584 -0.069 0.808
vn -0.736 -0.079 0.672
vn -0.994 -0.108 -0.008
vn -0.871 -0.085 -0.484
vn 0.829 0.052 0.556
vn -0.745 -0.075 -0.662
vn -0.248 -0.154 -0.957
vn -0.557 -0.174 -0.812
vn -0.310 -0.101 0.945
vn 0.415 -0.059 -0.908
vn 0.077 -0.109 -0.991
vn 0.911 -0.003 -0.413
vn 0.694 -0.018 -0.719
vn 0.933 0.013 0.358
vn 0.999 0.005 -0.052
vn -0.130 -0.083 0.988
vn -0.493 -0.105 0.864
vn 0.152 -0.044 0.987
vn 0.538 -0.007 0.843
vn -0.574 -0.106 0.812
vn -0.751 -0.138 0.645
vn -0.977 -0.212 -0.027
vn -0.873 -0.204 -0.444
vn 0.808 0.007 0.590
vn -0.699 -0.164 -0.696
vn -0.259 -0.183 -0.949
vn -0.531 -0.190 -0.826
vn -0.336 -0.082 0.938
vn 0.408 -0.144 -0.902
vn 0.032 -0.170 -0.985
vn 0.930 -0.071 -0.362
vn 0.695 -0.110 -0.710
vn 0.919 -0.011 0.394
vn 0.999 -0.043 -0.010
vn -0.189 -0.068 0.980
vn -0.528 -0.110 0.842
vn 0.056 -0.045 0.997
vn 0.498 -0.028 0.867
vn -0.654 -0.151 0.741
vn -0.758 -0.208 0.618
vn -0.957 -0.265 -0.121
vn -0.880 -0.278 -0.385
vn 0.764 -0.013 0.645
vn -0.732 -0.227 -0.642
vn -0.319 -0.140 -0.937
vn -0.721 -0.202 -0.663
vn -0.317 -0.048 0.947
vn 0.467 -0.116 -0.877
vn 0.041 -0.119 -0.992
vn 0.945 -0.071 -0.319
vn 0.723 -0.106 -0.683
vn 0.944 -0.012 0.328
vn 0.998 -0.050 -0.040
vn -0.177 -0.042 0.983
vn -0.519 -0.084 0.851
vn 0.076 -0.032 0.997
vn 0.475 -0.019 0.880
vn -0.772 -0.145 0.619
vn -0.825 -0.202 0.527
vn -0.958 -0.275 -0.082
vn -0.897 -0.263 -0.356
vn 0.731 0.003 0.683
vn -0.842 -0.246 -0.480
vn -0.116 -0.988 0.102
vn -0.228 -0.963 0.141
vn -0.356 -0.923 0.148
vn -0.391 -0.916 0.092
vn -0.359 -0.930 -0.080
vn 0.999 0.030 0.025
vn 0.991 0.051 -0.120
vn 0.982 0.184 -0.042
vn 0.992 0.116 0.042
vn 0.977 0.176 0.117
vn -0.075 -0.083 -0.994
vn -0.725 -0.173 -0.666
vn -0.330 0.013 0.944
vn 0.672 -0.081 -0.736
vn 0.365 -0.103 -0.926
vn 0.989 -0.026 -0.147
vn 0.874 -0.055 -0.483
vn 0.664 0.014 0.747
vn 0.900 0.012 0.435
vn -0.138 0.036 0.990
vn -0.606 -0.058 0.793
vn 0.119 0.039 0.992
vn -0.818 -0.152 0.554
vn -0.910 -0.208 0.360
vn -0.962 -0.256 0.092
vn -0.950 -0.236 -0.202
vn 0.411 0.028 0.911
vn -0.895 -0.197 -0.400
vn -0.248 -0.077 -0.966
vn -0.819 -0.192 -0.540
vn -0.238 0.136 0.962
vn 0.646 -0.044 -0.762
vn 0.505 -0.028 -0.863
vn 0.999 0.002 -0.046
vn 0.848 0.018 -0.530
vn 0.741 0.098 0.665
vn 0.924 0.088 0.373
vn 0.078 0.161 0.984
vn -0.576 0.043 0.816
vn 0.392 0.141 0.909
vn -0.809 -0.072 0.584
vn -0.895 -0.116 0.430
vn -0.975 -0.175 0.135
vn -0.985 -0.173 -0.017
vn 0.637 0.107 0.763
vn -0.940 -0.174 -0.294
vn 0.008 0.307 0.952
vn 0.804 0.193 0.562
vn 0.944 0.134 0.302
vn 0.325 0.287 0.901
vn -0.432 0.273 0.860
vn 0.534 0.237 0.811
vn -0.819 0.075 0.569
vn 0.682 0.237 0.692
vn 0.611 0.763 0.210
vn -0.650 0.711 0.268
vn -0.949 -0.282 0.142
vn 0.926 -0.172 -0.335
vn -0.336 0.851 0.404
vn -0.872 0.032 0.488
vn 0.940 0.295 0.170
vn 0.202 0.800 0.565
vn -0.654 0.595 0.467
vn 0.825 0.501 0.262
vn 0.155 0.872 0.464
vn 0.267 0.725 0.635
vn -0.940 -0.202 0.275
vn 0.997 0.054 0.063
vn 0.424 0.845 0.327
vn -0.482 0.786 0.387
vn -0.472 0.827 0.304
vn 0.520 0.829 0.205
vn 0.995 -0.080 -0.057
vn -0.999 -0.043 -0.029
vn -0.577 0.786 0.223
vn 0.922 -0.143 -0.359
vn 0.585 0.805 0.102
vn -0.953 -0.157 -0.258
vn -0.524 0.811 0.262
vn 0.958 -0.127 -0.257
vn 0.544 0.838 0.046
vn -0.916 -0.138 -0.378
vn -0.896 0.190 0.400
vn 0.492 0.795 0.355
vn 0.991 0.019 0.134
vn -0.257 0.826 0.501
vn -0.534 -0.841 -0.091
vn -0.177 -0.593 0.786
vn -0.069 -0.241 0.968
vn -0.302 -0.925 0.231
vn -0.306 -0.952 0.022
vn -0.458 -0.792 -0.403
vn -0.424 -0.852 -0.309
vn -0.380 -0.691 0.615
vn 0.425 -0.841 -0.335
vn 0.380 -0.828 -0.412
vn 0.464 -0.734 0.496
vn 0.409 -0.166 0.897
vn 0.423 -0.893 -0.155
vn 0.472 -0.881 0.027
vn 0.370 -0.916 -0.157
vn 0.583 -0.504 0.637
vn -0.142 0.894 0.426
vn 0.123 0.924 0.362
vn 0.028 0.968 0.251
vn 0.096 0.897 0.432
vn -0.008 0.680 0.733
vn 0.132 0.607 0.783
vn -0.968 0.149 0.204
vn 0.946 0.298 -0.124
vn -0.784 0.548 0.291
vn 0.691 0.691 0.211
vn -0.265 0.883 0.387
vn 0.638 0.749 0.182
vn -0.861 0.412 0.298
vn 0.945 0.314 -0.089
vn -0.823 0.531 0.202
vn 0.922 0.371 0.107
vn -0.940 0.342 -0.008
vn 0.909 0.358 -0.212
vn -0.919 0.383 -0.090
vn 0.914 0.353 -0.199
vn 0.919 0.372 0.130
vn -0.724 0.574 0.383
vn 0.136 0.962 0.238
vn 0.005 0.962 0.274
vn -0.808 -0.586 0.060
vn 0.823 -0.276 0.497
vn -0.577 0.056 0.815
vn 0.647 -0.706 -0.286
vn -0.704 -0.680 0.206
vn -0.743 -0.668 -0.039
vn -0.767 -0.539 -0.348
vn -0.718 -0.572 -0.396
vn 0.786 -0.497 0.368
vn -0.518 -0.498 0.695
vn -0.714 -0.476 0.514
vn 0.606 -0.706 -0.367
vn 0.591 -0.687 -0.423
vn 0.721 -0.027 0.693
vn 0.727 -0.671 -0.147
vn 0.867 -0.498 0.004
vn -0.082 0.660 0.747
vn 0.165 0.709 0.685
vn -0.184 0.792 0.582
vn -0.931 0.167 0.325
vn 0.892 0.357 0.279
vn 0.114 0.883 0.456
vn -0.756 0.552 0.351
vn 0.754 0.573 0.322
vn 0.029 0.731 0.682
vn -0.090 0.746 0.660
vn -0.999 0.028 0.028
vn 0.997 0.005 -0.076
vn 0.588 0.711 0.385
vn -0.059 0.826 0.561
vn -0.959 0.167 0.228
vn 0.551 0.813 0.189
vn 0.993 0.027 0.116
vn -0.149 0.888 0.434
vn -0.288 -0.410 0.866
vn -0.286 0.149 0.947
vn -0.397 -0.918 0.021
vn -0.627 -0.688 0.366
vn 0.454 -0.802 0.389
vn 0.303 0.053 0.951
vn 0.508 -0.862 -0.003
vn 0.590 -0.376 0.714
vn -0.261 0.914 0.310
vn 0.287 0.904 0.317
vn 0.055 0.863 0.502
vn -0.118 0.790 0.602
vn -0.080 0.497 0.864
vn -0.005 0.666 0.746
vn 0.999 -0.040 -0.023
vn -0.484 0.814 0.322
vn 0.508 0.794 0.334
vn -1.000 -0.006 -0.018
vn -0.249 -0.932 -0.263
vn 0.475 -0.844 -0.248
vn -0.743 0.529 0.410
vn 0.702 0.659 0.269
vn -0.183 0.880 0.439
vn 0.281 0.795 0.537
vn -0.908 0.382 0.173
vn 0.935 0.354 0.008
vn 0.915 0.389 0.109
vn -0.632 0.612 0.476
vn 0.219 0.910 0.353
vn -0.177 0.933 0.312
vn 0.938 0.334 0.092
vn -0.947 0.320 0.031
vn 0.901 -0.071 0.429
vn -0.758 0.222 0.613
vn -0.912 -0.411 0.025
vn 0.826 -0.500 0.261
vn -0.833 -0.178 0.523
vn -0.948 -0.223 0.229
vn 0.749 0.163 0.642
vn 0.851 -0.523 -0.047
vn -0.279 0.806 0.522
vn 0.266 0.601 0.754
vn -0.840 -0.511 -0.182
vn 0.881 -0.446 -0.155
vn 0.295 -0.143 0.945
vn 0.488 -0.134 0.863
vn 0.570 -0.171 0.803
vn 0.585 -0.279 0.761
vn 0.623 -0.320 0.714
vn 0.670 -0.393 0.629
vn 0.638 -0.458 0.619
vn 0.522 -0.573 0.632
vn 0.278 -0.664 0.695
vn 0.797 -0.305 0.521
vn 0.783 -0.361 0.507
vn 0.728 -0.374 0.575
vn 0.649 -0.315 0.692
vn 0.641 -0.313 0.701
vn 0.317 -0.379 0.870
vn 0.540 -0.359 0.761
vn 0.724 -0.338 0.602
vn 0.671 -0.328 0.665
vn 0.254 -0.768 0.587
vn 0.485 -0.693 0.533
vn 0.615 -0.599 0.513
vn 0.695 -0.539 0.476
vn 0.767 -0.469 0.438
vn 0.800 -0.415 0.433
vn 0.804 -0.373 0.463
vn 0.218 -0.890 0.401
vn 0.422 -0.826 0.374
vn 0.583 -0.737 0.341
vn 0.671 -0.668 0.322
vn 0.746 -0.577 0.332
vn 0.794 -0.520 0.315
vn 0.854 -0.399 0.334
vn 0.887 -0.329 0.324
vn 0.602 0.758 0.252
vn -0.566 0.739 0.365
vn -0.955 -0.137 0.262
vn 0.957 -0.240 -0.165
vn -0.507 -0.858 0.084
vn 0.265 -0.962 0.064
vn -0.901 0.302 0.311
vn 0.972 0.234 0.037
vn -0.840 -0.509 0.189
vn 0.628 -0.775 0.073
vn 0.459 0.807 0.371
vn -0.560 0.727 0.399
vn -0.972 -0.145 0.183
vn 0.987 -0.078 0.138
vn -0.530 -0.837 0.135
vn -0.050 -0.968 0.247
vn -0.918 0.279 0.282
vn 0.904 0.294 0.312
vn -0.861 -0.489 0.140
vn 0.410 -0.751 0.518
vn 0.210 0.904 0.372
vn -0.736 0.677 0.003
vn -0.998 -0.062 -0.018
vn 0.796 0.056 0.603
vn -0.399 -0.892 0.212
vn -0.021 -0.977 0.211
vn -0.940 0.331 -0.080
vn 0.324 0.645 0.692
vn -0.868 -0.467 0.167
vn 0.488 -0.521 0.701
vn 0.682 0.614 0.396
vn -0.627 0.708 0.325
vn -0.998 -0.068 0.001
vn 0.993 -0.114 -0.038
vn -0.381 -0.922 0.066
vn 0.467 -0.878 -0.104
vn -0.965 0.210 0.154
vn 0.951 0.256 0.174
vn -0.808 -0.589 -0.015
vn 0.809 -0.557 -0.187
vn 0.724 0.686 0.081
vn -0.624 0.781 0.036
vn -1.000 0.024 -0.018
vn 0.973 -0.104 -0.205
vn -0.443 -0.895 0.058
vn 0.483 -0.875 -0.034
vn -0.961 0.276 0.021
vn 0.955 0.232 -0.183
vn -0.888 -0.458 0.038
vn 0.801 -0.564 -0.201
vn 0.712 0.687 -0.143
vn -0.497 0.867 0.029
vn -0.962 0.044 0.271
vn 0.976 -0.069 -0.207
vn -0.398 -0.871 0.288
vn 0.423 -0.885 0.195
vn -0.923 0.381 0.048
vn 0.957 0.247 -0.153
vn -0.772 -0.526 0.357
vn 0.868 -0.496 0.028
vn 0.810 0.587 -0.009
vn -0.226 0.964 0.139
vn -0.914 0.161 0.372
vn 0.993 -0.073 -0.089
vn -0.164 -0.916 0.367
vn 0.341 -0.906 0.250
vn -0.801 0.543 0.250
vn 0.967 0.230 -0.106
vn -0.807 -0.375 0.456
vn 0.782 -0.610 0.126
vn 0.297 -0.936 -0.189
vn 0.707 -0.679 -0.200
vn 0.990 -0.139 -0.009
vn 0.777 0.588 0.224
vn 0.155 -0.442 -0.884
vn -0.528 -0.829 -0.183
vn -0.399 0.818 0.413
vn -0.938 0.311 0.157
vn -0.994 -0.016 0.104
vn 0.939 0.318 0.129
vn -0.927 -0.373 -0.051
vn 0.556 0.761 0.334
vn -0.101 0.931 0.350
vn -0.903 0.130 0.409
vn 0.998 -0.057 0.003
vn -0.069 -0.035 -0.997
vn -0.127 -0.935 0.330
vn 0.562 -0.822 0.086
vn -0.673 0.624 0.398
vn 0.944 0.263 0.201
vn -0.781 -0.467 0.416
vn 0.865 -0.502 0.001
vn 0.255 0.904 0.343
vn 0.042 0.898 0.438
vn -0.762 -0.032 0.646
vn 0.855 0.122 0.505
vn -0.041 0.153 -0.987
vn 0.082 -0.970 0.227
vn 0.181 -0.915 0.361
vn -0.659 0.535 0.528
vn 0.529 0.578 0.622
vn -0.408 -0.689 0.599
vn 0.634 -0.584 0.507
vn -0.425 0.753 0.503
vn -0.937 0.101 0.334
vn 0.933 0.150 0.328
vn 0.083 0.738 0.669
vn -0.847 0.481 0.227
vn 0.873 0.386 0.297
vn 0.101 0.701 0.706
vn -0.162 0.849 0.503
vn -0.998 -0.060 0.012
vn 0.983 -0.179 0.031
vn 0.653 0.725 0.219
vn -0.681 0.727 0.088
vn -0.976 0.097 0.194
vn 0.655 0.716 0.240
vn 0.956 -0.127 0.265
vn -0.352 0.762 0.543
vn -0.417 -0.400 0.816
vn -0.489 -0.098 0.867
vn -0.435 -0.876 0.210
vn -0.561 -0.662 0.497
vn 0.441 -0.728 0.524
vn 0.408 -0.009 0.913
vn 0.480 -0.849 0.221
vn 0.602 -0.346 0.719
vn -0.278 0.946 0.169
vn 0.071 0.991 0.114
vn 0.024 0.925 0.380
vn 0.090 0.813 0.575
vn -0.307 0.685 0.660
vn 0.068 0.618 0.783
vn 0.988 -0.136 -0.072
vn -0.797 0.578 0.177
vn 0.583 0.754 0.303
vn -0.991 -0.072 -0.109
vn -0.380 -0.910 -0.166
vn 0.536 -0.823 -0.191
vn -0.875 0.416 0.248
vn 0.741 0.579 0.340
vn -0.527 0.831 0.178
vn 0.822 0.538 0.185
vn -0.955 0.294 -0.032
vn 0.967 0.244 0.077
vn 0.957 0.239 0.162
vn -0.877 0.448 0.177
vn 0.109 0.985 0.135
vn -0.057 0.987 0.151
vn 0.962 0.262 0.072
vn -0.955 0.297 0.018
vn 0.819 -0.172 0.547
vn -0.762 0.054 0.645
vn -0.810 -0.570 0.140
vn 0.763 -0.503 0.407
vn -0.706 -0.269 0.656
vn -0.805 -0.452 0.385
vn 0.698 0.096 0.709
vn 0.835 -0.543 0.093
vn -0.284 0.846 0.452
vn 0.152 0.899 0.412
vn -0.792 -0.583 -0.179
vn 0.908 -0.410 -0.087
vn 0.655 0.718 0.236
vn -0.706 0.652 0.275
vn -0.996 -0.091 -0.007
vn 0.992 -0.114 0.060
vn -0.436 -0.850 -0.296
vn 0.398 -0.891 -0.218
vn -0.983 0.160 0.093
vn 0.969 0.210 0.133
vn -0.805 -0.574 -0.151
vn 0.894 -0.448 -0.030
vn 0.675 0.735 0.068
vn -0.731 0.682 -0.009
vn -0.995 -0.034 -0.094
vn 0.995 -0.092 -0.030
vn -0.487 -0.811 -0.323
vn 0.309 -0.940 -0.143
vn -0.974 0.227 0.010
vn 0.968 0.244 -0.061
vn -0.859 -0.506 -0.081
vn 0.845 -0.523 -0.114
vn 0.691 0.721 -0.039
vn -0.768 0.640 0.030
vn -0.999 -0.003 0.036
vn 0.993 0.005 -0.120
vn -0.400 -0.903 0.155
vn 0.329 -0.940 0.086
vn -0.963 0.266 -0.039
vn 0.933 0.342 -0.114
vn -0.763 -0.625 0.165
vn 0.876 -0.478 -0.068
vn 0.789 0.613 -0.052
vn -0.562 0.816 0.136
vn -0.985 0.054 0.163
vn 0.994 -0.106 -0.032
vn -0.348 -0.896 0.275
vn 0.379 -0.904 0.199
vn -0.933 0.338 0.125
vn 0.968 0.238 -0.083
vn -0.911 -0.384 0.150
vn 0.772 -0.633 0.047
vn 0.418 -0.842 -0.341
vn 0.810 -0.562 -0.166
vn 0.990 -0.133 -0.039
vn 0.777 0.558 0.292
vn -0.488 -0.823 -0.291
vn -0.598 0.688 0.410
vn -0.951 0.273 0.143
vn -0.997 -0.060 -0.052
vn 0.977 0.197 0.080
vn -0.895 -0.409 -0.177
vn 0.659 0.722 0.212
vn -0.260 0.898 0.354
vn -0.926 0.120 0.357
vn 0.996 0.009 0.087
vn -0.536 -0.788 0.301
vn 0.416 -0.892 0.178
vn -0.747 0.511 0.425
vn 0.921 0.363 0.140
vn -0.881 -0.454 0.129
vn 0.833 -0.529 0.161
vn 0.326 0.891 0.316
vn 0.156 0.908 0.388
vn -0.353 0.030 0.935
vn 0.969 0.155 0.194
vn -0.291 -0.899 0.328
vn 0.100 -0.968 0.230
vn -0.171 0.614 0.770
vn 0.636 0.601 0.485
vn -0.545 -0.621 0.563
vn 0.871 -0.417 0.260
vn -0.509 0.715 0.480
vn -0.943 0.129 0.305
vn 0.815 0.489 0.312
vn 0.255 0.803 0.539
vn -0.794 0.553 0.253
vn 0.565 0.731 0.382
vn 0.164 0.701 0.694
vn -0.252 0.718 0.649
vn -0.993 -0.118 -0.023
vn 1.000 0.028 -0.006
vn 0.591 0.729 0.346
vn -0.580 0.770 0.266
vn -0.971 0.040 0.238
vn 0.551 0.776 0.307
vn 0.975 0.172 0.140
vn -0.464 0.796 0.389
vn -0.178 -0.231 0.957
vn -0.215 0.281 0.936
vn -0.461 -0.877 0.137
vn -0.597 -0.628 0.499
vn 0.519 -0.659 0.545
vn 0.234 0.204 0.951
vn 0.630 -0.772 0.083
vn 0.540 -0.152 0.828
vn -0.149 0.959 0.240
vn 0.125 0.958 0.258
vn 0.103 0.938 0.332
vn -0.178 0.773 0.609
vn -0.103 0.687 0.719
vn 0.120 0.537 0.835
vn 0.991 0.080 -0.107
vn -0.708 0.675 0.205
vn 0.532 0.799 0.278
vn -0.990 -0.058 -0.129
vn -0.226 -0.940 -0.254
vn 0.665 -0.737 -0.119
vn -0.868 0.394 0.304
vn 0.579 0.746 0.327
vn -0.417 0.851 0.320
vn 0.286 0.899 0.331
vn -0.961 0.278 0.003
vn 0.932 0.344 0.115
vn 0.872 0.460 0.168
vn -0.815 0.468 0.342
vn 0.111 0.920 0.377
vn -0.181 0.946 0.269
vn 0.913 0.406 0.032
vn -0.967 0.247 -0.068
vn 0.842 0.242 0.483
vn -0.679 0.358 0.641
vn -0.895 -0.439 0.076
vn 0.918 -0.250 0.309
vn -0.764 -0.146 0.629
vn -0.884 -0.345 0.316
vn 0.676 0.399 0.619
vn 0.941 -0.339 0.020
vn -0.140 0.906 0.399
vn 0.227 0.870 0.438
vn -0.868 -0.469 -0.164
vn 0.971 -0.225 -0.077
vn 0.582 0.699 0.416
vn -0.705 0.630 0.326
vn -0.992 -0.094 0.080
vn 0.986 0.032 0.162
vn -0.443 -0.877 -0.183
vn 0.749 -0.653 -0.109
vn -0.986 0.134 0.100
vn 0.945 0.263 0.192
vn -0.808 -0.574 -0.133
vn 0.951 -0.306 0.040
vn 0.698 0.706 0.118
vn -0.685 0.728 0.039
vn -0.996 -0.023 -0.084
vn 0.985 0.060 0.163
vn -0.531 -0.848 -0.013
vn 0.710 -0.701 -0.064
vn -0.984 0.177 0.018
vn 0.948 0.319 0.008
vn -0.844 -0.528 0.089
vn 0.920 -0.390 0.051
vn 0.684 0.728 -0.041
vn -0.672 0.741 0.008
vn -0.995 -0.062 -0.082
vn 0.987 0.160 -0.011
vn -0.446 -0.868 0.218
vn 0.642 -0.766 0.031
vn -0.980 0.197 -0.023
vn 0.910 0.413 -0.025
vn -0.810 -0.566 0.152
vn 0.924 -0.382 -0.025
vn 0.806 0.592 0.008
vn -0.338 0.928 0.155
vn -1.000 0.010 0.007
vn 0.998 0.051 -0.046
vn -0.244 -0.955 0.172
vn 0.503 -0.825 0.258
vn -0.928 0.361 0.092
vn 0.930 0.368 0.002
vn -0.929 -0.363 0.077
vn 0.888 -0.455 0.067
vn 0.646 -0.739 -0.192
vn 0.923 -0.371 -0.102
vn 0.998 0.014 0.057
vn 0.711 0.655 0.255
vn -0.454 -0.873 -0.179
vn -0.518 0.782 0.346
vn -0.971 0.235 0.045
vn -0.999 -0.043 0.012
vn 0.975 0.215 0.063
vn -0.930 -0.363 -0.067
vn 0.701 0.644 0.307
vn -0.401 0.872 0.282
vn -0.819 0.083 0.568
vn 1.000 -0.022 0.009
vn -0.358 -0.823 0.440
vn 0.539 -0.835 0.112
vn -0.842 0.473 0.260
vn 0.928 0.339 0.152
vn -0.773 -0.505 0.384
vn 0.895 -0.432 0.105
vn 0.317 0.928 0.194
vn 0.148 0.920 0.362
vn 0.323 0.101 0.941
vn 0.879 0.191 0.437
vn 0.105 -0.955 0.276
vn 0.267 -0.931 0.248
vn 0.240 0.588 0.773
vn 0.635 0.509 0.581
vn -0.115 -0.693 0.711
vn 0.762 -0.444 0.471
vn -0.935 0.330 0.128
vn 0.946 0.322 0.051
vn -0.774 -0.604 0.190
vn 0.694 -0.713 0.100
vn -0.547 0.796 0.258
vn 0.811 0.576 0.100
vn -0.989 -0.092 0.117
vn 0.998 -0.070 0.011
vn -0.865 0.373 0.336
vn 0.927 0.280 0.250
vn -0.338 -0.706 0.622
vn 0.598 -0.794 0.108
vn -0.534 0.807 0.251
vn 0.758 0.608 0.236
vn -0.868 -0.089 0.489
vn 0.963 -0.229 0.144
vn -0.045 0.560 0.827
vn 0.934 0.351 0.063
vn 0.094 -0.858 0.506
vn 0.657 -0.734 0.171
vn 0.144 0.976 0.163
vn 0.744 0.667 0.035
vn -0.008 -0.196 0.981
vn 0.963 -0.222 0.153
vn -0.044 0.903 0.428
vn 0.049 -0.151 0.987
vn 0.202 -0.572 0.795
vn 0.050 -0.838 0.544
vn 0.111 -0.989 0.103
vn 0.129 -0.991 -0.037
vn 0.098 -0.970 -0.223
vn 0.039 -0.894 -0.447
vn -0.084 -0.990 -0.111
vn -0.087 -0.996 -0.003
vn -0.173 -0.981 0.087
vn -0.191 -0.964 0.183
vn 0.124 0.969 0.214
vn 0.052 0.937 0.346
vn 0.106 0.904 0.414
vn 0.014 0.679 0.734
vn 0.041 0.780 0.624
vn 0.136 0.848 0.513
vn 0.134 0.639 0.758
vn 0.026 0.720 0.693
vn 0.014 0.945 0.327
vn 0.008 0.966 0.260
vn -0.001 0.929 0.370
vn -0.242 0.959 0.148
vn -0.018 0.900 0.436
vn 0.110 0.950 0.291
vn -0.112 0.941 0.320
vn 0.159 0.933 0.324
vn -0.246 0.881 0.404
vn -0.650 0.723 0.233
vn 0.271 0.819 0.506
vn 0.163 0.841 0.516
vn 0.515 0.778 0.360
vn 0.585 0.728 0.358
vn 0.746 0.664 0.056
vn 0.620 0.769 0.159
vn 0.525 0.811 0.258
vn 0.913 0.405 -0.041
vn 0.993 -0.060 -0.101
vn 0.441 0.826 0.350
vn 0.464 0.779 0.422
vn 0.370 0.799 0.474
vn 0.127 0.851 0.510
vn -0.038 0.877 0.479
vn -0.467 0.825 0.318
vn -0.798 0.586 0.139
vn 0.272 0.822 0.500
vn 0.048 0.854 0.519
vn 0.610 0.695 0.381
vn 0.619 0.670 0.409
vn 0.795 0.605 0.046
vn 0.761 0.639 0.117
vn 0.732 0.651 0.202
vn 0.911 0.409 -0.055
vn 0.982 0.035 -0.183
vn 0.663 0.683 0.308
vn 0.495 0.740 0.455
vn 0.403 0.784 0.473
vn -0.025 0.888 0.460
vn -0.214 0.892 0.398
vn 0.112 -0.761 -0.639
vn -0.700 0.688 0.191
vn -0.834 0.547 0.079
vn 0.204 0.827 0.524
vn -0.214 0.821 0.530
vn 0.122 -0.923 -0.365
vn 0.723 0.579 0.376
vn 0.618 0.663 0.423
vn 0.918 0.395 0.037
vn 0.846 0.478 0.235
vn 0.977 0.075 -0.197
vn 0.823 0.483 0.300
vn 0.478 0.741 0.472
vn 0.342 0.794 0.503
vn -0.399 0.801 0.447
vn -0.533 0.784 0.317
vn -0.905 0.393 0.160
vn 0.074 0.796 0.601
vn -0.430 0.651 0.626
vn 0.644 0.613 0.458
vn 0.521 0.679 0.517
vn 0.981 -0.050 -0.187
vn 0.882 -0.011 -0.471
vn 0.923 0.314 0.223
vn 0.952 0.282 -0.116
vn 0.982 0.078 -0.171
vn 0.797 0.460 0.391
vn 0.376 0.743 0.554
vn 0.287 0.767 0.574
vn -0.720 0.540 0.437
vn -0.794 0.531 0.296
vn -0.768 0.628 0.129
vn -0.938 0.345 0.029
vn -0.911 -0.291 -0.291
vn -0.987 0.013 -0.159
vn -0.832 0.550 0.067
vn -0.963 0.229 -0.143
vn -0.756 -0.476 -0.449
vn -0.948 -0.136 -0.288
vn -0.931 0.365 0.019
vn -0.977 0.188 -0.099
vn -0.843 -0.459 -0.280
vn -0.957 -0.162 -0.240
vn -0.995 -0.075 -0.066
vn -0.895 -0.446 0.013
vn -0.957 -0.283 -0.060
vn 0.771 -0.620 -0.144
vn 0.027 -0.999 -0.036
vn 0.396 -0.907 -0.141
vn 0.202 -0.978 -0.059
vn 0.890 -0.385 -0.244
vn 0.206 -0.967 -0.148
vn 0.630 -0.750 -0.201
vn 0.500 -0.850 -0.166
vn 0.980 -0.024 -0.200
vn 0.468 -0.876 -0.120
vn 0.922 -0.324 -0.212
vn 0.753 -0.635 -0.172
vn 0.981 0.021 -0.194
vn 0.747 -0.649 -0.142
vn 0.980 -0.080 -0.185
vn 0.942 -0.281 -0.184
vn -0.143 -0.936 -0.321
vn 0.024 -0.976 -0.218
vn 0.067 -0.987 -0.149
vn -0.081 -0.983 -0.164
vn -0.104 -0.990 -0.090
vn -0.089 -0.996 -0.027
vn -0.170 -0.983 -0.066
vn -0.380 -0.826 -0.416
vn 0.980 0.193 -0.039
vn -0.330 -0.944 -0.016
vn -0.256 -0.967 0.001
vn -0.274 -0.961 0.045
vn -0.225 -0.974 0.002
vn -0.605 -0.779 -0.164
vn -0.240 -0.901 -0.362
vn -0.187 -0.947 -0.260
vn -0.092 -0.974 -0.207
vn -0.235 -0.965 -0.118
vn -0.282 -0.953 -0.113
vn -0.463 -0.780 -0.420
vn 0.561 -0.795 -0.232
vn 0.901 -0.271 -0.339
vn 0.931 -0.081 -0.355
vn 0.773 -0.570 -0.280
vn -0.969 -0.098 -0.226
vn -0.861 -0.440 -0.255
vn -0.524 -0.843 -0.123
vn -0.997 -0.072 -0.029
vn -0.941 -0.338 0.034
vn -0.685 -0.715 0.142
vn -0.986 -0.157 0.065
vn -0.890 -0.437 0.132
vn -0.578 -0.319 -0.751
vn 0.403 -0.833 -0.379
vn 0.525 -0.623 -0.580
vn 0.600 -0.377 -0.706
vn -0.095 -0.937 -0.337
vn -0.246 -0.794 -0.556
vn 0.746 -0.463 -0.479
vn 0.813 -0.209 -0.544
vn 0.617 -0.680 -0.397
vn -0.991 -0.131 0.011
vn -0.918 0.393 0.052
vn -0.993 0.119 -0.004
vn 0.753 0.226 -0.618
vn 0.717 0.188 -0.671
vn 0.742 0.315 -0.591
vn 0.744 0.116 -0.658
vn 0.704 -0.046 -0.709
vn 0.882 0.176 -0.437
vn -0.988 -0.052 0.143
vn 0.831 0.148 -0.536
vn 0.888 0.064 -0.455
vn 0.893 0.017 -0.450
vn 0.925 0.042 -0.378
vn -0.717 -0.686 0.125
vn 0.949 0.017 -0.314
vn 0.956 0.015 -0.293
vn -0.963 0.202 0.181
vn -0.997 -0.068 -0.033
vn -0.998 0.039 -0.048
vn -0.995 0.104 0.010
vn -0.979 0.171 0.110
vn -0.987 0.054 -0.153
vn -0.998 -0.002 -0.058
vn -0.994 0.080 -0.071
vn -0.983 0.078 -0.164
vn -0.991 0.066 -0.120
vn -0.925 0.092 -0.367
vn -0.940 0.078 -0.334
vn -0.958 0.067 -0.278
vn -0.950 0.193 -0.246
vn -0.945 0.152 -0.289
vn 0.134 0.307 -0.942
vn -0.758 0.245 -0.605
vn -0.728 0.241 -0.641
vn -0.608 0.003 -0.794
vn -0.754 0.219 -0.619
vn -0.811 0.175 -0.558
vn 0.019 0.232 -0.973
vn -0.896 0.047 0.441
vn 0.889 0.109 -0.445
vn 0.682 0.030 -0.731
vn 0.635 0.081 -0.768
vn -0.776 -0.227 -0.588
vn -0.929 -0.182 -0.322
vn 0.108 -0.033 -0.994
vn -0.998 -0.059 -0.029
vn 0.675 0.060 -0.735
vn 0.669 0.461 0.583
vn -0.001 0.600 0.800
vn -0.004 0.266 -0.964
vn 0.935 0.206 0.288
vn 0.993 0.116 0.017
vn -0.992 0.112 -0.057
vn -0.053 0.227 -0.972
vn 0.840 0.167 -0.517
vn 0.677 0.092 -0.730
vn 0.684 0.131 -0.717
vn -0.808 0.032 -0.588
vn 0.989 0.057 -0.140
vn -0.815 0.313 0.487
vn -0.675 0.353 0.648
vn -0.980 0.101 0.173
vn 0.202 0.550 0.810
vn 0.411 0.507 0.758
vn 0.576 0.411 0.707
vn -0.930 -0.036 -0.366
vn 0.810 0.332 0.485
vn 0.960 0.276 0.042
vn -0.090 -0.996 -0.015
vn 0.877 -0.100 -0.469
vn -0.902 -0.383 0.196
vn -0.941 -0.282 0.187
vn -0.952 -0.247 0.178
vn -0.968 -0.188 0.166
vn -0.976 -0.155 0.151
vn -0.966 -0.158 0.207
vn -0.968 -0.202 0.149
vn -0.930 -0.304 0.208
vn -0.943 -0.321 0.092
vn -0.945 -0.286 0.156
vn -0.898 -0.306 0.318
vn -0.844 -0.291 0.451
vn -0.801 -0.294 0.522
vn -0.851 -0.246 0.465
vn -0.836 -0.369 0.406
vn -0.873 -0.328 0.362
vn -0.906 -0.173 0.387
vn -0.912 -0.043 0.408
vn -0.914 -0.029 0.405
vn -0.934 -0.096 0.344
vn -0.939 -0.179 0.296
vn -0.931 -0.244 0.272
vn -0.924 -0.264 0.275
vn 0.998 -0.011 0.057
vn -0.945 -0.231 0.230
vn -0.949 -0.133 0.287
vn 0.694 -0.715 -0.080
vn 0.896 -0.421 -0.143
vn 0.971 -0.171 -0.168
vn 0.984 0.012 -0.179
vn 0.983 0.026 -0.181
vn -0.972 -0.233 0.011
vn -0.928 -0.369 0.056
vn -0.988 -0.154 -0.010
vn -0.997 -0.077 -0.011
vn -0.989 0.144 0.033
vn -0.973 0.216 0.080
vn -0.902 0.328 0.282
vn -0.937 0.306 0.169
vn -0.939 0.043 0.341
vn -0.913 0.224 0.342
vn 0.991 0.133 -0.014
vn 0.013 -0.995 -0.103
vn -0.203 -0.976 -0.076
vn 0.972 -0.064 -0.228
vn 0.993 -0.026 -0.117
vn 0.882 0.431 0.190
vn 0.981 0.139 0.137
vn 0.977 -0.033 -0.212
vn 0.980 -0.097 -0.172
vn 0.977 0.002 -0.214
vn 0.971 0.004 -0.240
vn 0.967 -0.123 -0.224
vn 0.882 -0.439 -0.171
vn 0.624 -0.769 -0.137
vn 0.256 -0.964 -0.073
vn 0.064 -0.997 -0.049
vn 0.412 -0.910 -0.053
vn 0.017 -0.999 0.046
vn -0.632 -0.771 0.079
vn 0.220 -0.975 -0.009
vn 0.111 -0.985 -0.135
vn -0.386 -0.921 0.042
vn -0.605 -0.766 0.217
vn 0.234 -0.956 -0.175
vn -0.038 -0.996 -0.087
vn 0.379 -0.905 -0.193
vn -0.636 -0.757 0.153
vn 0.067 -0.998 0.013
vn -0.071 -0.992 0.106
vn -0.539 -0.820 0.192
vn 0.410 -0.908 -0.085
vn 0.145 -0.989 -0.030
vn 0.288 -0.954 -0.084
vn 0.273 -0.962 0.024
vn 0.416 -0.909 -0.025
vn -0.158 -0.967 0.198
vn 0.011 -0.992 0.123
vn 0.128 -0.990 0.065
vn -0.364 -0.904 0.223
vn -0.411 -0.893 0.183
vn -0.044 0.875 0.482
vn -0.030 0.866 0.499
vn 0.029 0.929 0.370
vn 0.017 -0.835 0.550
vn 0.085 -0.969 0.234
vn 0.142 -0.456 0.878
vn 0.191 -0.968 -0.163
vn 0.044 -0.991 -0.126
vn 0.099 -0.986 -0.133
vn -0.040 0.942 0.333
vn 0.094 -0.961 -0.260
vn 0.060 -0.981 -0.185
vn 0.026 -1.000 0.003
vn 0.047 -0.999 0.026
vn 0.079 -0.447 0.891
vn -0.027 -0.895 0.446
vn 0.091 -0.996 0.006
vn 0.175 -0.979 0.106
vn 0.025 0.926 0.377
vn -0.092 0.869 0.487
vn 0.084 0.900 0.427
vn 0.120 0.971 0.206
vn 0.053 0.998 0.020
vn 0.112 -0.777 0.620
vn 0.134 -0.225 0.965
vn 0.021 -0.985 0.172
vn 0.268 0.919 0.290
vn 0.209 0.952 0.224
vn 0.284 0.958 0.033
vn 0.326 0.882 0.341
vn 0.174 0.955 0.239
vn 0.158 -0.976 0.153
vn -0.030 0.999 0.041
vn 0.089 0.889 0.450
vn 0.007 0.886 0.463
vn -0.126 0.936 0.329
vn 0.413 0.908 0.074
vn 0.043 0.154 0.987
vn 0.018 0.999 -0.035
vn 0.098 0.986 0.132
vn 0.124 0.920 0.372
vn 0.092 0.888 0.450
vn -0.056 0.850 0.523
vn -0.040 0.751 0.659
vn -0.060 0.839 0.540
vn 0.007 0.949 0.316
vn 0.312 -0.923 0.225
vn 0.250 -0.950 0.187
vn 0.166 -0.986 0.001
vn -0.154 0.753 0.640
vn 0.137 0.931 0.338
vn 0.152 0.934 0.325
vn 0.250 0.965 0.083
vn -0.002 -0.985 -0.172
vn -0.004 0.682 0.731
vn 0.003 0.946 0.325
vn 0.009 0.953 0.302
vn 0.172 0.970 0.173
vn 0.193 0.946 0.259
vn 0.190 0.897 0.400
vn -0.078 0.946 0.314
vn 0.029 0.763 0.645
vn 0.059 0.487 0.871
vn -0.013 0.168 0.986
vn 0.058 -0.974 0.219
vn 0.063 -0.960 0.274
vn 0.127 -0.970 0.205
vn 0.188 -0.955 0.230
vn -0.045 0.861 0.506
vn 0.004 0.624 0.781
vn -0.125 0.826 0.550
vn -0.032 -0.952 -0.305
vn -0.006 -0.929 -0.370
vn -0.036 -0.953 -0.302
vn 0.303 0.928 0.217
vn 0.007 0.992 0.126
vn -0.084 0.714 0.695
vn -0.176 -0.031 0.984
vn 0.168 0.921 0.352
vn 0.334 0.924 0.187
vn 0.324 -0.924 0.202
vn 0.231 -0.971 -0.066
vn 0.234 -0.955 0.181
vn 0.160 -0.962 0.220
vn 0.040 -0.984 0.171
vn 0.189 -0.969 0.162
vn 0.153 -0.960 0.233
vn -0.050 0.962 0.269
vn 0.014 0.992 0.129
vn -0.013 0.916 0.401
vn -0.062 0.645 0.761
vn -0.108 0.711 0.695
vn -0.928 0.213 0.307
vn 0.825 0.486 0.289
vn -0.103 0.510 0.854
vn -0.608 0.745 0.277
vn 0.578 0.770 0.271
vn -0.075 0.973 0.216
vn -0.073 0.935 0.346
vn -0.979 -0.191 0.074
vn 0.962 0.175 0.212
vn 0.426 0.664 0.614
vn -0.484 0.732 0.479
vn -0.923 0.146 0.357
vn 0.330 0.699 0.634
vn 0.945 0.209 0.251
vn -0.047 0.458 0.888
vn -0.389 -0.455 0.801
vn -0.244 0.526 0.815
vn -0.420 -0.879 0.226
vn -0.566 -0.714 0.412
vn 0.552 -0.707 0.442
vn 0.325 0.519 0.791
vn 0.665 -0.716 0.213
vn 0.721 -0.219 0.657
vn -0.238 0.929 0.282
vn 0.074 0.920 0.385
vn -0.048 0.996 0.078
vn -0.025 0.989 0.148
vn -0.083 0.773 0.629
vn 0.073 0.802 0.593
vn 0.968 0.227 0.110
vn -0.561 0.695 0.451
vn 0.293 0.784 0.548
vn -0.981 -0.071 -0.180
vn -0.520 -0.854 -0.034
vn 0.714 -0.700 0.003
vn -0.769 0.571 0.287
vn 0.320 0.858 0.401
vn -0.541 0.817 0.200
vn 0.244 0.946 0.213
vn -0.837 0.402 0.371
vn 0.819 0.494 0.291
vn 0.816 0.500 0.291
vn -0.660 0.527 0.535
vn 0.021 0.976 0.215
vn -0.175 0.978 0.113
vn 0.819 0.469 0.330
vn -0.938 0.347 0.000
vn 0.902 0.159 0.401
vn -0.574 0.581 0.576
vn -0.816 -0.565 0.122
vn 0.916 -0.196 0.350
vn -0.779 -0.221 0.587
vn -0.831 -0.461 0.313
vn 0.538 0.584 0.608
vn 0.959 -0.201 0.200
vn -0.204 0.896 0.395
vn 0.127 0.864 0.488
vn -0.845 -0.535 -0.021
vn 0.992 -0.113 0.053
vn 0.374 0.621 0.689
vn -0.655 0.691 0.305
vn -0.985 -0.041 -0.167
vn 0.924 0.239 0.298
vn -0.481 -0.853 -0.201
vn 0.739 -0.631 -0.237
vn -0.958 0.278 -0.072
vn 0.844 0.384 0.375
vn -0.904 -0.396 -0.162
vn 0.972 -0.221 0.076
vn 0.496 0.780 0.381
vn -0.533 0.803 0.268
vn -0.988 -0.007 -0.156
vn 0.939 0.211 0.270
vn -0.518 -0.786 -0.337
vn 0.676 -0.704 -0.218
vn -0.973 0.233 0.006
vn 0.889 0.385 0.246
vn -0.943 -0.229 -0.242
vn 0.907 -0.420 -0.022
vn 0.447 0.852 0.273
vn -0.648 0.761 -0.017
vn -0.983 -0.057 -0.176
vn 0.959 0.245 0.140
vn -0.550 -0.632 -0.546
vn 0.647 -0.743 -0.174
vn -0.971 0.231 -0.058
vn 0.883 0.448 0.140
vn -0.904 -0.294 -0.311
vn 0.920 -0.393 -0.004
vn 0.669 0.737 0.098
vn -0.690 0.713 0.121
vn -0.987 -0.130 -0.096
vn 0.975 0.222 -0.014
vn -0.524 -0.836 -0.161
vn 0.537 -0.841 0.067
vn -0.968 0.242 -0.072
vn 0.877 0.479 0.021
vn -0.920 -0.377 -0.111
vn 0.912 -0.411 -0.004
vn 0.715 -0.668 -0.208
vn 0.927 -0.371 -0.051
vn 0.960 0.179 0.218
vn 0.525 0.684 0.506
vn -0.657 -0.750 -0.071
vn -0.373 0.710 0.597
vn -0.917 0.393 0.073
vn -0.979 -0.018 -0.205
vn 0.895 0.364 0.257
vn -0.922 -0.330 -0.203
vn 0.378 -0.870 -0.316
vn 0.285 -0.946 -0.155
vn 0.267 -0.957 0.113
vn -0.071 0.986 0.152
vn 0.233 -0.934 0.271
vn 0.048 0.809 0.585
vn 0.064 0.951 0.303
vn 0.007 0.951 0.310
vn 0.114 -0.872 0.476
vn 0.241 -0.513 0.824
vn 0.076 0.403 0.912
vn -0.019 0.903 0.430
vn 0.014 0.874 0.486
vn -0.068 0.949 0.309
vn 0.020 0.578 0.816
vn 0.426 -0.841 -0.335
vn 0.087 0.777 0.624
vn 0.060 0.891 0.449
vn -0.025 0.953 0.301
vn -0.101 0.993 0.065
vn -0.041 0.928 0.369
vn 0.046 0.393 0.918
vn 0.073 0.710 0.701
vn 0.338 -0.870 -0.359
vn 0.290 -0.939 -0.183
vn 0.315 0.948 -0.044
vn -0.084 -0.996 -0.016
vn 0.321 -0.947 -0.002
vn -0.985 0.128 -0.112
vn -0.931 0.361 -0.057
vn 0.925 -0.362 0.118
vn 0.955 0.293 0.052
vn 0.717 0.697 -0.009
vn -0.756 0.654 0.019
vn -0.422 0.886 0.192
vn -0.109 0.917 0.384
vn 0.106 0.904 0.414
vn 0.227 0.889 0.398
vn 0.161 0.893 0.421
vn 0.245 0.876 0.416
vn 0.307 0.862 0.403
vn 0.305 0.878 0.368
vn 0.317 0.891 0.326
vn 0.455 0.871 0.186
vn 0.327 0.920 0.215
vn 0.618 -0.761 0.198
vn 0.334 -0.919 0.209
vn -0.946 -0.316 -0.070
vn -0.494 -0.869 0.022
vn -0.149 -0.982 0.119
vn -0.001 -0.994 0.109
vn 0.082 -0.995 0.057
vn 0.108 -0.981 0.161
vn 0.104 -0.984 0.144
vn -0.025 -0.994 0.107
vn -0.103 -0.992 0.073
vn 0.098 -0.989 0.112
vn 0.095 -0.993 0.067
vn 0.349 0.921 0.172
vn 0.452 0.890 0.056
vn -0.350 -0.907 0.236
vn -0.534 -0.118 0.837
vn -0.734 -0.128 0.667
vn -0.868 -0.199 0.454
vn -0.950 -0.250 0.189
vn -0.950 -0.254 -0.181
vn -0.822 -0.227 -0.522
vn -0.655 -0.214 -0.724
vn -0.458 -0.180 -0.871
vn -0.191 -0.146 -0.971
vn 0.204 -0.083 -0.975
vn 0.542 0.002 -0.840
vn 0.745 0.057 -0.665
vn 0.913 0.086 -0.398
vn 0.982 0.097 -0.162
vn 0.992 0.102 0.073
vn 0.931 0.091 0.352
vn 0.797 0.089 0.598
vn 0.547 0.064 0.835
vn 0.244 0.030 0.969
vn -0.207 -0.083 0.975
usemtl BodyMakeHuman
f 18//18 21//21 26//26 23//23
f 13//13 16//16 21//21 18//18
f 16//16 13//13 8//8 11//11
f 11//11 8//8 4//4 7//7
f 4//4 1//1 3//3 7//7
f 5//5 2//2 1//1 4//4
f 10//10 6//6 5//5 9//9
f 9//9 5//5 4//4 8//8
f 10//10 9//9 14//14 15//15
f 19//19 20//20 15//15 14//14
f 14//14 9//9 8//8 13//13
f 19//19 14//14 13//13 18//18
f 24//24 25//25 20//20 19//19
f 17//17 12//12 15//15 20//20
f 22//22 17//17 20//20 25//25
f 24//24 19//19 18//18 23//23
f 31//31 32//32 45//45 43//43
f 40//40 156//156 157//157 39//39
f 48//48 44//44 47//47 49//49
f 50//50 48//48 49//49 51//51
f 52//52 50//50 51//51 53//53
f 54//54 52//52 53//53 55//55
f 56//56 54//54 55//55 57//57
f 58//58 56//56 57//57 59//59
f 62//62 60//60 61//61 63//63
f 64//64 62//62 63//63 65//65
f 66//66 64//64 65//65 67//67
f 68//68 66//66 67//67 69//69
f 70//70 68//68 69//69 71//71
f 72//72 70//70 71//71 73//73
f 179//179 81//81 80//80 178//178
f 81//81 85//85 84//84 80//80
f 85//85 89//89 88//88 84//84
f 89//89 94//94 92//92 88//88
f 99//99 107//107 113//113 93//93
f 106//106 100//100 107//107 101//101
f 94//94 100//100 98//98 92//92
f 100//100 106//106 104//104 98//98
f 105//105 101//101 107//107 99//99
f 100//100 94//94 113//113 107//107
f 106//106 112//112 110//110 104//104
f 93//93 197//197 91//91 97//97
f 98//98 104//104 108//108 102//102
f 111//111 95//95 101//101 105//105
f 70//70 72//72 78//78 77//77
f 68//68 70//70 77//77 76//76
f 66//66 68//68 76//76 75//75
f 84//84 88//88 90//90 86//86
f 41//41 155//155 156//156 40//40
f 44//44 48//48 63//63 61//61
f 48//48 50//50 65//65 63//63
f 50//50 52//52 67//67 65//65
f 52//52 54//54 69//69 67//67
f 54//54 56//56 71//71 69//69
f 56//56 58//58 73//73 71//71
f 49//49 116//116 117//117 51//51
f 57//57 120//120 121//121 59//59
f 55//55 119//119 120//120 57//57
f 53//53 118//118 119//119 55//55
f 51//51 117//117 118//118 53//53
f 116//116 122//122 123//123 117//117
f 120//120 126//126 127//127 121//121
f 117//117 123//123 124//124 118//118
f 118//118 124//124 125//125 119//119
f 119//119 125//125 126//126 120//120
f 122//122 128//128 129//129 123//123
f 126//126 132//132 133//133 127//127
f 123//123 129//129 130//130 124//124
f 124//124 130//130 131//131 125//125
f 125//125 131//131 132//132 126//126
f 132//132 137//137 138//138 133//133
f 129//129 134//134 135//135 130//130
f 130//130 135//135 136//136 131//131
f 131//131 136//136 137//137 132//132
f 137//137 142//142 143//143 138//138
f 134//134 139//139 140//140 135//135
f 135//135 140//140 141//141 136//136
f 136//136 141//141 142//142 137//137
f 142//142 147//147 148//148 143//143
f 139//139 144//144 145//145 140//140
f 140//140 145//145 146//146 141//141
f 141//141 146//146 147//147 142//142
f 192//192 152//152 153//153 188//188
f 189//189 149//149 150//150 191//191
f 191//191 150//150 151//151 190//190
f 190//190 151//151 152//152 192//192
f 88//88 92//92 96//96 90//90
f 102//102 96//96 92//92 98//98
f 104//104 110//110 114//114 108//108
f 32//32 31//31 165//165 164//164
f 160//160 162//162 168//168 167//167
f 166//166 159//159 167//167 168//168
f 154//154 168//168 162//162 163//163
f 154//154 42//42 166//166 168//168
f 83//83 87//87 170//170 169//169
f 113//113 198//198 197//197 93//93
f 94//94 89//89 198//198 113//113
f 106//106 101//101 95//95 112//112
f 109//109 115//115 111//111 105//105
f 103//103 109//109 105//105 99//99
f 99//99 93//93 97//97 103//103
f 169//169 170//170 171//171 172//172
f 182//182 181//181 159//159 166//166
f 182//182 183//183 83//83 169//169
f 161//161 38//38 156//156 155//155
f 194//194 173//173 74//74 193//193
f 75//75 76//76 175//175 174//174
f 76//76 77//77 176//176 175//175
f 77//77 78//78 177//177 176//176
f 185//185 187//187 60//60 74//74
f 186//186 185//185 74//74 173//173
f 187//187 184//184 61//61 60//60
f 45//45 179//179 178//178 43//43
f 169//169 172//172 181//181 182//182
f 166//166 42//42 183//183 182//182
f 40//40 39//39 187//187 185//185
f 41//41 40//40 185//185 186//186
f 200//200 191//191 190//190 202//202
f 203//203 189//189 191//191 200//200
f 199//199 192//192 188//188 201//201
f 202//202 190//190 192//192 199//199
f 160//160 167//167 32//32 164//164
f 167//167 159//159 45//45 32//32
f 179//179 45//45 159//159 181//181
f 181//181 172//172 81//81 179//179
f 85//85 81//81 172//172 171//171
f 80//80 84//84 86//86 82//82
f 178//178 80//80 82//82 180//180
f 180//180 79//79 43//43 178//178
f 79//79 46//46 31//31 43//43
f 165//165 31//31 46//46 35//35
f 3827//3827 163//163 162//162 3826//3826
f 3826//3826 162//162 160//160 3825//3825
f 3825//3825 160//160 164//164 3824//3824
f 3824//3824 164//164 165//165 3823//3823
f 196//196 194//194 193//193 195//195
f 60//60 62//62 193//193 74//74
f 62//62 64//64 195//195 193//193
f 170//170 87//87 91//91 197//197
f 171//171 170//170 197//197 198//198
f 89//89 85//85 171//171 198//198
f 196//196 195//195 75//75 174//174
f 64//64 66//66 75//75 195//195
f 145//145 200//200 202//202 146//146
f 144//144 203//203 200//200 145//145
f 147//147 199//199 201//201 148//148
f 146//146 202//202 199//199 147//147
f 303//303 302//302 235//235 245//245
f 302//302 301//301 225//225 235//235
f 301//301 300//300 215//215 225//225
f 300//300 299//299 205//205 215//215
f 299//299 307//307 280//280 205//205
f 530//530 304//304 254//254 524//524
f 304//304 308//308 290//290 254//254
f 308//308 305//305 264//264 290//290
f 305//305 306//306 274//274 264//264
f 245//245 235//235 234//234 244//244
f 235//235 225//225 224//224 234//234
f 225//225 215//215 214//214 224//224
f 215//215 205//205 206//206 214//214
f 205//205 280//280 281//281 206//206
f 524//524 254//254 255//255 523//523
f 254//254 290//290 291//291 255//255
f 290//290 264//264 265//265 291//291
f 264//264 274//274 275//275 265//265
f 237//237 227//227 228//228 238//238
f 227//227 217//217 218//218 228//228
f 217//217 207//207 208//208 218//218
f 207//207 282//282 283//283 208//208
f 529//529 256//256 257//257 528//528
f 256//256 292//292 293//293 257//257
f 292//292 266//266 267//267 293//293
f 266//266 276//276 277//277 267//267
f 320//320 385//385 355//355 357//357
f 238//238 228//228 229//229 239//239
f 228//228 218//218 219//219 229//229
f 218//218 208//208 209//209 219//219
f 208//208 283//283 284//284 209//209
f 528//528 257//257 258//258 527//527
f 257//257 293//293 294//294 258//258
f 293//293 512//512 502//502 294//294
f 267//267 277//277 278//278 268//268
f 248//248 377//377 376//376 351//351
f 239//239 229//229 230//230 240//240
f 229//229 219//219 220//220 230//230
f 219//219 209//209 210//210 220//220
f 209//209 284//284 285//285 210//210
f 527//527 258//258 259//259 526//526
f 258//258 294//294 295//295 259//259
f 268//268 501//501 492//492 512//512
f 351//351 376//376 357//357 355//355
f 240//240 230//230 231//231 241//241
f 230//230 220//220 221//221 231//231
f 220//220 210//210 211//211 221//221
f 210//210 285//285 286//286 211//211
f 526//526 259//259 260//260 533//533
f 259//259 295//295 296//296 260//260
f 295//295 269//269 270//270 296//296
f 238//238 239//239 385//385 320//320
f 241//241 231//231 232//232 242//242
f 231//231 221//221 222//222 232//232
f 221//221 211//211 212//212 222//222
f 211//211 286//286 287//287 212//212
f 533//533 260//260 261//261 532//532
f 260//260 296//296 297//297 261//261
f 296//296 270//270 271//271 297//297
f 250//250 325//325 323//323 251//251
f 242//242 232//232 233//233 243//243
f 232//232 222//222 223//223 233//233
f 222//222 212//212 213//213 223//223
f 212//212 287//287 288//288 213//213
f 532//532 261//261 262//262 531//531
f 261//261 297//297 298//298 262//262
f 297//297 271//271 272//272 298//298
f 251//251 323//323 322//322 321//321
f 249//249 326//326 325//325 250//250
f 248//248 351//351 326//326 249//249
f 311//311 177//177 78//78 312//312
f 246//246 236//236 302//302 303//303
f 236//236 226//226 301//301 302//302
f 226//226 216//216 300//300 301//301
f 216//216 204//204 299//299 300//300
f 204//204 279//279 307//307 299//299
f 525//525 253//253 304//304 530//530
f 253//253 289//289 308//308 304//304
f 289//289 263//263 305//305 308//308
f 263//263 273//273 306//306 305//305
f 351//351 355//355 356//356 326//326
f 323//323 379//379 380//380 322//322
f 252//252 238//238 320//320 358//358
f 325//325 378//378 379//379 323//323
f 326//326 356//356 378//378 325//325
f 358//358 320//320 357//357 324//324
f 247//247 237//237 238//238 252//252
f 310//310 95//95 111//111 309//309
f 359//359 112//112 95//95 310//310
f 309//309 111//111 115//115 360//360
f 368//368 303//303 245//245 367//367
f 313//313 72//72 73//73 361//361
f 349//349 133//133 138//138 348//348
f 343//343 201//201 188//188 344//344
f 350//350 127//127 133//133 349//349
f 344//344 188//188 153//153 345//345
f 201//201 343//343 346//346 148//148
f 352//352 121//121 127//127 350//350
f 354//354 58//58 59//59 353//353
f 347//347 143//143 148//148 346//346
f 353//353 59//59 121//121 352//352
f 348//348 138//138 143//143 347//347
f 333//333 353//353 352//352 334//334
f 338//338 347//347 346//346 339//339
f 332//332 354//354 353//353 333//333
f 337//337 348//348 347//347 338//338
f 336//336 349//349 348//348 337//337
f 335//335 350//350 349//349 336//336
f 342//342 343//343 344//344 341//341
f 334//334 352//352 350//350 335//335
f 343//343 342//342 339//339 346//346
f 341//341 344//344 345//345 340//340
f 315//315 341//341 340//340 316//316
f 327//327 336//336 337//337 319//319
f 319//319 337//337 338//338 318//318
f 318//318 338//338 339//339 317//317
f 331//331 332//332 333//333 330//330
f 342//342 314//314 317//317 339//339
f 330//330 333//333 334//334 329//329
f 314//314 342//342 341//341 315//315
f 329//329 334//334 335//335 328//328
f 328//328 335//335 336//336 327//327
f 366//366 311//311 312//312 367//367
f 365//365 310//310 309//309 364//364
f 363//363 359//359 310//310 365//365
f 364//364 309//309 360//360 362//362
f 72//72 313//313 312//312 78//78
f 368//368 313//313 361//361 369//369
f 244//244 366//366 367//367 245//245
f 354//354 332//332 369//369 361//361
f 303//303 368//368 369//369 246//246
f 252//252 364//364 362//362 247//247
f 313//313 368//368 367//367 312//312
f 324//324 363//363 365//365 358//358
f 358//358 365//365 364//364 252//252
f 332//332 331//331 246//246 369//369
f 354//354 361//361 73//73 58//58
f 110//110 370//370 371//371 114//114
f 370//370 372//372 373//373 371//371
f 372//372 374//374 375//375 373//373
f 374//374 376//376 377//377 375//375
f 356//356 384//384 383//383 378//378
f 378//378 383//383 382//382 379//379
f 379//379 382//382 381//381 380//380
f 355//355 385//385 384//384 356//356
f 359//359 370//370 110//110 112//112
f 372//372 370//370 359//359 363//363
f 363//363 324//324 374//374 372//372
f 324//324 357//357 376//376 374//374
f 385//385 239//239 240//240 384//384
f 382//382 242//242 243//243 381//381
f 383//383 241//241 242//242 382//382
f 384//384 240//240 241//241 383//383
f 387//387 315//315 316//316 388//388
f 395//395 330//330 329//329 394//394
f 314//314 386//386 389//389 317//317
f 394//394 329//329 328//328 393//393
f 386//386 314//314 315//315 387//387
f 393//393 328//328 327//327 392//392
f 392//392 327//327 319//319 391//391
f 391//391 319//319 318//318 390//390
f 390//390 318//318 317//317 389//389
f 396//396 331//331 330//330 395//395
f 403//403 392//392 391//391 402//402
f 402//402 391//391 390//390 401//401
f 401//401 390//390 389//389 400//400
f 407//407 396//396 395//395 406//406
f 398//398 387//387 388//388 399//399
f 406//406 395//395 394//394 405//405
f 386//386 397//397 400//400 389//389
f 405//405 394//394 393//393 404//404
f 397//397 386//386 387//387 398//398
f 404//404 393//393 392//392 403//403
f 414//414 415//415 409//409 408//408
f 418//418 419//419 413//413 412//412
f 415//415 416//416 410//410 409//409
f 2635//2635 417//417 411//411 2634//2634
f 417//417 418//418 412//412 411//411
f 420//420 421//421 415//415 414//414
f 424//424 425//425 419//419 418//418
f 421//421 422//422 416//416 415//415
f 2636//2636 423//423 417//417 2635//2635
f 423//423 424//424 418//418 417//417
f 426//426 427//427 421//421 420//420
f 430//430 431//431 425//425 424//424
f 427//427 428//428 422//422 421//421
f 2637//2637 429//429 423//423 2636//2636
f 429//429 430//430 424//424 423//423
f 432//432 433//433 427//427 426//426
f 436//436 437//437 431//431 430//430
f 433//433 434//434 428//428 427//427
f 2638//2638 435//435 429//429 2637//2637
f 435//435 436//436 430//430 429//429
f 438//438 439//439 433//433 432//432
f 442//442 443//443 437//437 436//436
f 439//439 440//440 434//434 433//433
f 2639//2639 441//441 435//435 2638//2638
f 441//441 442//442 436//436 435//435
f 444//444 445//445 439//439 438//438
f 448//448 449//449 443//443 442//442
f 445//445 446//446 440//440 439//439
f 2640//2640 447//447 441//441 2639//2639
f 447//447 448//448 442//442 441//441
f 408//408 403//403 402//402 414//414
f 414//414 402//402 401//401 420//420
f 420//420 401//401 400//400 426//426
f 397//397 432//432 426//426 400//400
f 432//432 397//397 398//398 438//438
f 438//438 398//398 399//399 444//444
f 226//226 236//236 396//396 407//407
f 236//236 246//246 331//331 396//396
f 453//453 407//407 406//406 452//452
f 452//452 406//406 405//405 451//451
f 451//451 405//405 404//404 450//450
f 479//479 534//534 535//535 489//489
f 457//457 453//453 452//452 456//456
f 542//542 541//541 462//462 461//461
f 456//456 452//452 451//451 455//455
f 541//541 540//540 463//463 462//462
f 455//455 451//451 450//450 454//454
f 516//516 538//538 534//534 479//479
f 461//461 471//471 517//517 515//515
f 2641//2641 461//461 515//515 2646//2646
f 467//467 457//457 456//456 466//466
f 461//461 462//462 472//472 471//471
f 466//466 456//456 455//455 465//465
f 462//462 463//463 473//473 472//472
f 465//465 455//455 454//454 464//464
f 464//464 454//454 458//458 468//468
f 468//468 458//458 459//459 469//469
f 2646//2646 515//515 480//480 2642//2642
f 515//515 517//517 481//481 480//480
f 519//519 467//467 466//466 518//518
f 518//518 466//466 465//465 520//520
f 520//520 465//465 464//464 521//521
f 521//521 464//464 468//468 522//522
f 522//522 468//468 469//469 516//516
f 488//488 478//478 479//479 489//489
f 2642//2642 480//480 490//490 2643//2643
f 480//480 481//481 491//491 490//490
f 487//487 477//477 476//476 486//486
f 514//514 269//269 502//502 513//513
f 486//486 476//476 475//475 485//485
f 491//491 481//481 513//513 492//492
f 485//485 475//475 474//474 484//484
f 484//484 474//474 478//478 488//488
f 497//497 488//488 489//489 498//498
f 2643//2643 490//490 499//499 2644//2644
f 490//490 491//491 500//500 499//499
f 496//496 487//487 486//486 495//495
f 491//491 492//492 501//501 500//500
f 495//495 486//486 485//485 494//494
f 267//267 268//268 512//512 293//293
f 494//494 485//485 484//484 493//493
f 493//493 484//484 488//488 497//497
f 503//503 493//493 497//497 507//507
f 507//507 497//497 498//498 508//508
f 2644//2644 499//499 509//509 2645//2645
f 499//499 500//500 510//510 509//509
f 506//506 496//496 495//495 505//505
f 500//500 501//501 511//511 510//510
f 505//505 495//495 494//494 504//504
f 501//501 268//268 278//278 511//511
f 504//504 494//494 493//493 503//503
f 270//270 482//482 483//483 271//271
f 502//502 512//512 492//492 513//513
f 502//502 269//269 295//295 294//294
f 514//514 482//482 270//270 269//269
f 469//469 460//460 538//538 516//516
f 477//477 519//519 518//518 476//476
f 476//476 518//518 520//520 475//475
f 517//517 514//514 513//513 481//481
f 475//475 520//520 521//521 474//474
f 474//474 521//521 522//522 478//478
f 478//478 522//522 516//516 479//479
f 285//285 526//526 533//533 286//286
f 283//283 528//528 527//527 284//284
f 307//307 530//530 524//524 280//280
f 279//279 525//525 530//530 307//307
f 284//284 527//527 526//526 285//285
f 280//280 524//524 523//523 281//281
f 282//282 529//529 528//528 283//283
f 287//287 532//532 531//531 288//288
f 286//286 533//533 532//532 287//287
f 471//471 482//482 514//514 517//517
f 216//216 226//226 407//407 453//453
f 204//204 216//216 453//453 457//457
f 457//457 467//467 279//279 204//204
f 525//525 279//279 467//467 519//519
f 519//519 477//477 253//253 525//525
f 477//477 487//487 289//289 253//253
f 263//263 289//289 487//487 496//496
f 496//496 506//506 273//273 263//263
f 482//482 471//471 472//472 483//483
f 489//489 535//535 536//536 498//498
f 498//498 536//536 537//537 508//508
f 2668//2668 542//542 461//461 2641//2641
f 483//483 472//472 473//473 539//539
f 483//483 539//539 272//272 271//271
f 470//470 460//460 469//469 459//459
f 509//509 510//510 557//557 556//556
f 553//553 506//506 505//505 552//552
f 306//306 549//549 544//544 274//274
f 510//510 511//511 558//558 557//557
f 559//559 555//555 508//508 537//537
f 552//552 505//505 504//504 551//551
f 274//274 544//544 545//545 275//275
f 551//551 504//504 503//503 550//550
f 549//549 306//306 273//273 543//543
f 550//550 503//503 507//507 554//554
f 554//554 507//507 508//508 555//555
f 543//543 273//273 506//506 553//553
f 276//276 546//546 547//547 277//277
f 2645//2645 509//509 556//556 2647//2647
f 277//277 547//547 548//548 278//278
f 511//511 278//278 548//548 558//558
f 556//556 557//557 574//574 573//573
f 570//570 553//553 552//552 569//569
f 544//544 561//561 562//562 545//545
f 557//557 558//558 575//575 574//574
f 569//569 552//552 551//551 568//568
f 558//558 548//548 565//565 575//575
f 568//568 551//551 550//550 567//567
f 560//560 543//543 553//553 570//570
f 567//567 550//550 554//554 571//571
f 546//546 563//563 564//564 547//547
f 576//576 572//572 555//555 559//559
f 571//571 554//554 555//555 572//572
f 547//547 564//564 565//565 548//548
f 2647//2647 556//556 573//573 2648//2648
f 566//566 549//549 543//543 560//560
f 549//549 566//566 561//561 544//544
f 574//574 575//575 592//592 591//591
f 586//586 569//569 568//568 585//585
f 575//575 565//565 582//582 592//592
f 585//585 568//568 567//567 584//584
f 577//577 560//560 570//570 587//587
f 584//584 567//567 571//571 588//588
f 563//563 580//580 581//581 564//564
f 593//593 589//589 572//572 576//576
f 588//588 571//571 572//572 589//589
f 564//564 581//581 582//582 565//565
f 2648//2648 573//573 590//590 2649//2649
f 583//583 566//566 560//560 577//577
f 566//566 583//583 578//578 561//561
f 573//573 574//574 591//591 590//590
f 587//587 570//570 569//569 586//586
f 561//561 578//578 579//579 562//562
f 592//592 582//582 599//599 609//609
f 602//602 585//585 584//584 601//601
f 594//594 577//577 587//587 604//604
f 601//601 584//584 588//588 605//605
f 580//580 597//597 598//598 581//581
f 610//610 606//606 589//589 593//593
f 605//605 588//588 589//589 606//606
f 581//581 598//598 599//599 582//582
f 2649//2649 590//590 607//607 2650//2650
f 600//600 583//583 577//577 594//594
f 583//583 600//600 595//595 578//578
f 590//590 591//591 608//608 607//607
f 604//604 587//587 586//586 603//603
f 578//578 595//595 596//596 579//579
f 591//591 592//592 609//609 608//608
f 603//603 586//586 585//585 602//602
f 634//634 635//635 619//619 618//618
f 641//641 642//642 626//626 625//625
f 635//635 636//636 620//620 619//619
f 627//627 611//611 626//626 642//642
f 636//636 637//637 621//621 620//620
f 627//627 628//628 612//612 611//611
f 637//637 638//638 622//622 621//621
f 631//631 632//632 616//616 615//615
f 628//628 629//629 613//613 612//612
f 638//638 639//639 623//623 622//622
f 632//632 633//633 617//617 616//616
f 630//630 631//631 615//615 614//614
f 639//639 640//640 624//624 623//623
f 633//633 634//634 618//618 617//617
f 629//629 630//630 614//614 613//613
f 640//640 641//641 625//625 624//624
f 641//641 628//628 627//627 642//642
f 640//640 629//629 628//628 641//641
f 639//639 630//630 629//629 640//640
f 638//638 631//631 630//630 639//639
f 631//631 638//638 637//637 632//632
f 632//632 637//637 636//636 633//633
f 633//633 636//636 635//635 634//634
f 618//618 619//619 651//651 650//650
f 625//625 626//626 658//658 657//657
f 619//619 620//620 652//652 651//651
f 611//611 643//643 658//658 626//626
f 620//620 621//621 653//653 652//652
f 611//611 612//612 644//644 643//643
f 621//621 622//622 654//654 653//653
f 615//615 616//616 648//648 647//647
f 612//612 613//613 645//645 644//644
f 622//622 623//623 655//655 654//654
f 616//616 617//617 649//649 648//648
f 614//614 615//615 647//647 646//646
f 623//623 624//624 656//656 655//655
f 617//617 618//618 650//650 649//649
f 613//613 614//614 646//646 645//645
f 624//624 625//625 657//657 656//656
f 643//643 659//659 674//674 658//658
f 652//652 653//653 669//669 668//668
f 643//643 644//644 660//660 659//659
f 653//653 654//654 670//670 669//669
f 647//647 648//648 664//664 663//663
f 644//644 645//645 661//661 660//660
f 654//654 655//655 671//671 670//670
f 648//648 649//649 665//665 664//664
f 646//646 647//647 663//663 662//662
f 655//655 656//656 672//672 671//671
f 649//649 650//650 666//666 665//665
f 645//645 646//646 662//662 661//661
f 656//656 657//657 673//673 672//672
f 650//650 651//651 667//667 666//666
f 657//657 658//658 674//674 673//673
f 651//651 652//652 668//668 667//667
f 724//724 723//723 690//690 689//689
f 726//726 725//725 684//684 683//683
f 727//727 675//675 690//690 723//723
f 725//725 728//728 685//685 684//684
f 727//727 729//729 676//676 675//675
f 728//728 730//730 686//686 685//685
f 732//732 731//731 680//680 679//679
f 729//729 733//733 677//677 676//676
f 730//730 734//734 687//687 686//686
f 731//731 735//735 681//681 680//680
f 736//736 732//732 679//679 678//678
f 734//734 737//737 688//688 687//687
f 735//735 738//738 682//682 681//681
f 733//733 736//736 678//678 677//677
f 737//737 724//724 689//689 688//688
f 738//738 726//726 683//683 682//682
f 675//675 691//691 706//706 690//690
f 684//684 685//685 701//701 700//700
f 675//675 676//676 692//692 691//691
f 685//685 686//686 702//702 701//701
f 679//679 680//680 696//696 695//695
f 676//676 677//677 693//693 692//692
f 686//686 687//687 703//703 702//702
f 680//680 681//681 697//697 696//696
f 678//678 679//679 695//695 694//694
f 687//687 688//688 704//704 703//703
f 681//681 682//682 698//698 697//697
f 677//677 678//678 694//694 693//693
f 688//688 689//689 705//705 704//704
f 682//682 683//683 699//699 698//698
f 689//689 690//690 706//706 705//705
f 683//683 684//684 700//700 699//699
f 705//705 706//706 722//722 721//721
f 699//699 700//700 716//716 715//715
f 691//691 707//707 722//722 706//706
f 700//700 701//701 717//717 716//716
f 691//691 692//692 708//708 707//707
f 701//701 702//702 718//718 717//717
f 695//695 696//696 712//712 711//711
f 692//692 693//693 709//709 708//708
f 702//702 703//703 719//719 718//718
f 696//696 697//697 713//713 712//712
f 694//694 695//695 711//711 710//710
f 703//703 704//704 720//720 719//719
f 697//697 698//698 714//714 713//713
f 693//693 694//694 710//710 709//709
f 704//704 705//705 721//721 720//720
f 698//698 699//699 715//715 714//714
f 673//673 674//674 723//723 724//724
f 667//667 668//668 725//725 726//726
f 659//659 727//727 723//723 674//674
f 668//668 669//669 728//728 725//725
f 659//659 660//660 729//729 727//727
f 669//669 670//670 730//730 728//728
f 663//663 664//664 731//731 732//732
f 660//660 661//661 733//733 729//729
f 670//670 671//671 734//734 730//730
f 664//664 665//665 735//735 731//731
f 662//662 663//663 732//732 736//736
f 671//671 672//672 737//737 734//734
f 665//665 666//666 738//738 735//735
f 661//661 662//662 736//736 733//733
f 672//672 673//673 724//724 737//737
f 666//666 667//667 726//726 738//738
f 722//722 707//707 233//233 223//223
f 721//721 722//722 223//223 213//213
f 707//707 708//708 243//243 233//233
f 381//381 243//243 708//708 709//709
f 380//380 381//381 709//709 710//710
f 743//743 710//710 711//711 744//744
f 744//744 711//711 712//712 745//745
f 745//745 712//712 713//713 746//746
f 739//739 743//743 744//744 740//740
f 740//740 744//744 745//745 741//741
f 741//741 745//745 746//746 742//742
f 321//321 322//322 743//743 739//739
f 322//322 380//380 710//710 743//743
f 213//213 288//288 720//720 721//721
f 531//531 262//262 2720//2720 2861//2861
f 1662//1662 1640//1640 751//751 854//854
f 1661//1661 1639//1639 753//753 822//822
f 819//819 787//787 752//752 821//821
f 2110//2110 788//788 759//759 2106//2106
f 2114//2114 1642//1642 758//758 2105//2105
f 2115//2115 1641//1641 760//760 2107//2107
f 1665//1665 1637//1637 750//750 859//859
f 1666//1666 1638//1638 748//748 860//860
f 862//862 786//786 749//749 865//865
f 1807//1807 836//836 764//764 1793//1793
f 849//849 856//856 752//752 787//787
f 1809//1809 847//847 763//763 1794//1794
f 2116//2116 2109//2109 770//770 1796//1796
f 814//814 811//811 756//756 766//766
f 861//861 860//860 748//748 768//768
f 2108//2108 2107//2107 760//760 765//765
f 820//820 822//822 753//753 767//767
f 836//836 838//838 747//747 764//764
f 2109//2109 2104//2104 755//755 770//770
f 816//816 815//815 770//770 755//755
f 1663//1663 857//857 751//751 1640//1640
f 1664//1664 855//855 753//753 1639//1639
f 1660//1660 1669//1669 877//877 807//807
f 804//804 880//880 881//881 810//810
f 1803//1803 1815//1815 876//876 800//800
f 1655//1655 1670//1670 882//882 809//809
f 807//807 877//877 880//880 804//804
f 1650//1650 1645//1645 771//771 796//796
f 781//781 773//773 771//771 785//785
f 799//799 775//775 774//774 797//797
f 1798//1798 1814//1814 773//773 781//781
f 1649//1649 1646//1646 777//777 798//798
f 907//907 916//916 776//776 779//779
f 801//801 778//778 772//772 795//795
f 798//798 777//777 778//778 801//801
f 777//777 783//783 780//780 778//778
f 778//778 780//780 790//790 772//772
f 854//854 751//751 787//787 819//819
f 2105//2105 758//758 788//788 2110//2110
f 859//859 750//750 786//786 862//862
f 912//912 835//835 791//791 915//915
f 857//857 849//849 787//787 751//751
f 903//903 850//850 792//792 914//914
f 2113//2113 2111//2111 794//794 908//908
f 916//916 906//906 802//802 776//776
f 1646//1646 1648//1648 783//783 777//777
f 1814//1814 1803//1803 800//800 773//773
f 775//775 782//782 784//784 774//774
f 773//773 800//800 796//796 771//771
f 1645//1645 1647//1647 785//785 771//771
f 904//904 911//911 803//803 875//875
f 876//876 805//805 809//809 882//882
f 1669//1669 1649//1649 798//798 877//877
f 1815//1815 1804//1804 805//805 876//876
f 877//877 798//798 801//801 880//880
f 878//878 799//799 797//797 879//879
f 880//880 801//801 795//795 881//881
f 1670//1670 1650//1650 796//796 882//882
f 1674//1674 1660//1660 807//807 933//933
f 934//934 804//804 810//810 932//932
f 938//938 909//909 834//834 931//931
f 789//789 757//757 812//812 817//817
f 1796//1796 770//770 815//815 1805//1805
f 858//858 855//855 811//811 814//814
f 848//848 847//847 815//815 816//816
f 1643//1643 762//762 813//813 1651//1651
f 1644//1644 756//756 811//811 1652//1652
f 762//762 789//789 817//817 813//813
f 908//908 794//794 818//818 905//905
f 845//845 824//824 839//839 844//844
f 929//929 806//806 808//808 930//930
f 1658//1658 1653//1653 841//841 843//843
f 1830//1830 1808//1808 832//832 935//935
f 874//874 872//872 828//828 832//832
f 1810//1810 852//852 825//825 1806//1806
f 902//902 851//851 823//823 910//910
f 1638//1638 1658//1658 843//843 748//748
f 837//837 840//840 824//824 845//845
f 1659//1659 1654//1654 840//840 837//837
f 813//813 817//817 849//849 857//857
f 846//846 843//843 841//841 826//826
f 910//910 823//823 835//835 912//912
f 852//852 853//853 842//842 825//825
f 1675//1675 1655//1655 809//809 936//936
f 1651//1651 813//813 857//857 1663//1663
f 933//933 807//807 804//804 934//934
f 824//824 819//819 821//821 839//839
f 900//900 871//871 834//834 909//909
f 1637//1637 1659//1659 837//837 750//750
f 786//786 845//845 844//844 749//749
f 768//768 748//748 843//843 846//846
f 1812//1812 874//874 832//832 1808//1808
f 935//935 832//832 828//828 936//936
f 1653//1653 1661//1661 822//822 841//841
f 825//825 842//842 838//838 836//836
f 1806//1806 825//825 836//836 1807//1807
f 750//750 837//837 845//845 786//786
f 767//767 753//753 855//855 858//858
f 1805//1805 815//815 847//847 1809//1809
f 817//817 812//812 856//856 849//849
f 914//914 792//792 851//851 902//902
f 763//763 754//754 853//853 852//852
f 1652//1652 811//811 855//855 1664//1664
f 754//754 763//763 847//847 848//848
f 905//905 818//818 850//850 903//903
f 1794//1794 763//763 852//852 1810//1810
f 1654//1654 1662//1662 854//854 840//840
f 840//840 854//854 819//819 824//824
f 826//826 841//841 822//822 820//820
f 1667//1667 1665//1665 859//859 867//867
f 1668//1668 1666//1666 860//860 868//868
f 870//870 862//862 865//865 873//873
f 869//869 868//868 860//860 861//861
f 867//867 859//859 862//862 870//870
f 764//764 747//747 864//864 866//866
f 915//915 791//791 863//863 901//901
f 1793//1793 764//764 866//866 1811//1811
f 866//866 864//864 872//872 874//874
f 901//901 863//863 871//871 900//900
f 1811//1811 866//866 874//874 1812//1812
f 1657//1657 1667//1667 867//867 827//827
f 1656//1656 1668//1668 868//868 829//829
f 833//833 870//870 873//873 830//830
f 831//831 829//829 868//868 869//869
f 827//827 867//867 870//870 833//833
f 806//806 878//878 879//879 808//808
f 906//906 904//904 875//875 802//802
f 800//800 876//876 882//882 796//796
f 835//835 893//893 883//883 791//791
f 850//850 895//895 884//884 792//792
f 2111//2111 2112//2112 886//886 794//794
f 802//802 875//875 899//899 889//889
f 779//779 776//776 887//887 888//888
f 776//776 802//802 889//889 887//887
f 875//875 803//803 890//890 899//899
f 794//794 886//886 891//891 818//818
f 931//931 834//834 894//894 937//937
f 851//851 896//896 892//892 823//823
f 871//871 898//898 894//894 834//834
f 823//823 892//892 893//893 835//835
f 818//818 891//891 895//895 850//850
f 792//792 884//884 896//896 851//851
f 791//791 883//883 897//897 863//863
f 863//863 897//897 898//898 871//871
f 1820//1820 905//905 903//903 1818//1818
f 2117//2117 2113//2113 908//908 1802//1802
f 1802//1802 908//908 905//905 1820//1820
f 1816//1816 900//900 909//909 1823//1823
f 1797//1797 1822//1822 906//906 916//916
f 1800//1800 914//914 902//902 1817//1817
f 1799//1799 915//915 901//901 1819//1819
f 1813//1813 1824//1824 911//911 904//904
f 1825//1825 912//912 915//915 1799//1799
f 1818//1818 903//903 914//914 1800//1800
f 1826//1826 910//910 912//912 1825//1825
f 1822//1822 1813//1813 904//904 906//906
f 1821//1821 1797//1797 916//916 907//907
f 1819//1819 901//901 900//900 1816//1816
f 1831//1831 1823//1823 909//909 938//938
f 1817//1817 902//902 910//910 1826//1826
f 926//926 907//907 779//779 918//918
f 783//783 921//921 917//917 780//780
f 888//888 925//925 918//918 779//779
f 1648//1648 1671//1671 921//921 783//783
f 919//919 781//781 785//785 923//923
f 782//782 920//920 922//922 784//784
f 1821//1821 1828//1828 920//920 782//782
f 1647//1647 1672//1672 923//923 785//785
f 1827//1827 1798//1798 781//781 919//919
f 780//780 917//917 924//924 790//790
f 1828//1828 1829//1829 928//928 920//920
f 1827//1827 919//919 928//928 1829//1829
f 919//919 923//923 927//927 928//928
f 928//928 927//927 922//922 920//920
f 1673//1673 917//917 921//921 1671//1671
f 1673//1673 927//927 923//923 1672//1672
f 1656//1656 1674//1674 933//933 830//830
f 833//833 934//934 932//932 827//827
f 911//911 938//938 931//931 803//803
f 831//831 929//929 930//930 829//829
f 1804//1804 1830//1830 935//935 805//805
f 1657//1657 1675//1675 936//936 828//828
f 830//830 933//933 934//934 833//833
f 805//805 935//935 936//936 809//809
f 803//803 931//931 937//937 890//890
f 1824//1824 1831//1831 938//938 911//911
f 1701//1701 1679//1679 943//943 1046//1046
f 1700//1700 1678//1678 945//945 1014//1014
f 1011//1011 979//979 944//944 1013//1013
f 2119//2119 980//980 951//951 2153//2153
f 2123//2123 1681//1681 950//950 2154//2154
f 2122//2122 1680//1680 952//952 2152//2152
f 1704//1704 1676//1676 942//942 1051//1051
f 1705//1705 1677//1677 940//940 1052//1052
f 1054//1054 978//978 941//941 1057//1057
f 1846//1846 1028//1028 956//956 1832//1832
f 1041//1041 1048//1048 944//944 979//979
f 1848//1848 1039//1039 955//955 1833//1833
f 2129//2129 2120//2120 962//962 1835//1835
f 1006//1006 1003//1003 948//948 958//958
f 1053//1053 1052//1052 940//940 960//960
f 2121//2121 2152//2152 952//952 957//957
f 1012//1012 1014//1014 945//945 959//959
f 1028//1028 1030//1030 939//939 956//956
f 2120//2120 2155//2155 947//947 962//962
f 1008//1008 1007//1007 962//962 947//947
f 1702//1702 1049//1049 943//943 1679//1679
f 1703//1703 1047//1047 945//945 1678//1678
f 1699//1699 1708//1708 1069//1069 999//999
f 996//996 1072//1072 1073//1073 1002//1002
f 1842//1842 1854//1854 1068//1068 992//992
f 1694//1694 1709//1709 1074//1074 1001//1001
f 999//999 1069//1069 1072//1072 996//996
f 1689//1689 1684//1684 963//963 988//988
f 973//973 965//965 963//963 977//977
f 991//991 967//967 966//966 989//989
f 1837//1837 1853//1853 965//965 973//973
f 1688//1688 1685//1685 969//969 990//990
f 1099//1099 1108//1108 968//968 971//971
f 993//993 970//970 964//964 987//987
f 990//990 969//969 970//970 993//993
f 969//969 975//975 972//972 970//970
f 970//970 972//972 982//982 964//964
f 1046//1046 943//943 979//979 1011//1011
f 2154//2154 950//950 980//980 2119//2119
f 1051//1051 942//942 978//978 1054//1054
f 1104//1104 1027//1027 983//983 1107//1107
f 1049//1049 1041//1041 979//979 943//943
f 1095//1095 1042//1042 984//984 1106//1106
f 2124//2124 2118//2118 986//986 1100//1100
f 1108//1108 1098//1098 994//994 968//968
f 1685//1685 1687//1687 975//975 969//969
f 1853//1853 1842//1842 992//992 965//965
f 967//967 974//974 976//976 966//966
f 965//965 992//992 988//988 963//963
f 1684//1684 1686//1686 977//977 963//963
f 1096//1096 1103//1103 995//995 1067//1067
f 1068//1068 997//997 1001//1001 1074//1074
f 1708//1708 1688//1688 990//990 1069//1069
f 1854//1854 1843//1843 997//997 1068//1068
f 1069//1069 990//990 993//993 1072//1072
f 1070//1070 991//991 989//989 1071//1071
f 1072//1072 993//993 987//987 1073//1073
f 1709//1709 1689//1689 988//988 1074//1074
f 1713//1713 1699//1699 999//999 1125//1125
f 1126//1126 996//996 1002//1002 1124//1124
f 1130//1130 1101//1101 1026//1026 1123//1123
f 981//981 949//949 1004//1004 1009//1009
f 1835//1835 962//962 1007//1007 1844//1844
f 1050//1050 1047//1047 1003//1003 1006//1006
f 1040//1040 1039//1039 1007//1007 1008//1008
f 1682//1682 954//954 1005//1005 1690//1690
f 1683//1683 948//948 1003//1003 1691//1691
f 954//954 981//981 1009//1009 1005//1005
f 1100//1100 986//986 1010//1010 1097//1097
f 1037//1037 1016//1016 1031//1031 1036//1036
f 1121//1121 998//998 1000//1000 1122//1122
f 1697//1697 1692//1692 1033//1033 1035//1035
f 1869//1869 1847//1847 1024//1024 1127//1127
f 1066//1066 1064//1064 1020//1020 1024//1024
f 1849//1849 1044//1044 1017//1017 1845//1845
f 1094//1094 1043//1043 1015//1015 1102//1102
f 1677//1677 1697//1697 1035//1035 940//940
f 1029//1029 1032//1032 1016//1016 1037//1037
f 1698//1698 1693//1693 1032//1032 1029//1029
f 1005//1005 1009//1009 1041//1041 1049//1049
f 1038//1038 1035//1035 1033//1033 1018//1018
f 1102//1102 1015//1015 1027//1027 1104//1104
f 1044//1044 1045//1045 1034//1034 1017//1017
f 1714//1714 1694//1694 1001//1001 1128//1128
f 1690//1690 1005//1005 1049//1049 1702//1702
f 1125//1125 999//999 996//996 1126//1126
f 1016//1016 1011//1011 1013//1013 1031//1031
f 1092//1092 1063//1063 1026//1026 1101//1101
f 1676//1676 1698//1698 1029//1029 942//942
f 978//978 1037//1037 1036//1036 941//941
f 960//960 940//940 1035//1035 1038//1038
f 1851//1851 1066//1066 1024//1024 1847//1847
f 1127//1127 1024//1024 1020//1020 1128//1128
f 1692//1692 1700//1700 1014//1014 1033//1033
f 1017//1017 1034//1034 1030//1030 1028//1028
f 1845//1845 1017//1017 1028//1028 1846//1846
f 942//942 1029//1029 1037//1037 978//978
f 959//959 945//945 1047//1047 1050//1050
f 1844//1844 1007//1007 1039//1039 1848//1848
f 1009//1009 1004//1004 1048//1048 1041//1041
f 1106//1106 984//984 1043//1043 1094//1094
f 955//955 946//946 1045//1045 1044//1044
f 1691//1691 1003//1003 1047//1047 1703//1703
f 946//946 955//955 1039//1039 1040//1040
f 1097//1097 1010//1010 1042//1042 1095//1095
f 1833//1833 955//955 1044//1044 1849//1849
f 1693//1693 1701//1701 1046//1046 1032//1032
f 1032//1032 1046//1046 1011//1011 1016//1016
f 1018//1018 1033//1033 1014//1014 1012//1012
f 1706//1706 1704//1704 1051//1051 1059//1059
f 1707//1707 1705//1705 1052//1052 1060//1060
f 1062//1062 1054//1054 1057//1057 1065//1065
f 1061//1061 1060//1060 1052//1052 1053//1053
f 1059//1059 1051//1051 1054//1054 1062//1062
f 956//956 939//939 1056//1056 1058//1058
f 1107//1107 983//983 1055//1055 1093//1093
f 1832//1832 956//956 1058//1058 1850//1850
f 1058//1058 1056//1056 1064//1064 1066//1066
f 1093//1093 1055//1055 1063//1063 1092//1092
f 1850//1850 1058//1058 1066//1066 1851//1851
f 1696//1696 1706//1706 1059//1059 1019//1019
f 1695//1695 1707//1707 1060//1060 1021//1021
f 1025//1025 1062//1062 1065//1065 1022//1022
f 1023//1023 1021//1021 1060//1060 1061//1061
f 1019//1019 1059//1059 1062//1062 1025//1025
f 998//998 1070//1070 1071//1071 1000//1000
f 1098//1098 1096//1096 1067//1067 994//994
f 992//992 1068//1068 1074//1074 988//988
f 1027//1027 1085//1085 1075//1075 983//983
f 1042//1042 1087//1087 1076//1076 984//984
f 2118//2118 2125//2125 1078//1078 986//986
f 994//994 1067//1067 1091//1091 1081//1081
f 971//971 968//968 1079//1079 1080//1080
f 968//968 994//994 1081//1081 1079//1079
f 1067//1067 995//995 1082//1082 1091//1091
f 986//986 1078//1078 1083//1083 1010//1010
f 1123//1123 1026//1026 1086//1086 1129//1129
f 1043//1043 1088//1088 1084//1084 1015//1015
f 1063//1063 1090//1090 1086//1086 1026//1026
f 1015//1015 1084//1084 1085//1085 1027//1027
f 1010//1010 1083//1083 1087//1087 1042//1042
f 984//984 1076//1076 1088//1088 1043//1043
f 983//983 1075//1075 1089//1089 1055//1055
f 1055//1055 1089//1089 1090//1090 1063//1063
f 1859//1859 1097//1097 1095//1095 1857//1857
f 2128//2128 2124//2124 1100//1100 1841//1841
f 1841//1841 1100//1100 1097//1097 1859//1859
f 1855//1855 1092//1092 1101//1101 1862//1862
f 1836//1836 1861//1861 1098//1098 1108//1108
f 1839//1839 1106//1106 1094//1094 1856//1856
f 1838//1838 1107//1107 1093//1093 1858//1858
f 1852//1852 1863//1863 1103//1103 1096//1096
f 1864//1864 1104//1104 1107//1107 1838//1838
f 1857//1857 1095//1095 1106//1106 1839//1839
f 1865//1865 1102//1102 1104//1104 1864//1864
f 1861//1861 1852//1852 1096//1096 1098//1098
f 1860//1860 1836//1836 1108//1108 1099//1099
f 1858//1858 1093//1093 1092//1092 1855//1855
f 1870//1870 1862//1862 1101//1101 1130//1130
f 1856//1856 1094//1094 1102//1102 1865//1865
f 1118//1118 1099//1099 971//971 1110//1110
f 975//975 1113//1113 1109//1109 972//972
f 1080//1080 1117//1117 1110//1110 971//971
f 1687//1687 1710//1710 1113//1113 975//975
f 1111//1111 973//973 977//977 1115//1115
f 974//974 1112//1112 1114//1114 976//976
f 1860//1860 1867//1867 1112//1112 974//974
f 1686//1686 1711//1711 1115//1115 977//977
f 1866//1866 1837//1837 973//973 1111//1111
f 972//972 1109//1109 1116//1116 982//982
f 1867//1867 1868//1868 1120//1120 1112//1112
f 1866//1866 1111//1111 1120//1120 1868//1868
f 1111//1111 1115//1115 1119//1119 1120//1120
f 1120//1120 1119//1119 1114//1114 1112//1112
f 1712//1712 1109//1109 1113//1113 1710//1710
f 1712//1712 1119//1119 1115//1115 1711//1711
f 1695//1695 1713//1713 1125//1125 1022//1022
f 1025//1025 1126//1126 1124//1124 1019//1019
f 1103//1103 1130//1130 1123//1123 995//995
f 1023//1023 1121//1121 1122//1122 1021//1021
f 1843//1843 1869//1869 1127//1127 997//997
f 1696//1696 1714//1714 1128//1128 1020//1020
f 1022//1022 1125//1125 1126//1126 1025//1025
f 997//997 1127//1127 1128//1128 1001//1001
f 995//995 1123//1123 1129//1129 1082//1082
f 1863//1863 1870//1870 1130//1130 1103//1103
f 1740//1740 1718//1718 1135//1135 1238//1238
f 1739//1739 1717//1717 1137//1137 1206//1206
f 1203//1203 1171//1171 1136//1136 1205//1205
f 2142//2142 1172//1172 1143//1143 2144//2144
f 2138//2138 1720//1720 1142//1142 2135//2135
f 2139//2139 1719//1719 1144//1144 2145//2145
f 1743//1743 1715//1715 1134//1134 1243//1243
f 1744//1744 1716//1716 1132//1132 1244//1244
f 1246//1246 1170//1170 1133//1133 1249//1249
f 1885//1885 1220//1220 1148//1148 1871//1871
f 1233//1233 1240//1240 1136//1136 1171//1171
f 1887//1887 1231//1231 1147//1147 1872//1872
f 2130//2130 2133//2133 1154//1154 1874//1874
f 1198//1198 1195//1195 1140//1140 1150//1150
f 1245//1245 1244//1244 1132//1132 1152//1152
f 2132//2132 2145//2145 1144//1144 1149//1149
f 1204//1204 1206//1206 1137//1137 1151//1151
f 1220//1220 1222//1222 1131//1131 1148//1148
f 2133//2133 2134//2134 1139//1139 1154//1154
f 1200//1200 1199//1199 1154//1154 1139//1139
f 1741//1741 1241//1241 1135//1135 1718//1718
f 1742//1742 1239//1239 1137//1137 1717//1717
f 1738//1738 1747//1747 1261//1261 1191//1191
f 1188//1188 1264//1264 1265//1265 1194//1194
f 1881//1881 1893//1893 1260//1260 1184//1184
f 1733//1733 1748//1748 1266//1266 1193//1193
f 1191//1191 1261//1261 1264//1264 1188//1188
f 1728//1728 1723//1723 1155//1155 1180//1180
f 1165//1165 1157//1157 1155//1155 1169//1169
f 1183//1183 1159//1159 1158//1158 1181//1181
f 1876//1876 1892//1892 1157//1157 1165//1165
f 1727//1727 1724//1724 1161//1161 1182//1182
f 1291//1291 1300//1300 1160//1160 1163//1163
f 1185//1185 1162//1162 1156//1156 1179//1179
f 1182//1182 1161//1161 1162//1162 1185//1185
f 1161//1161 1167//1167 1164//1164 1162//1162
f 1162//1162 1164//1164 1174//1174 1156//1156
f 1238//1238 1135//1135 1171//1171 1203//1203
f 2135//2135 1142//1142 1172//1172 2142//2142
f 1243//1243 1134//1134 1170//1170 1246//1246
f 1296//1296 1219//1219 1175//1175 1299//1299
f 1241//1241 1233//1233 1171//1171 1135//1135
f 1287//1287 1234//1234 1176//1176 1298//1298
f 2137//2137 2143//2143 1178//1178 1292//1292
f 1300//1300 1290//1290 1186//1186 1160//1160
f 1724//1724 1726//1726 1167//1167 1161//1161
f 1892//1892 1881//1881 1184//1184 1157//1157
f 1159//1159 1166//1166 1168//1168 1158//1158
f 1157//1157 1184//1184 1180//1180 1155//1155
f 1723//1723 1725//1725 1169//1169 1155//1155
f 1288//1288 1295//1295 1187//1187 1259//1259
f 1260//1260 1189//1189 1193//1193 1266//1266
f 1747//1747 1727//1727 1182//1182 1261//1261
f 1893//1893 1882//1882 1189//1189 1260//1260
f 1261//1261 1182//1182 1185//1185 1264//1264
f 1262//1262 1183//1183 1181//1181 1263//1263
f 1264//1264 1185//1185 1179//1179 1265//1265
f 1748//1748 1728//1728 1180//1180 1266//1266
f 1752//1752 1738//1738 1191//1191 1317//1317
f 1318//1318 1188//1188 1194//1194 1316//1316
f 1322//1322 1293//1293 1218//1218 1315//1315
f 1173//1173 1141//1141 1196//1196 1201//1201
f 1874//1874 1154//1154 1199//1199 1883//1883
f 1242//1242 1239//1239 1195//1195 1198//1198
f 1232//1232 1231//1231 1199//1199 1200//1200
f 1721//1721 1146//1146 1197//1197 1729//1729
f 1722//1722 1140//1140 1195//1195 1730//1730
f 1146//1146 1173//1173 1201//1201 1197//1197
f 1292//1292 1178//1178 1202//1202 1289//1289
f 1229//1229 1208//1208 1223//1223 1228//1228
f 1313//1313 1190//1190 1192//1192 1314//1314
f 1736//1736 1731//1731 1225//1225 1227//1227
f 1908//1908 1886//1886 1216//1216 1319//1319
f 1258//1258 1256//1256 1212//1212 1216//1216
f 1888//1888 1236//1236 1209//1209 1884//1884
f 1286//1286 1235//1235 1207//1207 1294//1294
f 1716//1716 1736//1736 1227//1227 1132//1132
f 1221//1221 1224//1224 1208//1208 1229//1229
f 1737//1737 1732//1732 1224//1224 1221//1221
f 1197//1197 1201//1201 1233//1233 1241//1241
f 1230//1230 1227//1227 1225//1225 1210//1210
f 1294//1294 1207//1207 1219//1219 1296//1296
f 1236//1236 1237//1237 1226//1226 1209//1209
f 1753//1753 1733//1733 1193//1193 1320//1320
f 1729//1729 1197//1197 1241//1241 1741//1741
f 1317//1317 1191//1191 1188//1188 1318//1318
f 1208//1208 1203//1203 1205//1205 1223//1223
f 1284//1284 1255//1255 1218//1218 1293//1293
f 1715//1715 1737//1737 1221//1221 1134//1134
f 1170//1170 1229//1229 1228//1228 1133//1133
f 1152//1152 1132//1132 1227//1227 1230//1230
f 1890//1890 1258//1258 1216//1216 1886//1886
f 1319//1319 1216//1216 1212//1212 1320//1320
f 1731//1731 1739//1739 1206//1206 1225//1225
f 1209//1209 1226//1226 1222//1222 1220//1220
f 1884//1884 1209//1209 1220//1220 1885//1885
f 1134//1134 1221//1221 1229//1229 1170//1170
f 1151//1151 1137//1137 1239//1239 1242//1242
f 1883//1883 1199//1199 1231//1231 1887//1887
f 1201//1201 1196//1196 1240//1240 1233//1233
f 1298//1298 1176//1176 1235//1235 1286//1286
f 1147//1147 1138//1138 1237//1237 1236//1236
f 1730//1730 1195//1195 1239//1239 1742//1742
f 1138//1138 1147//1147 1231//1231 1232//1232
f 1289//1289 1202//1202 1234//1234 1287//1287
f 1872//1872 1147//1147 1236//1236 1888//1888
f 1732//1732 1740//1740 1238//1238 1224//1224
f 1224//1224 1238//1238 1203//1203 1208//1208
f 1210//1210 1225//1225 1206//1206 1204//1204
f 1745//1745 1743//1743 1243//1243 1251//1251
f 1746//1746 1744//1744 1244//1244 1252//1252
f 1254//1254 1246//1246 1249//1249 1257//1257
f 1253//1253 1252//1252 1244//1244 1245//1245
f 1251//1251 1243//1243 1246//1246 1254//1254
f 1148//1148 1131//1131 1248//1248 1250//1250
f 1299//1299 1175//1175 1247//1247 1285//1285
f 1871//1871 1148//1148 1250//1250 1889//1889
f 1250//1250 1248//1248 1256//1256 1258//1258
f 1285//1285 1247//1247 1255//1255 1284//1284
f 1889//1889 1250//1250 1258//1258 1890//1890
f 1735//1735 1745//1745 1251//1251 1211//1211
f 1734//1734 1746//1746 1252//1252 1213//1213
f 1217//1217 1254//1254 1257//1257 1214//1214
f 1215//1215 1213//1213 1252//1252 1253//1253
f 1211//1211 1251//1251 1254//1254 1217//1217
f 1190//1190 1262//1262 1263//1263 1192//1192
f 1290//1290 1288//1288 1259//1259 1186//1186
f 1184//1184 1260//1260 1266//1266 1180//1180
f 1219//1219 1277//1277 1267//1267 1175//1175
f 1234//1234 1279//1279 1268//1268 1176//1176
f 2143//2143 2136//2136 1270//1270 1178//1178
f 1186//1186 1259//1259 1283//1283 1273//1273
f 1163//1163 1160//1160 1271//1271 1272//1272
f 1160//1160 1186//1186 1273//1273 1271//1271
f 1259//1259 1187//1187 1274//1274 1283//1283
f 1178//1178 1270//1270 1275//1275 1202//1202
f 1315//1315 1218//1218 1278//1278 1321//1321
f 1235//1235 1280//1280 1276//1276 1207//1207
f 1255//1255 1282//1282 1278//1278 1218//1218
f 1207//1207 1276//1276 1277//1277 1219//1219
f 1202//1202 1275//1275 1279//1279 1234//1234
f 1176//1176 1268//1268 1280//1280 1235//1235
f 1175//1175 1267//1267 1281//1281 1247//1247
f 1247//1247 1281//1281 1282//1282 1255//1255
f 1898//1898 1289//1289 1287//1287 1896//1896
f 2131//2131 2137//2137 1292//1292 1880//1880
f 1880//1880 1292//1292 1289//1289 1898//1898
f 1894//1894 1284//1284 1293//1293 1901//1901
f 1875//1875 1900//1900 1290//1290 1300//1300
f 1878//1878 1298//1298 1286//1286 1895//1895
f 1877//1877 1299//1299 1285//1285 1897//1897
f 1891//1891 1902//1902 1295//1295 1288//1288
f 1903//1903 1296//1296 1299//1299 1877//1877
f 1896//1896 1287//1287 1298//1298 1878//1878
f 1904//1904 1294//1294 1296//1296 1903//1903
f 1900//1900 1891//1891 1288//1288 1290//1290
f 1899//1899 1875//1875 1300//1300 1291//1291
f 1897//1897 1285//1285 1284//1284 1894//1894
f 1909//1909 1901//1901 1293//1293 1322//1322
f 1895//1895 1286//1286 1294//1294 1904//1904
f 1310//1310 1291//1291 1163//1163 1302//1302
f 1167//1167 1305//1305 1301//1301 1164//1164
f 1272//1272 1309//1309 1302//1302 1163//1163
f 1726//1726 1749//1749 1305//1305 1167//1167
f 1303//1303 1165//1165 1169//1169 1307//1307
f 1166//1166 1304//1304 1306//1306 1168//1168
f 1899//1899 1906//1906 1304//1304 1166//1166
f 1725//1725 1750//1750 1307//1307 1169//1169
f 1905//1905 1876//1876 1165//1165 1303//1303
f 1164//1164 1301//1301 1308//1308 1174//1174
f 1906//1906 1907//1907 1312//1312 1304//1304
f 1905//1905 1303//1303 1312//1312 1907//1907
f 1303//1303 1307//1307 1311//1311 1312//1312
f 1312//1312 1311//1311 1306//1306 1304//1304
f 1751//1751 1301//1301 1305//1305 1749//1749
f 1751//1751 1311//1311 1307//1307 1750//1750
f 1734//1734 1752//1752 1317//1317 1214//1214
f 1217//1217 1318//1318 1316//1316 1211//1211
f 1295//1295 1322//1322 1315//1315 1187//1187
f 1215//1215 1313//1313 1314//1314 1213//1213
f 1882//1882 1908//1908 1319//1319 1189//1189
f 1735//1735 1753//1753 1320//1320 1212//1212
f 1214//1214 1317//1317 1318//1318 1217//1217
f 1189//1189 1319//1319 1320//1320 1193//1193
f 1187//1187 1315//1315 1321//1321 1274//1274
f 1902//1902 1909//1909 1322//1322 1295//1295
f 1779//1779 1757//1757 1327//1327 1430//1430
f 1778//1778 1756//1756 1329//1329 1398//1398
f 1395//1395 1363//1363 1328//1328 1397//1397
f 2149//2149 1364//1364 1335//1335 2127//2127
f 2151//2151 1759//1759 1334//1334 2140//2140
f 2150//2150 1758//1758 1336//1336 2126//2126
f 1782//1782 1754//1754 1326//1326 1435//1435
f 1783//1783 1755//1755 1324//1324 1436//1436
f 1438//1438 1362//1362 1325//1325 1441//1441
f 1924//1924 1412//1412 1340//1340 1910//1910
f 1425//1425 1432//1432 1328//1328 1363//1363
f 1926//1926 1423//1423 1339//1339 1911//1911
f 2147//2147 2157//2157 1346//1346 1913//1913
f 1390//1390 1387//1387 1332//1332 1342//1342
f 1437//1437 1436//1436 1324//1324 1344//1344
f 2156//2156 2126//2126 1336//1336 1341//1341
f 1396//1396 1398//1398 1329//1329 1343//1343
f 1412//1412 1414//1414 1323//1323 1340//1340
f 2157//2157 2141//2141 1331//1331 1346//1346
f 1392//1392 1391//1391 1346//1346 1331//1331
f 1780//1780 1433//1433 1327//1327 1757//1757
f 1781//1781 1431//1431 1329//1329 1756//1756
f 1777//1777 1786//1786 1453//1453 1383//1383
f 1380//1380 1456//1456 1457//1457 1386//1386
f 1920//1920 1932//1932 1452//1452 1376//1376
f 1772//1772 1787//1787 1458//1458 1385//1385
f 1383//1383 1453//1453 1456//1456 1380//1380
f 1767//1767 1762//1762 1347//1347 1372//1372
f 1357//1357 1349//1349 1347//1347 1361//1361
f 1375//1375 1351//1351 1350//1350 1373//1373
f 1915//1915 1931//1931 1349//1349 1357//1357
f 1766//1766 1763//1763 1353//1353 1374//1374
f 1483//1483 1492//1492 1352//1352 1355//1355
f 1377//1377 1354//1354 1348//1348 1371//1371
f 1374//1374 1353//1353 1354//1354 1377//1377
f 1353//1353 1359//1359 1356//1356 1354//1354
f 1354//1354 1356//1356 1366//1366 1348//1348
f 1430//1430 1327//1327 1363//1363 1395//1395
f 2140//2140 1334//1334 1364//1364 2149//2149
f 1435//1435 1326//1326 1362//1362 1438//1438
f 1488//1488 1411//1411 1367//1367 1491//1491
f 1433//1433 1425//1425 1363//1363 1327//1327
f 1479//1479 1426//1426 1368//1368 1490//1490
f 2158//2158 2148//2148 1370//1370 1484//1484
f 1492//1492 1482//1482 1378//1378 1352//1352
f 1763//1763 1765//1765 1359//1359 1353//1353
f 1931//1931 1920//1920 1376//1376 1349//1349
f 1351//1351 1358//1358 1360//1360 1350//1350
f 1349//1349 1376//1376 1372//1372 1347//1347
f 1762//1762 1764//1764 1361//1361 1347//1347
f 1480//1480 1487//1487 1379//1379 1451//1451
f 1452//1452 1381//1381 1385//1385 1458//1458
f 1786//1786 1766//1766 1374//1374 1453//1453
f 1932//1932 1921//1921 1381//1381 1452//1452
f 1453//1453 1374//1374 1377//1377 1456//1456
f 1454//1454 1375//1375 1373//1373 1455//1455
f 1456//1456 1377//1377 1371//1371 1457//1457
f 1787//1787 1767//1767 1372//1372 1458//1458
f 1791//1791 1777//1777 1383//1383 1509//1509
f 1510//1510 1380//1380 1386//1386 1508//1508
f 1514//1514 1485//1485 1410//1410 1507//1507
f 1365//1365 1333//1333 1388//1388 1393//1393
f 1913//1913 1346//1346 1391//1391 1922//1922
f 1434//1434 1431//1431 1387//1387 1390//1390
f 1424//1424 1423//1423 1391//1391 1392//1392
f 1760//1760 1338//1338 1389//1389 1768//1768
f 1761//1761 1332//1332 1387//1387 1769//1769
f 1338//1338 1365//1365 1393//1393 1389//1389
f 1484//1484 1370//1370 1394//1394 1481//1481
f 1421//1421 1400//1400 1415//1415 1420//1420
f 1505//1505 1382//1382 1384//1384 1506//1506
f 1775//1775 1770//1770 1417//1417 1419//1419
f 1947//1947 1925//1925 1408//1408 1511//1511
f 1450//1450 1448//1448 1404//1404 1408//1408
f 1927//1927 1428//1428 1401//1401 1923//1923
f 1478//1478 1427//1427 1399//1399 1486//1486
f 1755//1755 1775//1775 1419//1419 1324//1324
f 1413//1413 1416//1416 1400//1400 1421//1421
f 1776//1776 1771//1771 1416//1416 1413//1413
f 1389//1389 1393//1393 1425//1425 1433//1433
f 1422//1422 1419//1419 1417//1417 1402//1402
f 1486//1486 1399//1399 1411//1411 1488//1488
f 1428//1428 1429//1429 1418//1418 1401//1401
f 1792//1792 1772//1772 1385//1385 1512//1512
f 1768//1768 1389//1389 1433//1433 1780//1780
f 1509//1509 1383//1383 1380//1380 1510//1510
f 1400//1400 1395//1395 1397//1397 1415//1415
f 1476//1476 1447//1447 1410//1410 1485//1485
f 1754//1754 1776//1776 1413//1413 1326//1326
f 1362//1362 1421//1421 1420//1420 1325//1325
f 1344//1344 1324//1324 1419//1419 1422//1422
f 1929//1929 1450//1450 1408//1408 1925//1925
f 1511//1511 1408//1408 1404//1404 1512//1512
f 1770//1770 1778//1778 1398//1398 1417//1417
f 1401//1401 1418//1418 1414//1414 1412//1412
f 1923//1923 1401//1401 1412//1412 1924//1924
f 1326//1326 1413//1413 1421//1421 1362//1362
f 1343//1343 1329//1329 1431//1431 1434//1434
f 1922//1922 1391//1391 1423//1423 1926//1926
f 1393//1393 1388//1388 1432//1432 1425//1425
f 1490//1490 1368//1368 1427//1427 1478//1478
f 1339//1339 1330//1330 1429//1429 1428//1428
f 1769//1769 1387//1387 1431//1431 1781//1781
f 1330//1330 1339//1339 1423//1423 1424//1424
f 1481//1481 1394//1394 1426//1426 1479//1479
f 1911//1911 1339//1339 1428//1428 1927//1927
f 1771//1771 1779//1779 1430//1430 1416//1416
f 1416//1416 1430//1430 1395//1395 1400//1400
f 1402//1402 1417//1417 1398//1398 1396//1396
f 1784//1784 1782//1782 1435//1435 1443//1443
f 1785//1785 1783//1783 1436//1436 1444//1444
f 1446//1446 1438//1438 1441//1441 1449//1449
f 1445//1445 1444//1444 1436//1436 1437//1437
f 1443//1443 1435//1435 1438//1438 1446//1446
f 1340//1340 1323//1323 1440//1440 1442//1442
f 1491//1491 1367//1367 1439//1439 1477//1477
f 1910//1910 1340//1340 1442//1442 1928//1928
f 1442//1442 1440//1440 1448//1448 1450//1450
f 1477//1477 1439//1439 1447//1447 1476//1476
f 1928//1928 1442//1442 1450//1450 1929//1929
f 1774//1774 1784//1784 1443//1443 1403//1403
f 1773//1773 1785//1785 1444//1444 1405//1405
f 1409//1409 1446//1446 1449//1449 1406//1406
f 1407//1407 1405//1405 1444//1444 1445//1445
f 1403//1403 1443//1443 1446//1446 1409//1409
f 1382//1382 1454//1454 1455//1455 1384//1384
f 1482//1482 1480//1480 1451//1451 1378//1378
f 1376//1376 1452//1452 1458//1458 1372//1372
f 1411//1411 1469//1469 1459//1459 1367//1367
f 1426//1426 1471//1471 1460//1460 1368//1368
f 2148//2148 2159//2159 1462//1462 1370//1370
f 1378//1378 1451//1451 1475//1475 1465//1465
f 1355//1355 1352//1352 1463//1463 1464//1464
f 1352//1352 1378//1378 1465//1465 1463//1463
f 1451//1451 1379//1379 1466//1466 1475//1475
f 1370//1370 1462//1462 1467//1467 1394//1394
f 1507//1507 1410//1410 1470//1470 1513//1513
f 1427//1427 1472//1472 1468//1468 1399//1399
f 1447//1447 1474//1474 1470//1470 1410//1410
f 1399//1399 1468//1468 1469//1469 1411//1411
f 1394//1394 1467//1467 1471//1471 1426//1426
f 1368//1368 1460//1460 1472//1472 1427//1427
f 1367//1367 1459//1459 1473//1473 1439//1439
f 1439//1439 1473//1473 1474//1474 1447//1447
f 1937//1937 1481//1481 1479//1479 1935//1935
f 2146//2146 2158//2158 1484//1484 1919//1919
f 1919//1919 1484//1484 1481//1481 1937//1937
f 1933//1933 1476//1476 1485//1485 1940//1940
f 1914//1914 1939//1939 1482//1482 1492//1492
f 1917//1917 1490//1490 1478//1478 1934//1934
f 1916//1916 1491//1491 1477//1477 1936//1936
f 1930//1930 1941//1941 1487//1487 1480//1480
f 1942//1942 1488//1488 1491//1491 1916//1916
f 1935//1935 1479//1479 1490//1490 1917//1917
f 1943//1943 1486//1486 1488//1488 1942//1942
f 1939//1939 1930//1930 1480//1480 1482//1482
f 1938//1938 1914//1914 1492//1492 1483//1483
f 1936//1936 1477//1477 1476//1476 1933//1933
f 1948//1948 1940//1940 1485//1485 1514//1514
f 1934//1934 1478//1478 1486//1486 1943//1943
f 1502//1502 1483//1483 1355//1355 1494//1494
f 1359//1359 1497//1497 1493//1493 1356//1356
f 1464//1464 1501//1501 1494//1494 1355//1355
f 1765//1765 1788//1788 1497//1497 1359//1359
f 1495//1495 1357//1357 1361//1361 1499//1499
f 1358//1358 1496//1496 1498//1498 1360//1360
f 1938//1938 1945//1945 1496//1496 1358//1358
f 1764//1764 1789//1789 1499//1499 1361//1361
f 1944//1944 1915//1915 1357//1357 1495//1495
f 1356//1356 1493//1493 1500//1500 1366//1366
f 1945//1945 1946//1946 1504//1504 1496//1496
f 1944//1944 1495//1495 1504//1504 1946//1946
f 1495//1495 1499//1499 1503//1503 1504//1504
f 1504//1504 1503//1503 1498//1498 1496//1496
f 1790//1790 1493//1493 1497//1497 1788//1788
f 1790//1790 1503//1503 1499//1499 1789//1789
f 1773//1773 1791//1791 1509//1509 1406//1406
f 1409//1409 1510//1510 1508//1508 1403//1403
f 1487//1487 1514//1514 1507//1507 1379//1379
f 1407//1407 1505//1505 1506//1506 1405//1405
f 1921//1921 1947//1947 1511//1511 1381//1381
f 1774//1774 1792//1792 1512//1512 1404//1404
f 1406//1406 1509//1509 1510//1510 1409//1409
f 1381//1381 1511//1511 1512//1512 1385//1385
f 1379//1379 1507//1507 1513//1513 1466//1466
f 1941//1941 1948//1948 1514//1514 1487//1487
f 1576//1576 1515//1515 1518//1518 1571//1571
f 1577//1577 1517//1517 1516//1516 1572//1572
f 1574//1574 1536//1536 1517//1517 1577//1577
f 1600//1600 1564//1564 1519//1519 1595//1595
f 1573//1573 1572//1572 1516//1516 1520//1520
f 1564//1564 1566//1566 1515//1515 1519//1519
f 1552//1552 1591//1591 1589//1589 1551//1551
f 1548//1548 1592//1592 1593//1593 1554//1554
f 1598//1598 1604//1604 1588//1588 1544//1544
f 1554//1554 1593//1593 1594//1594 1553//1553
f 1551//1551 1589//1589 1592//1592 1548//1548
f 1539//1539 1522//1522 1521//1521 1540//1540
f 1531//1531 1523//1523 1521//1521 1535//1535
f 1543//1543 1525//1525 1524//1524 1541//1541
f 1597//1597 1596//1596 1523//1523 1531//1531
f 1541//1541 1524//1524 1527//1527 1542//1542
f 1609//1609 1614//1614 1526//1526 1529//1529
f 1545//1545 1528//1528 1522//1522 1539//1539
f 1542//1542 1527//1527 1528//1528 1545//1545
f 1527//1527 1533//1533 1530//1530 1528//1528
f 1528//1528 1530//1530 1537//1537 1522//1522
f 1571//1571 1518//1518 1536//1536 1574//1574
f 1612//1612 1563//1563 1538//1538 1613//1613
f 1614//1614 1608//1608 1546//1546 1526//1526
f 1524//1524 1534//1534 1533//1533 1527//1527
f 1596//1596 1598//1598 1544//1544 1523//1523
f 1525//1525 1532//1532 1534//1534 1524//1524
f 1523//1523 1544//1544 1540//1540 1521//1521
f 1522//1522 1537//1537 1535//1535 1521//1521
f 1607//1607 1611//1611 1547//1547 1587//1587
f 1588//1588 1549//1549 1553//1553 1594//1594
f 1591//1591 1541//1541 1542//1542 1589//1589
f 1604//1604 1599//1599 1549//1549 1588//1588
f 1589//1589 1542//1542 1545//1545 1592//1592
f 1590//1590 1543//1543 1541//1541 1591//1591
f 1592//1592 1545//1545 1539//1539 1593//1593
f 1593//1593 1539//1539 1540//1540 1594//1594
f 1628//1628 1552//1552 1551//1551 1631//1631
f 1632//1632 1548//1548 1554//1554 1630//1630
f 1636//1636 1610//1610 1562//1562 1629//1629
f 1627//1627 1550//1550 1552//1552 1628//1628
f 1635//1635 1601//1601 1560//1560 1633//1633
f 1586//1586 1584//1584 1556//1556 1560//1560
f 1517//1517 1568//1568 1567//1567 1516//1516
f 1630//1630 1554//1554 1553//1553 1634//1634
f 1631//1631 1551//1551 1548//1548 1632//1632
f 1605//1605 1583//1583 1562//1562 1610//1610
f 1515//1515 1566//1566 1565//1565 1518//1518
f 1536//1536 1569//1569 1568//1568 1517//1517
f 1520//1520 1516//1516 1567//1567 1570//1570
f 1603//1603 1586//1586 1560//1560 1601//1601
f 1633//1633 1560//1560 1556//1556 1634//1634
f 1518//1518 1565//1565 1569//1569 1536//1536
f 1584//1584 1576//1576 1571//1571 1579//1579
f 1585//1585 1577//1577 1572//1572 1580//1580
f 1582//1582 1574//1574 1577//1577 1585//1585
f 1581//1581 1580//1580 1572//1572 1573//1573
f 1579//1579 1571//1571 1574//1574 1582//1582
f 1519//1519 1515//1515 1576//1576 1578//1578
f 1613//1613 1538//1538 1575//1575 1606//1606
f 1595//1595 1519//1519 1578//1578 1602//1602
f 1578//1578 1576//1576 1584//1584 1586//1586
f 1606//1606 1575//1575 1583//1583 1605//1605
f 1602//1602 1578//1578 1586//1586 1603//1603
f 1556//1556 1584//1584 1579//1579 1555//1555
f 1558//1558 1585//1585 1580//1580 1557//1557
f 1561//1561 1582//1582 1585//1585 1558//1558
f 1559//1559 1557//1557 1580//1580 1581//1581
f 1555//1555 1579//1579 1582//1582 1561//1561
f 1550//1550 1590//1590 1591//1591 1552//1552
f 1608//1608 1607//1607 1587//1587 1546//1546
f 1544//1544 1588//1588 1594//1594 1540//1540
f 1563//1563 1600//1600 1595//1595 1538//1538
f 1546//1546 1587//1587 1604//1604 1598//1598
f 1529//1529 1526//1526 1596//1596 1597//1597
f 1526//1526 1546//1546 1598//1598 1596//1596
f 1587//1587 1547//1547 1599//1599 1604//1604
f 1629//1629 1562//1562 1601//1601 1635//1635
f 1583//1583 1603//1603 1601//1601 1562//1562
f 1538//1538 1595//1595 1602//1602 1575//1575
f 1575//1575 1602//1602 1603//1603 1583//1583
f 1581//1581 1605//1605 1610//1610 1559//1559
f 1525//1525 1543//1543 1608//1608 1614//1614
f 1520//1520 1613//1613 1606//1606 1573//1573
f 1590//1590 1550//1550 1611//1611 1607//1607
f 1570//1570 1612//1612 1613//1613 1520//1520
f 1543//1543 1590//1590 1607//1607 1608//1608
f 1532//1532 1525//1525 1614//1614 1609//1609
f 1573//1573 1606//1606 1605//1605 1581//1581
f 1627//1627 1559//1559 1610//1610 1636//1636
f 1624//1624 1609//1609 1529//1529 1616//1616
f 1533//1533 1619//1619 1615//1615 1530//1530
f 1597//1597 1623//1623 1616//1616 1529//1529
f 1534//1534 1620//1620 1619//1619 1533//1533
f 1617//1617 1531//1531 1535//1535 1621//1621
f 1532//1532 1618//1618 1620//1620 1534//1534
f 1609//1609 1624//1624 1618//1618 1532//1532
f 1537//1537 1622//1622 1621//1621 1535//1535
f 1623//1623 1597//1597 1531//1531 1617//1617
f 1530//1530 1615//1615 1622//1622 1537//1537
f 1624//1624 1616//1616 1626//1626 1618//1618
f 1623//1623 1617//1617 1626//1626 1616//1616
f 1617//1617 1621//1621 1625//1625 1626//1626
f 1626//1626 1625//1625 1620//1620 1618//1618
f 1625//1625 1615//1615 1619//1619 1620//1620
f 1615//1615 1625//1625 1621//1621 1622//1622
f 1557//1557 1628//1628 1631//1631 1558//1558
f 1561//1561 1632//1632 1630//1630 1555//1555
f 1611//1611 1636//1636 1629//1629 1547//1547
f 1559//1559 1627//1627 1628//1628 1557//1557
f 1599//1599 1635//1635 1633//1633 1549//1549
f 1555//1555 1630//1630 1634//1634 1556//1556
f 1558//1558 1631//1631 1632//1632 1561//1561
f 1549//1549 1633//1633 1634//1634 1553//1553
f 1547//1547 1629//1629 1635//1635 1599//1599
f 1550//1550 1627//1627 1636//1636 1611//1611
f 853//853 754//754 1640//1640 1662//1662
f 821//821 752//752 1639//1639 1661//1661
f 2104//2104 761//761 1642//1642 2114//2114
f 2106//2106 759//759 1641//1641 2115//2115
f 864//864 747//747 1637//1637 1665//1665
f 865//865 749//749 1638//1638 1666//1666
f 848//848 1663//1663 1640//1640 754//754
f 856//856 1664//1664 1639//1639 752//752
f 808//808 879//879 1669//1669 1660//1660
f 810//810 881//881 1670//1670 1655//1655
f 795//795 772//772 1645//1645 1650//1650
f 797//797 774//774 1646//1646 1649//1649
f 774//774 784//784 1648//1648 1646//1646
f 772//772 790//790 1647//1647 1645//1645
f 879//879 797//797 1649//1649 1669//1669
f 881//881 795//795 1650//1650 1670//1670
f 930//930 808//808 1660//1660 1674//1674
f 755//755 1643//1643 1651//1651 816//816
f 757//757 1644//1644 1652//1652 812//812
f 844//844 839//839 1653//1653 1658//1658
f 749//749 844//844 1658//1658 1638//1638
f 838//838 842//842 1654//1654 1659//1659
f 932//932 810//810 1655//1655 1675//1675
f 816//816 1651//1651 1663//1663 848//848
f 747//747 838//838 1659//1659 1637//1637
f 839//839 821//821 1661//1661 1653//1653
f 812//812 1652//1652 1664//1664 856//856
f 842//842 853//853 1662//1662 1654//1654
f 872//872 864//864 1665//1665 1667//1667
f 873//873 865//865 1666//1666 1668//1668
f 828//828 872//872 1667//1667 1657//1657
f 830//830 873//873 1668//1668 1656//1656
f 784//784 922//922 1671//1671 1648//1648
f 790//790 924//924 1672//1672 1647//1647
f 927//927 1673//1673 1671//1671 922//922
f 917//917 1673//1673 1672//1672 924//924
f 829//829 930//930 1674//1674 1656//1656
f 827//827 932//932 1675//1675 1657//1657
f 1045//1045 946//946 1679//1679 1701//1701
f 1013//1013 944//944 1678//1678 1700//1700
f 2155//2155 953//953 1681//1681 2123//2123
f 2153//2153 951//951 1680//1680 2122//2122
f 1056//1056 939//939 1676//1676 1704//1704
f 1057//1057 941//941 1677//1677 1705//1705
f 1040//1040 1702//1702 1679//1679 946//946
f 1048//1048 1703//1703 1678//1678 944//944
f 1000//1000 1071//1071 1708//1708 1699//1699
f 1002//1002 1073//1073 1709//1709 1694//1694
f 987//987 964//964 1684//1684 1689//1689
f 989//989 966//966 1685//1685 1688//1688
f 966//966 976//976 1687//1687 1685//1685
f 964//964 982//982 1686//1686 1684//1684
f 1071//1071 989//989 1688//1688 1708//1708
f 1073//1073 987//987 1689//1689 1709//1709
f 1122//1122 1000//1000 1699//1699 1713//1713
f 947//947 1682//1682 1690//1690 1008//1008
f 949//949 1683//1683 1691//1691 1004//1004
f 1036//1036 1031//1031 1692//1692 1697//1697
f 941//941 1036//1036 1697//1697 1677//1677
f 1030//1030 1034//1034 1693//1693 1698//1698
f 1124//1124 1002//1002 1694//1694 1714//1714
f 1008//1008 1690//1690 1702//1702 1040//1040
f 939//939 1030//1030 1698//1698 1676//1676
f 1031//1031 1013//1013 1700//1700 1692//1692
f 1004//1004 1691//1691 1703//1703 1048//1048
f 1034//1034 1045//1045 1701//1701 1693//1693
f 1064//1064 1056//1056 1704//1704 1706//1706
f 1065//1065 1057//1057 1705//1705 1707//1707
f 1020//1020 1064//1064 1706//1706 1696//1696
f 1022//1022 1065//1065 1707//1707 1695//1695
f 976//976 1114//1114 1710//1710 1687//1687
f 982//982 1116//1116 1711//1711 1686//1686
f 1119//1119 1712//1712 1710//1710 1114//1114
f 1109//1109 1712//1712 1711//1711 1116//1116
f 1021//1021 1122//1122 1713//1713 1695//1695
f 1019//1019 1124//1124 1714//1714 1696//1696
f 1237//1237 1138//1138 1718//1718 1740//1740
f 1205//1205 1136//1136 1717//1717 1739//1739
f 2134//2134 1145//1145 1720//1720 2138//2138
f 2144//2144 1143//1143 1719//1719 2139//2139
f 1248//1248 1131//1131 1715//1715 1743//1743
f 1249//1249 1133//1133 1716//1716 1744//1744
f 1232//1232 1741//1741 1718//1718 1138//1138
f 1240//1240 1742//1742 1717//1717 1136//1136
f 1192//1192 1263//1263 1747//1747 1738//1738
f 1194//1194 1265//1265 1748//1748 1733//1733
f 1179//1179 1156//1156 1723//1723 1728//1728
f 1181//1181 1158//1158 1724//1724 1727//1727
f 1158//1158 1168//1168 1726//1726 1724//1724
f 1156//1156 1174//1174 1725//1725 1723//1723
f 1263//1263 1181//1181 1727//1727 1747//1747
f 1265//1265 1179//1179 1728//1728 1748//1748
f 1314//1314 1192//1192 1738//1738 1752//1752
f 1139//1139 1721//1721 1729//1729 1200//1200
f 1141//1141 1722//1722 1730//1730 1196//1196
f 1228//1228 1223//1223 1731//1731 1736//1736
f 1133//1133 1228//1228 1736//1736 1716//1716
f 1222//1222 1226//1226 1732//1732 1737//1737
f 1316//1316 1194//1194 1733//1733 1753//1753
f 1200//1200 1729//1729 1741//1741 1232//1232
f 1131//1131 1222//1222 1737//1737 1715//1715
f 1223//1223 1205//1205 1739//1739 1731//1731
f 1196//1196 1730//1730 1742//1742 1240//1240
f 1226//1226 1237//1237 1740//1740 1732//1732
f 1256//1256 1248//1248 1743//1743 1745//1745
f 1257//1257 1249//1249 1744//1744 1746//1746
f 1212//1212 1256//1256 1745//1745 1735//1735
f 1214//1214 1257//1257 1746//1746 1734//1734
f 1168//1168 1306//1306 1749//1749 1726//1726
f 1174//1174 1308//1308 1750//1750 1725//1725
f 1311//1311 1751//1751 1749//1749 1306//1306
f 1301//1301 1751//1751 1750//1750 1308//1308
f 1213//1213 1314//1314 1752//1752 1734//1734
f 1211//1211 1316//1316 1753//1753 1735//1735
f 1429//1429 1330//1330 1757//1757 1779//1779
f 1397//1397 1328//1328 1756//1756 1778//1778
f 2141//2141 1337//1337 1759//1759 2151//2151
f 2127//2127 1335//1335 1758//1758 2150//2150
f 1440//1440 1323//1323 1754//1754 1782//1782
f 1441//1441 1325//1325 1755//1755 1783//1783
f 1424//1424 1780//1780 1757//1757 1330//1330
f 1432//1432 1781//1781 1756//1756 1328//1328
f 1384//1384 1455//1455 1786//1786 1777//1777
f 1386//1386 1457//1457 1787//1787 1772//1772
f 1371//1371 1348//1348 1762//1762 1767//1767
f 1373//1373 1350//1350 1763//1763 1766//1766
f 1350//1350 1360//1360 1765//1765 1763//1763
f 1348//1348 1366//1366 1764//1764 1762//1762
f 1455//1455 1373//1373 1766//1766 1786//1786
f 1457//1457 1371//1371 1767//1767 1787//1787
f 1506//1506 1384//1384 1777//1777 1791//1791
f 1331//1331 1760//1760 1768//1768 1392//1392
f 1333//1333 1761//1761 1769//1769 1388//1388
f 1420//1420 1415//1415 1770//1770 1775//1775
f 1325//1325 1420//1420 1775//1775 1755//1755
f 1414//1414 1418//1418 1771//1771 1776//1776
f 1508//1508 1386//1386 1772//1772 1792//1792
f 1392//1392 1768//1768 1780//1780 1424//1424
f 1323//1323 1414//1414 1776//1776 1754//1754
f 1415//1415 1397//1397 1778//1778 1770//1770
f 1388//1388 1769//1769 1781//1781 1432//1432
f 1418//1418 1429//1429 1779//1779 1771//1771
f 1448//1448 1440//1440 1782//1782 1784//1784
f 1449//1449 1441//1441 1783//1783 1785//1785
f 1404//1404 1448//1448 1784//1784 1774//1774
f 1406//1406 1449//1449 1785//1785 1773//1773
f 1360//1360 1498//1498 1788//1788 1765//1765
f 1366//1366 1500//1500 1789//1789 1764//1764
f 1503//1503 1790//1790 1788//1788 1498//1498
f 1493//1493 1790//1790 1789//1789 1500//1500
f 1405//1405 1506//1506 1791//1791 1773//1773
f 1403//1403 1508//1508 1792//1792 1774//1774
f 893//893 1807//1807 1793//1793 883//883
f 895//895 1809//1809 1794//1794 884//884
f 2112//2112 2116//2116 1796//1796 886//886
f 889//889 899//899 1815//1815 1803//1803
f 888//888 887//887 1814//1814 1798//1798
f 887//887 889//889 1803//1803 1814//1814
f 899//899 890//890 1804//1804 1815//1815
f 886//886 1796//1796 1805//1805 891//891
f 937//937 894//894 1808//1808 1830//1830
f 896//896 1810//1810 1806//1806 892//892
f 898//898 1812//1812 1808//1808 894//894
f 892//892 1806//1806 1807//1807 893//893
f 891//891 1805//1805 1809//1809 895//895
f 884//884 1794//1794 1810//1810 896//896
f 883//883 1793//1793 1811//1811 897//897
f 897//897 1811//1811 1812//1812 898//898
f 814//814 1820//1820 1818//1818 858//858
f 2108//2108 2117//2117 1802//1802 766//766
f 766//766 1802//1802 1820//1820 814//814
f 869//869 1816//1816 1823//1823 831//831
f 775//775 799//799 1822//1822 1797//1797
f 767//767 1800//1800 1817//1817 820//820
f 768//768 1799//1799 1819//1819 861//861
f 878//878 806//806 1824//1824 1813//1813
f 846//846 1825//1825 1799//1799 768//768
f 858//858 1818//1818 1800//1800 767//767
f 826//826 1826//1826 1825//1825 846//846
f 799//799 878//878 1813//1813 1822//1822
f 782//782 775//775 1797//1797 1821//1821
f 861//861 1819//1819 1816//1816 869//869
f 929//929 831//831 1823//1823 1831//1831
f 820//820 1817//1817 1826//1826 826//826
f 907//907 926//926 1828//1828 1821//1821
f 925//925 888//888 1798//1798 1827//1827
f 926//926 918//918 1829//1829 1828//1828
f 925//925 1827//1827 1829//1829 918//918
f 890//890 937//937 1830//1830 1804//1804
f 806//806 929//929 1831//1831 1824//1824
f 1085//1085 1846//1846 1832//1832 1075//1075
f 1087//1087 1848//1848 1833//1833 1076//1076
f 2125//2125 2129//2129 1835//1835 1078//1078
f 1081//1081 1091//1091 1854//1854 1842//1842
f 1080//1080 1079//1079 1853//1853 1837//1837
f 1079//1079 1081//1081 1842//1842 1853//1853
f 1091//1091 1082//1082 1843//1843 1854//1854
f 1078//1078 1835//1835 1844//1844 1083//1083
f 1129//1129 1086//1086 1847//1847 1869//1869
f 1088//1088 1849//1849 1845//1845 1084//1084
f 1090//1090 1851//1851 1847//1847 1086//1086
f 1084//1084 1845//1845 1846//1846 1085//1085
f 1083//1083 1844//1844 1848//1848 1087//1087
f 1076//1076 1833//1833 1849//1849 1088//1088
f 1075//1075 1832//1832 1850//1850 1089//1089
f 1089//1089 1850//1850 1851//1851 1090//1090
f 1006//1006 1859//1859 1857//1857 1050//1050
f 2121//2121 2128//2128 1841//1841 958//958
f 958//958 1841//1841 1859//1859 1006//1006
f 1061//1061 1855//1855 1862//1862 1023//1023
f 967//967 991//991 1861//1861 1836//1836
f 959//959 1839//1839 1856//1856 1012//1012
f 960//960 1838//1838 1858//1858 1053//1053
f 1070//1070 998//998 1863//1863 1852//1852
f 1038//1038 1864//1864 1838//1838 960//960
f 1050//1050 1857//1857 1839//1839 959//959
f 1018//1018 1865//1865 1864//1864 1038//1038
f 991//991 1070//1070 1852//1852 1861//1861
f 974//974 967//967 1836//1836 1860//1860
f 1053//1053 1858//1858 1855//1855 1061//1061
f 1121//1121 1023//1023 1862//1862 1870//1870
f 1012//1012 1856//1856 1865//1865 1018//1018
f 1099//1099 1118//1118 1867//1867 1860//1860
f 1117//1117 1080//1080 1837//1837 1866//1866
f 1118//1118 1110//1110 1868//1868 1867//1867
f 1117//1117 1866//1866 1868//1868 1110//1110
f 1082//1082 1129//1129 1869//1869 1843//1843
f 998//998 1121//1121 1870//1870 1863//1863
f 1277//1277 1885//1885 1871//1871 1267//1267
f 1279//1279 1887//1887 1872//1872 1268//1268
f 2136//2136 2130//2130 1874//1874 1270//1270
f 1273//1273 1283//1283 1893//1893 1881//1881
f 1272//1272 1271//1271 1892//1892 1876//1876
f 1271//1271 1273//1273 1881//1881 1892//1892
f 1283//1283 1274//1274 1882//1882 1893//1893
f 1270//1270 1874//1874 1883//1883 1275//1275
f 1321//1321 1278//1278 1886//1886 1908//1908
f 1280//1280 1888//1888 1884//1884 1276//1276
f 1282//1282 1890//1890 1886//1886 1278//1278
f 1276//1276 1884//1884 1885//1885 1277//1277
f 1275//1275 1883//1883 1887//1887 1279//1279
f 1268//1268 1872//1872 1888//1888 1280//1280
f 1267//1267 1871//1871 1889//1889 1281//1281
f 1281//1281 1889//1889 1890//1890 1282//1282
f 1198//1198 1898//1898 1896//1896 1242//1242
f 2132//2132 2131//2131 1880//1880 1150//1150
f 1150//1150 1880//1880 1898//1898 1198//1198
f 1253//1253 1894//1894 1901//1901 1215//1215
f 1159//1159 1183//1183 1900//1900 1875//1875
f 1151//1151 1878//1878 1895//1895 1204//1204
f 1152//1152 1877//1877 1897//1897 1245//1245
f 1262//1262 1190//1190 1902//1902 1891//1891
f 1230//1230 1903//1903 1877//1877 1152//1152
f 1242//1242 1896//1896 1878//1878 1151//1151
f 1210//1210 1904//1904 1903//1903 1230//1230
f 1183//1183 1262//1262 1891//1891 1900//1900
f 1166//1166 1159//1159 1875//1875 1899//1899
f 1245//1245 1897//1897 1894//1894 1253//1253
f 1313//1313 1215//1215 1901//1901 1909//1909
f 1204//1204 1895//1895 1904//1904 1210//1210
f 1291//1291 1310//1310 1906//1906 1899//1899
f 1309//1309 1272//1272 1876//1876 1905//1905
f 1310//1310 1302//1302 1907//1907 1906//1906
f 1309//1309 1905//1905 1907//1907 1302//1302
f 1274//1274 1321//1321 1908//1908 1882//1882
f 1190//1190 1313//1313 1909//1909 1902//1902
f 1469//1469 1924//1924 1910//1910 1459//1459
f 1471//1471 1926//1926 1911//1911 1460//1460
f 2159//2159 2147//2147 1913//1913 1462//1462
f 1465//1465 1475//1475 1932//1932 1920//1920
f 1464//1464 1463//1463 1931//1931 1915//1915
f 1463//1463 1465//1465 1920//1920 1931//1931
f 1475//1475 1466//1466 1921//1921 1932//1932
f 1462//1462 1913//1913 1922//1922 1467//1467
f 1513//1513 1470//1470 1925//1925 1947//1947
f 1472//1472 1927//1927 1923//1923 1468//1468
f 1474//1474 1929//1929 1925//1925 1470//1470
f 1468//1468 1923//1923 1924//1924 1469//1469
f 1467//1467 1922//1922 1926//1926 1471//1471
f 1460//1460 1911//1911 1927//1927 1472//1472
f 1459//1459 1910//1910 1928//1928 1473//1473
f 1473//1473 1928//1928 1929//1929 1474//1474
f 1390//1390 1937//1937 1935//1935 1434//1434
f 2156//2156 2146//2146 1919//1919 1342//1342
f 1342//1342 1919//1919 1937//1937 1390//1390
f 1445//1445 1933//1933 1940//1940 1407//1407
f 1351//1351 1375//1375 1939//1939 1914//1914
f 1343//1343 1917//1917 1934//1934 1396//1396
f 1344//1344 1916//1916 1936//1936 1437//1437
f 1454//1454 1382//1382 1941//1941 1930//1930
f 1422//1422 1942//1942 1916//1916 1344//1344
f 1434//1434 1935//1935 1917//1917 1343//1343
f 1402//1402 1943//1943 1942//1942 1422//1422
f 1375//1375 1454//1454 1930//1930 1939//1939
f 1358//1358 1351//1351 1914//1914 1938//1938
f 1437//1437 1936//1936 1933//1933 1445//1445
f 1505//1505 1407//1407 1940//1940 1948//1948
f 1396//1396 1934//1934 1943//1943 1402//1402
f 1483//1483 1502//1502 1945//1945 1938//1938
f 1501//1501 1464//1464 1915//1915 1944//1944
f 1502//1502 1494//1494 1946//1946 1945//1945
f 1501//1501 1944//1944 1946//1946 1494//1494
f 1466//1466 1513//1513 1947//1947 1921//1921
f 1382//1382 1505//1505 1948//1948 1941//1941
f 1172//1172 1965//1965 1964//1964 1143//1143
f 1105//1105 1962//1962 1960//1960 985//985
f 1973//1973 1364//1364 1334//1334 1969//1969
f 1980//1980 1918//1918 1341//1341 1972//1972
f 1642//1642 1977//1977 1949//1949 758//758
f 1979//1979 1795//1795 885//885 1955//1955
f 1364//1364 1973//1973 1970//1970 1335//1335
f 1978//1978 1758//1758 1335//1335 1970//1970
f 1489//1489 1976//1976 1974//1974 1369//1369
f 1918//1918 1980//1980 1976//1976 1489//1489
f 1297//1297 1968//1968 1966//1966 1177//1177
f 1977//1977 1642//1642 761//761 1951//1951
f 1961//1961 1077//1077 985//985 1960//1960
f 1959//1959 980//980 950//950 1957//1957
f 1955//1955 885//885 793//793 1954//1954
f 1975//1975 1461//1461 1369//1369 1974//1974
f 1795//1795 1979//1979 1952//1952 769//769
f 1967//1967 1269//1269 1177//1177 1966//1966
f 980//980 1959//1959 1958//1958 951//951
f 1953//1953 788//788 758//758 1949//1949
f 1951//1951 761//761 769//769 1952//1952
f 1972//1972 1341//1341 1336//1336 1971//1971
f 1758//1758 1978//1978 1971//1971 1336//1336
f 913//913 1956//1956 1954//1954 793//793
f 1965//1965 1172//1172 1142//1142 1963//1963
f 788//788 1953//1953 1950//1950 759//759
f 2607//2607 1967//1967 1966//1966 2606//2606
f 2610//2610 1993//1993 1991//1991 2609//2609
f 2611//2611 1975//1975 1974//1974 2612//2612
f 2002//2002 2057//2057 2039//2039 2004//2004
f 2605//2605 1961//1961 1960//1960 2609//2609
f 2615//2615 1999//1999 1997//1997 2606//2606
f 2614//2614 1987//1987 1985//1985 2608//2608
f 2013//2013 1987//1987 1992//1992 2016//2016
f 1999//1999 2005//2005 2510//2510 2008//2008
f 1719//1719 1143//1143 1964//1964 2103//2103
f 2013//2013 2012//2012 1985//1985 1987//1987
f 2013//2013 2029//2029 2026//2026 2012//2012
f 1993//1993 2017//2017 2015//2015 1991//1991
f 2025//2025 2006//2006 1983//1983 2009//2009
f 2016//2016 1992//1992 1991//1991 2015//2015
f 2043//2043 1963//1963 1142//1142 1720//1720
f 2035//2035 2033//2033 2069//2069 2008//2008
f 2031//2031 2016//2016 2015//2015 2030//2030
f 2008//2008 2069//2069 1997//1997 1999//1999
f 2017//2017 2032//2032 2030//2030 2015//2015
f 2058//2058 2040//2040 2036//2036 2055//2055
f 2098//2098 2046//2046 2062//2062 2092//2092
f 2040//2040 2058//2058 2056//2056 2037//2037
f 2092//2092 2062//2062 2072//2072 2073//2073
f 2064//2064 2074//2074 2073//2073 2072//2072
f 2667//2667 2514//2514 2084//2084 2651//2651
f 2048//2048 2093//2093 2074//2074 2064//2064
f 2514//2514 2522//2522 2081//2081 2084//2084
f 2046//2046 2098//2098 2091//2091 2063//2063
f 2515//2515 2095//2095 2101//2101 2524//2524
f 2516//2516 2087//2087 2076//2076 2520//2520
f 2517//2517 2094//2094 2088//2088 2512//2512
f 2524//2524 2101//2101 2044//2044 2521//2521
f 2091//2091 2102//2102 2023//2023 2097//2097
f 1680//1680 951//951 1958//1958 2086//2086
f 2520//2520 2076//2076 2079//2079 2512//2512
f 2511//2511 2100//2100 2094//2094 2517//2517
f 2516//2516 2024//2024 2095//2095 2515//2515
f 2070//2070 2092//2092 2073//2073 2022//2022
f 2097//2097 2023//2023 2010//2010 2099//2099
f 2430//2430 2429//2429 2036//2036 2040//2040
f 2063//2063 2091//2091 2097//2097 2047//2047
f 2036//2036 2429//2429 2061//2061 2093//2093
f 789//789 2110//2110 2106//2106 757//757
f 1643//1643 2114//2114 2105//2105 762//762
f 1644//1644 2115//2115 2107//2107 756//756
f 1795//1795 769//769 2109//2109 2116//2116
f 766//766 756//756 2107//2107 2108//2108
f 769//769 761//761 2104//2104 2109//2109
f 762//762 2105//2105 2110//2110 789//789
f 913//913 793//793 2111//2111 2113//2113
f 793//793 885//885 2112//2112 2111//2111
f 1801//1801 913//913 2113//2113 2117//2117
f 755//755 2104//2104 2114//2114 1643//1643
f 757//757 2106//2106 2115//2115 1644//1644
f 885//885 1795//1795 2116//2116 2112//2112
f 765//765 1801//1801 2117//2117 2108//2108
f 1840//1840 1105//1105 2124//2124 2128//2128
f 1682//1682 2123//2123 2154//2154 954//954
f 1683//1683 2122//2122 2152//2152 948//948
f 958//958 948//948 2152//2152 2121//2121
f 1150//1150 1140//1140 2145//2145 2132//2132
f 1834//1834 961//961 2120//2120 2129//2129
f 1879//1879 1297//1297 2137//2137 2131//2131
f 1177//1177 1269//1269 2136//2136 2143//2143
f 1105//1105 985//985 2118//2118 2124//2124
f 1146//1146 2135//2135 2142//2142 1173//1173
f 1077//1077 1834//1834 2129//2129 2125//2125
f 949//949 2153//2153 2122//2122 1683//1683
f 1722//1722 2139//2139 2145//2145 1140//1140
f 947//947 2155//2155 2123//2123 1682//1682
f 1721//1721 2138//2138 2135//2135 1146//1146
f 957//957 1840//1840 2128//2128 2121//2121
f 985//985 1077//1077 2125//2125 2118//2118
f 1369//1369 1461//1461 2159//2159 2148//2148
f 954//954 2154//2154 2119//2119 981//981
f 961//961 953//953 2155//2155 2120//2120
f 1269//1269 1873//1873 2130//2130 2136//2136
f 981//981 2119//2119 2153//2153 949//949
f 1149//1149 1879//1879 2131//2131 2132//2132
f 1489//1489 1369//1369 2148//2148 2158//2158
f 1873//1873 1153//1153 2133//2133 2130//2130
f 1365//1365 2149//2149 2127//2127 1333//1333
f 1912//1912 1345//1345 2157//2157 2147//2147
f 1760//1760 2151//2151 2140//2140 1338//1338
f 1141//1141 2144//2144 2139//2139 1722//1722
f 1153//1153 1145//1145 2134//2134 2133//2133
f 1173//1173 2142//2142 2144//2144 1141//1141
f 1139//1139 2134//2134 2138//2138 1721//1721
f 1297//1297 1177//1177 2143//2143 2137//2137
f 1333//1333 2127//2127 2150//2150 1761//1761
f 1338//1338 2140//2140 2149//2149 1365//1365
f 1461//1461 1912//1912 2147//2147 2159//2159
f 1918//1918 1489//1489 2158//2158 2146//2146
f 1331//1331 2141//2141 2151//2151 1760//1760
f 1341//1341 1918//1918 2146//2146 2156//2156
f 1345//1345 1337//1337 2141//2141 2157//2157
f 1761//1761 2150//2150 2126//2126 1332//1332
f 1342//1342 1332//1332 2126//2126 2156//2156
f 2175//2175 609//609 599//599 2165//2165
f 2168//2168 602//602 601//601 2167//2167
f 2160//2160 594//594 604//604 2170//2170
f 2167//2167 601//601 605//605 2171//2171
f 597//597 2163//2163 2164//2164 598//598
f 610//610 2176//2176 2172//2172 606//606
f 2171//2171 605//605 606//606 2172//2172
f 598//598 2164//2164 2165//2165 599//599
f 2652//2652 2650//2650 607//607 2173//2173
f 2166//2166 600//600 594//594 2160//2160
f 600//600 2166//2166 2161//2161 595//595
f 2173//2173 607//607 608//608 2174//2174
f 2170//2170 604//604 603//603 2169//2169
f 595//595 2161//2161 2162//2162 596//596
f 2174//2174 608//608 609//609 2175//2175
f 2169//2169 603//603 602//602 2168//2168
f 2188//2188 2171//2171 2172//2172 2189//2189
f 2164//2164 2181//2181 2182//2182 2165//2165
f 2653//2653 2652//2652 2173//2173 2190//2190
f 2183//2183 2166//2166 2160//2160 2177//2177
f 2166//2166 2183//2183 2178//2178 2161//2161
f 2190//2190 2173//2173 2174//2174 2191//2191
f 2187//2187 2170//2170 2169//2169 2186//2186
f 2161//2161 2178//2178 2179//2179 2162//2162
f 2191//2191 2174//2174 2175//2175 2192//2192
f 2186//2186 2169//2169 2168//2168 2185//2185
f 2192//2192 2175//2175 2165//2165 2182//2182
f 2185//2185 2168//2168 2167//2167 2184//2184
f 2177//2177 2160//2160 2170//2170 2187//2187
f 2184//2184 2167//2167 2171//2171 2188//2188
f 2163//2163 2180//2180 2181//2181 2164//2164
f 2176//2176 2193//2193 2189//2189 2172//2172
f 2654//2654 2653//2653 2190//2190 2207//2207
f 2200//2200 2183//2183 2177//2177 2194//2194
f 2183//2183 2200//2200 2195//2195 2178//2178
f 2207//2207 2190//2190 2191//2191 2208//2208
f 2204//2204 2187//2187 2186//2186 2203//2203
f 2178//2178 2195//2195 2196//2196 2179//2179
f 2208//2208 2191//2191 2192//2192 2209//2209
f 2203//2203 2186//2186 2185//2185 2202//2202
f 2209//2209 2192//2192 2182//2182 2199//2199
f 2202//2202 2185//2185 2184//2184 2201//2201
f 2194//2194 2177//2177 2187//2187 2204//2204
f 2201//2201 2184//2184 2188//2188 2205//2205
f 2180//2180 2197//2197 2198//2198 2181//2181
f 2193//2193 2210//2210 2206//2206 2189//2189
f 2205//2205 2188//2188 2189//2189 2206//2206
f 2181//2181 2198//2198 2199//2199 2182//2182
f 2224//2224 2207//2207 2208//2208 2225//2225
f 2221//2221 2204//2204 2203//2203 2220//2220
f 2195//2195 2212//2212 2213//2213 2196//2196
f 2225//2225 2208//2208 2209//2209 2226//2226
f 2220//2220 2203//2203 2202//2202 2219//2219
f 2226//2226 2209//2209 2199//2199 2216//2216
f 2219//2219 2202//2202 2201//2201 2218//2218
f 2211//2211 2194//2194 2204//2204 2221//2221
f 2218//2218 2201//2201 2205//2205 2222//2222
f 2197//2197 2214//2214 2215//2215 2198//2198
f 2210//2210 2227//2227 2223//2223 2206//2206
f 2222//2222 2205//2205 2206//2206 2223//2223
f 2198//2198 2215//2215 2216//2216 2199//2199
f 2655//2655 2654//2654 2207//2207 2224//2224
f 2217//2217 2200//2200 2194//2194 2211//2211
f 2200//2200 2217//2217 2212//2212 2195//2195
f 2656//2656 2655//2655 2224//2224 2241//2241
f 2234//2234 2217//2217 2211//2211 2228//2228
f 2217//2217 2234//2234 2229//2229 2212//2212
f 2241//2241 2224//2224 2225//2225 2242//2242
f 2238//2238 2221//2221 2220//2220 2237//2237
f 2212//2212 2229//2229 2230//2230 2213//2213
f 2242//2242 2225//2225 2226//2226 2243//2243
f 2237//2237 2220//2220 2219//2219 2236//2236
f 2243//2243 2226//2226 2216//2216 2233//2233
f 2236//2236 2219//2219 2218//2218 2235//2235
f 2228//2228 2211//2211 2221//2221 2238//2238
f 2235//2235 2218//2218 2222//2222 2239//2239
f 2214//2214 2231//2231 2232//2232 2215//2215
f 2227//2227 2244//2244 2240//2240 2223//2223
f 2239//2239 2222//2222 2223//2223 2240//2240
f 2215//2215 2232//2232 2233//2233 2216//2216
f 2258//2258 2241//2241 2242//2242 2259//2259
f 2255//2255 2238//2238 2237//2237 2254//2254
f 2229//2229 2246//2246 2247//2247 2230//2230
f 2259//2259 2242//2242 2243//2243 2260//2260
f 2254//2254 2237//2237 2236//2236 2253//2253
f 2260//2260 2243//2243 2233//2233 2250//2250
f 2253//2253 2236//2236 2235//2235 2252//2252
f 2245//2245 2228//2228 2238//2238 2255//2255
f 2252//2252 2235//2235 2239//2239 2256//2256
f 2231//2231 2248//2248 2249//2249 2232//2232
f 2244//2244 2261//2261 2257//2257 2240//2240
f 2256//2256 2239//2239 2240//2240 2257//2257
f 2232//2232 2249//2249 2250//2250 2233//2233
f 2657//2657 2656//2656 2241//2241 2258//2258
f 2251//2251 2234//2234 2228//2228 2245//2245
f 2234//2234 2251//2251 2246//2246 2229//2229
f 2276//2276 2259//2259 2260//2260 2277//2277
f 2271//2271 2254//2254 2253//2253 2270//2270
f 2277//2277 2260//2260 2250//2250 2267//2267
f 2270//2270 2253//2253 2252//2252 2269//2269
f 2262//2262 2245//2245 2255//2255 2272//2272
f 2269//2269 2252//2252 2256//2256 2273//2273
f 2248//2248 2265//2265 2266//2266 2249//2249
f 2261//2261 2278//2278 2274//2274 2257//2257
f 2273//2273 2256//2256 2257//2257 2274//2274
f 2249//2249 2266//2266 2267//2267 2250//2250
f 2658//2658 2657//2657 2258//2258 2275//2275
f 2268//2268 2251//2251 2245//2245 2262//2262
f 2251//2251 2268//2268 2263//2263 2246//2246
f 2275//2275 2258//2258 2259//2259 2276//2276
f 2272//2272 2255//2255 2254//2254 2271//2271
f 2246//2246 2263//2263 2264//2264 2247//2247
f 2294//2294 2277//2277 2267//2267 2284//2284
f 2287//2287 2270//2270 2269//2269 2286//2286
f 2279//2279 2262//2262 2272//2272 2289//2289
f 2286//2286 2269//2269 2273//2273 2290//2290
f 2265//2265 2282//2282 2283//2283 2266//2266
f 2278//2278 2295//2295 2291//2291 2274//2274
f 2290//2290 2273//2273 2274//2274 2291//2291
f 2266//2266 2283//2283 2284//2284 2267//2267
f 2659//2659 2658//2658 2275//2275 2292//2292
f 2285//2285 2268//2268 2262//2262 2279//2279
f 2268//2268 2285//2285 2280//2280 2263//2263
f 2292//2292 2275//2275 2276//2276 2293//2293
f 2289//2289 2272//2272 2271//2271 2288//2288
f 2263//2263 2280//2280 2281//2281 2264//2264
f 2293//2293 2276//2276 2277//2277 2294//2294
f 2288//2288 2271//2271 2270//2270 2287//2287
f 2296//2296 2279//2279 2289//2289 2306//2306
f 2303//2303 2286//2286 2290//2290 2307//2307
f 2282//2282 2299//2299 2300//2300 2283//2283
f 2295//2295 2312//2312 2308//2308 2291//2291
f 2307//2307 2290//2290 2291//2291 2308//2308
f 2283//2283 2300//2300 2301//2301 2284//2284
f 2660//2660 2659//2659 2292//2292 2309//2309
f 2302//2302 2285//2285 2279//2279 2296//2296
f 2285//2285 2302//2302 2297//2297 2280//2280
f 2309//2309 2292//2292 2293//2293 2310//2310
f 2306//2306 2289//2289 2288//2288 2305//2305
f 2280//2280 2297//2297 2298//2298 2281//2281
f 2310//2310 2293//2293 2294//2294 2311//2311
f 2305//2305 2288//2288 2287//2287 2304//2304
f 2311//2311 2294//2294 2284//2284 2301//2301
f 2304//2304 2287//2287 2286//2286 2303//2303
f 2312//2312 2329//2329 2325//2325 2308//2308
f 2324//2324 2307//2307 2308//2308 2325//2325
f 2300//2300 2317//2317 2318//2318 2301//2301
f 2661//2661 2660//2660 2309//2309 2326//2326
f 2319//2319 2302//2302 2296//2296 2313//2313
f 2302//2302 2319//2319 2314//2314 2297//2297
f 2326//2326 2309//2309 2310//2310 2327//2327
f 2323//2323 2306//2306 2305//2305 2322//2322
f 2297//2297 2314//2314 2315//2315 2298//2298
f 2327//2327 2310//2310 2311//2311 2328//2328
f 2322//2322 2305//2305 2304//2304 2321//2321
f 2328//2328 2311//2311 2301//2301 2318//2318
f 2321//2321 2304//2304 2303//2303 2320//2320
f 2313//2313 2296//2296 2306//2306 2323//2323
f 2320//2320 2303//2303 2307//2307 2324//2324
f 2299//2299 2316//2316 2317//2317 2300//2300
f 2662//2662 2661//2661 2326//2326 2343//2343
f 2336//2336 2319//2319 2313//2313 2330//2330
f 2319//2319 2336//2336 2331//2331 2314//2314
f 2343//2343 2326//2326 2327//2327 2344//2344
f 2340//2340 2323//2323 2322//2322 2339//2339
f 2314//2314 2331//2331 2332//2332 2315//2315
f 2344//2344 2327//2327 2328//2328 2345//2345
f 2339//2339 2322//2322 2321//2321 2338//2338
f 2345//2345 2328//2328 2318//2318 2335//2335
f 2338//2338 2321//2321 2320//2320 2337//2337
f 2330//2330 2313//2313 2323//2323 2340//2340
f 2337//2337 2320//2320 2324//2324 2341//2341
f 2316//2316 2333//2333 2334//2334 2317//2317
f 2329//2329 2346//2346 2342//2342 2325//2325
f 2341//2341 2324//2324 2325//2325 2342//2342
f 2317//2317 2334//2334 2335//2335 2318//2318
f 2360//2360 2343//2343 2344//2344 2361//2361
f 2357//2357 2340//2340 2339//2339 2356//2356
f 2331//2331 2348//2348 2349//2349 2332//2332
f 2361//2361 2344//2344 2345//2345 2362//2362
f 2356//2356 2339//2339 2338//2338 2355//2355
f 2362//2362 2345//2345 2335//2335 2352//2352
f 2355//2355 2338//2338 2337//2337 2354//2354
f 2347//2347 2330//2330 2340//2340 2357//2357
f 2354//2354 2337//2337 2341//2341 2358//2358
f 2333//2333 2350//2350 2351//2351 2334//2334
f 2346//2346 2363//2363 2359//2359 2342//2342
f 2358//2358 2341//2341 2342//2342 2359//2359
f 2334//2334 2351//2351 2352//2352 2335//2335
f 2663//2663 2662//2662 2343//2343 2360//2360
f 2353//2353 2336//2336 2330//2330 2347//2347
f 2336//2336 2353//2353 2348//2348 2331//2331
f 2378//2378 2361//2361 2362//2362 2379//2379
f 2373//2373 2356//2356 2355//2355 2372//2372
f 2379//2379 2362//2362 2352//2352 2369//2369
f 2372//2372 2355//2355 2354//2354 2371//2371
f 2364//2364 2347//2347 2357//2357 2374//2374
f 2371//2371 2354//2354 2358//2358 2375//2375
f 2350//2350 2367//2367 2368//2368 2351//2351
f 2363//2363 2380//2380 2376//2376 2359//2359
f 2375//2375 2358//2358 2359//2359 2376//2376
f 2351//2351 2368//2368 2369//2369 2352//2352
f 2664//2664 2663//2663 2360//2360 2377//2377
f 2370//2370 2353//2353 2347//2347 2364//2364
f 2353//2353 2370//2370 2365//2365 2348//2348
f 2377//2377 2360//2360 2361//2361 2378//2378
f 2374//2374 2357//2357 2356//2356 2373//2373
f 2348//2348 2365//2365 2366//2366 2349//2349
f 2396//2396 2379//2379 2369//2369 2386//2386
f 2389//2389 2372//2372 2371//2371 2388//2388
f 2381//2381 2364//2364 2374//2374 2391//2391
f 2388//2388 2371//2371 2375//2375 2392//2392
f 2367//2367 2384//2384 2385//2385 2368//2368
f 2380//2380 2397//2397 2393//2393 2376//2376
f 2392//2392 2375//2375 2376//2376 2393//2393
f 2368//2368 2385//2385 2386//2386 2369//2369
f 2665//2665 2664//2664 2377//2377 2394//2394
f 2387//2387 2370//2370 2364//2364 2381//2381
f 2370//2370 2387//2387 2382//2382 2365//2365
f 2394//2394 2377//2377 2378//2378 2395//2395
f 2391//2391 2374//2374 2373//2373 2390//2390
f 2365//2365 2382//2382 2383//2383 2366//2366
f 2395//2395 2378//2378 2379//2379 2396//2396
f 2390//2390 2373//2373 2372//2372 2389//2389
f 2681//2681 2381//2381 2391//2391 2680//2680
f 2683//2683 2388//2388 2392//2392 2682//2682
f 2685//2685 2401//2401 2402//2402 2684//2684
f 2687//2687 2414//2414 2410//2410 2686//2686
f 2682//2682 2392//2392 2393//2393 2686//2686
f 2684//2684 2402//2402 2403//2403 2688//2688
f 2699//2699 2665//2665 2394//2394 2689//2689
f 2690//2690 2387//2387 2381//2381 2681//2681
f 2690//2690 2404//2404 2399//2399 2691//2691
f 2689//2689 2394//2394 2395//2395 2692//2692
f 2680//2680 2391//2391 2390//2390 2693//2693
f 2691//2691 2399//2399 2400//2400 2694//2694
f 2692//2692 2395//2395 2396//2396 2695//2695
f 2693//2693 2390//2390 2389//2389 2696//2696
f 2695//2695 2396//2396 2386//2386 2688//2688
f 2696//2696 2389//2389 2388//2388 2683//2683
f 2093//2093 2061//2061 2427//2427 2074//2074
f 2098//2098 2014//2014 2102//2102 2091//2091
f 2006//2006 2025//2025 2099//2099 2010//2010
f 2014//2014 2098//2098 2092//2092 2070//2070
f 1996//1996 1994//1994 2022//2022 2427//2427
f 1990//1990 1988//1988 2102//2102 2014//2014
f 2074//2074 2427//2427 2022//2022 2073//2073
f 2003//2003 2001//2001 1970//1970 1973//1973
f 2425//2425 1957//1957 950//950 1681//1681
f 1641//1641 759//759 1950//1950 2426//2426
f 1681//1681 953//953 760//760 1641//1641
f 1641//1641 2426//2426 2425//2425 1681//1681
f 1973//1973 1969//1969 2000//2000 2003//2003
f 2429//2429 2000//2000 1969//1969 2428//2428
f 1720//1720 1145//1145 952//952 1680//1680
f 2427//2427 2061//2061 1995//1995 1996//1996
f 1680//1680 2086//2086 2043//2043 1720//1720
f 2061//2061 2429//2429 2428//2428 2103//2103
f 2430//2430 2007//2007 2001//2001 2003//2003
f 2040//2040 2037//2037 2007//2007 2430//2430
f 2428//2428 1969//1969 1334//1334 1759//1759
f 1719//1719 2103//2103 2428//2428 1759//1759
f 1759//1759 1337//1337 1144//1144 1719//1719
f 2003//2003 2000//2000 2429//2429 2430//2430
f 2018//2018 2069//2069 2033//2033 2034//2034
f 2710//2710 2711//2711 2400//2400 2399//2399
f 2709//2709 2710//2710 2399//2399 2404//2404
f 1564//1564 2433//2433 2435//2435 1566//1566
f 2439//2439 1570//1570 1567//1567 2436//2436
f 2440//2440 1600//1600 1563//1563 2432//2432
f 1612//1612 2441//2441 2432//2432 1563//1563
f 2437//2437 1568//1568 1569//1569 2438//2438
f 2436//2436 1567//1567 1568//1568 2437//2437
f 2441//2441 1612//1612 1570//1570 2439//2439
f 2438//2438 1569//1569 1565//1565 2434//2434
f 1600//1600 2440//2440 2433//2433 1564//1564
f 2434//2434 1565//1565 1566//1566 2435//2435
f 2448//2448 2438//2438 2434//2434 2444//2444
f 2444//2444 2434//2434 2435//2435 2445//2445
f 2440//2440 2450//2450 2443//2443 2433//2433
f 2449//2449 2439//2439 2436//2436 2446//2446
f 2433//2433 2443//2443 2445//2445 2435//2435
f 2450//2450 2440//2440 2432//2432 2442//2442
f 2441//2441 2451//2451 2442//2442 2432//2432
f 2451//2451 2441//2441 2439//2439 2449//2449
f 2447//2447 2437//2437 2438//2438 2448//2448
f 2446//2446 2436//2436 2437//2437 2447//2447
f 2457//2457 2447//2447 2448//2448 2458//2458
f 2456//2456 2446//2446 2447//2447 2457//2457
f 2458//2458 2448//2448 2444//2444 2454//2454
f 2454//2454 2444//2444 2445//2445 2455//2455
f 2450//2450 2460//2460 2453//2453 2443//2443
f 2459//2459 2449//2449 2446//2446 2456//2456
f 2443//2443 2453//2453 2455//2455 2445//2445
f 2460//2460 2450//2450 2442//2442 2452//2452
f 2451//2451 2461//2461 2452//2452 2442//2442
f 2461//2461 2451//2451 2449//2449 2459//2459
f 2470//2470 2460//2460 2452//2452 2462//2462
f 2461//2461 2471//2471 2462//2462 2452//2452
f 2471//2471 2461//2461 2459//2459 2469//2469
f 2467//2467 2457//2457 2458//2458 2468//2468
f 2466//2466 2456//2456 2457//2457 2467//2467
f 2468//2468 2458//2458 2454//2454 2464//2464
f 2464//2464 2454//2454 2455//2455 2465//2465
f 2460//2460 2470//2470 2463//2463 2453//2453
f 2469//2469 2459//2459 2456//2456 2466//2466
f 2453//2453 2463//2463 2465//2465 2455//2455
f 2470//2470 2480//2480 2473//2473 2463//2463
f 2479//2479 2469//2469 2466//2466 2476//2476
f 2463//2463 2473//2473 2475//2475 2465//2465
f 2480//2480 2470//2470 2462//2462 2472//2472
f 2471//2471 2481//2481 2472//2472 2462//2462
f 2481//2481 2471//2471 2469//2469 2479//2479
f 2477//2477 2467//2467 2468//2468 2478//2478
f 2476//2476 2466//2466 2467//2467 2477//2477
f 2478//2478 2468//2468 2464//2464 2474//2474
f 2474//2474 2464//2464 2465//2465 2475//2475
f 2488//2488 2478//2478 2474//2474 2484//2484
f 2484//2484 2474//2474 2475//2475 2485//2485
f 2480//2480 2490//2490 2483//2483 2473//2473
f 2489//2489 2479//2479 2476//2476 2486//2486
f 2473//2473 2483//2483 2485//2485 2475//2475
f 2490//2490 2480//2480 2472//2472 2482//2482
f 2481//2481 2491//2491 2482//2482 2472//2472
f 2491//2491 2481//2481 2479//2479 2489//2489
f 2487//2487 2477//2477 2478//2478 2488//2488
f 2486//2486 2476//2476 2477//2477 2487//2487
f 2021//2021 2020//2020 2484//2484 2485//2485
f 2041//2041 2021//2021 2485//2485 2483//2483
f 2053//2053 2495//2495 2494//2494 2052//2052
f 2052//2052 2494//2494 2493//2493 2051//2051
f 2051//2051 2493//2493 2492//2492 2050//2050
f 2495//2495 2497//2497 2496//2496 2494//2494
f 2497//2497 2499//2499 2498//2498 2496//2496
f 2499//2499 2502//2502 2501//2501 2498//2498
f 2065//2065 2623//2623 2527//2527 2622//2622
f 2502//2502 2505//2505 2504//2504 2501//2501
f 2505//2505 2508//2508 2507//2507 2504//2504
f 2519//2519 2083//2083 2625//2625 2507//2507
f 2027//2027 2519//2519 2507//2507 2508//2508
f 765//765 760//760 953//953 961//961
f 957//957 952//952 1145//1145 1153//1153
f 1801//1801 765//765 961//961 1834//1834
f 1834//1834 1077//1077 913//913 1801//1801
f 1077//1077 1961//1961 1956//1956 913//913
f 2614//2614 1956//1956 1961//1961 2605//2605
f 2026//2026 2029//2029 2053//2053 2619//2619
f 2016//2016 2031//2031 2029//2029 2013//2013
f 2042//2042 2041//2041 2483//2483 2490//2490
f 1840//1840 957//957 1153//1153 1873//1873
f 1873//1873 1269//1269 1105//1105 1840//1840
f 1149//1149 1144//1144 1337//1337 1345//1345
f 1879//1879 1149//1149 1345//1345 1912//1912
f 1912//1912 1461//1461 1297//1297 1879//1879
f 1461//1461 1975//1975 1968//1968 1297//1297
f 2615//2615 1968//1968 1975//1975 2611//2611
f 2018//2018 2017//2017 1993//1993 1998//1998
f 2034//2034 2032//2032 2017//2017 2018//2018
f 2069//2069 2018//2018 1998//1998 1997//1997
f 2607//2607 1998//1998 1993//1993 2610//2610
f 1962//1962 1105//1105 1269//1269 1967//1967
f 2005//2005 2004//2004 2039//2039 2510//2510
f 2511//2511 2075//2075 2081//2081 2522//2522
f 2093//2093 2048//2048 2055//2055 2036//2036
f 2010//2010 2023//2023 1982//1982 1984//1984
f 2010//2010 1984//1984 1981//1981 2006//2006
f 2014//2014 2070//2070 1989//1989 1990//1990
f 2037//2037 2057//2057 2002//2002 2007//2007
f 2059//2059 2042//2042 2490//2490 2482//2482
f 2068//2068 2067//2067 2522//2522 2514//2514
f 2077//2077 2515//2515 2524//2524 2071//2071
f 2100//2100 2511//2511 2522//2522 2067//2067
f 2075//2075 2511//2511 2517//2517 2078//2078
f 2071//2071 2524//2524 2521//2521 2080//2080
f 2024//2024 2516//2516 2520//2520 2096//2096
f 2078//2078 2517//2517 2512//2512 2079//2079
f 2087//2087 2516//2516 2515//2515 2077//2077
f 2096//2096 2520//2520 2512//2512 2088//2088
f 2039//2039 2038//2038 2526//2526 2510//2510
f 2504//2504 2507//2507 2625//2625 2626//2626
f 2008//2008 2510//2510 2526//2526 2035//2035
f 2501//2501 2504//2504 2626//2626 2628//2628
f 2060//2060 2059//2059 2482//2482 2491//2491
f 2491//2491 2489//2489 2616//2616 2060//2060
f 2028//2028 2616//2616 2489//2489 2486//2486
f 2085//2085 2028//2028 2486//2486 2487//2487
f 2487//2487 2488//2488 2523//2523 2085//2085
f 2521//2521 2622//2622 2527//2527 2080//2080
f 2513//2513 2082//2082 2089//2089 2525//2525
f 2525//2525 2019//2019 2090//2090 2513//2513
f 2056//2056 2045//2045 2057//2057 2037//2037
f 2049//2049 2417//2417 2623//2623 2065//2065
f 2709//2709 2708//2708 2421//2421 2422//2422
f 2708//2708 2707//2707 2420//2420 2421//2421
f 2707//2707 2706//2706 2419//2419 2420//2420
f 2706//2706 2705//2705 2423//2423 2419//2419
f 2705//2705 2704//2704 2431//2431 2423//2423
f 2697//2697 2685//2685 2384//2384 2567//2567
f 2566//2566 2567//2567 2384//2384 2367//2367
f 2570//2570 2565//2565 2350//2350 2333//2333
f 2536//2536 2537//2537 177//177 311//311
f 2537//2537 2538//2538 176//176 177//177
f 2538//2538 2539//2539 175//175 176//176
f 2539//2539 2540//2540 174//174 175//175
f 2540//2540 2541//2541 196//196 174//174
f 2541//2541 2542//2542 194//194 196//196
f 2542//2542 2543//2543 173//173 194//194
f 2544//2544 2543//2543 83//83 183//183
f 2544//2544 2545//2545 41//41 186//186
f 2546//2546 2545//2545 42//42 154//154
f 2546//2546 2547//2547 161//161 155//155
f 3829//3829 2547//2547 163//163 3827//3827
f 2548//2548 2536//2536 311//311 366//366
f 2548//2548 2549//2549 247//247 362//362
f 2550//2550 2549//2549 244//244 234//234
f 2551//2551 2550//2550 234//234 224//224
f 2552//2552 2551//2551 224//224 214//214
f 2553//2553 2552//2552 214//214 206//206
f 2553//2553 2554//2554 282//282 207//207
f 2555//2555 2554//2554 281//281 523//523
f 2555//2555 2556//2556 256//256 529//529
f 2556//2556 2557//2557 292//292 256//256
f 2558//2558 2557//2557 291//291 265//265
f 2558//2558 2559//2559 276//276 266//266
f 2559//2559 2560//2560 546//546 276//276
f 2560//2560 2561//2561 563//563 546//546
f 2562//2562 2561//2561 562//562 579//579
f 2562//2562 2563//2563 597//597 580//580
f 2563//2563 2564//2564 2163//2163 597//597
f 2704//2704 2703//2703 2424//2424 2431//2431
f 2703//2703 2702//2702 2604//2604 2424//2424
f 360//360 115//115 2537//2537 2536//2536
f 115//115 109//109 2538//2538 2537//2537
f 109//109 103//103 2539//2539 2538//2538
f 103//103 97//97 2540//2540 2539//2539
f 97//97 91//91 2541//2541 2540//2540
f 91//91 87//87 2542//2542 2541//2541
f 87//87 83//83 2543//2543 2542//2542
f 186//186 173//173 2543//2543 2544//2544
f 183//183 42//42 2545//2545 2544//2544
f 155//155 41//41 2545//2545 2546//2546
f 154//154 163//163 2547//2547 2546//2546
f 362//362 360//360 2536//2536 2548//2548
f 366//366 244//244 2549//2549 2548//2548
f 237//237 247//247 2549//2549 2550//2550
f 227//227 237//237 2550//2550 2551//2551
f 217//217 227//227 2551//2551 2552//2552
f 207//207 217//217 2552//2552 2553//2553
f 206//206 281//281 2554//2554 2553//2553
f 529//529 282//282 2554//2554 2555//2555
f 523//523 255//255 2556//2556 2555//2555
f 255//255 291//291 2557//2557 2556//2556
f 266//266 292//292 2557//2557 2558//2558
f 265//265 275//275 2559//2559 2558//2558
f 275//275 545//545 2560//2560 2559//2559
f 545//545 562//562 2561//2561 2560//2560
f 580//580 563//563 2561//2561 2562//2562
f 579//579 596//596 2563//2563 2562//2562
f 596//596 2162//2162 2564//2564 2563//2563
f 2077//2077 2071//2071 2415//2415 2422//2422
f 2087//2087 2077//2077 2422//2422 2421//2421
f 2421//2421 2420//2420 2076//2076 2087//2087
f 2420//2420 2419//2419 2079//2079 2076//2076
f 2078//2078 2079//2079 2419//2419 2423//2423
f 2367//2367 2350//2350 2565//2565 2566//2566
f 2075//2075 2078//2078 2423//2423 2431//2431
f 2431//2431 2424//2424 2081//2081 2075//2075
f 2701//2701 2702//2702 2410//2410 2414//2414
f 2694//2694 2400//2400 2568//2568 2697//2697
f 2366//2366 2383//2383 2567//2567 2566//2566
f 416//416 2572//2572 2571//2571 410//410
f 422//422 2573//2573 2572//2572 416//416
f 428//428 2574//2574 2573//2573 422//422
f 434//434 2575//2575 2574//2574 428//428
f 440//440 2576//2576 2575//2575 434//434
f 446//446 2577//2577 2576//2576 440//440
f 460//460 2578//2578 2583//2583 538//538
f 538//538 2583//2583 2579//2579 534//534
f 534//534 2579//2579 2580//2580 535//535
f 535//535 2580//2580 2581//2581 536//536
f 536//536 2581//2581 2582//2582 537//537
f 470//470 2584//2584 2578//2578 460//460
f 537//537 2582//2582 2585//2585 559//559
f 559//559 2585//2585 2586//2586 576//576
f 576//576 2586//2586 2587//2587 593//593
f 593//593 2587//2587 2588//2588 610//610
f 2176//2176 610//610 2588//2588 2589//2589
f 2193//2193 2176//2176 2589//2589 2590//2590
f 2210//2210 2193//2193 2590//2590 2591//2591
f 2227//2227 2210//2210 2591//2591 2592//2592
f 2244//2244 2227//2227 2592//2592 2593//2593
f 2261//2261 2244//2244 2593//2593 2594//2594
f 2278//2278 2261//2261 2594//2594 2595//2595
f 2295//2295 2278//2278 2595//2595 2596//2596
f 2312//2312 2295//2295 2596//2596 2597//2597
f 2329//2329 2312//2312 2597//2597 2598//2598
f 2346//2346 2329//2329 2598//2598 2599//2599
f 2363//2363 2346//2346 2599//2599 2600//2600
f 2380//2380 2363//2363 2600//2600 2601//2601
f 2397//2397 2380//2380 2601//2601 2602//2602
f 2687//2687 2397//2397 2602//2602 2698//2698
f 2700//2700 2701//2701 2414//2414 2603//2603
f 2084//2084 2081//2081 2424//2424 2604//2604
f 1995//1995 2061//2061 2103//2103 1964//1964
f 1998//1998 2607//2607 2606//2606 1997//1997
f 1986//1986 1979//1979 2608//2608 1985//1985
f 1996//1996 1995//1995 1964//1964 1965//1965
f 1965//1965 1963//1963 1994//1994 1996//1996
f 1962//1962 2610//2610 2609//2609 1960//1960
f 2022//2022 1994//1994 1963//1963 2043//2043
f 2005//2005 2611//2611 2612//2612 2004//2004
f 1979//1979 1955//1955 1954//1954 2608//2608
f 2043//2043 2086//2086 2070//2070 2022//2022
f 1989//1989 2070//2070 2086//2086 1958//1958
f 1990//1990 1989//1989 1958//1958 1959//1959
f 1959//1959 1957//1957 1988//1988 1990//1990
f 1992//1992 2605//2605 2609//2609 1991//1991
f 1968//1968 2615//2615 2606//2606 1966//1966
f 1980//1980 1972//1972 2004//2004 2612//2612
f 2102//2102 1988//1988 1957//1957 2425//2425
f 1956//1956 2614//2614 2608//2608 1954//1954
f 2425//2425 2426//2426 2023//2023 2102//2102
f 1982//1982 2023//2023 2426//2426 1950//1950
f 1984//1984 1982//1982 1950//1950 1953//1953
f 1980//1980 2612//2612 1974//1974 1976//1976
f 1953//1953 1949//1949 1981//1981 1984//1984
f 2006//2006 1981//1981 1949//1949 1977//1977
f 1977//1977 1951//1951 1983//1983 2006//2006
f 2009//2009 1983//1983 2613//2613 2633//2633
f 1986//1986 2011//2011 2633//2633 2613//2613
f 1972//1972 1971//1971 2002//2002 2004//2004
f 2007//2007 2002//2002 1971//1971 1978//1978
f 1978//1978 1970//1970 2001//2001 2007//2007
f 1951//1951 1952//1952 2613//2613 1983//1983
f 1987//1987 2614//2614 2605//2605 1992//1992
f 1999//1999 2615//2615 2611//2611 2005//2005
f 1967//1967 2607//2607 2610//2610 1962//1962
f 2488//2488 2484//2484 2020//2020 2523//2523
f 2617//2617 2618//2618 2616//2616 2028//2028
f 2066//2066 2617//2617 2028//2028 2085//2085
f 2099//2099 2054//2054 2047//2047 2097//2097
f 2622//2622 2521//2521 2044//2044 2620//2620
f 2651//2651 2084//2084 2604//2604 2669//2669
f 2065//2065 2066//2066 2085//2085 2523//2523
f 2651//2651 2669//2669 2531//2531 2082//2082
f 2621//2621 2054//2054 2099//2099 2025//2025
f 2054//2054 2621//2621 2620//2620 2044//2044
f 2620//2620 2621//2621 2617//2617 2066//2066
f 2025//2025 2009//2009 2617//2617 2621//2621
f 2047//2047 2054//2054 2044//2044 2101//2101
f 2063//2063 2047//2047 2101//2101 2095//2095
f 2519//2519 2027//2027 2019//2019 2525//2525
f 2525//2525 2089//2089 2083//2083 2519//2519
f 2509//2509 2082//2082 2531//2531 2529//2529
f 2506//2506 2509//2509 2529//2529 2530//2530
f 2503//2503 2506//2506 2530//2530 2532//2532
f 2500//2500 2503//2503 2532//2532 2534//2534
f 2528//2528 2500//2500 2534//2534 2533//2533
f 2417//2417 2528//2528 2533//2533 2569//2569
f 2623//2623 2417//2417 2569//2569 2535//2535
f 2527//2527 2623//2623 2535//2535 2416//2416
f 2509//2509 2624//2624 2089//2089 2082//2082
f 2492//2492 2417//2417 2049//2049 2050//2050
f 2506//2506 2518//2518 2624//2624 2509//2509
f 2089//2089 2624//2624 2625//2625 2083//2083
f 2498//2498 2501//2501 2628//2628 2630//2630
f 2630//2630 2632//2632 2496//2496 2498//2498
f 2626//2626 2625//2625 2624//2624 2518//2518
f 2518//2518 2627//2627 2628//2628 2626//2626
f 2627//2627 2629//2629 2630//2630 2628//2628
f 2629//2629 2631//2631 2632//2632 2630//2630
f 2503//2503 2627//2627 2518//2518 2506//2506
f 2629//2629 2627//2627 2503//2503 2500//2500
f 2500//2500 2528//2528 2631//2631 2629//2629
f 2496//2496 2632//2632 2493//2493 2494//2494
f 2632//2632 2631//2631 2492//2492 2493//2493
f 2492//2492 2631//2631 2528//2528 2417//2417
f 2057//2057 2045//2045 2038//2038 2039//2039
f 2046//2046 2063//2063 2095//2095 2024//2024
f 2024//2024 2096//2096 2062//2062 2046//2046
f 2096//2096 2088//2088 2072//2072 2062//2062
f 2064//2064 2072//2072 2088//2088 2094//2094
f 2048//2048 2064//2064 2094//2094 2100//2100
f 2055//2055 2048//2048 2100//2100 2067//2067
f 2058//2058 2055//2055 2067//2067 2068//2068
f 2038//2038 2045//2045 2090//2090 2019//2019
f 2019//2019 2027//2027 2526//2526 2038//2038
f 2035//2035 2526//2526 2027//2027 2508//2508
f 2508//2508 2505//2505 2033//2033 2035//2035
f 2034//2034 2033//2033 2505//2505 2502//2502
f 2502//2502 2499//2499 2032//2032 2034//2034
f 2499//2499 2497//2497 2030//2030 2032//2032
f 2031//2031 2030//2030 2497//2497 2495//2495
f 2495//2495 2053//2053 2029//2029 2031//2031
f 1986//1986 2613//2613 1952//1952 1979//1979
f 2012//2012 2026//2026 2633//2633 2011//2011
f 1986//1986 1985//1985 2012//2012 2011//2011
f 2009//2009 2633//2633 2618//2618 2617//2617
f 2572//2572 2635//2635 2634//2634 2571//2571
f 2573//2573 2636//2636 2635//2635 2572//2572
f 2574//2574 2637//2637 2636//2636 2573//2573
f 2575//2575 2638//2638 2637//2637 2574//2574
f 2576//2576 2639//2639 2638//2638 2575//2575
f 2577//2577 2640//2640 2639//2639 2576//2576
f 2578//2578 2641//2641 2646//2646 2583//2583
f 2583//2583 2646//2646 2642//2642 2579//2579
f 2579//2579 2642//2642 2643//2643 2580//2580
f 2580//2580 2643//2643 2644//2644 2581//2581
f 2581//2581 2644//2644 2645//2645 2582//2582
f 2584//2584 2668//2668 2641//2641 2578//2578
f 2582//2582 2645//2645 2647//2647 2585//2585
f 2585//2585 2647//2647 2648//2648 2586//2586
f 2586//2586 2648//2648 2649//2649 2587//2587
f 2587//2587 2649//2649 2650//2650 2588//2588
f 2513//2513 2667//2667 2651//2651 2082//2082
f 2589//2589 2588//2588 2650//2650 2652//2652
f 2590//2590 2589//2589 2652//2652 2653//2653
f 2591//2591 2590//2590 2653//2653 2654//2654
f 2592//2592 2591//2591 2654//2654 2655//2655
f 2593//2593 2592//2592 2655//2655 2656//2656
f 2594//2594 2593//2593 2656//2656 2657//2657
f 2595//2595 2594//2594 2657//2657 2658//2658
f 2596//2596 2595//2595 2658//2658 2659//2659
f 2597//2597 2596//2596 2659//2659 2660//2660
f 2598//2598 2597//2597 2660//2660 2661//2661
f 2599//2599 2598//2598 2661//2661 2662//2662
f 2600//2600 2599//2599 2662//2662 2663//2663
f 2601//2601 2600//2600 2663//2663 2664//2664
f 2602//2602 2601//2601 2664//2664 2665//2665
f 2698//2698 2602//2602 2665//2665 2699//2699
f 2080//2080 2527//2527 2416//2416 2418//2418
f 2071//2071 2080//2080 2418//2418 2415//2415
f 2045//2045 2056//2056 2670//2670 2090//2090
f 2513//2513 2090//2090 2670//2670 2667//2667
f 2068//2068 2670//2670 2056//2056 2058//2058
f 2667//2667 2670//2670 2068//2068 2514//2514
f 2671//2671 2672//2672 2316//2316 2299//2299
f 2671//2671 2673//2673 2281//2281 2298//2298
f 2674//2674 2673//2673 2282//2282 2265//2265
f 2674//2674 2675//2675 2247//2247 2264//2264
f 2676//2676 2675//2675 2248//2248 2231//2231
f 2677//2677 2676//2676 2231//2231 2214//2214
f 2678//2678 2677//2677 2214//2214 2197//2197
f 2679//2679 2678//2678 2197//2197 2180//2180
f 2298//2298 2315//2315 2672//2672 2671//2671
f 2299//2299 2282//2282 2673//2673 2671//2671
f 2264//2264 2281//2281 2673//2673 2674//2674
f 2265//2265 2248//2248 2675//2675 2674//2674
f 2230//2230 2247//2247 2675//2675 2676//2676
f 2213//2213 2230//2230 2676//2676 2677//2677
f 2196//2196 2213//2213 2677//2677 2678//2678
f 2179//2179 2196//2196 2678//2678 2679//2679
f 2672//2672 2570//2570 2333//2333 2316//2316
f 2566//2566 2565//2565 2349//2349 2366//2366
f 2564//2564 2679//2679 2180//2180 2163//2163
f 2315//2315 2332//2332 2570//2570 2672//2672
f 2162//2162 2179//2179 2679//2679 2564//2564
f 2332//2332 2349//2349 2565//2565 2570//2570
f 2066//2066 2065//2065 2622//2622 2620//2620
f 2060//2060 2616//2616 2618//2618 2619//2619
f 2619//2619 2053//2053 2059//2059 2060//2060
f 2053//2053 2052//2052 2042//2042 2059//2059
f 2052//2052 2051//2051 2041//2041 2042//2042
f 2051//2051 2050//2050 2021//2021 2041//2041
f 2050//2050 2049//2049 2020//2020 2021//2021
f 2049//2049 2065//2065 2523//2523 2020//2020
f 2719//2719 2718//2718 2401//2401 2568//2568
f 2718//2718 2717//2717 2402//2402 2401//2401
f 2717//2717 2716//2716 2403//2403 2402//2402
f 2715//2715 2716//2716 2533//2533 2534//2534
f 2714//2714 2715//2715 2534//2534 2532//2532
f 2713//2713 2714//2714 2532//2532 2530//2530
f 2712//2712 2713//2713 2530//2530 2529//2529
f 2712//2712 2700//2700 2603//2603 2666//2666
f 2711//2711 2719//2719 2568//2568 2400//2400
f 2398//2398 2681//2681 2680//2680 2408//2408
f 2405//2405 2683//2683 2682//2682 2409//2409
f 2384//2384 2685//2685 2684//2684 2385//2385
f 2397//2397 2687//2687 2686//2686 2393//2393
f 2409//2409 2682//2682 2686//2686 2410//2410
f 2385//2385 2684//2684 2688//2688 2386//2386
f 2666//2666 2699//2699 2689//2689 2411//2411
f 2404//2404 2690//2690 2681//2681 2398//2398
f 2387//2387 2690//2690 2691//2691 2382//2382
f 2411//2411 2689//2689 2692//2692 2412//2412
f 2408//2408 2680//2680 2693//2693 2407//2407
f 2382//2382 2691//2691 2694//2694 2383//2383
f 2412//2412 2692//2692 2695//2695 2413//2413
f 2407//2407 2693//2693 2696//2696 2406//2406
f 2413//2413 2695//2695 2688//2688 2403//2403
f 2406//2406 2696//2696 2683//2683 2405//2405
f 2568//2568 2401//2401 2685//2685 2697//2697
f 2383//2383 2694//2694 2697//2697 2567//2567
f 2414//2414 2687//2687 2698//2698 2603//2603
f 2603//2603 2698//2698 2699//2699 2666//2666
f 2531//2531 2669//2669 2701//2701 2700//2700
f 2404//2404 2398//2398 2708//2708 2709//2709
f 2412//2412 2413//2413 2715//2715 2714//2714
f 2422//2422 2415//2415 2710//2710 2709//2709
f 2569//2569 2533//2533 2716//2716 2717//2717
f 2415//2415 2418//2418 2711//2711 2710//2710
f 2409//2409 2410//2410 2702//2702 2703//2703
f 2418//2418 2416//2416 2719//2719 2711//2711
f 2407//2407 2406//2406 2705//2705 2706//2706
f 2405//2405 2409//2409 2703//2703 2704//2704
f 2535//2535 2569//2569 2717//2717 2718//2718
f 2666//2666 2411//2411 2713//2713 2712//2712
f 2408//2408 2407//2407 2706//2706 2707//2707
f 2406//2406 2405//2405 2704//2704 2705//2705
f 2529//2529 2531//2531 2700//2700 2712//2712
f 2413//2413 2403//2403 2716//2716 2715//2715
f 2398//2398 2408//2408 2707//2707 2708//2708
f 2669//2669 2604//2604 2702//2702 2701//2701
f 2411//2411 2412//2412 2714//2714 2713//2713
f 2416//2416 2535//2535 2718//2718 2719//2719
f 2633//2633 2026//2026 2619//2619 2618//2618
f 437//437 2727//2727 2726//2726 431//431
f 540//540 2733//2733 2730//2730 463//463
f 431//431 2726//2726 2725//2725 425//425
f 298//298 2722//2722 2720//2720 262//262
f 473//473 2731//2731 2732//2732 539//539
f 272//272 2721//2721 2722//2722 298//298
f 463//463 2730//2730 2731//2731 473//473
f 425//425 2725//2725 2724//2724 419//419
f 539//539 2732//2732 2721//2721 272//272
f 449//449 2729//2729 2728//2728 443//443
f 419//419 2724//2724 2723//2723 413//413
f 443//443 2728//2728 2727//2727 437//437
f 2728//2728 2742//2742 2741//2741 2727//2727
f 2721//2721 2735//2735 2736//2736 2722//2722
f 2729//2729 2743//2743 2742//2742 2728//2728
f 2724//2724 2738//2738 2737//2737 2723//2723
f 2733//2733 2747//2747 2744//2744 2730//2730
f 2725//2725 2739//2739 2738//2738 2724//2724
f 2730//2730 2744//2744 2745//2745 2731//2731
f 2726//2726 2740//2740 2739//2739 2725//2725
f 2731//2731 2745//2745 2746//2746 2732//2732
f 2727//2727 2741//2741 2740//2740 2726//2726
f 2722//2722 2736//2736 2734//2734 2720//2720
f 2732//2732 2746//2746 2735//2735 2721//2721
f 2746//2746 2760//2760 2749//2749 2735//2735
f 2742//2742 2756//2756 2755//2755 2741//2741
f 2735//2735 2749//2749 2750//2750 2736//2736
f 2743//2743 2757//2757 2756//2756 2742//2742
f 2738//2738 2752//2752 2751//2751 2737//2737
f 2747//2747 2761//2761 2758//2758 2744//2744
f 2739//2739 2753//2753 2752//2752 2738//2738
f 2744//2744 2758//2758 2759//2759 2745//2745
f 2740//2740 2754//2754 2753//2753 2739//2739
f 2745//2745 2759//2759 2760//2760 2746//2746
f 2741//2741 2755//2755 2754//2754 2740//2740
f 2736//2736 2750//2750 2748//2748 2734//2734
f 2760//2760 2774//2774 2763//2763 2749//2749
f 2756//2756 2770//2770 2769//2769 2755//2755
f 2749//2749 2763//2763 2764//2764 2750//2750
f 2757//2757 2771//2771 2770//2770 2756//2756
f 2752//2752 2766//2766 2765//2765 2751//2751
f 2761//2761 2775//2775 2772//2772 2758//2758
f 2753//2753 2767//2767 2766//2766 2752//2752
f 2758//2758 2772//2772 2773//2773 2759//2759
f 2754//2754 2768//2768 2767//2767 2753//2753
f 2759//2759 2773//2773 2774//2774 2760//2760
f 2755//2755 2769//2769 2768//2768 2754//2754
f 2750//2750 2764//2764 2762//2762 2748//2748
f 2774//2774 2788//2788 2777//2777 2763//2763
f 2770//2770 2784//2784 2783//2783 2769//2769
f 2763//2763 2777//2777 2778//2778 2764//2764
f 2771//2771 2785//2785 2784//2784 2770//2770
f 2766//2766 2780//2780 2779//2779 2765//2765
f 2775//2775 2789//2789 2786//2786 2772//2772
f 2767//2767 2781//2781 2780//2780 2766//2766
f 2772//2772 2786//2786 2787//2787 2773//2773
f 2768//2768 2782//2782 2781//2781 2767//2767
f 2773//2773 2787//2787 2788//2788 2774//2774
f 2769//2769 2783//2783 2782//2782 2768//2768
f 2764//2764 2778//2778 2776//2776 2762//2762
f 2788//2788 2802//2802 2791//2791 2777//2777
f 2784//2784 2798//2798 2797//2797 2783//2783
f 2777//2777 2791//2791 2792//2792 2778//2778
f 2785//2785 2799//2799 2798//2798 2784//2784
f 2780//2780 2794//2794 2793//2793 2779//2779
f 2789//2789 2803//2803 2800//2800 2786//2786
f 2781//2781 2795//2795 2794//2794 2780//2780
f 2786//2786 2800//2800 2801//2801 2787//2787
f 2782//2782 2796//2796 2795//2795 2781//2781
f 2787//2787 2801//2801 2802//2802 2788//2788
f 2783//2783 2797//2797 2796//2796 2782//2782
f 2778//2778 2792//2792 2790//2790 2776//2776
f 2792//2792 2806//2806 2804//2804 2790//2790
f 2802//2802 2816//2816 2805//2805 2791//2791
f 2798//2798 2812//2812 2811//2811 2797//2797
f 2791//2791 2805//2805 2806//2806 2792//2792
f 2799//2799 2813//2813 2812//2812 2798//2798
f 2794//2794 2808//2808 2807//2807 2793//2793
f 2803//2803 2817//2817 2814//2814 2800//2800
f 2795//2795 2809//2809 2808//2808 2794//2794
f 2800//2800 2814//2814 2815//2815 2801//2801
f 2796//2796 2810//2810 2809//2809 2795//2795
f 2801//2801 2815//2815 2816//2816 2802//2802
f 2797//2797 2811//2811 2810//2810 2796//2796
f 2811//2811 2825//2825 2824//2824 2810//2810
f 2806//2806 2820//2820 2818//2818 2804//2804
f 2816//2816 2830//2830 2819//2819 2805//2805
f 2812//2812 2826//2826 2825//2825 2811//2811
f 2805//2805 2819//2819 2820//2820 2806//2806
f 2813//2813 2827//2827 2826//2826 2812//2812
f 2808//2808 2822//2822 2821//2821 2807//2807
f 2817//2817 2831//2831 2828//2828 2814//2814
f 2809//2809 2823//2823 2822//2822 2808//2808
f 2814//2814 2828//2828 2829//2829 2815//2815
f 2810//2810 2824//2824 2823//2823 2809//2809
f 2815//2815 2829//2829 2830//2830 2816//2816
f 2937//2937 2844//2844 2845//2845 2936//2936
f 2825//2825 2840//2840 2839//2839 2824//2824
f 2939//2939 2834//2834 2832//2832 2938//2938
f 2936//2936 2845//2845 2833//2833 2940//2940
f 2826//2826 2841//2841 2840//2840 2825//2825
f 2940//2940 2833//2833 2834//2834 2939//2939
f 2827//2827 2842//2842 2841//2841 2826//2826
f 2822//2822 2837//2837 2836//2836 2821//2821
f 2823//2823 2838//2838 2837//2837 2822//2822
f 2824//2824 2839//2839 2838//2838 2823//2823
f 2844//2844 2858//2858 2859//2859 2845//2845
f 2943//2943 2855//2855 2854//2854 2942//2942
f 2834//2834 2849//2849 2847//2847 2832//2832
f 2845//2845 2859//2859 2848//2848 2833//2833
f 2944//2944 2856//2856 2855//2855 2943//2943
f 2833//2833 2848//2848 2849//2849 2834//2834
f 2945//2945 2857//2857 2856//2856 2944//2944
f 404//404 403//403 408//408 450//450
f 2947//2947 2852//2852 2851//2851 2946//2946
f 2949//2949 2853//2853 2852//2852 2947//2947
f 2942//2942 2854//2854 2853//2853 2949//2949
f 2861//2861 720//720 288//288 531//531
f 719//719 720//720 2861//2861 2862//2862
f 2720//2720 2734//2734 2862//2862 2861//2861
f 2734//2734 2748//2748 2863//2863 2862//2862
f 718//718 719//719 2862//2862 2863//2863
f 2899//2899 2900//2900 2877//2877 2883//2883
f 2790//2790 2804//2804 2899//2899 2898//2898
f 2899//2899 2883//2883 2889//2889 2898//2898
f 2776//2776 2790//2790 2898//2898 2864//2864
f 2953//2953 2850//2850 2843//2843 2948//2948
f 2898//2898 2889//2889 2895//2895 2864//2864
f 2948//2948 2843//2843 2866//2866 2951//2951
f 716//716 2870//2870 2869//2869 715//715
f 2952//2952 2835//2835 2850//2850 2953//2953
f 2762//2762 2776//2776 2864//2864 2865//2865
f 2884//2884 2874//2874 2872//2872 2886//2886
f 2870//2870 2876//2876 2875//2875 2869//2869
f 2864//2864 2895//2895 717//717 2865//2865
f 2886//2886 2872//2872 2868//2868 2890//2890
f 2880//2880 2878//2878 2874//2874 2884//2884
f 2892//2892 2884//2884 2886//2886 2873//2873
f 2873//2873 2886//2886 2890//2890 2867//2867
f 2896//2896 2880//2880 2884//2884 2892//2892
f 2876//2876 2882//2882 2881//2881 2875//2875
f 2748//2748 2762//2762 2865//2865 2863//2863
f 2891//2891 2896//2896 2892//2892 2897//2897
f 2879//2879 2873//2873 2867//2867 2885//2885
f 2897//2897 2892//2892 2873//2873 2879//2879
f 2882//2882 2888//2888 2887//2887 2881//2881
f 717//717 718//718 2863//2863 2865//2865
f 714//714 2891//2891 2897//2897 713//713
f 746//746 2879//2879 2885//2885 742//742
f 713//713 2897//2897 2879//2879 746//746
f 2955//2955 2894//2894 2893//2893 2954//2954
f 716//716 717//717 2895//2895 2870//2870
f 2876//2876 2870//2870 2895//2895 2889//2889
f 2882//2882 2876//2876 2889//2889 2883//2883
f 2882//2882 2883//2883 2877//2877 2888//2888
f 2955//2955 2956//2956 2871//2871 2894//2894
f 2804//2804 2818//2818 2900//2900 2899//2899
f 2950//2950 2901//2901 2871//2871 2956//2956
f 2938//2938 2832//2832 2901//2901 2950//2950
f 714//714 715//715 2869//2869 2891//2891
f 2869//2869 2875//2875 2896//2896 2891//2891
f 2880//2880 2896//2896 2875//2875 2881//2881
f 2878//2878 2880//2880 2881//2881 2887//2887
f 2952//2952 2878//2878 2887//2887 2954//2954
f 2957//2957 2937//2937 2829//2829 2828//2828
f 2941//2941 2957//2957 2828//2828 2831//2831
f 2904//2904 2909//2909 2908//2908 2903//2903
f 2905//2905 2910//2910 2909//2909 2904//2904
f 2906//2906 2911//2911 2910//2910 2905//2905
f 2907//2907 2912//2912 2911//2911 2906//2906
f 2909//2909 2914//2914 2913//2913 2908//2908
f 2910//2910 2915//2915 2914//2914 2909//2909
f 2911//2911 2916//2916 2915//2915 2910//2910
f 2912//2912 2917//2917 2916//2916 2911//2911
f 2913//2913 2914//2914 2915//2915 2918//2918
f 2915//2915 2916//2916 2917//2917 2918//2918
f 2904//2904 2903//2903 2866//2866 2843//2843
f 2893//2893 2922//2922 2919//2919 2835//2835
f 2894//2894 2923//2923 2922//2922 2893//2893
f 2901//2901 2924//2924 2921//2921 2871//2871
f 2871//2871 2921//2921 2923//2923 2894//2894
f 2835//2835 2919//2919 2920//2920 2850//2850
f 2832//2832 2847//2847 2924//2924 2901//2901
f 2843//2843 2850//2850 2920//2920 2904//2904
f 2923//2923 2934//2934 2933//2933 2922//2922
f 2921//2921 2932//2932 2934//2934 2923//2923
f 2858//2858 2928//2928 2929//2929 2859//2859
f 2924//2924 2935//2935 2932//2932 2921//2921
f 2859//2859 2929//2929 2926//2926 2848//2848
f 2922//2922 2933//2933 2930//2930 2919//2919
f 2847//2847 2925//2925 2935//2935 2924//2924
f 2849//2849 2927//2927 2925//2925 2847//2847
f 2848//2848 2926//2926 2927//2927 2849//2849
f 2919//2919 2930//2930 2931//2931 2920//2920
f 2920//2920 2931//2931 2905//2905 2904//2904
f 2829//2829 2937//2937 2936//2936 2830//2830
f 2820//2820 2939//2939 2938//2938 2818//2818
f 2830//2830 2936//2936 2940//2940 2819//2819
f 2819//2819 2940//2940 2939//2939 2820//2820
f 2840//2840 2943//2943 2942//2942 2839//2839
f 2841//2841 2944//2944 2943//2943 2840//2840
f 2842//2842 2945//2945 2944//2944 2841//2841
f 2837//2837 2947//2947 2946//2946 2836//2836
f 2838//2838 2949//2949 2947//2947 2837//2837
f 2839//2839 2942//2942 2949//2949 2838//2838
f 2874//2874 2953//2953 2948//2948 2872//2872
f 2872//2872 2948//2948 2951//2951 2868//2868
f 2878//2878 2952//2952 2953//2953 2874//2874
f 2888//2888 2955//2955 2954//2954 2887//2887
f 2888//2888 2877//2877 2956//2956 2955//2955
f 2900//2900 2950//2950 2956//2956 2877//2877
f 2818//2818 2938//2938 2950//2950 2900//2900
f 2835//2835 2952//2952 2954//2954 2893//2893
f 2902//2902 2844//2844 2937//2937 2957//2957
f 2846//2846 2902//2902 2957//2957 2941//2941
f 2925//2925 2965//2965 2966//2966 2935//2935
f 2932//2932 2958//2958 2967//2967 2934//2934
f 2926//2926 2964//2964 2963//2963 2927//2927
f 2930//2930 2960//2960 2959//2959 2931//2931
f 2931//2931 2959//2959 2906//2906 2905//2905
f 2934//2934 2967//2967 2968//2968 2933//2933
f 2928//2928 2962//2962 2961//2961 2929//2929
f 2935//2935 2966//2966 2958//2958 2932//2932
f 2933//2933 2968//2968 2960//2960 2930//2930
f 2927//2927 2963//2963 2965//2965 2925//2925
f 2929//2929 2961//2961 2964//2964 2926//2926
f 2962//2962 2928//2928 2970//2970 2971//2971
f 2928//2928 2858//2858 2969//2969 2970//2970
f 2858//2858 2844//2844 2902//2902 2969//2969
f 2846//2846 2860//2860 2969//2969 2902//2902
f 2856//2856 2977//2977 2976//2976 2855//2855
f 2852//2852 2973//2973 2972//2972 2851//2851
f 2855//2855 2976//2976 2975//2975 2854//2854
f 2854//2854 2975//2975 2974//2974 2853//2853
f 2857//2857 2978//2978 2977//2977 2856//2856
f 2853//2853 2974//2974 2973//2973 2852//2852
f 2974//2974 2981//2981 2980//2980 2973//2973
f 2977//2977 2984//2984 2983//2983 2976//2976
f 2973//2973 2980//2980 2979//2979 2972//2972
f 2976//2976 2983//2983 2982//2982 2975//2975
f 2975//2975 2982//2982 2981//2981 2974//2974
f 2978//2978 2985//2985 2984//2984 2977//2977
f 2860//2860 2993//2993 2970//2970 2969//2969
f 2993//2993 2994//2994 2971//2971 2970//2970
f 3184//3184 3002//3002 3001//3001 3183//3183
f 3186//3186 2997//2997 2996//2996 3185//3185
f 3187//3187 2998//2998 2997//2997 3186//3186
f 3189//3189 2999//2999 2998//2998 3187//3187
f 3190//3190 3000//3000 2999//2999 3189//3189
f 3188//3188 3003//3003 2995//2995 3191//3191
f 3183//3183 3001//3001 3000//3000 3190//3190
f 3003//3003 3005//3005 3004//3004 2995//2995
f 3007//3007 3015//3015 3014//3014 3006//3006
f 3008//3008 3016//3016 3015//3015 3007//3007
f 3009//3009 3017//3017 3016//3016 3008//3008
f 3010//3010 3018//3018 3017//3017 3009//3009
f 3011//3011 3019//3019 3018//3018 3010//3010
f 3012//3012 3020//3020 3019//3019 3011//3011
f 3015//3015 3024//3024 3023//3023 3014//3014
f 3016//3016 3025//3025 3024//3024 3015//3015
f 3021//3021 3030//3030 3022//3022 3013//3013
f 3017//3017 3026//3026 3025//3025 3016//3016
f 3018//3018 3027//3027 3026//3026 3017//3017
f 3019//3019 3028//3028 3027//3027 3018//3018
f 3020//3020 3029//3029 3028//3028 3019//3019
f 3029//3029 3038//3038 3037//3037 3028//3028
f 3024//3024 3033//3033 3032//3032 3023//3023
f 3025//3025 3034//3034 3033//3033 3024//3024
f 3030//3030 3039//3039 3031//3031 3022//3022
f 3026//3026 3035//3035 3034//3034 3025//3025
f 3027//3027 3036//3036 3035//3035 3026//3026
f 3028//3028 3037//3037 3036//3036 3027//3027
f 3038//3038 3047//3047 3046//3046 3037//3037
f 3033//3033 3042//3042 3041//3041 3032//3032
f 3034//3034 3043//3043 3042//3042 3033//3033
f 3039//3039 3048//3048 3040//3040 3031//3031
f 3035//3035 3044//3044 3043//3043 3034//3034
f 3036//3036 3045//3045 3044//3044 3035//3035
f 3037//3037 3046//3046 3045//3045 3036//3036
f 3043//3043 3052//3052 3051//3051 3042//3042
f 3048//3048 3057//3057 3049//3049 3040//3040
f 3044//3044 3053//3053 3052//3052 3043//3043
f 3045//3045 3054//3054 3053//3053 3044//3044
f 3046//3046 3055//3055 3054//3054 3045//3045
f 3047//3047 3056//3056 3055//3055 3046//3046
f 3042//3042 3051//3051 3050//3050 3041//3041
f 3051//3051 3060//3060 3059//3059 3050//3050
f 3057//3057 3065//3065 3058//3058 3049//3049
f 3054//3054 3062//3062 3061//3061 3053//3053
f 3055//3055 3063//3063 3062//3062 3054//3054
f 3056//3056 3064//3064 3063//3063 3055//3055
f 3193//3193 3066//3066 3069//3069 3192//3192
f 3195//3195 3070//3070 3071//3071 3194//3194
f 3192//3192 3069//3069 3068//3068 3196//3196
f 3196//3196 3068//3068 3070//3070 3195//3195
f 3197//3197 3067//3067 3066//3066 3193//3193
f 3067//3067 3073//3073 3072//3072 3066//3066
f 3066//3066 3072//3072 3075//3075 3069//3069
f 3070//3070 3076//3076 3077//3077 3071//3071
f 3069//3069 3075//3075 3074//3074 3068//3068
f 3068//3068 3074//3074 3076//3076 3070//3070
f 3079//3079 3085//3085 3084//3084 3078//3078
f 3078//3078 3084//3084 3087//3087 3081//3081
f 3082//3082 3088//3088 3089//3089 3083//3083
f 3081//3081 3087//3087 3086//3086 3080//3080
f 3080//3080 3086//3086 3088//3088 3082//3082
f 3085//3085 3091//3091 3090//3090 3084//3084
f 3084//3084 3090//3090 3093//3093 3087//3087
f 3088//3088 3094//3094 3095//3095 3089//3089
f 3087//3087 3093//3093 3092//3092 3086//3086
f 3086//3086 3092//3092 3094//3094 3088//3088
f 3091//3091 3097//3097 3096//3096 3090//3090
f 3090//3090 3096//3096 3099//3099 3093//3093
f 3094//3094 3100//3100 3101//3101 3095//3095
f 3093//3093 3099//3099 3098//3098 3092//3092
f 3092//3092 3098//3098 3100//3100 3094//3094
f 3097//3097 3103//3103 3102//3102 3096//3096
f 3096//3096 3102//3102 3105//3105 3099//3099
f 3100//3100 3106//3106 3107//3107 3101//3101
f 3099//3099 3105//3105 3104//3104 3098//3098
f 3098//3098 3104//3104 3106//3106 3100//3100
f 3103//3103 3109//3109 3108//3108 3102//3102
f 3102//3102 3108//3108 3111//3111 3105//3105
f 3113//3113 3112//3112 3213//3213 3205//3205
f 3105//3105 3111//3111 3110//3110 3104//3104
f 3207//3207 3215//3215 3214//3214 3206//3206
f 3197//3197 3191//3191 2995//2995 3067//3067
f 2995//2995 3004//3004 3073//3073 3067//3067
f 3013//3013 3022//3022 3085//3085 3079//3079
f 3022//3022 3031//3031 3091//3091 3085//3085
f 3031//3031 3040//3040 3097//3097 3091//3091
f 3040//3040 3049//3049 3103//3103 3097//3097
f 3049//3049 3058//3058 3109//3109 3103//3103
f 3116//3116 3122//3122 3155//3155 3154//3154
f 3160//3160 3118//3118 3119//3119 3161//3161
f 3161//3161 3119//3119 3117//3117 3166//3166
f 3166//3166 3117//3117 3116//3116 3162//3162
f 3165//3165 3115//3115 3118//3118 3160//3160
f 3115//3115 3121//3121 3124//3124 3118//3118
f 3119//3119 3125//3125 3123//3123 3117//3117
f 3118//3118 3124//3124 3125//3125 3119//3119
f 3154//3154 3155//3155 3120//3120 3114//3114
f 3117//3117 3123//3123 3122//3122 3116//3116
f 3127//3127 3133//3133 3136//3136 3130//3130
f 3131//3131 3137//3137 3135//3135 3129//3129
f 3130//3130 3136//3136 3137//3137 3131//3131
f 3156//3156 3157//3157 3132//3132 3126//3126
f 3129//3129 3135//3135 3134//3134 3128//3128
f 3133//3133 3139//3139 3142//3142 3136//3136
f 3137//3137 3143//3143 3141//3141 3135//3135
f 3136//3136 3142//3142 3143//3143 3137//3137
f 3157//3157 3158//3158 3138//3138 3132//3132
f 3135//3135 3141//3141 3140//3140 3134//3134
f 3139//3139 3145//3145 3148//3148 3142//3142
f 3143//3143 3149//3149 3147//3147 3141//3141
f 3142//3142 3148//3148 3149//3149 3143//3143
f 3158//3158 3159//3159 3144//3144 3138//3138
f 3141//3141 3147//3147 3146//3146 3140//3140
f 3145//3145 3150//3150 3152//3152 3148//3148
f 3148//3148 3152//3152 3153//3153 3149//3149
f 3128//3128 3134//3134 3157//3157 3156//3156
f 3134//3134 3140//3140 3158//3158 3157//3157
f 3140//3140 3146//3146 3159//3159 3158//3158
f 3168//3168 3170//3170 3169//3169 3167//3167
f 3168//3168 3175//3175 3176//3176 3170//3170
f 3175//3175 3179//3179 3180//3180 3176//3176
f 3163//3163 3162//3162 3116//3116 3154//3154
f 3154//3154 3114//3114 3164//3164 3163//3163
f 2992//2992 3184//3184 3183//3183 2991//2991
f 2987//2987 3186//3186 3185//3185 2986//2986
f 2988//2988 3187//3187 3186//3186 2987//2987
f 2989//2989 3189//3189 3187//3187 2988//2988
f 450//450 408//408 458//458 454//454
f 2990//2990 3190//3190 3189//3189 2989//2989
f 2991//2991 3183//3183 3190//3190 2990//2990
f 3089//3089 3095//3095 3139//3139 3133//3133
f 3071//3071 3077//3077 3121//3121 3115//3115
f 3194//3194 3071//3071 3115//3115 3165//3165
f 3101//3101 3107//3107 3150//3150 3145//3145
f 3083//3083 3089//3089 3133//3133 3127//3127
f 3095//3095 3101//3101 3145//3145 3139//3139
f 408//408 409//409 459//459 458//458
f 409//409 410//410 470//470 459//459
f 2584//2584 470//470 410//410 2571//2571
f 2668//2668 2584//2584 2571//2571 2634//2634
f 2634//2634 411//411 542//542 2668//2668
f 411//411 412//412 541//541 542//542
f 412//412 413//413 540//540 541//541
f 2733//2733 540//540 413//413 2723//2723
f 2723//2723 2737//2737 2747//2747 2733//2733
f 2737//2737 2751//2751 2761//2761 2747//2747
f 2751//2751 2765//2765 2775//2775 2761//2761
f 2765//2765 2779//2779 2789//2789 2775//2775
f 2779//2779 2793//2793 2803//2803 2789//2789
f 2793//2793 2807//2807 2817//2817 2803//2803
f 2807//2807 2821//2821 2831//2831 2817//2817
f 2941//2941 2831//2831 2821//2821 2836//2836
f 2836//2836 2946//2946 2846//2846 2941//2941
f 2946//2946 2851//2851 2860//2860 2846//2846
f 2851//2851 2972//2972 2993//2993 2860//2860
f 2972//2972 2979//2979 2994//2994 2993//2993
f 2986//2986 3185//3185 3003//3003 3188//3188
f 3185//3185 2996//2996 3005//3005 3003//3003
f 3006//3006 3014//3014 3030//3030 3021//3021
f 3014//3014 3023//3023 3039//3039 3030//3030
f 3023//3023 3032//3032 3048//3048 3039//3039
f 3032//3032 3041//3041 3057//3057 3048//3048
f 3065//3065 3057//3057 3041//3041 3050//3050
f 3147//3147 3149//3149 3153//3153 3151//3151
f 3203//3203 3111//3111 3108//3108 3200//3200
f 3109//3109 3201//3201 3200//3200 3108//3108
f 3058//3058 3198//3198 3201//3201 3109//3109
f 3113//3113 3153//3153 3152//3152 3204//3204
f 3111//3111 3203//3203 3202//3202 3110//3110
f 3198//3198 3058//3058 3065//3065 3199//3199
f 3153//3153 3113//3113 3205//3205 3151//3151
f 3107//3107 3207//3207 3206//3206 3150//3150
f 3204//3204 3152//3152 3150//3150 3206//3206
f 3050//3050 3059//3059 3199//3199 3065//3065
f 4454//4454 4453//4453 3180//3180 3209//3209
f 3209//3209 3180//3180 3179//3179 3208//3208
f 3212//3212 3204//3204 3206//3206 3214//3214
f 3112//3112 3113//3113 3204//3204 3212//3212
f 3217//3217 3209//3209 3208//3208 3216//3216
f 4455//4455 4454//4454 3209//3209 3217//3217
f 3221//3221 3217//3217 3216//3216 3220//3220
f 4456//4456 4455//4455 3217//3217 3221//3221
f 3215//3215 3207//3207 3225//3225 3226//3226
f 3225//3225 3207//3207 3107//3107 3106//3106
f 3106//3106 3104//3104 3110//3110 3225//3225
f 3226//3226 3225//3225 3110//3110 3202//3202
f 3061//3061 3224//3224 3052//3052 3053//3053
f 3224//3224 3227//3227 3051//3051 3052//3052
f 3227//3227 3228//3228 3060//3060 3051//3051
f 4457//4457 4456//4456 3221//3221 3243//3243
f 3238//3238 3212//3212 3214//3214 3240//3240
f 3059//3059 3229//3229 3233//3233 3199//3199
f 3228//3228 3247//3247 3230//3230 3060//3060
f 3201//3201 3235//3235 3234//3234 3200//3200
f 3215//3215 3241//3241 3240//3240 3214//3214
f 3198//3198 3232//3232 3235//3235 3201//3201
f 3241//3241 3215//3215 3226//3226 3246//3246
f 3232//3232 3198//3198 3199//3199 3233//3233
f 3112//3112 3231//3231 3239//3239 3213//3213
f 3237//3237 3203//3203 3200//3200 3234//3234
f 3203//3203 3237//3237 3236//3236 3202//3202
f 3243//3243 3221//3221 3220//3220 3242//3242
f 3060//3060 3230//3230 3229//3229 3059//3059
f 3202//3202 3236//3236 3246//3246 3226//3226
f 3231//3231 3112//3112 3212//3212 3238//3238
f 3229//3229 3248//3248 3252//3252 3233//3233
f 3251//3251 3232//3232 3233//3233 3252//3252
f 3250//3250 3231//3231 3238//3238 3257//3257
f 3256//3256 3237//3237 3234//3234 3253//3253
f 3230//3230 3249//3249 3248//3248 3229//3229
f 3262//3262 3243//3243 3242//3242 3261//3261
f 3237//3237 3256//3256 3255//3255 3236//3236
f 3257//3257 3238//3238 3240//3240 3259//3259
f 3260//3260 3241//3241 3246//3246 3265//3265
f 4458//4458 4457//4457 3243//3243 3262//3262
f 3235//3235 3254//3254 3253//3253 3234//3234
f 3231//3231 3250//3250 3258//3258 3239//3239
f 3236//3236 3255//3255 3265//3265 3246//3246
f 3232//3232 3251//3251 3254//3254 3235//3235
f 3241//3241 3260//3260 3259//3259 3240//3240
f 3247//3247 3266//3266 3249//3249 3230//3230
f 4816//4816 4797//4797 3277//3277 3269//3269
f 4798//4798 3280//3280 3277//3277 4797//4797
f 4799//4799 4798//4798 3299//3299 3300//3300
f 4800//4800 4799//4799 3300//3300 4460//4460
f 4800//4800 4460//4460 3301//3301 4801//4801
f 4802//4802 3283//3283 3282//3282 4801//4801
f 4803//4803 3285//3285 3283//3283 4802//4802
f 4803//4803 4804//4804 3268//3268 3285//3285
f 4804//4804 4805//4805 3267//3267 3268//3268
f 4805//4805 4806//4806 3271//3271 3267//3267
f 4807//4807 4806//4806 3290//3290 3289//3289
f 4807//4807 4808//4808 3273//3273 3270//3270
f 3332//3332 3313//3313 3310//3310 3329//3329
f 3306//3306 3325//3325 3324//3324 3305//3305
f 3338//3338 3319//3319 3318//3318 3337//3337
f 3313//3313 3332//3332 3331//3331 3312//3312
f 3333//3333 3314//3314 3316//3316 3335//3335
f 3336//3336 3317//3317 3322//3322 3341//3341
f 4462//4462 4461//4461 3319//3319 3338//3338
f 3311//3311 3330//3330 3329//3329 3310//3310
f 3307//3307 3326//3326 3334//3334 3315//3315
f 3312//3312 3331//3331 3341//3341 3322//3322
f 3308//3308 3327//3327 3330//3330 3311//3311
f 3317//3317 3336//3336 3335//3335 3316//3316
f 3323//3323 3342//3342 3325//3325 3306//3306
f 3305//3305 3324//3324 3328//3328 3309//3309
f 3327//3327 3308//3308 3309//3309 3328//3328
f 3326//3326 3307//3307 3314//3314 3333//3333
f 3331//3331 3350//3350 3360//3360 3341//3341
f 3327//3327 3346//3346 3349//3349 3330//3330
f 3336//3336 3355//3355 3354//3354 3335//3335
f 3342//3342 3361//3361 3344//3344 3325//3325
f 3324//3324 3343//3343 3347//3347 3328//3328
f 3346//3346 3327//3327 3328//3328 3347//3347
f 3345//3345 3326//3326 3333//3333 3352//3352
f 3351//3351 3332//3332 3329//3329 3348//3348
f 3325//3325 3344//3344 3343//3343 3324//3324
f 3357//3357 3338//3338 3337//3337 3356//3356
f 3332//3332 3351//3351 3350//3350 3331//3331
f 3352//3352 3333//3333 3335//3335 3354//3354
f 3355//3355 3336//3336 3341//3341 3360//3360
f 4463//4463 4462//4462 3338//3338 3357//3357
f 3330//3330 3349//3349 3348//3348 3329//3329
f 3326//3326 3345//3345 3353//3353 3334//3334
f 3364//3364 3345//3345 3352//3352 3371//3371
f 3370//3370 3351//3351 3348//3348 3367//3367
f 3344//3344 3363//3363 3362//3362 3343//3343
f 3376//3376 3357//3357 3356//3356 3375//3375
f 3351//3351 3370//3370 3369//3369 3350//3350
f 3371//3371 3352//3352 3354//3354 3373//3373
f 3374//3374 3355//3355 3360//3360 3379//3379
f 4464//4464 4463//4463 3357//3357 3376//3376
f 3349//3349 3368//3368 3367//3367 3348//3348
f 3345//3345 3364//3364 3372//3372 3353//3353
f 3350//3350 3369//3369 3379//3379 3360//3360
f 3346//3346 3365//3365 3368//3368 3349//3349
f 3355//3355 3374//3374 3373//3373 3354//3354
f 3361//3361 3380//3380 3363//3363 3344//3344
f 3343//3343 3362//3362 3366//3366 3347//3347
f 3365//3365 3346//3346 3347//3347 3366//3366
f 3369//3369 3388//3388 3398//3398 3379//3379
f 3365//3365 3384//3384 3387//3387 3368//3368
f 3374//3374 3393//3393 3392//3392 3373//3373
f 3380//3380 3399//3399 3382//3382 3363//3363
f 3362//3362 3381//3381 3385//3385 3366//3366
f 3384//3384 3365//3365 3366//3366 3385//3385
f 3383//3383 3364//3364 3371//3371 3390//3390
f 3389//3389 3370//3370 3367//3367 3386//3386
f 3363//3363 3382//3382 3381//3381 3362//3362
f 3395//3395 3376//3376 3375//3375 3394//3394
f 3370//3370 3389//3389 3388//3388 3369//3369
f 3390//3390 3371//3371 3373//3373 3392//3392
f 3393//3393 3374//3374 3379//3379 3398//3398
f 4465//4465 4464//4464 3376//3376 3395//3395
f 3368//3368 3387//3387 3386//3386 3367//3367
f 3364//3364 3383//3383 3391//3391 3372//3372
f 3402//3402 3383//3383 3390//3390 3409//3409
f 3408//3408 3389//3389 3386//3386 3405//3405
f 3382//3382 3401//3401 3400//3400 3381//3381
f 3414//3414 3395//3395 3394//3394 3413//3413
f 3389//3389 3408//3408 3407//3407 3388//3388
f 3409//3409 3390//3390 3392//3392 3411//3411
f 3412//3412 3393//3393 3398//3398 3417//3417
f 4466//4466 4465//4465 3395//3395 3414//3414
f 3387//3387 3406//3406 3405//3405 3386//3386
f 3383//3383 3402//3402 3410//3410 3391//3391
f 3388//3388 3407//3407 3417//3417 3398//3398
f 3384//3384 3403//3403 3406//3406 3387//3387
f 3393//3393 3412//3412 3411//3411 3392//3392
f 3399//3399 3418//3418 3401//3401 3382//3382
f 3381//3381 3400//3400 3404//3404 3385//3385
f 3403//3403 3384//3384 3385//3385 3404//3404
f 3402//3402 3421//3421 3429//3429 3410//3410
f 3407//3407 3426//3426 3436//3436 3417//3417
f 3403//3403 3422//3422 3425//3425 3406//3406
f 3412//3412 3431//3431 3430//3430 3411//3411
f 3418//3418 3437//3437 3420//3420 3401//3401
f 3400//3400 3419//3419 3423//3423 3404//3404
f 3422//3422 3403//3403 3404//3404 3423//3423
f 3421//3421 3402//3402 3409//3409 3428//3428
f 3427//3427 3408//3408 3405//3405 3424//3424
f 3401//3401 3420//3420 3419//3419 3400//3400
f 3433//3433 3414//3414 3413//3413 3432//3432
f 3408//3408 3427//3427 3426//3426 3407//3407
f 3428//3428 3409//3409 3411//3411 3430//3430
f 3431//3431 3412//3412 3417//3417 3436//3436
f 4467//4467 4466//4466 3414//3414 3433//3433
f 3406//3406 3425//3425 3424//3424 3405//3405
f 3440//3440 3421//3421 3428//3428 3447//3447
f 3446//3446 3427//3427 3424//3424 3443//3443
f 3420//3420 3439//3439 3438//3438 3419//3419
f 3452//3452 3433//3433 3432//3432 3451//3451
f 3427//3427 3446//3446 3445//3445 3426//3426
f 3447//3447 3428//3428 3430//3430 3449//3449
f 3450//3450 3431//3431 3436//3436 3455//3455
f 4468//4468 4467//4467 3433//3433 3452//3452
f 3425//3425 3444//3444 3443//3443 3424//3424
f 3421//3421 3440//3440 3448//3448 3429//3429
f 3426//3426 3445//3445 3455//3455 3436//3436
f 3422//3422 3441//3441 3444//3444 3425//3425
f 3431//3431 3450//3450 3449//3449 3430//3430
f 3437//3437 3456//3456 3439//3439 3420//3420
f 3419//3419 3438//3438 3442//3442 3423//3423
f 3441//3441 3422//3422 3423//3423 3442//3442
f 3469//3469 3450//3450 3455//3455 3474//3474
f 4469//4469 4468//4468 3452//3452 3471//3471
f 3444//3444 3463//3463 3462//3462 3443//3443
f 3440//3440 3459//3459 3467//3467 3448//3448
f 3445//3445 3464//3464 3474//3474 3455//3455
f 3441//3441 3460//3460 3463//3463 3444//3444
f 3450//3450 3469//3469 3468//3468 3449//3449
f 3456//3456 3475//3475 3458//3458 3439//3439
f 3438//3438 3457//3457 3461//3461 3442//3442
f 3460//3460 3441//3441 3442//3442 3461//3461
f 3459//3459 3440//3440 3447//3447 3466//3466
f 3465//3465 3446//3446 3443//3443 3462//3462
f 3439//3439 3458//3458 3457//3457 3438//3438
f 3471//3471 3452//3452 3451//3451 3470//3470
f 3446//3446 3465//3465 3464//3464 3445//3445
f 3466//3466 3447//3447 3449//3449 3468//3468
f 3479//3479 3460//3460 3461//3461 3480//3480
f 3478//3478 3459//3459 3466//3466 3485//3485
f 3484//3484 3465//3465 3462//3462 3481//3481
f 3458//3458 3477//3477 3476//3476 3457//3457
f 3490//3490 3471//3471 3470//3470 3489//3489
f 3465//3465 3484//3484 3483//3483 3464//3464
f 3485//3485 3466//3466 3468//3468 3487//3487
f 3488//3488 3469//3469 3474//3474 3493//3493
f 4470//4470 4469//4469 3471//3471 3490//3490
f 3463//3463 3482//3482 3481//3481 3462//3462
f 3459//3459 3478//3478 3486//3486 3467//3467
f 3464//3464 3483//3483 3493//3493 3474//3474
f 3460//3460 3479//3479 3482//3482 3463//3463
f 3469//3469 3488//3488 3487//3487 3468//3468
f 3475//3475 3494//3494 3477//3477 3458//3458
f 3457//3457 3476//3476 3480//3480 3461//3461
f 3507//3507 3488//3488 3493//3493 3512//3512
f 4471//4471 4470//4470 3490//3490 3509//3509
f 3482//3482 3501//3501 3500//3500 3481//3481
f 3478//3478 3497//3497 3505//3505 3486//3486
f 3483//3483 3502//3502 3512//3512 3493//3493
f 3479//3479 3498//3498 3501//3501 3482//3482
f 3488//3488 3507//3507 3506//3506 3487//3487
f 3494//3494 3513//3513 3496//3496 3477//3477
f 3476//3476 3495//3495 3499//3499 3480//3480
f 3498//3498 3479//3479 3480//3480 3499//3499
f 3497//3497 3478//3478 3485//3485 3504//3504
f 3503//3503 3484//3484 3481//3481 3500//3500
f 3477//3477 3496//3496 3495//3495 3476//3476
f 3509//3509 3490//3490 3489//3489 3508//3508
f 3484//3484 3503//3503 3502//3502 3483//3483
f 3504//3504 3485//3485 3487//3487 3506//3506
f 3513//3513 3532//3532 3515//3515 3496//3496
f 3495//3495 3514//3514 3518//3518 3499//3499
f 3517//3517 3498//3498 3499//3499 3518//3518
f 3516//3516 3497//3497 3504//3504 3523//3523
f 3522//3522 3503//3503 3500//3500 3519//3519
f 3496//3496 3515//3515 3514//3514 3495//3495
f 3528//3528 3509//3509 3508//3508 3527//3527
f 3503//3503 3522//3522 3521//3521 3502//3502
f 3523//3523 3504//3504 3506//3506 3525//3525
f 3526//3526 3507//3507 3512//3512 3531//3531
f 4472//4472 4471//4471 3509//3509 3528//3528
f 3501//3501 3520//3520 3519//3519 3500//3500
f 3497//3497 3516//3516 3524//3524 3505//3505
f 3502//3502 3521//3521 3531//3531 3512//3512
f 3498//3498 3517//3517 3520//3520 3501//3501
f 3507//3507 3526//3526 3525//3525 3506//3506
f 3522//3522 3541//3541 3540//3540 3521//3521
f 3542//3542 3523//3523 3525//3525 3544//3544
f 3545//3545 3526//3526 3531//3531 3550//3550
f 4473//4473 4472//4472 3528//3528 3547//3547
f 3520//3520 3539//3539 3538//3538 3519//3519
f 3516//3516 3535//3535 3543//3543 3524//3524
f 3521//3521 3540//3540 3550//3550 3531//3531
f 3517//3517 3536//3536 3539//3539 3520//3520
f 3526//3526 3545//3545 3544//3544 3525//3525
f 3532//3532 3551//3551 3534//3534 3515//3515
f 3514//3514 3533//3533 3537//3537 3518//3518
f 3536//3536 3517//3517 3518//3518 3537//3537
f 3535//3535 3516//3516 3523//3523 3542//3542
f 3541//3541 3522//3522 3519//3519 3538//3538
f 3515//3515 3534//3534 3533//3533 3514//3514
f 3547//3547 3528//3528 3527//3527 3546//3546
f 3551//3551 3570//3570 3553//3553 3534//3534
f 3533//3533 3552//3552 3556//3556 3537//3537
f 3555//3555 3536//3536 3537//3537 3556//3556
f 3554//3554 3535//3535 3542//3542 3561//3561
f 3560//3560 3541//3541 3538//3538 3557//3557
f 3534//3534 3553//3553 3552//3552 3533//3533
f 3566//3566 3547//3547 3546//3546 3565//3565
f 3541//3541 3560//3560 3559//3559 3540//3540
f 3561//3561 3542//3542 3544//3544 3563//3563
f 3564//3564 3545//3545 3550//3550 3569//3569
f 4474//4474 4473//4473 3547//3547 3566//3566
f 3539//3539 3558//3558 3557//3557 3538//3538
f 3535//3535 3554//3554 3562//3562 3543//3543
f 3540//3540 3559//3559 3569//3569 3550//3550
f 3536//3536 3555//3555 3558//3558 3539//3539
f 3545//3545 3564//3564 3563//3563 3544//3544
f 3585//3585 3566//3566 3565//3565 3584//3584
f 3560//3560 3579//3579 3578//3578 3559//3559
f 3580//3580 3561//3561 3563//3563 3582//3582
f 3583//3583 3564//3564 3569//3569 3588//3588
f 4475//4475 4474//4474 3566//3566 3585//3585
f 3558//3558 3577//3577 3576//3576 3557//3557
f 3554//3554 3573//3573 3581//3581 3562//3562
f 3559//3559 3578//3578 3588//3588 3569//3569
f 3555//3555 3574//3574 3577//3577 3558//3558
f 3564//3564 3583//3583 3582//3582 3563//3563
f 3570//3570 3589//3589 3572//3572 3553//3553
f 3552//3552 3571//3571 3575//3575 3556//3556
f 3574//3574 3555//3555 3556//3556 3575//3575
f 3573//3573 3554//3554 3561//3561 3580//3580
f 3579//3579 3560//3560 3557//3557 3576//3576
f 3553//3553 3572//3572 3571//3571 3552//3552
f 4432//4432 3928//3928 4388//4388 4385//4385
f 4407//4407 4402//4402 4401//4401 4408//4408
f 4441//4441 4495//4495 4450//4450 4434//4434
f 4434//4434 4450//4450 4302//4302 4501//4501
f 4433//4433 3599//3599 4501//4501 4302//4302
f 3638//3638 3598//3598 3599//3599 4433//4433
f 3626//3626 3595//3595 3598//3598 3638//3638
f 3595//3595 3626//3626 3608//3608 4476//4476
f 3605//3605 3596//3596 3595//3595 4476//4476
f 3596//3596 3605//3605 3606//3606 3624//3624
f 3596//3596 3624//3624 4422//4422 3597//3597
f 3583//3583 3616//3616 3611//3611 3582//3582
f 3620//3620 3602//3602 3609//3609 3627//3627
f 3601//3601 3619//3619 3618//3618 3600//3600
f 3631//3631 3613//3613 3612//3612 3630//3630
f 3608//3608 3626//3626 3625//3625 3607//3607
f 3627//3627 3609//3609 3611//3611 3629//3629
f 4478//4478 4477//4477 3613//3613 3631//3631
f 3598//3598 3595//3595 3596//3596 3597//3597
f 3602//3602 3620//3620 3628//3628 3610//3610
f 3607//3607 3625//3625 3634//3634 3616//3616
f 3603//3603 3621//3621 3624//3624 3606//3606
f 3617//3617 3635//3635 3619//3619 3601//3601
f 3600//3600 3618//3618 3622//3622 3604//3604
f 3621//3621 3603//3603 3604//3604 3622//3622
f 3620//3620 3636//3636 3640//3640 3628//3628
f 3625//3625 3637//3637 3643//3643 3634//3634
f 4437//4437 4349//4349 3597//3597 4422//4422
f 3636//3636 3620//3620 3627//3627 3639//3639
f 4283//4283 4293//4293 4308//4308 4297//4297
f 3626//3626 3638//3638 3637//3637 3625//3625
f 3639//3639 3627//3627 3629//3629 3641//3641
f 3708//3708 3698//3698 3645//3645 3664//3664
f 3707//3707 3712//3712 3673//3673 3658//3658
f 3718//3718 3725//3725 3649//3649 3652//3652
f 3701//3701 3703//3703 3654//3654 3651//3651
f 3726//3726 3720//3720 3656//3656 3672//3672
f 3723//3723 3671//3671 3663//3663 3721//3721
f 3710//3710 3708//3708 3664//3664 3668//3668
f 3716//3716 3646//3646 3667//3667 3722//3722
f 3722//3722 3667//3667 3671//3671 3723//3723
f 3706//3706 3710//3710 3668//3668 3660//3660
f 3727//3727 3684//3684 3688//3688 3730//3730
f 3719//3719 3690//3690 3685//3685 3728//3728
f 3724//3724 3731//3731 3689//3689 3686//3686
f 3729//3729 3717//3717 3691//3691 3687//3687
f 3728//3728 3685//3685 3684//3684 3727//3727
f 3703//3703 3714//3714 3694//3694 3654//3654
f 3729//3729 3733//3733 3693//3693 3653//3653
f 3732//3732 3718//3718 3652//3652 3692//3692
f 3666//3666 3644//3644 3699//3699 3709//3709
f 3659//3659 3675//3675 3713//3713 3704//3704
f 3648//3648 3655//3655 3702//3702 3700//3700
f 3670//3670 3666//3666 3709//3709 3711//3711
f 3661//3661 3670//3670 3711//3711 3705//3705
f 3655//3655 3695//3695 3715//3715 3702//3702
f 3678//3678 3677//3677 3725//3725 3718//3718
f 3683//3683 3679//3679 3720//3720 3726//3726
f 3682//3682 3723//3723 3721//3721 3680//3680
f 3676//3676 3716//3716 3722//3722 3681//3681
f 3681//3681 3722//3722 3723//3723 3682//3682
f 3669//3669 3727//3727 3730//3730 3662//3662
f 3647//3647 3719//3719 3728//3728 3665//3665
f 3674//3674 3657//3657 3731//3731 3724//3724
f 3653//3653 3650//3650 3717//3717 3729//3729
f 3665//3665 3728//3728 3727//3727 3669//3669
f 3687//3687 3697//3697 3733//3733 3729//3729
f 3696//3696 3678//3678 3718//3718 3732//3732
f 3706//3706 3660//3660 3659//3659 3704//3704
f 4233//4233 4232//4232 3661//3661 3658//3658
f 3775//3775 3776//3776 3747//3747 3744//3744
f 3783//3783 3786//3786 3735//3735 3738//3738
f 3771//3771 3773//3773 3740//3740 3737//3737
f 3787//3787 3784//3784 3742//3742 3746//3746
f 3780//3780 3775//3775 3744//3744 3766//3766
f 4368//4368 4382//4382 4371//4371 4369//4369
f 3785//3785 3789//3789 3756//3756 3754//3754
f 3788//3788 3782//3782 3757//3757 3755//3755
f 3773//3773 3778//3778 3760//3760 3740//3740
f 3788//3788 3791//3791 3759//3759 3739//3739
f 3790//3790 3783//3783 3738//3738 3758//3758
f 4369//4369 4371//4371 4372//4372 4370//4370
f 3784//3784 3792//3792 3767//3767 3742//3742
f 3789//3789 3793//3793 3769//3769 3756//3756
f 3745//3745 3749//3749 3777//3777 3774//3774
f 3734//3734 3741//3741 3772//3772 3770//3770
f 3765//3765 3745//3745 3774//3774 3781//3781
f 3741//3741 3761//3761 3779//3779 3772//3772
f 3751//3751 3750//3750 3786//3786 3783//3783
f 3753//3753 3752//3752 3784//3784 3787//3787
f 3748//3748 3743//3743 3789//3789 3785//3785
f 3739//3739 3736//3736 3782//3782 3788//3788
f 3755//3755 3763//3763 3791//3791 3788//3788
f 3762//3762 3751//3751 3783//3783 3790//3790
f 3752//3752 3768//3768 3792//3792 3784//3784
f 3743//3743 3764//3764 3793//3793 3789//3789
f 34//34 36//36 30//30 29//29
f 29//29 28//28 33//33 34//34
f 37//37 33//33 28//28 27//27
f 3829//3829 3830//3830 161//161 2547//2547
f 3811//3811 3809//3809 3799//3799 3794//3794
f 3812//3812 3802//3802 3803//3803 3811//3811
f 3814//3814 3807//3807 3800//3800 3808//3808
f 3810//3810 3801//3801 3802//3802 3812//3812
f 3808//3808 3800//3800 3801//3801 3810//3810
f 3815//3815 3820//3820 3806//3806 3803//3803
f 3813//3813 3805//3805 3807//3807 3814//3814
f 3802//3802 3816//3816 3815//3815 3803//3803
f 3801//3801 3817//3817 3816//3816 3802//3802
f 3803//3803 3806//3806 3809//3809 3811//3811
f 3795//3795 3812//3812 3811//3811 3794//3794
f 3798//3798 3814//3814 3808//3808 3797//3797
f 3796//3796 3810//3810 3812//3812 3795//3795
f 3797//3797 3808//3808 3810//3810 3796//3796
f 3800//3800 3818//3818 3817//3817 3801//3801
f 3807//3807 3819//3819 3818//3818 3800//3800
f 3805//3805 3821//3821 3819//3819 3807//3807
f 3805//3805 3804//3804 3822//3822 3821//3821
f 3823//3823 3828//3828 3820//3820 3815//3815
f 3819//3819 3827//3827 3826//3826 3818//3818
f 37//37 158//158 3797//3797 3796//3796
f 33//33 37//37 3796//3796 3795//3795
f 3795//3795 3794//3794 34//34 33//33
f 3794//3794 3799//3799 36//36 34//34
f 3818//3818 3826//3826 3825//3825 3817//3817
f 3817//3817 3825//3825 3824//3824 3816//3816
f 3816//3816 3824//3824 3823//3823 3815//3815
f 3821//3821 3829//3829 3827//3827 3819//3819
f 3821//3821 3822//3822 3830//3830 3829//3829
f 165//165 35//35 3828//3828 3823//3823
f 38//38 161//161 3830//3830 3831//3831
f 4244//4244 4245//4245 3832//3832 3644//3644
f 3699//3699 3644//3644 3832//3832 3839//3839
f 3840//3840 3850//3850 3844//3844 3834//3834
f 3849//3849 3839//3839 3832//3832 3842//3842
f 3850//3850 3840//3840 3836//3836 3846//3846
f 3841//3841 3851//3851 3847//3847 3837//3837
f 3851//3851 3841//3841 3835//3835 3845//3845
f 3838//3838 3848//3848 3843//3843 3833//3833
f 3860//3860 3850//3850 3846//3846 3856//3856
f 3851//3851 3861//3861 3857//3857 3847//3847
f 3861//3861 3851//3851 3845//3845 3855//3855
f 3848//3848 3858//3858 3853//3853 3843//3843
f 3850//3850 3860//3860 3854//3854 3844//3844
f 3859//3859 3849//3849 3842//3842 3852//3852
f 3903//3903 3871//3871 3867//3867 3902//3902
f 3909//3909 3868//3868 3863//3863 3908//3908
f 3912//3912 3870//3870 3864//3864 3910//3910
f 4416//4416 4417//4417 3917//3917 3928//3928
f 4373//4373 3906//3906 3917//3917 4417//4417
f 3888//3888 3883//3883 3873//3873 3878//3878
f 3890//3890 3884//3884 3874//3874 3880//3880
f 3880//3880 3876//3876 3886//3886 3890//3890
f 3891//3891 3887//3887 3877//3877 3881//3881
f 3881//3881 3875//3875 3885//3885 3891//3891
f 3879//3879 3872//3872 3882//3882 3889//3889
f 3871//3871 3865//3865 3875//3875 3881//3881
f 3881//3881 3877//3877 3867//3867 3871//3871
f 3870//3870 3866//3866 3876//3876 3880//3880
f 3880//3880 3874//3874 3864//3864 3870//3870
f 3878//3878 3873//3873 3863//3863 3868//3868
f 4378//4378 4279//4279 3906//3906 4373//4373
f 4377//4377 4284//4284 4279//4279 4378//4378
f 3869//3869 3862//3862 3872//3872 3879//3879
f 4284//4284 4374//4374 4375//4375 4279//4279
f 4279//4279 4375//4375 4376//4376 3906//3906
f 3871//3871 3903//3903 3904//3904 3865//3865
f 3869//3869 3911//3911 3905//3905 3862//3862
f 3870//3870 3912//3912 3907//3907 3866//3866
f 4488//4488 4489//4489 4295//4295 4383//4383
f 3921//3921 3899//3899 3892//3892 3913//3913
f 3922//3922 3900//3900 3896//3896 3918//3918
f 3901//3901 3923//3923 3919//3919 3897//3897
f 3923//3923 3901//3901 3895//3895 3916//3916
f 3898//3898 3920//3920 3914//3914 3893//3893
f 4415//4415 4416//4416 3928//3928 4432//4432
f 3900//3900 3922//3922 3915//3915 3894//3894
f 3932//3932 3921//3921 3913//3913 3924//3924
f 3933//3933 3922//3922 3918//3918 3929//3929
f 3906//3906 4376//4376 4389//4389 3917//3917
f 4382//4382 4368//4368 4405//4405 4400//4400
f 3923//3923 3934//3934 3930//3930 3919//3919
f 3934//3934 3923//3923 3916//3916 3927//3927
f 3920//3920 3931//3931 3925//3925 3914//3914
f 3922//3922 3933//3933 3926//3926 3915//3915
f 3976//3976 3977//3977 3948//3948 3945//3945
f 3984//3984 3987//3987 3936//3936 3939//3939
f 3972//3972 3974//3974 3941//3941 3938//3938
f 3988//3988 3985//3985 3943//3943 3947//3947
f 3981//3981 3976//3976 3945//3945 3967//3967
f 3986//3986 3990//3990 3957//3957 3955//3955
f 3989//3989 3983//3983 3958//3958 3956//3956
f 3974//3974 3979//3979 3961//3961 3941//3941
f 3989//3989 3992//3992 3960//3960 3940//3940
f 3991//3991 3984//3984 3939//3939 3959//3959
f 3985//3985 3993//3993 3968//3968 3943//3943
f 3990//3990 3994//3994 3970//3970 3957//3957
f 3946//3946 3950//3950 3978//3978 3975//3975
f 3935//3935 3942//3942 3973//3973 3971//3971
f 3966//3966 3946//3946 3975//3975 3982//3982
f 3942//3942 3962//3962 3980//3980 3973//3973
f 3952//3952 3951//3951 3987//3987 3984//3984
f 3954//3954 3953//3953 3985//3985 3988//3988
f 3949//3949 3944//3944 3990//3990 3986//3986
f 3940//3940 3937//3937 3983//3983 3989//3989
f 3956//3956 3964//3964 3992//3992 3989//3989
f 3963//3963 3952//3952 3984//3984 3991//3991
f 3953//3953 3969//3969 3993//3993 3985//3985
f 3944//3944 3965//3965 3994//3994 3990//3990
f 4036//4036 4004//4004 4000//4000 4035//4035
f 4041//4041 4001//4001 3996//3996 4040//4040
f 4044//4044 4003//4003 3997//3997 4042//4042
f 4021//4021 4016//4016 4006//4006 4011//4011
f 4023//4023 4017//4017 4007//4007 4013//4013
f 4013//4013 4009//4009 4019//4019 4023//4023
f 4024//4024 4020//4020 4010//4010 4014//4014
f 4014//4014 4008//4008 4018//4018 4024//4024
f 4012//4012 4005//4005 4015//4015 4022//4022
f 4004//4004 3998//3998 4008//4008 4014//4014
f 4014//4014 4010//4010 4000//4000 4004//4004
f 4003//4003 3999//3999 4009//4009 4013//4013
f 4013//4013 4007//4007 3997//3997 4003//4003
f 4011//4011 4006//4006 3996//3996 4001//4001
f 4002//4002 3995//3995 4005//4005 4012//4012
f 4004//4004 4036//4036 4037//4037 3998//3998
f 4002//4002 4043//4043 4038//4038 3995//3995
f 4003//4003 4044//4044 4039//4039 3999//3999
f 4052//4052 4032//4032 4025//4025 4045//4045
f 4053//4053 4033//4033 4029//4029 4049//4049
f 4034//4034 4054//4054 4050//4050 4030//4030
f 4054//4054 4034//4034 4028//4028 4048//4048
f 4031//4031 4051//4051 4046//4046 4026//4026
f 4033//4033 4053//4053 4047//4047 4027//4027
f 4062//4062 4052//4052 4045//4045 4055//4055
f 4063//4063 4053//4053 4049//4049 4059//4059
f 4054//4054 4064//4064 4060//4060 4050//4050
f 4064//4064 4054//4054 4048//4048 4058//4058
f 4051//4051 4061//4061 4056//4056 4046//4046
f 4053//4053 4063//4063 4057//4057 4047//4047
f 4106//4106 4107//4107 4078//4078 4075//4075
f 4114//4114 4117//4117 4066//4066 4069//4069
f 4102//4102 4104//4104 4071//4071 4068//4068
f 4118//4118 4115//4115 4073//4073 4077//4077
f 4111//4111 4106//4106 4075//4075 4097//4097
f 4116//4116 4120//4120 4087//4087 4085//4085
f 4119//4119 4113//4113 4088//4088 4086//4086
f 4104//4104 4109//4109 4091//4091 4071//4071
f 4119//4119 4122//4122 4090//4090 4070//4070
f 4121//4121 4114//4114 4069//4069 4089//4089
f 4115//4115 4123//4123 4098//4098 4073//4073
f 4120//4120 4124//4124 4100//4100 4087//4087
f 4076//4076 4080//4080 4108//4108 4105//4105
f 4065//4065 4072//4072 4103//4103 4101//4101
f 4096//4096 4076//4076 4105//4105 4112//4112
f 4072//4072 4092//4092 4110//4110 4103//4103
f 4082//4082 4081//4081 4117//4117 4114//4114
f 4084//4084 4083//4083 4115//4115 4118//4118
f 4079//4079 4074//4074 4120//4120 4116//4116
f 4070//4070 4067//4067 4113//4113 4119//4119
f 4086//4086 4094//4094 4122//4122 4119//4119
f 4093//4093 4082//4082 4114//4114 4121//4121
f 4083//4083 4099//4099 4123//4123 4115//4115
f 4074//4074 4095//4095 4124//4124 4120//4120
f 4166//4166 4134//4134 4130//4130 4165//4165
f 4171//4171 4131//4131 4126//4126 4170//4170
f 4174//4174 4133//4133 4127//4127 4172//4172
f 4151//4151 4146//4146 4136//4136 4141//4141
f 4153//4153 4147//4147 4137//4137 4143//4143
f 4143//4143 4139//4139 4149//4149 4153//4153
f 4154//4154 4150//4150 4140//4140 4144//4144
f 4144//4144 4138//4138 4148//4148 4154//4154
f 4142//4142 4135//4135 4145//4145 4152//4152
f 4134//4134 4128//4128 4138//4138 4144//4144
f 4144//4144 4140//4140 4130//4130 4134//4134
f 4133//4133 4129//4129 4139//4139 4143//4143
f 4143//4143 4137//4137 4127//4127 4133//4133
f 4141//4141 4136//4136 4126//4126 4131//4131
f 4132//4132 4125//4125 4135//4135 4142//4142
f 4134//4134 4166//4166 4167//4167 4128//4128
f 4132//4132 4173//4173 4168//4168 4125//4125
f 4133//4133 4174//4174 4169//4169 4129//4129
f 4182//4182 4162//4162 4155//4155 4175//4175
f 4183//4183 4163//4163 4159//4159 4179//4179
f 4164//4164 4184//4184 4180//4180 4160//4160
f 4184//4184 4164//4164 4158//4158 4178//4178
f 4161//4161 4181//4181 4176//4176 4156//4156
f 4163//4163 4183//4183 4177//4177 4157//4157
f 4192//4192 4182//4182 4175//4175 4185//4185
f 4193//4193 4183//4183 4179//4179 4189//4189
f 4184//4184 4194//4194 4190//4190 4180//4180
f 4194//4194 4184//4184 4178//4178 4188//4188
f 4181//4181 4191//4191 4186//4186 4176//4176
f 4183//4183 4193//4193 4187//4187 4177//4177
f 4200//4200 4208//4208 4204//4204 4196//4196
f 4204//4204 4208//4208 4216//4216 4212//4212
f 3740//3740 3760//3760 4579//4579 4578//4578
f 4761//4761 4795//4795 4768//4768 4216//4216
f 4582//4582 4615//4615 4198//4198 4206//4206
f 4209//4209 4201//4201 4197//4197 4205//4205
f 4202//4202 4210//4210 4206//4206 4198//4198
f 4210//4210 4202//4202 4196//4196 4204//4204
f 4201//4201 4209//4209 4203//4203 4195//4195
f 4217//4217 4209//4209 4205//4205 4213//4213
f 4210//4210 4218//4218 4214//4214 4206//4206
f 4218//4218 4210//4210 4204//4204 4212//4212
f 4209//4209 4217//4217 4211//4211 4203//4203
f 4400//4400 4405//4405 4408//4408 4401//4401
f 3754//3754 3756//3756 4551//4551 4550//4550
f 3908//3908 4576//4576 4535//4535 3765//3765
f 4126//4126 4136//4136 4556//4556 4555//4555
f 3779//3779 4580//4580 4595//4595 3758//3758
f 3908//3908 3863//3863 4575//4575 4576//4576
f 4006//4006 4016//4016 4567//4567 4592//4592
f 3938//3938 3941//3941 4625//4625 4584//4584
f 3913//3913 3892//3892 4587//4587 4586//4586
f 3861//3861 3855//3855 3926//3926 3933//3933
f 3933//3933 3929//3929 3857//3857 3861//3861
f 3766//3766 3744//3744 4536//4536 4535//4535
f 3924//3924 3913//3913 4586//4586 4585//4585
f 3934//3934 3927//3927 4057//4057 4063//4063
f 4064//4064 4058//4058 4187//4187 4193//4193
f 4193//4193 4189//4189 4060//4060 4064//4064
f 4063//4063 4059//4059 3930//3930 3934//3934
f 4188//4188 4192//4192 4211//4211 4217//4217
f 4194//4194 4188//4188 4217//4217 4213//4213
f 3755//3755 3757//3757 4549//4549 4598//4598
f 4035//4035 4000//4000 4607//4607 4606//4606
f 3893//3893 4587//4587 4573//4573 3883//3883
f 3749//3749 3745//3745 4536//4536 4537//4537
f 4373//4373 4417//4417 4411//4411 4365//4365
f 3967//3967 3945//3945 4553//4553 4219//4219
f 4380//4380 4394//4394 4389//4389 4376//4376
f 4285//4285 4298//4298 4305//4305 4290//4290
f 4349//4349 4437//4437 4301//4301 3623//3623
f 4302//4302 4288//4288 4290//4290 4305//4305
f 4282//4282 4296//4296 4307//4307 4292//4292
f 4363//4363 4398//4398 4394//4394 4380//4380
f 3599//3599 3598//3598 3597//3597 4349//4349
f 4291//4291 4306//4306 4299//4299 4286//4286
f 4501//4501 3599//3599 4349//4349 3623//3623
f 4306//4306 4291//4291 4292//4292 4307//4307
f 4445//4445 4446//4446 4306//4306 4307//4307
f 4446//4446 4447//4447 4299//4299 4306//4306
f 4445//4445 4431//4431 3640//3640 3636//3636
f 4395//4395 4452//4452 4392//4392 4390//4390
f 4433//4433 4449//4449 3637//3637 3638//3638
f 4295//4295 4309//4309 4294//4294 4280//4280
f 4449//4449 4430//4430 3643//3643 3637//3637
f 4324//4324 4321//4321 4320//4320 4323//4323
f 4321//4321 4324//4324 4322//4322 4319//4319
f 3623//3623 4301//4301 4452//4452 4300//4300
f 4272//4272 4273//4273 4257//4257 4256//4256
f 4269//4269 4272//4272 4256//4256 4253//4253
f 4289//4289 4304//4304 4337//4337 4333//4333
f 4360//4360 4354//4354 4320//4320 4316//4316
f 4355//4355 3594//3594 4354//4354 4360//4360
f 4356//4356 4350//4350 3594//3594 4355//4355
f 4356//4356 4357//4357 4351//4351 4350//4350
f 4351//4351 4357//4357 4358//4358 4352//4352
f 4358//4358 4359//4359 4353//4353 4352//4352
f 4340//4340 4336//4336 4335//4335 4339//4339
f 4338//4338 4334//4334 4336//4336 4340//4340
f 4253//4253 4254//4254 4270//4270 4269//4269
f 4254//4254 4255//4255 4271//4271 4270//4270
f 4255//4255 4258//4258 4274//4274 4271//4271
f 4497//4497 4510//4510 4353//4353 4359//4359
f 4510//4510 4497//4497 4496//4496 4509//4509
f 3779//3779 3761//3761 4579//4579 4580//4580
f 3877//3877 3887//3887 4599//4599 4548//4548
f 3918//3918 3896//3896 4600//4600 4601//4601
f 4416//4416 4415//4415 4413//4413 4412//4412
f 4267//4267 4274//4274 4258//4258 4251//4251
f 4334//4334 4509//4509 4496//4496 4330//4330
f 4330//4330 4332//4332 4336//4336 4334//4334
f 4332//4332 4331//4331 4335//4335 4336//4336
f 4507//4507 4506//4506 4362//4362 4364//4364
f 4329//4329 4333//4333 4335//4335 4331//4331
f 4289//4289 4333//4333 4329//4329 4273//4273
f 4267//4267 4251//4251 4252//4252 4268//4268
f 4275//4275 4268//4268 4252//4252 4259//4259
f 4259//4259 4260//4260 4276//4276 4275//4275
f 4265//4265 4276//4276 4260//4260 4249//4249
f 4250//4250 4266//4266 4265//4265 4249//4249
f 4277//4277 4266//4266 4250//4250 4261//4261
f 4261//4261 4262//4262 4278//4278 4277//4277
f 4379//4379 4362//4362 4363//4363 4380//4380
f 4381//4381 4364//4364 4362//4362 4379//4379
f 4395//4395 4498//4498 4300//4300 4452//4452
f 4393//4393 4388//4388 4389//4389 4394//4394
f 4366//4366 4378//4378 4373//4373 4365//4365
f 4263//4263 4278//4278 4262//4262 4247//4247
f 4248//4248 4264//4264 4263//4263 4247//4247
f 4293//4293 4294//4294 4309//4309 4308//4308
f 4367//4367 4377//4377 4378//4378 4366//4366
f 4248//4248 4310//4310 4314//4314 4264//4264
f 4421//4421 3642//3642 4443//4443 4442//4442
f 4375//4375 4379//4379 4380//4380 4376//4376
f 4374//4374 4381//4381 4379//4379 4375//4375
f 4484//4484 4486//4486 4322//4322 4324//4324
f 4383//4383 4281//4281 4318//4318 4384//4384
f 4390//4390 4385//4385 4388//4388 4393//4393
f 4478//4478 3631//3631 4421//4421 4493//4493
f 4414//4414 4387//4387 4386//4386 4420//4420
f 4488//4488 4383//4383 4384//4384 4487//4487
f 4395//4395 4390//4390 4393//4393 4397//4397
f 4397//4397 4393//4393 4394//4394 4398//4398
f 4442//4442 4443//4443 4297//4297 4308//4308
f 4494//4494 4442//4442 4308//4308 4490//4490
f 4416//4416 4412//4412 4411//4411 4417//4417
f 4410//4410 4413//4413 4415//4415 4418//4418
f 4410//4410 4418//4418 4419//4419 4409//4409
f 4418//4418 4414//4414 4420//4420 4419//4419
f 4427//4427 4424//4424 3622//3622 3618//3618
f 4426//4426 4425//4425 3619//3619 3635//3635
f 4425//4425 4427//4427 3618//3618 3619//3619
f 3633//3633 3615//3615 3614//3614 3632//3632
f 4482//4482 4504//4504 4505//4505 4483//4483
f 4483//4483 4505//4505 4506//4506 4481//4481
f 4481//4481 4506//4506 4507//4507 4480//4480
f 4429//4429 4422//4422 3624//3624 3621//3621
f 4438//4438 4439//4439 4386//4386 4423//4423
f 4392//4392 4423//4423 4386//4386 4387//4387
f 4436//4436 4439//4439 4424//4424 4427//4427
f 4448//4448 4440//4440 4425//4425 4426//4426
f 4440//4440 4436//4436 4427//4427 4425//4425
f 4438//4438 4437//4437 4422//4422 4429//4429
f 3621//3621 3622//3622 4424//4424 4429//4429
f 4493//4493 4421//4421 4442//4442 4494//4494
f 4434//4434 4501//4501 3623//3623 4300//4300
f 4429//4429 4424//4424 4439//4439 4438//4438
f 4419//4419 4420//4420 4436//4436 4440//4440
f 3639//3639 3641//3641 4447//4447 4446//4446
f 4409//4409 4419//4419 4440//4440 4448//4448
f 4387//4387 4385//4385 4390//4390 4392//4392
f 4441//4441 4434//4434 4300//4300 4498//4498
f 4387//4387 4414//4414 4432//4432 4385//4385
f 4503//4503 4441//4441 4498//4498 4502//4502
f 4420//4420 4386//4386 4439//4439 4436//4436
f 4302//4302 4305//4305 4449//4449 4433//4433
f 4307//4307 4296//4296 4431//4431 4445//4445
f 3631//3631 3630//3630 3642//3642 4421//4421
f 3636//3636 3639//3639 4446//4446 4445//4445
f 4305//4305 4298//4298 4430//4430 4449//4449
f 4423//4423 4301//4301 4437//4437 4438//4438
f 4382//4382 4400//4400 4487//4487 4486//4486
f 4400//4400 4401//4401 4488//4488 4487//4487
f 3630//3630 3612//3612 3610//3610 3628//3628
f 3629//3629 3611//3611 3616//3616 3634//3634
f 4401//4401 4402//4402 4489//4489 4488//4488
f 4303//4303 4289//4289 4273//4273 4272//4272
f 3790//3790 3758//3758 4595//4595 4596//4596
f 4324//4324 4323//4323 4485//4485 4484//4484
f 4287//4287 4303//4303 4272//4272 4269//4269
f 4491//4491 4489//4489 4402//4402 4403//4403
f 4490//4490 4491//4491 4403//4403 4399//4399
f 4494//4494 4490//4490 4399//4399 4444//4444
f 3170//3170 4451//4451 4492//4492 3169//3169
f 3170//3170 3176//3176 4396//4396 4451//4451
f 3176//3176 3180//3180 4453//4453 4396//4396
f 4309//4309 4491//4491 4490//4490 4308//4308
f 4295//4295 4489//4489 4491//4491 4309//4309
f 4444//4444 4391//4391 4493//4493 4494//4494
f 4397//4397 4502//4502 4498//4498 4395//4395
f 4287//4287 4495//4495 4499//4499 4303//4303
f 4452//4452 4301//4301 4423//4423 4392//4392
f 4418//4418 4415//4415 4432//4432 4414//4414
f 4314//4314 4310//4310 4311//4311 4315//4315
f 4479//4479 4480//4480 4507//4507 4508//4508
f 4398//4398 4504//4504 4502//4502 4397//4397
f 4508//4508 4507//4507 4364//4364 4361//4361
f 4362//4362 4506//4506 4505//4505 4363//4363
f 4304//4304 4482//4482 4483//4483 4337//4337
f 4500//4500 4287//4287 4269//4269 4270//4270
f 4483//4483 4481//4481 4339//4339 4337//4337
f 4303//4303 4499//4499 4304//4304 4289//4289
f 4500//4500 4288//4288 4302//4302 4450//4450
f 4340//4340 4339//4339 4481//4481 4480//4480
f 4482//4482 4503//4503 4502//4502 4504//4504
f 4338//4338 4340//4340 4480//4480 4479//4479
f 4317//4317 4315//4315 4311//4311 4313//4313
f 4391//4391 3632//3632 4478//4478 4493//4493
f 4384//4384 4322//4322 4486//4486 4487//4487
f 4322//4322 4384//4384 4318//4318 4319//4319
f 4270//4270 4271//4271 4288//4288 4500//4500
f 4505//4505 4504//4504 4398//4398 4363//4363
f 4207//4207 4199//4199 4195//4195 4203//4203
f 4203//4203 4211//4211 4215//4215 4207//4207
f 3896//3896 3886//3886 4599//4599 4600//4600
f 4614//4614 4609//4609 4208//4208 4200//4200
f 4086//4086 4088//4088 4559//4559 4572//4572
f 4089//4089 4110//4110 4544//4544 4591//4591
f 3768//3768 3752//3752 4551//4551 4545//4545
f 4313//4313 4312//4312 4316//4316 4317//4317
f 4348//4348 4360//4360 4316//4316 4312//4312
f 4271//4271 4274//4274 4290//4290 4288//4288
f 4285//4285 4290//4290 4274//4274 4267//4267
f 4339//4339 4335//4335 4333//4333 4337//4337
f 4182//4182 4192//4192 4188//4188 4178//4178
f 4285//4285 4267//4267 4268//4268 4286//4286
f 4355//4355 4360//4360 4348//4348 4341//4341
f 4341//4341 4342//4342 4356//4356 4355//4355
f 3737//3737 3740//3740 4578//4578 4577//4577
f 4495//4495 4287//4287 4500//4500 4450//4450
f 3928//3928 3917//3917 4389//4389 4388//4388
f 4109//4109 4104//4104 4070//4070 4090//4090
f 4067//4067 4070//4070 4104//4104 4102//4102
f 4107//4107 4106//4106 4074//4074 4079//4079
f 4095//4095 4074//4074 4106//4106 4111//4111
f 4098//4098 4172//4172 4171//4171 4112//4112
f 4173//4173 4132//4132 4128//4128 4167//4167
f 4132//4132 4142//4142 4138//4138 4128//4128
f 4142//4142 4152//4152 4148//4148 4138//4138
f 4152//4152 4145//4145 4155//4155 4162//4162
f 4103//4103 4110//4110 4089//4089 4069//4069
f 4101//4101 4103//4103 4069//4069 4066//4066
f 4077//4077 4073//4073 4105//4105 4108//4108
f 4112//4112 4105//4105 4073//4073 4098//4098
f 4174//4174 4172//4172 4098//4098 4123//4123
f 4123//4123 4099//4099 4169//4169 4174//4174
f 4543//4543 4542//4542 4169//4169 4099//4099
f 4172//4172 4127//4127 4131//4131 4171//4171
f 4127//4127 4137//4137 4141//4141 4131//4131
f 4137//4137 4147//4147 4151//4151 4141//4141
f 4152//4152 4162//4162 4158//4158 4148//4148
f 4154//4154 4148//4148 4158//4158 4164//4164
f 4162//4162 4182//4182 4178//4178 4158//4158
f 4334//4334 4338//4338 4511//4511 4509//4509
f 4402//4402 4407//4407 4404//4404 4403//4403
f 4403//4403 4404//4404 4406//4406 4399//4399
f 4399//4399 4406//4406 4435//4435 4444//4444
f 4444//4444 4435//4435 4428//4428 4391//4391
f 4391//4391 4428//4428 3633//3633 3632//3632
f 4495//4495 4441//4441 4503//4503 4499//4499
f 4499//4499 4503//4503 4482//4482 4304//4304
f 4291//4291 4286//4286 4268//4268 4275//4275
f 4275//4275 4276//4276 4292//4292 4291//4291
f 4282//4282 4292//4292 4276//4276 4265//4265
f 4266//4266 4283//4283 4282//4282 4265//4265
f 4342//4342 4343//4343 4357//4357 4356//4356
f 4358//4358 4357//4357 4343//4343 4344//4344
f 4344//4344 4345//4345 4359//4359 4358//4358
f 4345//4345 4346//4346 4497//4497 4359//4359
f 4293//4293 4283//4283 4266//4266 4277//4277
f 4277//4277 4278//4278 4294//4294 4293//4293
f 4513//4513 4354//4354 3594//3594 3593//3593
f 4350//4350 3592//3592 3593//3593 3594//3594
f 3592//3592 4350//4350 4351//4351 3591//3591
f 4512//4512 4353//4353 4510//4510 4514//4514
f 3590//3590 4352//4352 4353//4353 4512//4512
f 4352//4352 3590//3590 3591//3591 4351//4351
f 4514//4514 4510//4510 4509//4509 4511//4511
f 4323//4323 4320//4320 4354//4354 4513//4513
f 4515//4515 4284//4284 4377//4377 4519//4519
f 4372//4372 4485//4485 4521//4521 4517//4517
f 4520//4520 4381//4381 4374//4374 4518//4518
f 4284//4284 4515//4515 4518//4518 4374//4374
f 4519//4519 4377//4377 4367//4367 4516//4516
f 4485//4485 4323//4323 4513//4513 4521//4521
f 4361//4361 4364//4364 4381//4381 4520//4520
f 4529//4529 4525//4525 4527//4527 4528//4528
f 4531//4531 4522//4522 4523//4523 4530//4530
f 4532//4532 4512//4512 4514//4514 4528//4528
f 4533//4533 3592//3592 3591//3591 4530//4530
f 4531//4531 3590//3590 4512//4512 4532//4532
f 4372//4372 4371//4371 4484//4484 4485//4485
f 4511//4511 4529//4529 4528//4528 4514//4514
f 3590//3590 4531//4531 4530//4530 3591//3591
f 4526//4526 4532//4532 4528//4528 4527//4527
f 4522//4522 4531//4531 4532//4532 4526//4526
f 3592//3592 4533//4533 4534//4534 3593//3593
f 4520//4520 4518//4518 4527//4527 4525//4525
f 4486//4486 4484//4484 4371//4371 4382//4382
f 4479//4479 4529//4529 4511//4511 4338//4338
f 4520//4520 4525//4525 4508//4508 4361//4361
f 4513//4513 3593//3593 4534//4534 4521//4521
f 4479//4479 4508//4508 4525//4525 4529//4529
f 4519//4519 4516//4516 4523//4523 4522//4522
f 4515//4515 4519//4519 4522//4522 4526//4526
f 4370//4370 4372//4372 4517//4517 4524//4524
f 4370//4370 4524//4524 4516//4516 4367//4367
f 4526//4526 4527//4527 4518//4518 4515//4515
f 4383//4383 4295//4295 4280//4280 4281//4281
f 4280//4280 4294//4294 4278//4278 4263//4263
f 4280//4280 4263//4263 4264//4264 4281//4281
f 4346//4346 4347//4347 4496//4496 4497//4497
f 4330//4330 4496//4496 4347//4347 4326//4326
f 4179//4179 4159//4159 4617//4617 4618//4618
f 3697//3697 3687//3687 4220//4220 4234//4234
f 3687//3687 3691//3691 4221//4221 4220//4220
f 4242//4242 4243//4243 3843//3843 3853//3853
f 4243//4243 4245//4245 3833//3833 3843//3843
f 3835//3835 3647//3647 3699//3699 3839//3839
f 3719//3719 3647//3647 3835//3835 3841//3841
f 4246//4246 4244//4244 3644//3644 3666//3666
f 4231//4231 4246//4246 3666//3666 3670//3670
f 4231//4231 4232//4232 3660//3660 3668//3668
f 3707//3707 3658//3658 3661//3661 3705//3705
f 3662//3662 3657//3657 3707//3707 3705//3705
f 4236//4236 4233//4233 3658//3658 3673//3673
f 4235//4235 4237//4237 3655//3655 3648//3648
f 4237//4237 4239//4239 3695//3695 3655//3655
f 4240//4240 4239//4239 3694//3694 3714//3714
f 4238//4238 4241//4241 3693//3693 3733//3733
f 4238//4238 4234//4234 3696//3696 3732//3732
f 4240//4240 3714//3714 3693//3693 4241//4241
f 3702//3702 3715//3715 3692//3692 3652//3652
f 3700//3700 3702//3702 3652//3652 3649//3649
f 3672//3672 3656//3656 3704//3704 3713//3713
f 3731//3731 3657//3657 3662//3662 3730//3730
f 3730//3730 3688//3688 3689//3689 3731//3731
f 3710//3710 3706//3706 3663//3663 3671//3671
f 3671//3671 3667//3667 3708//3708 3710//3710
f 3667//3667 3646//3646 3698//3698 3708//3708
f 3841//3841 3837//3837 3690//3690 3719//3719
f 4228//4228 4227//4227 3690//3690 3837//3837
f 3834//3834 3844//3844 3848//3848 3838//3838
f 3858//3858 3848//3848 3844//3844 3854//3854
f 3686//3686 3689//3689 4223//4223 4222//4222
f 4230//4230 4229//4229 3847//3847 3857//3857
f 4229//4229 4228//4228 3837//3837 3847//3847
f 3716//3716 3676//3676 3836//3836 3840//3840
f 3840//3840 3834//3834 3646//3646 3716//3716
f 4226//4226 4227//4227 3676//3676 3681//3681
f 4225//4225 4226//4226 3681//3681 3682//3682
f 4224//4224 4225//4225 3682//3682 3680//3680
f 4224//4224 4223//4223 3689//3689 3688//3688
f 3720//3720 3679//3679 3680//3680 3721//3721
f 4222//4222 4223//4223 3679//3679 3683//3683
f 4220//4220 4221//4221 3677//3677 3678//3678
f 4234//4234 4220//4220 3678//3678 3696//3696
f 3680//3680 3679//3679 4223//4223 4224//4224
f 3688//3688 3684//3684 4225//4225 4224//4224
f 4602//4602 4601//4601 3919//3919 3930//3930
f 4601//4601 4600//4600 3897//3897 3919//3919
f 3900//3900 3894//3894 3884//3884 3890//3890
f 4548//4548 4599//4599 3886//3886 3876//3876
f 4547//4547 4548//4548 3876//3876 3866//3866
f 4546//4546 4547//4547 3866//3866 3907//3907
f 3780//3780 3766//3766 3905//3905 3911//3911
f 4545//4545 4551//4551 3756//3756 3769//3769
f 4550//4550 4551//4551 3752//3752 3753//3753
f 4598//4598 4549//4549 3750//3750 3751//3751
f 4597//4597 4598//4598 3751//3751 3762//3762
f 4596//4596 4597//4597 3762//3762 3790//3790
f 4596//4596 4595//4595 3759//3759 3791//3791
f 3778//3778 3773//3773 3739//3739 3759//3759
f 3772//3772 3779//3779 3758//3758 3738//3738
f 4580//4580 3778//3778 3759//3759 4595//4595
f 4580//4580 4579//4579 3760//3760 3778//3778
f 4578//4578 4579//4579 3761//3761 3741//3741
f 4577//4577 4578//4578 3741//3741 3734//3734
f 4537//4537 4536//4536 3744//3744 3747//3747
f 4535//4535 4536//4536 3745//3745 3765//3765
f 3904//3904 3764//3764 3780//3780 3911//3911
f 3793//3793 3764//3764 3904//3904 3903//3903
f 3903//3903 3902//3902 3769//3769 3793//3793
f 4576//4576 4575//4575 3862//3862 3905//3905
f 4575//4575 4574//4574 3872//3872 3862//3862
f 4574//4574 4573//4573 3882//3882 3872//3872
f 3890//3890 3886//3886 3896//3896 3900//3900
f 4600//4600 4599//4599 3887//3887 3897//3897
f 3901//3901 3897//3897 3887//3887 3891//3891
f 4586//4586 4587//4587 3893//3893 3914//3914
f 4585//4585 4586//4586 3914//3914 3925//3925
f 3684//3684 3685//3685 4226//4226 4225//4225
f 3685//3685 3690//3690 4227//4227 4226//4226
f 3846//3846 3836//3836 4228//4228 4229//4229
f 4326//4326 4328//4328 4332//4332 4330//4330
f 4328//4328 4327//4327 4331//4331 4332//4332
f 4264//4264 4314//4314 4318//4318 4281//4281
f 4319//4319 4318//4318 4314//4314 4315//4315
f 4296//4296 4282//4282 4283//4283 4297//4297
f 4431//4431 4296//4296 4297//4297 4443//4443
f 4443//4443 3642//3642 3640//3640 4431//4431
f 3628//3628 3640//3640 3642//3642 3630//3630
f 3634//3634 3643//3643 3641//3641 3629//3629
f 4447//4447 3641//3641 3643//3643 4430//4430
f 4430//4430 4298//4298 4299//4299 4447//4447
f 4298//4298 4285//4285 4286//4286 4299//4299
f 4321//4321 4319//4319 4315//4315 4317//4317
f 4317//4317 4316//4316 4320//4320 4321//4321
f 4327//4327 4325//4325 4329//4329 4331//4331
f 4273//4273 4329//4329 4325//4325 4257//4257
f 3856//3856 3846//3846 4229//4229 4230//4230
f 3836//3836 3676//3676 4227//4227 4228//4228
f 3715//3715 4240//4240 4241//4241 3692//3692
f 4561//4561 4562//4562 4046//4046 4056//4056
f 4562//4562 4563//4563 4026//4026 4046//4046
f 4031//4031 4026//4026 4016//4016 4021//4021
f 4592//4592 4567//4567 4015//4015 4005//4005
f 4593//4593 4592//4592 4005//4005 3995//3995
f 4594//4594 4593//4593 3995//3995 4038//4038
f 3968//3968 4042//4042 4041//4041 3982//3982
f 4219//4219 4553//4553 3946//3946 3966//3966
f 4554//4554 4553//4553 3945//3945 3948//3948
f 4584//4584 4625//4625 3942//3942 3935//3935
f 4625//4625 4624//4624 3962//3962 3942//3942
f 4623//4623 4624//4624 3961//3961 3979//3979
f 4622//4622 4610//4610 3960//3960 3992//3992
f 4622//4622 4611//4611 3963//3963 3991//3991
f 4611//4611 4612//4612 3952//3952 3963//3963
f 4612//4612 4540//4540 3951//3951 3952//3952
f 4610//4610 3959//3959 3980//3980 4623//4623
f 3973//3973 3980//3980 3959//3959 3939//3939
f 3971//3971 3973//3973 3939//3939 3936//3936
f 3947//3947 3943//3943 3975//3975 3978//3978
f 3982//3982 3975//3975 3943//3943 3968//3968
f 4044//4044 4042//4042 3968//3968 3993//3993
f 3993//3993 3969//3969 4039//4039 4044//4044
f 4588//4588 4606//4606 4039//4039 3969//3969
f 4042//4042 3997//3997 4001//4001 4041//4041
f 3997//3997 4007//4007 4011//4011 4001//4001
f 4007//4007 4017//4017 4021//4021 4011//4011
f 4017//4017 4027//4027 4031//4031 4021//4021
f 4033//4033 4027//4027 4017//4017 4023//4023
f 4023//4023 4019//4019 4029//4029 4033//4033
f 4051//4051 4031//4031 4027//4027 4047//4047
f 4047//4047 4057//4057 4061//4061 4051//4051
f 3932//3932 4061//4061 4057//4057 3927//3927
f 3921//3921 3932//3932 3927//3927 3916//3916
f 3899//3899 3921//3921 3916//3916 3895//3895
f 3891//3891 3885//3885 3895//3895 3901//3901
f 3895//3895 3885//3885 3889//3889 3899//3899
f 3889//3889 3882//3882 3892//3892 3899//3899
f 3879//3879 3889//3889 3885//3885 3875//3875
f 3869//3869 3879//3879 3875//3875 3865//3865
f 3911//3911 3869//3869 3865//3865 3904//3904
f 4546//4546 3907//3907 3768//3768 4545//4545
f 3792//3792 3768//3768 3907//3907 3912//3912
f 3912//3912 3910//3910 3767//3767 3792//3792
f 3764//3764 3743//3743 3775//3775 3780//3780
f 3776//3776 3775//3775 3743//3743 3748//3748
f 3736//3736 3739//3739 3773//3773 3771//3771
f 3770//3770 3772//3772 3738//3738 3735//3735
f 3746//3746 3742//3742 3774//3774 3777//3777
f 3781//3781 3774//3774 3742//3742 3767//3767
f 3767//3767 3910//3910 3909//3909 3781//3781
f 3909//3909 3908//3908 3765//3765 3781//3781
f 4576//4576 3905//3905 3766//3766 4535//4535
f 3910//3910 3864//3864 3868//3868 3909//3909
f 3864//3864 3874//3874 3878//3878 3868//3868
f 3874//3874 3884//3884 3888//3888 3878//3878
f 3884//3884 3894//3894 3898//3898 3888//3888
f 3898//3898 3893//3893 3883//3883 3888//3888
f 4587//4587 3892//3892 3882//3882 4573//4573
f 3920//3920 3898//3898 3894//3894 3915//3915
f 3915//3915 3926//3926 3931//3931 3920//3920
f 3859//3859 3931//3931 3926//3926 3855//3855
f 3855//3855 3845//3845 3849//3849 3859//3859
f 3839//3839 3849//3849 3845//3845 3835//3835
f 3834//3834 3838//3838 3698//3698 3646//3646
f 3838//3838 3833//3833 3645//3645 3698//3698
f 3709//3709 3699//3699 3647//3647 3665//3665
f 3711//3711 3709//3709 3665//3665 3669//3669
f 3669//3669 3662//3662 3705//3705 3711//3711
f 3721//3721 3663//3663 3656//3656 3720//3720
f 3663//3663 3706//3706 3704//3704 3656//3656
f 3712//3712 3707//3707 3657//3657 3674//3674
f 3650//3650 3653//3653 3703//3703 3701//3701
f 3714//3714 3703//3703 3653//3653 3693//3693
f 3979//3979 3974//3974 3940//3940 3960//3960
f 3937//3937 3940//3940 3974//3974 3972//3972
f 3977//3977 3976//3976 3944//3944 3949//3949
f 3965//3965 3944//3944 3976//3976 3981//3981
f 4036//4036 4035//4035 3970//3970 3994//3994
f 3994//3994 3965//3965 4037//4037 4036//4036
f 3981//3981 4043//4043 4037//4037 3965//3965
f 4043//4043 4002//4002 3998//3998 4037//4037
f 4002//4002 4012//4012 4008//4008 3998//3998
f 4012//4012 4022//4022 4018//4018 4008//4008
f 4560//4560 4621//4621 4029//4029 4019//4019
f 4034//4034 4030//4030 4020//4020 4024//4024
f 4024//4024 4018//4018 4028//4028 4034//4034
f 4032//4032 4052//4052 4048//4048 4028//4028
f 4052//4052 4062//4062 4058//4058 4048//4048
f 4187//4187 4058//4058 4062//4062 4191//4191
f 4177//4177 4187//4187 4191//4191 4181//4181
f 4181//4181 4161//4161 4157//4157 4177//4177
f 4164//4164 4160//4160 4150//4150 4154//4154
f 4565//4565 4564//4564 4176//4176 4186//4186
f 4564//4564 4571//4571 4156//4156 4176//4176
f 4616//4616 4617//4617 4159//4159 4149//4149
f 4153//4153 4149//4149 4159//4159 4163//4163
f 4163//4163 4157//4157 4147//4147 4153//4153
f 4556//4556 4557//4557 4145//4145 4135//4135
f 4555//4555 4556//4556 4135//4135 4125//4125
f 4613//4613 4555//4555 4125//4125 4168//4168
f 4166//4166 4165//4165 4100//4100 4124//4124
f 4124//4124 4095//4095 4167//4167 4166//4166
f 4095//4095 4111//4111 4173//4173 4167//4167
f 4570//4570 4569//4569 4076//4076 4096//4096
f 4568//4568 4569//4569 4075//4075 4078//4078
f 4605//4605 4604//4604 4072//4072 4065//4065
f 4604//4604 4603//4603 4092//4092 4072//4072
f 4544//4544 4603//4603 4091//4091 4109//4109
f 4591//4591 4544//4544 4109//4109 4090//4090
f 4590//4590 4591//4591 4090//4090 4122//4122
f 4590//4590 4589//4589 4093//4093 4121//4121
f 4589//4589 4572//4572 4082//4082 4093//4093
f 4572//4572 4559//4559 4081//4081 4082//4082
f 4558//4558 4552//4552 4083//4083 4084//4084
f 4543//4543 4552//4552 4087//4087 4100//4100
f 4171//4171 4170//4170 4096//4096 4112//4112
f 4111//4111 4097//4097 4168//4168 4173//4173
f 4570//4570 4096//4096 4170//4170 4613//4613
f 4542//4542 4541//4541 4129//4129 4169//4169
f 4541//4541 4583//4583 4139//4139 4129//4129
f 4583//4583 4616//4616 4149//4149 4139//4139
f 4151//4151 4147//4147 4157//4157 4161//4161
f 4161//4161 4156//4156 4146//4146 4151//4151
f 4557//4557 4146//4146 4156//4156 4571//4571
f 4618//4618 4617//4617 4160//4160 4180//4180
f 4566//4566 4618//4618 4180//4180 4190//4190
f 4538//4538 4539//4539 3953//3953 3954//3954
f 4588//4588 4539//4539 3957//3957 3970//3970
f 3981//3981 3967//3967 4038//4038 4043//4043
f 4041//4041 4040//4040 3966//3966 3982//3982
f 4219//4219 3966//3966 4040//4040 4594//4594
f 4606//4606 4607//4607 3999//3999 4039//4039
f 4607//4607 4608//4608 4009//4009 3999//3999
f 4608//4608 4560//4560 4019//4019 4009//4009
f 4018//4018 4022//4022 4032//4032 4028//4028
f 4022//4022 4015//4015 4025//4025 4032//4032
f 4567//4567 4016//4016 4026//4026 4563//4563
f 4620//4620 4621//4621 4030//4030 4050//4050
f 4619//4619 4620//4620 4050//4050 4060//4060
f 3733//3733 3697//3697 4234//4234 4238//4238
f 3732//3732 3692//3692 4241//4241 4238//4238
f 3584//3584 3565//3565 3562//3562 3581//3581
f 3587//3587 3568//3568 3567//3567 3586//3586
f 3548//3548 3567//3567 3568//3568 3549//3549
f 3543//3543 3562//3562 3565//3565 3546//3546
f 3524//3524 3543//3543 3546//3546 3527//3527
f 3505//3505 3524//3524 3527//3527 3508//3508
f 3529//3529 3548//3548 3549//3549 3530//3530
f 3510//3510 3529//3529 3530//3530 3511//3511
f 3486//3486 3505//3505 3508//3508 3489//3489
f 3491//3491 3510//3510 3511//3511 3492//3492
f 3492//3492 3473//3473 3472//3472 3491//3491
f 3467//3467 3486//3486 3489//3489 3470//3470
f 3448//3448 3467//3467 3470//3470 3451//3451
f 3453//3453 3472//3472 3473//3473 3454//3454
f 3454//3454 3435//3435 3434//3434 3453//3453
f 3429//3429 3448//3448 3451//3451 3432//3432
f 3410//3410 3429//3429 3432//3432 3413//3413
f 3391//3391 3410//3410 3413//3413 3394//3394
f 3435//3435 3416//3416 3415//3415 3434//3434
f 3416//3416 3397//3397 3396//3396 3415//3415
f 3397//3397 3378//3378 3377//3377 3396//3396
f 3378//3378 3359//3359 3358//3358 3377//3377
f 3359//3359 3340//3340 3339//3339 3358//3358
f 3372//3372 3391//3391 3394//3394 3375//3375
f 3353//3353 3372//3372 3375//3375 3356//3356
f 3334//3334 3353//3353 3356//3356 3337//3337
f 3337//3337 3318//3318 3315//3315 3334//3334
f 3340//3340 3321//3321 3320//3320 3339//3339
f 4808//4808 4809//4809 3272//3272 3273//3273
f 4810//4810 4809//4809 3291//3291 3294//3294
f 4810//4810 4811//4811 3274//3274 3275//3275
f 4811//4811 4812//4812 3284//3284 3274//3274
f 3239//3239 3258//3258 3261//3261 3242//3242
f 3213//3213 3239//3239 3242//3242 3220//3220
f 3205//3205 3213//3213 3220//3220 3216//3216
f 3151//3151 3205//3205 3216//3216 3208//3208
f 3147//3147 3151//3151 3208//3208 3179//3179
f 3146//3146 3147//3147 3179//3179 3175//3175
f 3159//3159 3146//3146 3175//3175 3168//3168
f 3168//3168 3167//3167 3144//3144 3159//3159
f 3244//3244 3263//3263 3264//3264 3245//3245
f 3222//3222 3244//3244 3245//3245 3223//3223
f 3223//3223 3219//3219 3218//3218 3222//3222
f 3219//3219 3211//3211 3210//3210 3218//3218
f 3211//3211 3182//3182 3181//3181 3210//3210
f 3177//3177 3181//3181 3182//3182 3178//3178
f 3172//3172 3177//3177 3178//3178 3174//3174
f 3174//3174 3173//3173 3171//3171 3172//3172
f 3715//3715 3695//3695 4239//4239 4240//4240
f 3654//3654 3694//3694 4239//4239 4237//4237
f 3651//3651 3654//3654 4237//4237 4235//4235
f 3675//3675 3659//3659 4233//4233 4236//4236
f 3670//3670 3661//3661 4232//4232 4231//4231
f 3668//3668 3664//3664 4246//4246 4231//4231
f 3664//3664 3645//3645 4244//4244 4246//4246
f 3842//3842 3832//3832 4245//4245 4243//4243
f 3852//3852 3842//3842 4243//4243 4242//4242
f 3645//3645 3833//3833 4245//4245 4244//4244
f 3659//3659 3660//3660 4232//4232 4233//4233
f 3902//3902 4546//4546 4545//4545 3769//3769
f 3902//3902 3867//3867 4547//4547 4546//4546
f 3970//3970 4035//4035 4606//4606 4588//4588
f 3980//3980 3962//3962 4624//4624 4623//4623
f 3863//3863 3873//3873 4574//4574 4575//4575
f 3873//3873 3883//3883 4573//4573 4574//4574
f 3791//3791 3763//3763 4597//4597 4596//4596
f 3867//3867 3877//3877 4548//4548 4547//4547
f 3929//3929 3918//3918 4601//4601 4602//4602
f 3763//3763 3755//3755 4598//4598 4597//4597
f 3956//3956 3958//3958 4540//4540 4612//4612
f 4000//4000 4010//4010 4608//4608 4607//4607
f 3967//3967 4219//4219 4594//4594 4038//4038
f 4094//4094 4086//4086 4572//4572 4589//4589
f 4080//4080 4076//4076 4569//4569 4568//4568
f 4055//4055 4045//4045 4562//4562 4561//4561
f 3950//3950 3946//3946 4553//4553 4554//4554
f 4068//4068 4071//4071 4604//4604 4605//4605
f 4059//4059 4049//4049 4620//4620 4619//4619
f 3955//3955 3957//3957 4539//4539 4538//4538
f 4040//4040 3996//3996 4593//4593 4594//4594
f 4015//4015 4567//4567 4563//4563 4025//4025
f 3991//3991 3959//3959 4610//4610 4622//4622
f 4045//4045 4025//4025 4563//4563 4562//4562
f 4122//4122 4094//4094 4589//4589 4590//4590
f 3960//3960 4610//4610 4623//4623 3979//3979
f 4165//4165 4130//4130 4541//4541 4542//4542
f 3992//3992 3964//3964 4611//4611 4622//4622
f 4097//4097 4075//4075 4569//4569 4570//4570
f 4189//4189 4179//4179 4618//4618 4566//4566
f 4130//4130 4140//4140 4583//4583 4541//4541
f 3969//3969 3953//3953 4539//4539 4588//4588
f 4140//4140 4150//4150 4616//4616 4583//4583
f 3964//3964 3956//3956 4612//4612 4611//4611
f 4010//4010 4020//4020 4560//4560 4608//4608
f 4049//4049 4029//4029 4621//4621 4620//4620
f 4020//4020 4030//4030 4621//4621 4560//4560
f 3941//3941 3961//3961 4624//4624 4625//4625
f 3996//3996 4006//4006 4592//4592 4593//4593
f 4136//4136 4146//4146 4557//4557 4556//4556
f 4170//4170 4126//4126 4555//4555 4613//4613
f 4085//4085 4087//4087 4552//4552 4558//4558
f 4150//4150 4160//4160 4617//4617 4616//4616
f 4097//4097 4570//4570 4613//4613 4168//4168
f 4185//4185 4175//4175 4564//4564 4565//4565
f 4100//4100 4165//4165 4542//4542 4543//4543
f 4175//4175 4155//4155 4571//4571 4564//4564
f 4121//4121 4089//4089 4591//4591 4590//4590
f 4720//4720 4762//4762 4197//4197 4724//4724
f 4071//4071 4091//4091 4603//4603 4604//4604
f 4099//4099 4083//4083 4552//4552 4543//4543
f 4145//4145 4557//4557 4571//4571 4155//4155
f 4110//4110 4092//4092 4603//4603 4544//4544
f 4199//4199 4207//4207 4609//4609 4614//4614
f 4760//4760 4763//4763 4762//4762 4720//4720
f 4062//4062 4055//4055 4186//4186 4191//4191
f 3932//3932 3924//3924 4056//4056 4061//4061
f 3859//3859 3852//3852 3925//3925 3931//3931
f 4764//4764 4765//4765 3858//3858 3854//3854
f 4767//4767 4768//4768 4253//4253 4256//4256
f 4765//4765 4769//4769 3853//3853 3858//3858
f 4770//4770 4769//4769 4310//4310 4248//4248
f 4770//4770 4771//4771 3852//3852 4242//4242
f 4771//4771 4772//4772 3925//3925 3852//3852
f 4773//4773 4772//4772 4262//4262 4261//4261
f 4773//4773 4774//4774 3924//3924 4585//4585
f 4775//4775 4774//4774 4250//4250 4249//4249
f 4775//4775 4776//4776 4561//4561 4056//4056
f 4777//4777 4776//4776 4260//4260 4259//4259
f 4777//4777 4778//4778 4186//4186 4055//4055
f 4778//4778 4779//4779 4565//4565 4186//4186
f 4779//4779 4780//4780 4185//4185 4565//4565
f 4781//4781 4766//4766 4257//4257 4325//4325
f 4783//4783 4764//4764 3854//3854 3860//3860
f 4783//4783 4784//4784 4348//4348 4312//4312
f 4785//4785 4784//4784 3856//3856 4230//4230
f 4785//4785 4786//4786 4342//4342 4341//4341
f 4786//4786 4787//4787 4343//4343 4342//4342
f 4788//4788 4782//4782 4327//4327 4328//4328
f 4789//4789 4788//4788 4328//4328 4326//4326
f 4789//4789 4790//4790 4189//4189 4566//4566
f 4791//4791 4790//4790 4347//4347 4346//4346
f 3930//3930 4059//4059 4619//4619 4602//4602
f 4792//4792 4791//4791 4346//4346 4345//4345
f 4793//4793 4792//4792 4345//4345 4344//4344
f 4793//4793 4787//4787 3929//3929 4602//4602
f 4667//4667 4668//4668 4639//4639 4636//4636
f 3777//3777 3749//3749 3734//3734 3770//3770
f 4675//4675 4678//4678 4627//4627 4630//4630
f 3746//3746 3777//3777 3770//3770 3735//3735
f 4663//4663 4665//4665 4632//4632 4629//4629
f 3787//3787 3746//3746 3735//3735 3786//3786
f 3786//3786 3750//3750 3753//3753 3787//3787
f 4679//4679 4676//4676 4634//4634 4638//4638
f 4672//4672 4667//4667 4636//4636 4658//4658
f 4550//4550 3753//3753 3750//3750 4549//4549
f 4677//4677 4681//4681 4648//4648 4646//4646
f 4549//4549 3757//3757 3754//3754 4550//4550
f 4680//4680 4674//4674 4649//4649 4647//4647
f 4665//4665 4670//4670 4652//4652 4632//4632
f 4680//4680 4683//4683 4651//4651 4631//4631
f 4682//4682 4675//4675 4630//4630 4650//4650
f 4676//4676 4684//4684 4659//4659 4634//4634
f 4681//4681 4685//4685 4661//4661 4648//4648
f 4637//4637 4641//4641 4669//4669 4666//4666
f 3785//3785 3754//3754 3757//3757 3782//3782
f 4626//4626 4633//4633 4664//4664 4662//4662
f 3782//3782 3736//3736 3748//3748 3785//3785
f 4657//4657 4637//4637 4666//4666 4673//4673
f 4633//4633 4653//4653 4671//4671 4664//4664
f 3736//3736 3771//3771 3776//3776 3748//3748
f 4643//4643 4642//4642 4678//4678 4675//4675
f 3771//3771 3737//3737 3747//3747 3776//3776
f 4645//4645 4644//4644 4676//4676 4679//4679
f 4537//4537 3747//3747 3737//3737 4577//4577
f 4640//4640 4635//4635 4681//4681 4677//4677
f 4577//4577 3734//3734 3749//3749 4537//4537
f 4631//4631 4628//4628 4674//4674 4680//4680
f 4647//4647 4655//4655 4683//4683 4680//4680
f 4654//4654 4643//4643 4675//4675 4682//4682
f 4644//4644 4660//4660 4684//4684 4676//4676
f 4635//4635 4656//4656 4685//4685 4681//4681
f 4727//4727 4695//4695 4691//4691 4726//4726
f 4732//4732 4692//4692 4687//4687 4731//4731
f 4735//4735 4694//4694 4688//4688 4733//4733
f 4712//4712 4707//4707 4697//4697 4702//4702
f 4714//4714 4708//4708 4698//4698 4704//4704
f 4704//4704 4700//4700 4710//4710 4714//4714
f 4715//4715 4711//4711 4701//4701 4705//4705
f 4705//4705 4699//4699 4709//4709 4715//4715
f 4703//4703 4696//4696 4706//4706 4713//4713
f 4695//4695 4689//4689 4699//4699 4705//4705
f 4705//4705 4701//4701 4691//4691 4695//4695
f 4694//4694 4690//4690 4700//4700 4704//4704
f 4704//4704 4698//4698 4688//4688 4694//4694
f 4702//4702 4697//4697 4687//4687 4692//4692
f 4693//4693 4686//4686 4696//4696 4703//4703
f 4695//4695 4727//4727 4728//4728 4689//4689
f 4693//4693 4734//4734 4729//4729 4686//4686
f 4694//4694 4735//4735 4730//4730 4690//4690
f 4687//4687 4697//4697 4742//4742 4741//4741
f 4235//4235 3648//3648 3675//3675 4236//4236
f 4647//4647 4649//4649 4745//4745 4750//4750
f 4650//4650 4671//4671 4739//4739 4754//4754
f 4670//4670 4665//4665 4631//4631 4651//4651
f 4628//4628 4631//4631 4665//4665 4663//4663
f 3713//3713 3675//3675 3648//3648 3700//3700
f 3672//3672 3713//3713 3700//3700 3649//3649
f 4668//4668 4667//4667 4635//4635 4640//4640
f 4656//4656 4635//4635 4667//4667 4672//4672
f 4659//4659 4733//4733 4732//4732 4673//4673
f 4734//4734 4693//4693 4689//4689 4728//4728
f 4693//4693 4703//4703 4699//4699 4689//4689
f 4703//4703 4713//4713 4709//4709 4699//4699
f 4713//4713 4706//4706 4716//4716 4723//4723
f 4664//4664 4671//4671 4650//4650 4630//4630
f 4662//4662 4664//4664 4630//4630 4627//4627
f 3726//3726 3672//3672 3649//3649 3725//3725
f 3725//3725 3677//3677 3683//3683 3726//3726
f 4638//4638 4634//4634 4666//4666 4669//4669
f 4673//4673 4666//4666 4634//4634 4659//4659
f 4735//4735 4733//4733 4659//4659 4684//4684
f 4684//4684 4660//4660 4730//4730 4735//4735
f 4738//4738 4737//4737 4730//4730 4660//4660
f 4733//4733 4688//4688 4692//4692 4732//4732
f 4688//4688 4698//4698 4702//4702 4692//4692
f 4698//4698 4708//4708 4712//4712 4702//4702
f 4713//4713 4723//4723 4719//4719 4709//4709
f 4715//4715 4709//4709 4719//4719 4725//4725
f 4725//4725 4721//4721 4711//4711 4715//4715
f 4759//4759 4760//4760 4720//4720 4710//4710
f 4714//4714 4710//4710 4720//4720 4724//4724
f 4724//4724 4718//4718 4708//4708 4714//4714
f 4742//4742 4743//4743 4706//4706 4696//4696
f 4741//4741 4742//4742 4696//4696 4686//4686
f 4758//4758 4741//4741 4686//4686 4729//4729
f 4727//4727 4726//4726 4661//4661 4685//4685
f 4685//4685 4656//4656 4728//4728 4727//4727
f 4656//4656 4672//4672 4734//4734 4728//4728
f 4748//4748 4747//4747 4637//4637 4657//4657
f 4746//4746 4747//4747 4636//4636 4639//4639
f 4222//4222 3683//3683 3677//3677 4221//4221
f 4221//4221 3691//3691 3686//3686 4222//4222
f 4757//4757 4756//4756 4633//4633 4626//4626
f 4756//4756 4755//4755 4653//4653 4633//4633
f 4739//4739 4755//4755 4652//4652 4670//4670
f 4754//4754 4739//4739 4670//4670 4651//4651
f 4753//4753 4754//4754 4651//4651 4683//4683
f 4753//4753 4752//4752 4654//4654 4682//4682
f 4752//4752 4750//4750 4643//4643 4654//4654
f 4750//4750 4745//4745 4642//4642 4643//4643
f 3724//3724 3686//3686 3691//3691 3717//3717
f 3717//3717 3650//3650 3674//3674 3724//3724
f 4744//4744 4740//4740 4644//4644 4645//4645
f 4738//4738 4740//4740 4648//4648 4661//4661
f 4732//4732 4731//4731 4657//4657 4673//4673
f 4672//4672 4658//4658 4729//4729 4734//4734
f 4748//4748 4657//4657 4731//4731 4758//4758
f 4737//4737 4736//4736 4690//4690 4730//4730
f 4736//4736 4751//4751 4700//4700 4690//4690
f 4751//4751 4759//4759 4710//4710 4700//4700
f 4712//4712 4708//4708 4718//4718 4722//4722
f 4722//4722 4717//4717 4707//4707 4712//4712
f 4743//4743 4707//4707 4717//4717 4749//4749
f 4655//4655 4647//4647 4750//4750 4752//4752
f 4641//4641 4637//4637 4747//4747 4746//4746
f 4629//4629 4632//4632 4756//4756 4757//4757
f 4683//4683 4655//4655 4752//4752 4753//4753
f 4726//4726 4691//4691 4736//4736 4737//4737
f 4658//4658 4636//4636 4747//4747 4748//4748
f 4691//4691 4701//4701 4751//4751 4736//4736
f 4701//4701 4711//4711 4759//4759 4751//4751
f 4697//4697 4707//4707 4743//4743 4742//4742
f 4731//4731 4687//4687 4741//4741 4758//4758
f 4646//4646 4648//4648 4740//4740 4744//4744
f 4711//4711 4721//4721 4760//4760 4759//4759
f 4658//4658 4748//4748 4758//4758 4729//4729
f 4661//4661 4726//4726 4737//4737 4738//4738
f 4682//4682 4650//4650 4754//4754 4753//4753
f 3650//3650 3701//3701 3712//3712 3674//3674
f 3701//3701 3651//3651 3673//3673 3712//3712
f 4632//4632 4652//4652 4755//4755 4756//4756
f 4236//4236 3673//3673 3651//3651 4235//4235
f 4660//4660 4644//4644 4740//4740 4738//4738
f 4706//4706 4743//4743 4749//4749 4716//4716
f 4671//4671 4653//4653 4755//4755 4739//4739
f 4749//4749 4717//4717 4199//4199 4614//4614
f 4614//4614 4200//4200 4716//4716 4749//4749
f 4717//4717 4722//4722 4195//4195 4199//4199
f 4201//4201 4195//4195 4722//4722 4718//4718
f 4718//4718 4724//4724 4197//4197 4201//4201
f 4200//4200 4196//4196 4723//4723 4716//4716
f 4719//4719 4723//4723 4196//4196 4202//4202
f 4202//4202 4198//4198 4725//4725 4719//4719
f 4721//4721 4725//4725 4198//4198 4615//4615
f 4609//4609 4761//4761 4216//4216 4208//4208
f 4207//4207 4215//4215 4761//4761 4609//4609
f 4794//4794 4780//4780 4258//4258 4255//4255
f 4795//4795 4794//4794 4255//4255 4254//4254
f 4768//4768 4795//4795 4254//4254 4253//4253
f 4763//4763 4760//4760 4721//4721 4615//4615
f 4615//4615 4197//4197 4762//4762 4763//4763
f 4205//4205 4197//4197 4615//4615 4582//4582
f 4215//4215 4794//4794 4795//4795 4761//4761
f 4782//4782 4781//4781 4325//4325 4327//4327
f 4313//4313 4311//4311 4765//4765 4764//4764
f 4311//4311 4310//4310 4769//4769 4765//4765
f 4242//4242 3853//3853 4769//4769 4770//4770
f 4248//4248 4247//4247 4771//4771 4770//4770
f 4247//4247 4262//4262 4772//4772 4771//4771
f 4585//4585 3925//3925 4772//4772 4773//4773
f 4261//4261 4250//4250 4774//4774 4773//4773
f 4056//4056 3924//3924 4774//4774 4775//4775
f 4249//4249 4260//4260 4776//4776 4775//4775
f 4055//4055 4561//4561 4776//4776 4777//4777
f 4259//4259 4252//4252 4778//4778 4777//4777
f 4252//4252 4251//4251 4779//4779 4778//4778
f 4251//4251 4258//4258 4780//4780 4779//4779
f 4256//4256 4257//4257 4766//4766 4767//4767
f 4312//4312 4313//4313 4764//4764 4783//4783
f 3860//3860 3856//3856 4784//4784 4783//4783
f 4341//4341 4348//4348 4784//4784 4785//4785
f 4230//4230 3857//3857 4786//4786 4785//4785
f 3857//3857 3929//3929 4787//4787 4786//4786
f 4213//4213 4581//4581 4190//4190 4194//4194
f 4566//4566 4190//4190 4788//4788 4789//4789
f 4326//4326 4347//4347 4790//4790 4789//4789
f 4060//4060 4189//4189 4790//4790 4791//4791
f 4619//4619 4060//4060 4791//4791 4792//4792
f 4602//4602 4619//4619 4792//4792 4793//4793
f 4344//4344 4343//4343 4787//4787 4793//4793
f 4192//4192 4185//4185 4215//4215 4211//4211
f 4794//4794 4215//4215 4185//4185 4780//4780
f 4212//4212 4216//4216 4768//4768 4767//4767
f 4218//4218 4212//4212 4767//4767 4766//4766
f 4766//4766 4781//4781 4214//4214 4218//4218
f 4213//4213 4205//4205 4582//4582 4581//4581
f 4206//4206 4214//4214 4581//4581 4582//4582
f 4190//4190 4581//4581 4782//4782 4788//4788
f 4581//4581 4214//4214 4781//4781 4782//4782
f 4516//4516 4524//4524 4796//4796 4523//4523
f 4521//4521 4534//4534 4533//4533 4517//4517
f 4530//4530 4523//4523 4796//4796 4533//4533
f 4517//4517 4533//4533 4796//4796 4524//4524
f 4367//4367 4366//4366 4369//4369 4370//4370
f 4366//4366 4365//4365 4368//4368 4369//4369
f 4365//4365 4411//4411 4405//4405 4368//4368
f 4411//4411 4412//4412 4408//4408 4405//4405
f 4412//4412 4413//4413 4407//4407 4408//4408
f 4404//4404 4407//4407 4413//4413 4410//4410
f 4406//4406 4404//4404 4410//4410 4409//4409
f 4435//4435 4406//4406 4409//4409 4448//4448
f 4448//4448 4426//4426 4428//4428 4435//4435
f 4426//4426 3635//3635 3633//3633 4428//4428
f 3635//3635 3617//3617 3615//3615 3633//3633
f 4477//4477 4478//4478 3632//3632 3614//3614
f 4474//4474 4475//4475 3586//3586 3567//3567
f 3589//3589 3570//3570 3568//3568 3587//3587
f 3570//3570 3551//3551 3549//3549 3568//3568
f 4473//4473 4474//4474 3567//3567 3548//3548
f 4472//4472 4473//4473 3548//3548 3529//3529
f 3551//3551 3532//3532 3530//3530 3549//3549
f 3532//3532 3513//3513 3511//3511 3530//3530
f 3513//3513 3494//3494 3492//3492 3511//3511
f 3473//3473 3492//3492 3494//3494 3475//3475
f 3475//3475 3456//3456 3454//3454 3473//3473
f 3435//3435 3454//3454 3456//3456 3437//3437
f 3437//3437 3418//3418 3416//3416 3435//3435
f 3418//3418 3399//3399 3397//3397 3416//3416
f 3399//3399 3380//3380 3378//3378 3397//3397
f 3359//3359 3378//3378 3380//3380 3361//3361
f 3361//3361 3342//3342 3340//3340 3359//3359
f 3342//3342 3323//3323 3321//3321 3340//3340
f 4813//4813 4812//4812 3303//3303 3298//3298
f 4813//4813 4814//4814 3278//3278 3279//3279
f 3260//3260 3265//3265 3284//3284 3279//3279
f 3279//3279 3278//3278 3259//3259 3260//3260
f 3245//3245 3264//3264 3266//3266 3247//3247
f 3247//3247 3228//3228 3223//3223 3245//3245
f 3219//3219 3223//3223 3228//3228 3227//3227
f 3211//3211 3219//3219 3227//3227 3224//3224
f 3224//3224 3061//3061 3182//3182 3211//3211
f 3178//3178 3182//3182 3061//3061 3062//3062
f 3174//3174 3178//3178 3062//3062 3063//3063
f 3173//3173 3174//3174 3063//3063 3064//3064
f 3172//3172 3171//3171 4492//4492 4451//4451
f 4451//4451 4396//4396 3177//3177 3172//3172
f 4396//4396 4453//4453 3181//3181 3177//3177
f 3210//3210 3181//3181 4453//4453 4454//4454
f 3218//3218 3210//3210 4454//4454 4455//4455
f 3222//3222 3218//3218 4455//4455 4456//4456
f 4456//4456 4457//4457 3244//3244 3222//3222
f 4457//4457 4458//4458 3263//3263 3244//3244
f 3257//3257 3259//3259 3278//3278 3276//3276
f 3250//3250 3257//3257 3276//3276 3269//3269
f 4815//4815 4814//4814 3297//3297 3295//3295
f 4816//4816 4815//4815 3295//3295 3288//3288
f 4461//4461 4462//4462 3339//3339 3320//3320
f 3358//3358 3339//3339 4462//4462 4463//4463
f 4463//4463 4464//4464 3377//3377 3358//3358
f 3396//3396 3377//3377 4464//4464 4465//4465
f 4465//4465 4466//4466 3415//3415 3396//3396
f 3434//3434 3415//3415 4466//4466 4467//4467
f 4467//4467 4468//4468 3453//3453 3434//3434
f 4468//4468 4469//4469 3472//3472 3453//3453
f 4469//4469 4470//4470 3491//3491 3472//3472
f 4470//4470 4471//4471 3510//3510 3491//3491
f 4471//4471 4472//4472 3529//3529 3510//3510
f 4584//4584 3935//3935 3950//3950 4554//4554
f 4554//4554 3948//3948 3938//3938 4584//4584
f 3972//3972 3938//3938 3948//3948 3977//3977
f 3978//3978 3950//3950 3935//3935 3971//3971
f 3947//3947 3978//3978 3971//3971 3936//3936
f 3988//3988 3947//3947 3936//3936 3987//3987
f 3987//3987 3951//3951 3954//3954 3988//3988
f 4538//4538 3954//3954 3951//3951 4540//4540
f 4540//4540 3958//3958 3955//3955 4538//4538
f 3986//3986 3955//3955 3958//3958 3983//3983
f 3983//3983 3937//3937 3949//3949 3986//3986
f 3937//3937 3972//3972 3977//3977 3949//3949
f 4605//4605 4065//4065 4080//4080 4568//4568
f 4568//4568 4078//4078 4068//4068 4605//4605
f 4102//4102 4068//4068 4078//4078 4107//4107
f 4067//4067 4102//4102 4107//4107 4079//4079
f 4113//4113 4067//4067 4079//4079 4116//4116
f 4116//4116 4085//4085 4088//4088 4113//4113
f 4559//4559 4088//4088 4085//4085 4558//4558
f 4558//4558 4084//4084 4081//4081 4559//4559
f 4117//4117 4081//4081 4084//4084 4118//4118
f 4118//4118 4077//4077 4066//4066 4117//4117
f 4077//4077 4108//4108 4101//4101 4066//4066
f 4108//4108 4080//4080 4065//4065 4101//4101
f 4669//4669 4641//4641 4626//4626 4662//4662
f 4638//4638 4669//4669 4662//4662 4627//4627
f 4679//4679 4638//4638 4627//4627 4678//4678
f 4678//4678 4642//4642 4645//4645 4679//4679
f 4744//4744 4645//4645 4642//4642 4745//4745
f 4745//4745 4649//4649 4646//4646 4744//4744
f 4677//4677 4646//4646 4649//4649 4674//4674
f 4674//4674 4628//4628 4640//4640 4677//4677
f 4628//4628 4663//4663 4668//4668 4640//4640
f 4663//4663 4629//4629 4639//4639 4668//4668
f 4746//4746 4639//4639 4629//4629 4757//4757
f 4757//4757 4626//4626 4641//4641 4746//4746
f 3274//3274 3284//3284 3265//3265 3255//3255
f 3275//3275 3274//3274 3255//3255 3256//3256
f 3256//3256 3253//3253 3272//3272 3275//3275
f 3273//3273 3272//3272 3253//3253 3254//3254
f 3270//3270 3273//3273 3254//3254 3251//3251
f 3251//3251 3252//3252 3271//3271 3270//3270
f 3267//3267 3271//3271 3252//3252 3248//3248
f 3268//3268 3267//3267 3248//3248 3249//3249
f 3285//3285 3268//3268 3249//3249 3266//3266
f 3266//3266 3264//3264 3283//3283 3285//3285
f 3282//3282 3283//3283 3264//3264 3263//3263
f 3263//3263 4458//4458 4459//4459 3282//3282
f 4458//4458 3262//3262 3281//3281 4459//4459
f 3262//3262 3261//3261 3280//3280 3281//3281
f 3277//3277 3280//3280 3261//3261 3258//3258
f 3269//3269 3277//3277 3258//3258 3250//3250
f 3288//3288 3295//3295 3314//3314 3307//3307
f 3295//3295 3297//3297 3316//3316 3314//3314
f 3317//3317 3316//3316 3297//3297 3298//3298
f 3298//3298 3303//3303 3322//3322 3317//3317
f 3312//3312 3322//3322 3303//3303 3293//3293
f 3313//3313 3312//3312 3293//3293 3294//3294
f 3294//3294 3291//3291 3310//3310 3313//3313
f 3311//3311 3310//3310 3291//3291 3292//3292
f 3308//3308 3311//3311 3292//3292 3289//3289
f 3289//3289 3290//3290 3309//3309 3308//3308
f 3305//3305 3309//3309 3290//3290 3286//3286
f 3306//3306 3305//3305 3286//3286 3287//3287
f 3323//3323 3306//3306 3287//3287 3304//3304
f 3321//3321 3323//3323 3304//3304 3302//3302
f 3302//3302 3301//3301 3320//3320 3321//3321
f 3301//3301 4460//4460 4461//4461 3320//3320
f 4460//4460 3300//3300 3319//3319 4461//4461
f 3300//3300 3299//3299 3318//3318 3319//3319
f 3315//3315 3318//3318 3299//3299 3296//3296
f 3307//3307 3315//3315 3296//3296 3288//3288
f 3288//3288 3296//3296 4797//4797 4816//4816
f 3299//3299 4798//4798 4797//4797 3296//3296
f 3281//3281 3280//3280 4798//4798 4799//4799
f 4459//4459 3281//3281 4799//4799 4800//4800
f 4459//4459 4800//4800 4801//4801 3282//3282
f 3302//3302 4802//4802 4801//4801 3301//3301
f 3304//3304 4803//4803 4802//4802 3302//3302
f 3304//3304 3287//3287 4804//4804 4803//4803
f 3287//3287 3286//3286 4805//4805 4804//4804
f 3286//3286 3290//3290 4806//4806 4805//4805
f 3270//3270 3271//3271 4806//4806 4807//4807
f 3289//3289 3292//3292 4808//4808 4807//4807
f 3292//3292 3291//3291 4809//4809 4808//4808
f 3275//3275 3272//3272 4809//4809 4810//4810
f 3294//3294 3293//3293 4811//4811 4810//4810
f 3293//3293 3303//3303 4812//4812 4811//4811
f 3279//3279 3284//3284 4812//4812 4813//4813
f 3298//3298 3297//3297 4814//4814 4813//4813
f 3276//3276 3278//3278 4814//4814 4815//4815
f 3269//3269 3276//3276 4815//4815 4816//4816
f 4830//4830 4834//4834 26//26 21//21
f 4826//4826 4830//4830 21//21 16//16
f 16//16 11//11 4822//4822 4826//4826
f 11//11 7//7 4819//4819 4822//4822
f 4819//4819 7//7 3//3 4817//4817
f 4820//4820 4819//4819 4817//4817 4818//4818
f 4824//4824 4823//4823 4820//4820 4821//4821
f 4823//4823 4822//4822 4819//4819 4820//4820
f 4824//4824 4828//4828 4827//4827 4823//4823
f 4831//4831 4827//4827 4828//4828 4832//4832
f 4827//4827 4826//4826 4822//4822 4823//4823
f 4831//4831 4830//4830 4826//4826 4827//4827
f 4835//4835 4831//4831 4832//4832 4836//4836
f 4829//4829 4832//4832 4828//4828 4825//4825
f 4833//4833 4836//4836 4832//4832 4829//4829
f 4835//4835 4834//4834 4830//4830 4831//4831
f 4840//4840 4850//4850 4852//4852 4841//4841
f 4847//4847 4846//4846 4950//4950 4949//4949
f 4854//4854 4855//4855 4853//4853 4851//4851
f 4856//4856 4857//4857 4855//4855 4854//4854
f 4858//4858 4859//4859 4857//4857 4856//4856
f 4860//4860 4861//4861 4859//4859 4858//4858
f 4862//4862 4863//4863 4861//4861 4860//4860
f 4864//4864 4865//4865 4863//4863 4862//4862
f 4868//4868 4869//4869 4867//4867 4866//4866
f 4870//4870 4871//4871 4869//4869 4868//4868
f 4872//4872 4873//4873 4871//4871 4870//4870
f 4874//4874 4875//4875 4873//4873 4872//4872
f 4876//4876 4877//4877 4875//4875 4874//4874
f 4878//4878 4879//4879 4877//4877 4876//4876
f 4972//4972 4971//4971 4885//4885 4886//4886
f 4886//4886 4885//4885 4888//4888 4889//4889
f 4889//4889 4888//4888 4891//4891 4892//4892
f 4892//4892 4891//4891 4894//4894 4896//4896
f 4900//4900 4895//4895 4912//4912 4907//4907
f 4906//4906 4902//4902 4907//4907 4901//4901
f 4896//4896 4894//4894 4899//4899 4901//4901
f 4901//4901 4899//4899 4904//4904 4906//4906
f 4905//4905 4900//4900 4907//4907 4902//4902
f 4901//4901 4907//4907 4912//4912 4896//4896
f 4906//4906 4904//4904 4909//4909 4911//4911
f 4895//4895 4898//4898 4893//4893 4989//4989
f 4899//4899 102//102 108//108 4904//4904
f 4910//4910 4905//4905 4902//4902 4897//4897
f 4876//4876 4883//4883 4884//4884 4878//4878
f 4874//4874 4882//4882 4883//4883 4876//4876
f 4872//4872 4881//4881 4882//4882 4874//4874
f 4888//4888 86//86 90//90 4891//4891
f 4848//4848 4847//4847 4949//4949 4948//4948
f 4851//4851 4867//4867 4869//4869 4854//4854
f 4854//4854 4869//4869 4871//4871 4856//4856
f 4856//4856 4871//4871 4873//4873 4858//4858
f 4858//4858 4873//4873 4875//4875 4860//4860
f 4860//4860 4875//4875 4877//4877 4862//4862
f 4862//4862 4877//4877 4879//4879 4864//4864
f 4855//4855 4857//4857 4915//4915 4914//4914
f 4863//4863 4865//4865 4919//4919 4918//4918
f 4861//4861 4863//4863 4918//4918 4917//4917
f 4859//4859 4861//4861 4917//4917 4916//4916
f 4857//4857 4859//4859 4916//4916 4915//4915
f 4914//4914 4915//4915 4921//4921 4920//4920
f 4918//4918 4919//4919 4925//4925 4924//4924
f 4915//4915 4916//4916 4922//4922 4921//4921
f 4916//4916 4917//4917 4923//4923 4922//4922
f 4917//4917 4918//4918 4924//4924 4923//4923
f 4920//4920 4921//4921 4927//4927 4926//4926
f 4924//4924 4925//4925 4931//4931 4930//4930
f 4921//4921 4922//4922 4928//4928 4927//4927
f 4922//4922 4923//4923 4929//4929 4928//4928
f 4923//4923 4924//4924 4930//4930 4929//4929
f 4930//4930 4931//4931 4936//4936 4935//4935
f 4927//4927 4928//4928 4933//4933 4932//4932
f 4928//4928 4929//4929 4934//4934 4933//4933
f 4929//4929 4930//4930 4935//4935 4934//4934
f 4935//4935 4936//4936 4941//4941 4940//4940
f 4932//4932 4933//4933 4938//4938 4937//4937
f 4933//4933 4934//4934 4939//4939 4938//4938
f 4934//4934 4935//4935 4940//4940 4939//4939
f 4940//4940 4941//4941 4946//4946 4945//4945
f 4937//4937 4938//4938 4943//4943 4942//4942
f 4938//4938 4939//4939 4944//4944 4943//4943
f 4939//4939 4940//4940 4945//4945 4944//4944
f 4984//4984 4980//4980 153//153 152//152
f 4981//4981 4983//4983 150//150 149//149
f 4983//4983 4982//4982 151//151 150//150
f 4982//4982 4984//4984 152//152 151//151
f 4891//4891 90//90 96//96 4894//4894
f 102//102 4899//4899 4894//4894 96//96
f 4904//4904 108//108 114//114 4909//4909
f 4841//4841 4957//4957 4958//4958 4840//4840
f 4953//4953 4960//4960 4961//4961 4955//4955
f 4959//4959 4961//4961 4960//4960 4952//4952
f 4947//4947 4956//4956 4955//4955 4961//4961
f 4947//4947 4961//4961 4959//4959 4849//4849
f 4887//4887 4962//4962 4963//4963 4890//4890
f 4912//4912 4895//4895 4989//4989 4990//4990
f 4896//4896 4912//4912 4990//4990 4892//4892
f 4906//4906 4911//4911 4897//4897 4902//4902
f 4908//4908 4905//4905 4910//4910 4913//4913
f 4903//4903 4900//4900 4905//4905 4908//4908
f 4900//4900 4903//4903 4898//4898 4895//4895
f 4962//4962 4965//4965 4964//4964 4963//4963
f 4974//4974 4959//4959 4952//4952 4973//4973
f 4974//4974 4962//4962 4887//4887 4975//4975
f 4954//4954 4948//4948 4949//4949 4845//4845
f 4986//4986 4985//4985 4880//4880 4966//4966
f 4881//4881 4967//4967 4968//4968 4882//4882
f 4882//4882 4968//4968 4969//4969 4883//4883
f 4883//4883 4969//4969 4970//4970 4884//4884
f 4977//4977 4880//4880 4866//4866 4979//4979
f 4978//4978 4966//4966 4880//4880 4977//4977
f 4979//4979 4866//4866 4867//4867 4976//4976
f 4852//4852 4850//4850 4971//4971 4972//4972
f 4962//4962 4974//4974 4973//4973 4965//4965
f 4959//4959 4974//4974 4975//4975 4849//4849
f 4847//4847 4977//4977 4979//4979 4846//4846
f 4848//4848 4978//4978 4977//4977 4847//4847
f 4992//4992 4994//4994 4982//4982 4983//4983
f 4995//4995 4992//4992 4983//4983 4981//4981
f 4991//4991 4993//4993 4980//4980 4984//4984
f 4994//4994 4991//4991 4984//4984 4982//4982
f 4843//4843 4839//4839 30//30 36//36
f 4953//4953 4957//4957 4841//4841 4960//4960
f 4960//4960 4841//4841 4852//4852 4952//4952
f 4972//4972 4973//4973 4952//4952 4852//4852
f 4973//4973 4972//4972 4886//4886 4965//4965
f 4889//4889 4964//4964 4965//4965 4886//4886
f 4885//4885 82//82 86//86 4888//4888
f 4971//4971 180//180 82//82 4885//4885
f 180//180 4971//4971 4850//4850 79//79
f 79//79 4850//4850 4840//4840 46//46
f 4958//4958 35//35 46//46 4840//4840
f 8542//8542 8541//8541 4955//4955 4956//4956
f 8541//8541 8540//8540 4953//4953 4955//4955
f 8540//8540 8539//8539 4957//4957 4953//4953
f 8539//8539 8538//8538 4958//4958 4957//4957
f 4988//4988 4987//4987 4985//4985 4986//4986
f 4866//4866 4880//4880 4985//4985 4868//4868
f 4868//4868 4985//4985 4987//4987 4870//4870
f 4963//4963 4989//4989 4893//4893 4890//4890
f 4964//4964 4990//4990 4989//4989 4963//4963
f 4892//4892 4990//4990 4964//4964 4889//4889
f 4988//4988 4967//4967 4881//4881 4987//4987
f 4870//4870 4987//4987 4881//4881 4872//4872
f 4943//4943 4944//4944 4994//4994 4992//4992
f 4942//4942 4943//4943 4992//4992 4995//4995
f 4945//4945 4946//4946 4993//4993 4991//4991
f 4944//4944 4945//4945 4991//4991 4994//4994
f 5091//5091 5037//5037 5027//5027 5090//5090
f 5090//5090 5027//5027 5017//5017 5089//5089
f 5089//5089 5017//5017 5007//5007 5088//5088
f 5088//5088 5007//5007 4997//4997 5087//5087
f 5087//5087 4997//4997 5068//5068 5095//5095
f 5302//5302 5296//5296 5042//5042 5092//5092
f 5092//5092 5042//5042 5078//5078 5096//5096
f 5096//5096 5078//5078 5052//5052 5093//5093
f 5093//5093 5052//5052 5062//5062 5094//5094
f 5037//5037 5036//5036 5026//5026 5027//5027
f 5027//5027 5026//5026 5016//5016 5017//5017
f 5017//5017 5016//5016 5006//5006 5007//5007
f 5007//5007 5006//5006 4998//4998 4997//4997
f 4997//4997 4998//4998 5069//5069 5068//5068
f 5296//5296 5295//5295 5043//5043 5042//5042
f 5042//5042 5043//5043 5079//5079 5078//5078
f 5078//5078 5079//5079 5053//5053 5052//5052
f 5052//5052 5053//5053 5063//5063 5062//5062
f 5029//5029 5030//5030 5020//5020 5019//5019
f 5019//5019 5020//5020 5010//5010 5009//5009
f 5009//5009 5010//5010 5000//5000 4999//4999
f 4999//4999 5000//5000 5071//5071 5070//5070
f 5301//5301 5300//5300 5045//5045 5044//5044
f 5044//5044 5045//5045 5081//5081 5080//5080
f 5080//5080 5081//5081 5055//5055 5054//5054
f 5054//5054 5055//5055 5065//5065 5064//5064
f 5107//5107 5141//5141 5139//5139 5165//5165
f 5030//5030 5031//5031 5021//5021 5020//5020
f 5020//5020 5021//5021 5011//5011 5010//5010
f 5010//5010 5011//5011 5001//5001 5000//5000
f 5000//5000 5001//5001 5072//5072 5071//5071
f 5300//5300 5299//5299 5046//5046 5045//5045
f 5045//5045 5046//5046 5082//5082 5081//5081
f 5081//5081 5082//5082 5274//5274 5284//5284
f 5055//5055 5056//5056 5066//5066 5065//5065
f 248//248 5135//5135 5157//5157 377//377
f 5031//5031 5032//5032 5022//5022 5021//5021
f 5021//5021 5022//5022 5012//5012 5011//5011
f 5011//5011 5012//5012 5002//5002 5001//5001
f 5001//5001 5002//5002 5073//5073 5072//5072
f 5299//5299 5298//5298 5047//5047 5046//5046
f 5046//5046 5047//5047 5083//5083 5082//5082
f 5056//5056 5284//5284 5264//5264 5273//5273
f 5135//5135 5139//5139 5141//5141 5157//5157
f 5032//5032 5033//5033 5023//5023 5022//5022
f 5022//5022 5023//5023 5013//5013 5012//5012
f 5012//5012 5013//5013 5003//5003 5002//5002
f 5002//5002 5003//5003 5074//5074 5073//5073
f 5298//5298 5305//5305 5048//5048 5047//5047
f 5047//5047 5048//5048 5084//5084 5083//5083
f 5083//5083 5084//5084 5058//5058 5057//5057
f 5030//5030 5107//5107 5165//5165 5031//5031
f 5033//5033 5034//5034 5024//5024 5023//5023
f 5023//5023 5024//5024 5014//5014 5013//5013
f 5013//5013 5014//5014 5004//5004 5003//5003
f 5003//5003 5004//5004 5075//5075 5074//5074
f 5305//5305 5304//5304 5049//5049 5048//5048
f 5048//5048 5049//5049 5085//5085 5084//5084
f 5084//5084 5085//5085 5059//5059 5058//5058
f 250//250 251//251 5109//5109 5111//5111
f 5034//5034 5035//5035 5025//5025 5024//5024
f 5024//5024 5025//5025 5015//5015 5014//5014
f 5014//5014 5015//5015 5005//5005 5004//5004
f 5004//5004 5005//5005 5076//5076 5075//5075
f 5304//5304 5303//5303 5050//5050 5049//5049
f 5049//5049 5050//5050 5086//5086 5085//5085
f 5085//5085 5086//5086 5060//5060 5059//5059
f 251//251 321//321 5108//5108 5109//5109
f 249//249 250//250 5111//5111 5112//5112
f 248//248 249//249 5112//5112 5135//5135
f 5099//5099 5100//5100 4884//4884 4970//4970
f 5038//5038 5091//5091 5090//5090 5028//5028
f 5028//5028 5090//5090 5089//5089 5018//5018
f 5018//5018 5089//5089 5088//5088 5008//5008
f 5008//5008 5088//5088 5087//5087 4996//4996
f 4996//4996 5087//5087 5095//5095 5067//5067
f 5297//5297 5302//5302 5092//5092 5041//5041
f 5041//5041 5092//5092 5096//5096 5077//5077
f 5077//5077 5096//5096 5093//5093 5051//5051
f 5051//5051 5093//5093 5094//5094 5061//5061
f 5135//5135 5112//5112 5140//5140 5139//5139
f 5109//5109 5108//5108 5160//5160 5159//5159
f 5040//5040 5142//5142 5107//5107 5030//5030
f 5111//5111 5109//5109 5159//5159 5158//5158
f 5112//5112 5111//5111 5158//5158 5140//5140
f 5142//5142 5110//5110 5141//5141 5107//5107
f 5039//5039 5040//5040 5030//5030 5029//5029
f 5098//5098 5097//5097 4910//4910 4897//4897
f 5143//5143 5098//5098 4897//4897 4911//4911
f 5097//5097 5144//5144 4913//4913 4910//4910
f 5152//5152 5151//5151 5037//5037 5091//5091
f 5101//5101 5145//5145 4879//4879 4878//4878
f 5133//5133 5132//5132 4936//4936 4931//4931
f 5128//5128 5129//5129 4980//4980 4993//4993
f 5134//5134 5133//5133 4931//4931 4925//4925
f 5129//5129 345//345 153//153 4980//4980
f 4993//4993 4946//4946 5130//5130 5128//5128
f 5136//5136 5134//5134 4925//4925 4919//4919
f 5138//5138 5137//5137 4865//4865 4864//4864
f 5131//5131 5130//5130 4946//4946 4941//4941
f 5137//5137 5136//5136 4919//4919 4865//4865
f 5132//5132 5131//5131 4941//4941 4936//4936
f 5119//5119 5120//5120 5136//5136 5137//5137
f 5124//5124 5125//5125 5130//5130 5131//5131
f 5118//5118 5119//5119 5137//5137 5138//5138
f 5123//5123 5124//5124 5131//5131 5132//5132
f 5122//5122 5123//5123 5132//5132 5133//5133
f 5121//5121 5122//5122 5133//5133 5134//5134
f 5127//5127 5126//5126 5129//5129 5128//5128
f 5120//5120 5121//5121 5134//5134 5136//5136
f 5128//5128 5130//5130 5125//5125 5127//5127
f 5126//5126 340//340 345//345 5129//5129
f 5113//5113 5106//5106 5123//5123 5122//5122
f 5106//5106 5105//5105 5124//5124 5123//5123
f 5105//5105 5104//5104 5125//5125 5124//5124
f 5117//5117 5116//5116 5119//5119 5118//5118
f 5127//5127 5125//5125 5104//5104 5102//5102
f 5116//5116 5115//5115 5120//5120 5119//5119
f 5102//5102 5103//5103 5126//5126 5127//5127
f 5115//5115 5114//5114 5121//5121 5120//5120
f 5114//5114 5113//5113 5122//5122 5121//5121
f 5150//5150 5151//5151 5100//5100 5099//5099
f 5149//5149 5148//5148 5097//5097 5098//5098
f 5147//5147 5149//5149 5098//5098 5143//5143
f 5148//5148 5146//5146 5144//5144 5097//5097
f 4878//4878 4884//4884 5100//5100 5101//5101
f 5152//5152 5153//5153 5145//5145 5101//5101
f 5036//5036 5037//5037 5151//5151 5150//5150
f 5138//5138 5145//5145 5153//5153 5118//5118
f 5091//5091 5038//5038 5153//5153 5152//5152
f 5040//5040 5039//5039 5146//5146 5148//5148
f 5101//5101 5100//5100 5151//5151 5152//5152
f 5110//5110 5142//5142 5149//5149 5147//5147
f 5142//5142 5040//5040 5148//5148 5149//5149
f 5118//5118 5153//5153 5038//5038 5117//5117
f 5138//5138 4864//4864 4879//4879 5145//5145
f 4909//4909 114//114 371//371 5154//5154
f 5154//5154 371//371 373//373 5155//5155
f 5156//5156 375//375 377//377 5157//5157
f 5140//5140 5158//5158 5163//5163 5164//5164
f 5158//5158 5159//5159 5162//5162 5163//5163
f 5159//5159 5160//5160 5161//5161 5162//5162
f 5139//5139 5140//5140 5164//5164 5165//5165
f 5143//5143 4911//4911 4909//4909 5154//5154
f 5155//5155 5147//5147 5143//5143 5154//5154
f 5147//5147 5155//5155 5156//5156 5110//5110
f 5110//5110 5156//5156 5157//5157 5141//5141
f 5165//5165 5164//5164 5032//5032 5031//5031
f 5162//5162 5161//5161 5035//5035 5034//5034
f 5163//5163 5162//5162 5034//5034 5033//5033
f 5164//5164 5163//5163 5033//5033 5032//5032
f 5167//5167 388//388 316//316 5103//5103
f 5174//5174 5173//5173 5115//5115 5116//5116
f 5102//5102 5104//5104 5168//5168 5166//5166
f 5173//5173 5172//5172 5114//5114 5115//5115
f 5166//5166 5167//5167 5103//5103 5102//5102
f 5172//5172 5171//5171 5113//5113 5114//5114
f 5171//5171 5170//5170 5106//5106 5113//5113
f 5170//5170 5169//5169 5105//5105 5106//5106
f 5169//5169 5168//5168 5104//5104 5105//5105
f 5175//5175 5174//5174 5116//5116 5117//5117
f 5181//5181 5180//5180 5170//5170 5171//5171
f 5180//5180 5179//5179 5169//5169 5170//5170
f 5179//5179 5178//5178 5168//5168 5169//5169
f 5185//5185 5184//5184 5174//5174 5175//5175
f 5177//5177 399//399 388//388 5167//5167
f 5184//5184 5183//5183 5173//5173 5174//5174
f 5166//5166 5168//5168 5178//5178 5176//5176
f 5183//5183 5182//5182 5172//5172 5173//5173
f 5176//5176 5177//5177 5167//5167 5166//5166
f 5182//5182 5181//5181 5171//5171 5172//5172
f 5192//5192 5186//5186 5187//5187 5193//5193
f 5196//5196 5190//5190 5191//5191 5197//5197
f 5193//5193 5187//5187 5188//5188 5194//5194
f 7402//7402 7401//7401 5189//5189 5195//5195
f 5195//5195 5189//5189 5190//5190 5196//5196
f 5198//5198 5192//5192 5193//5193 5199//5199
f 5202//5202 5196//5196 5197//5197 5203//5203
f 5199//5199 5193//5193 5194//5194 5200//5200
f 7403//7403 7402//7402 5195//5195 5201//5201
f 5201//5201 5195//5195 5196//5196 5202//5202
f 5204//5204 5198//5198 5199//5199 5205//5205
f 5208//5208 5202//5202 5203//5203 5209//5209
f 5205//5205 5199//5199 5200//5200 5206//5206
f 7404//7404 7403//7403 5201//5201 5207//5207
f 5207//5207 5201//5201 5202//5202 5208//5208
f 5210//5210 5204//5204 5205//5205 5211//5211
f 5214//5214 5208//5208 5209//5209 5215//5215
f 5211//5211 5205//5205 5206//5206 5212//5212
f 7405//7405 7404//7404 5207//5207 5213//5213
f 5213//5213 5207//5207 5208//5208 5214//5214
f 5216//5216 5210//5210 5211//5211 5217//5217
f 5220//5220 5214//5214 5215//5215 5221//5221
f 5217//5217 5211//5211 5212//5212 5218//5218
f 7406//7406 7405//7405 5213//5213 5219//5219
f 5219//5219 5213//5213 5214//5214 5220//5220
f 444//444 5216//5216 5217//5217 445//445
f 448//448 5220//5220 5221//5221 449//449
f 445//445 5217//5217 5218//5218 446//446
f 2640//2640 7406//7406 5219//5219 447//447
f 447//447 5219//5219 5220//5220 448//448
f 5186//5186 5192//5192 5180//5180 5181//5181
f 5192//5192 5198//5198 5179//5179 5180//5180
f 5198//5198 5204//5204 5178//5178 5179//5179
f 5176//5176 5178//5178 5204//5204 5210//5210
f 5210//5210 5216//5216 5177//5177 5176//5176
f 5216//5216 444//444 399//399 5177//5177
f 5018//5018 5185//5185 5175//5175 5028//5028
f 5028//5028 5175//5175 5117//5117 5038//5038
f 5225//5225 5224//5224 5184//5184 5185//5185
f 5224//5224 5223//5223 5183//5183 5184//5184
f 5223//5223 5222//5222 5182//5182 5183//5183
f 5251//5251 5261//5261 5307//5307 5306//5306
f 5229//5229 5228//5228 5224//5224 5225//5225
f 5314//5314 5233//5233 5234//5234 5313//5313
f 5228//5228 5227//5227 5223//5223 5224//5224
f 5313//5313 5234//5234 5235//5235 5312//5312
f 5227//5227 5226//5226 5222//5222 5223//5223
f 5288//5288 5251//5251 5306//5306 5310//5310
f 5233//5233 5287//5287 5289//5289 5243//5243
f 7407//7407 7412//7412 5287//5287 5233//5233
f 5239//5239 5238//5238 5228//5228 5229//5229
f 5233//5233 5243//5243 5244//5244 5234//5234
f 5238//5238 5237//5237 5227//5227 5228//5228
f 5234//5234 5244//5244 5245//5245 5235//5235
f 5237//5237 5236//5236 5226//5226 5227//5227
f 5236//5236 5240//5240 5230//5230 5226//5226
f 5240//5240 5241//5241 5231//5231 5230//5230
f 7412//7412 7408//7408 5252//5252 5287//5287
f 5287//5287 5252//5252 5253//5253 5289//5289
f 5291//5291 5290//5290 5238//5238 5239//5239
f 5290//5290 5292//5292 5237//5237 5238//5238
f 5292//5292 5293//5293 5236//5236 5237//5237
f 5293//5293 5294//5294 5240//5240 5236//5236
f 5294//5294 5288//5288 5241//5241 5240//5240
f 5260//5260 5261//5261 5251//5251 5250//5250
f 7408//7408 7409//7409 5262//5262 5252//5252
f 5252//5252 5262//5262 5263//5263 5253//5253
f 5259//5259 5258//5258 5248//5248 5249//5249
f 5286//5286 5285//5285 5274//5274 5057//5057
f 5258//5258 5257//5257 5247//5247 5248//5248
f 5263//5263 5264//5264 5285//5285 5253//5253
f 5257//5257 5256//5256 5246//5246 5247//5247
f 5256//5256 5260//5260 5250//5250 5246//5246
f 5269//5269 5270//5270 5261//5261 5260//5260
f 7409//7409 7410//7410 5271//5271 5262//5262
f 5262//5262 5271//5271 5272//5272 5263//5263
f 5268//5268 5267//5267 5258//5258 5259//5259
f 5263//5263 5272//5272 5273//5273 5264//5264
f 5267//5267 5266//5266 5257//5257 5258//5258
f 5055//5055 5081//5081 5284//5284 5056//5056
f 5266//5266 5265//5265 5256//5256 5257//5257
f 5265//5265 5269//5269 5260//5260 5256//5256
f 5275//5275 5279//5279 5269//5269 5265//5265
f 5279//5279 5280//5280 5270//5270 5269//5269
f 7410//7410 7411//7411 5281//5281 5271//5271
f 5271//5271 5281//5281 5282//5282 5272//5272
f 5278//5278 5277//5277 5267//5267 5268//5268
f 5272//5272 5282//5282 5283//5283 5273//5273
f 5277//5277 5276//5276 5266//5266 5267//5267
f 5273//5273 5283//5283 5066//5066 5056//5056
f 5276//5276 5275//5275 5265//5265 5266//5266
f 5058//5058 5059//5059 5255//5255 5254//5254
f 5274//5274 5285//5285 5264//5264 5284//5284
f 5274//5274 5082//5082 5083//5083 5057//5057
f 5286//5286 5057//5057 5058//5058 5254//5254
f 5241//5241 5288//5288 5310//5310 5232//5232
f 5249//5249 5248//5248 5290//5290 5291//5291
f 5248//5248 5247//5247 5292//5292 5290//5290
f 5289//5289 5253//5253 5285//5285 5286//5286
f 5247//5247 5246//5246 5293//5293 5292//5292
f 5246//5246 5250//5250 5294//5294 5293//5293
f 5250//5250 5251//5251 5288//5288 5294//5294
f 5073//5073 5074//5074 5305//5305 5298//5298
f 5071//5071 5072//5072 5299//5299 5300//5300
f 5095//5095 5068//5068 5296//5296 5302//5302
f 5067//5067 5095//5095 5302//5302 5297//5297
f 5072//5072 5073//5073 5298//5298 5299//5299
f 5068//5068 5069//5069 5295//5295 5296//5296
f 5070//5070 5071//5071 5300//5300 5301//5301
f 5075//5075 5076//5076 5303//5303 5304//5304
f 5074//5074 5075//5075 5304//5304 5305//5305
f 5243//5243 5289//5289 5286//5286 5254//5254
f 5008//5008 5225//5225 5185//5185 5018//5018
f 4996//4996 5229//5229 5225//5225 5008//5008
f 5229//5229 4996//4996 5067//5067 5239//5239
f 5297//5297 5291//5291 5239//5239 5067//5067
f 5291//5291 5297//5297 5041//5041 5249//5249
f 5249//5249 5041//5041 5077//5077 5259//5259
f 5051//5051 5268//5268 5259//5259 5077//5077
f 5268//5268 5051//5051 5061//5061 5278//5278
f 5254//5254 5255//5255 5244//5244 5243//5243
f 5261//5261 5270//5270 5308//5308 5307//5307
f 5270//5270 5280//5280 5309//5309 5308//5308
f 7434//7434 7407//7407 5233//5233 5314//5314
f 5255//5255 5311//5311 5245//5245 5244//5244
f 5255//5255 5059//5059 5060//5060 5311//5311
f 5242//5242 5231//5231 5241//5241 5232//5232
f 5281//5281 5328//5328 5329//5329 5282//5282
f 5325//5325 5324//5324 5277//5277 5278//5278
f 5094//5094 5062//5062 5316//5316 5321//5321
f 5282//5282 5329//5329 5330//5330 5283//5283
f 5331//5331 5309//5309 5280//5280 5327//5327
f 5324//5324 5323//5323 5276//5276 5277//5277
f 5062//5062 5063//5063 5317//5317 5316//5316
f 5323//5323 5322//5322 5275//5275 5276//5276
f 5321//5321 5315//5315 5061//5061 5094//5094
f 5322//5322 5326//5326 5279//5279 5275//5275
f 5326//5326 5327//5327 5280//5280 5279//5279
f 5315//5315 5325//5325 5278//5278 5061//5061
f 5064//5064 5065//5065 5319//5319 5318//5318
f 7411//7411 7413//7413 5328//5328 5281//5281
f 5065//5065 5066//5066 5320//5320 5319//5319
f 5283//5283 5330//5330 5320//5320 5066//5066
f 5328//5328 5345//5345 5346//5346 5329//5329
f 5342//5342 5341//5341 5324//5324 5325//5325
f 5316//5316 5317//5317 5334//5334 5333//5333
f 5329//5329 5346//5346 5347//5347 5330//5330
f 5341//5341 5340//5340 5323//5323 5324//5324
f 5330//5330 5347//5347 5337//5337 5320//5320
f 5340//5340 5339//5339 5322//5322 5323//5323
f 5332//5332 5342//5342 5325//5325 5315//5315
f 5339//5339 5343//5343 5326//5326 5322//5322
f 5318//5318 5319//5319 5336//5336 5335//5335
f 5348//5348 5331//5331 5327//5327 5344//5344
f 5343//5343 5344//5344 5327//5327 5326//5326
f 5319//5319 5320//5320 5337//5337 5336//5336
f 7413//7413 7414//7414 5345//5345 5328//5328
f 5338//5338 5332//5332 5315//5315 5321//5321
f 5321//5321 5316//5316 5333//5333 5338//5338
f 5346//5346 5363//5363 5364//5364 5347//5347
f 5358//5358 5357//5357 5340//5340 5341//5341
f 5347//5347 5364//5364 5354//5354 5337//5337
f 5357//5357 5356//5356 5339//5339 5340//5340
f 5349//5349 5359//5359 5342//5342 5332//5332
f 5356//5356 5360//5360 5343//5343 5339//5339
f 5335//5335 5336//5336 5353//5353 5352//5352
f 5365//5365 5348//5348 5344//5344 5361//5361
f 5360//5360 5361//5361 5344//5344 5343//5343
f 5336//5336 5337//5337 5354//5354 5353//5353
f 7414//7414 7415//7415 5362//5362 5345//5345
f 5355//5355 5349//5349 5332//5332 5338//5338
f 5338//5338 5333//5333 5350//5350 5355//5355
f 5345//5345 5362//5362 5363//5363 5346//5346
f 5359//5359 5358//5358 5341//5341 5342//5342
f 5333//5333 5334//5334 5351//5351 5350//5350
f 5364//5364 5381//5381 5371//5371 5354//5354
f 5374//5374 5373//5373 5356//5356 5357//5357
f 5366//5366 5376//5376 5359//5359 5349//5349
f 5373//5373 5377//5377 5360//5360 5356//5356
f 5352//5352 5353//5353 5370//5370 5369//5369
f 5382//5382 5365//5365 5361//5361 5378//5378
f 5377//5377 5378//5378 5361//5361 5360//5360
f 5353//5353 5354//5354 5371//5371 5370//5370
f 7415//7415 7416//7416 5379//5379 5362//5362
f 5372//5372 5366//5366 5349//5349 5355//5355
f 5355//5355 5350//5350 5367//5367 5372//5372
f 5362//5362 5379//5379 5380//5380 5363//5363
f 5376//5376 5375//5375 5358//5358 5359//5359
f 5350//5350 5351//5351 5368//5368 5367//5367
f 5363//5363 5380//5380 5381//5381 5364//5364
f 5375//5375 5374//5374 5357//5357 5358//5358
f 5406//5406 5390//5390 5391//5391 5407//5407
f 5413//5413 5397//5397 5398//5398 5414//5414
f 5407//5407 5391//5391 5392//5392 5408//5408
f 5399//5399 5414//5414 5398//5398 5383//5383
f 5408//5408 5392//5392 5393//5393 5409//5409
f 5399//5399 5383//5383 5384//5384 5400//5400
f 5409//5409 5393//5393 5394//5394 5410//5410
f 5403//5403 5387//5387 5388//5388 5404//5404
f 5400//5400 5384//5384 5385//5385 5401//5401
f 5410//5410 5394//5394 5395//5395 5411//5411
f 5404//5404 5388//5388 5389//5389 5405//5405
f 5402//5402 5386//5386 5387//5387 5403//5403
f 5411//5411 5395//5395 5396//5396 5412//5412
f 5405//5405 5389//5389 5390//5390 5406//5406
f 5401//5401 5385//5385 5386//5386 5402//5402
f 5412//5412 5396//5396 5397//5397 5413//5413
f 5413//5413 5414//5414 5399//5399 5400//5400
f 5412//5412 5413//5413 5400//5400 5401//5401
f 5411//5411 5412//5412 5401//5401 5402//5402
f 5410//5410 5411//5411 5402//5402 5403//5403
f 5403//5403 5404//5404 5409//5409 5410//5410
f 5404//5404 5405//5405 5408//5408 5409//5409
f 5405//5405 5406//5406 5407//5407 5408//5408
f 5390//5390 5422//5422 5423//5423 5391//5391
f 5397//5397 5429//5429 5430//5430 5398//5398
f 5391//5391 5423//5423 5424//5424 5392//5392
f 5383//5383 5398//5398 5430//5430 5415//5415
f 5392//5392 5424//5424 5425//5425 5393//5393
f 5383//5383 5415//5415 5416//5416 5384//5384
f 5393//5393 5425//5425 5426//5426 5394//5394
f 5387//5387 5419//5419 5420//5420 5388//5388
f 5384//5384 5416//5416 5417//5417 5385//5385
f 5394//5394 5426//5426 5427//5427 5395//5395
f 5388//5388 5420//5420 5421//5421 5389//5389
f 5386//5386 5418//5418 5419//5419 5387//5387
f 5395//5395 5427//5427 5428//5428 5396//5396
f 5389//5389 5421//5421 5422//5422 5390//5390
f 5385//5385 5417//5417 5418//5418 5386//5386
f 5396//5396 5428//5428 5429//5429 5397//5397
f 5415//5415 5430//5430 5446//5446 5431//5431
f 5424//5424 5440//5440 5441//5441 5425//5425
f 5415//5415 5431//5431 5432//5432 5416//5416
f 5425//5425 5441//5441 5442//5442 5426//5426
f 5419//5419 5435//5435 5436//5436 5420//5420
f 5416//5416 5432//5432 5433//5433 5417//5417
f 5426//5426 5442//5442 5443//5443 5427//5427
f 5420//5420 5436//5436 5437//5437 5421//5421
f 5418//5418 5434//5434 5435//5435 5419//5419
f 5427//5427 5443//5443 5444//5444 5428//5428
f 5421//5421 5437//5437 5438//5438 5422//5422
f 5417//5417 5433//5433 5434//5434 5418//5418
f 5428//5428 5444//5444 5445//5445 5429//5429
f 5422//5422 5438//5438 5439//5439 5423//5423
f 5429//5429 5445//5445 5446//5446 5430//5430
f 5423//5423 5439//5439 5440//5440 5424//5424
f 5496//5496 5461//5461 5462//5462 5495//5495
f 5498//5498 5455//5455 5456//5456 5497//5497
f 5499//5499 5495//5495 5462//5462 5447//5447
f 5497//5497 5456//5456 5457//5457 5500//5500
f 5499//5499 5447//5447 5448//5448 5501//5501
f 5500//5500 5457//5457 5458//5458 5502//5502
f 5504//5504 5451//5451 5452//5452 5503//5503
f 5501//5501 5448//5448 5449//5449 5505//5505
f 5502//5502 5458//5458 5459//5459 5506//5506
f 5503//5503 5452//5452 5453//5453 5507//5507
f 5508//5508 5450//5450 5451//5451 5504//5504
f 5506//5506 5459//5459 5460//5460 5509//5509
f 5507//5507 5453//5453 5454//5454 5510//5510
f 5505//5505 5449//5449 5450//5450 5508//5508
f 5509//5509 5460//5460 5461//5461 5496//5496
f 5510//5510 5454//5454 5455//5455 5498//5498
f 5447//5447 5462//5462 5478//5478 5463//5463
f 5456//5456 5472//5472 5473//5473 5457//5457
f 5447//5447 5463//5463 5464//5464 5448//5448
f 5457//5457 5473//5473 5474//5474 5458//5458
f 5451//5451 5467//5467 5468//5468 5452//5452
f 5448//5448 5464//5464 5465//5465 5449//5449
f 5458//5458 5474//5474 5475//5475 5459//5459
f 5452//5452 5468//5468 5469//5469 5453//5453
f 5450//5450 5466//5466 5467//5467 5451//5451
f 5459//5459 5475//5475 5476//5476 5460//5460
f 5453//5453 5469//5469 5470//5470 5454//5454
f 5449//5449 5465//5465 5466//5466 5450//5450
f 5460//5460 5476//5476 5477//5477 5461//5461
f 5454//5454 5470//5470 5471//5471 5455//5455
f 5461//5461 5477//5477 5478//5478 5462//5462
f 5455//5455 5471//5471 5472//5472 5456//5456
f 5477//5477 5493//5493 5494//5494 5478//5478
f 5471//5471 5487//5487 5488//5488 5472//5472
f 5463//5463 5478//5478 5494//5494 5479//5479
f 5472//5472 5488//5488 5489//5489 5473//5473
f 5463//5463 5479//5479 5480//5480 5464//5464
f 5473//5473 5489//5489 5490//5490 5474//5474
f 5467//5467 5483//5483 5484//5484 5468//5468
f 5464//5464 5480//5480 5481//5481 5465//5465
f 5474//5474 5490//5490 5491//5491 5475//5475
f 5468//5468 5484//5484 5485//5485 5469//5469
f 5466//5466 5482//5482 5483//5483 5467//5467
f 5475//5475 5491//5491 5492//5492 5476//5476
f 5469//5469 5485//5485 5486//5486 5470//5470
f 5465//5465 5481//5481 5482//5482 5466//5466
f 5476//5476 5492//5492 5493//5493 5477//5477
f 5470//5470 5486//5486 5487//5487 5471//5471
f 5445//5445 5496//5496 5495//5495 5446//5446
f 5439//5439 5498//5498 5497//5497 5440//5440
f 5431//5431 5446//5446 5495//5495 5499//5499
f 5440//5440 5497//5497 5500//5500 5441//5441
f 5431//5431 5499//5499 5501//5501 5432//5432
f 5441//5441 5500//5500 5502//5502 5442//5442
f 5435//5435 5504//5504 5503//5503 5436//5436
f 5432//5432 5501//5501 5505//5505 5433//5433
f 5442//5442 5502//5502 5506//5506 5443//5443
f 5436//5436 5503//5503 5507//5507 5437//5437
f 5434//5434 5508//5508 5504//5504 5435//5435
f 5443//5443 5506//5506 5509//5509 5444//5444
f 5437//5437 5507//5507 5510//5510 5438//5438
f 5433//5433 5505//5505 5508//5508 5434//5434
f 5444//5444 5509//5509 5496//5496 5445//5445
f 5438//5438 5510//5510 5498//5498 5439//5439
f 5494//5494 5015//5015 5025//5025 5479//5479
f 5493//5493 5005//5005 5015//5015 5494//5494
f 5479//5479 5025//5025 5035//5035 5480//5480
f 5161//5161 5481//5481 5480//5480 5035//5035
f 5160//5160 5482//5482 5481//5481 5161//5161
f 5511//5511 5512//5512 5483//5483 5482//5482
f 5512//5512 5513//5513 5484//5484 5483//5483
f 5513//5513 5514//5514 5485//5485 5484//5484
f 739//739 740//740 5512//5512 5511//5511
f 740//740 741//741 5513//5513 5512//5512
f 741//741 742//742 5514//5514 5513//5513
f 321//321 739//739 5511//5511 5108//5108
f 5108//5108 5511//5511 5482//5482 5160//5160
f 5005//5005 5493//5493 5492//5492 5076//5076
f 5303//5303 7617//7617 7486//7486 5050//5050
f 6430//6430 5622//5622 5519//5519 6408//6408
f 6429//6429 5590//5590 5521//5521 6407//6407
f 5587//5587 5589//5589 5520//5520 5555//5555
f 6878//6878 6874//6874 5527//5527 5556//5556
f 6882//6882 6873//6873 5526//5526 6410//6410
f 6883//6883 6875//6875 5528//5528 6409//6409
f 6433//6433 5627//5627 5518//5518 6405//6405
f 6434//6434 5628//5628 5516//5516 6406//6406
f 5630//5630 5633//5633 5517//5517 5554//5554
f 6575//6575 6561//6561 5532//5532 5604//5604
f 5617//5617 5555//5555 5520//5520 5624//5624
f 6577//6577 6562//6562 5531//5531 5615//5615
f 6884//6884 6564//6564 5538//5538 6877//6877
f 5582//5582 5534//5534 5524//5524 5579//5579
f 5629//5629 5536//5536 5516//5516 5628//5628
f 6876//6876 5533//5533 5528//5528 6875//6875
f 5588//5588 5535//5535 5521//5521 5590//5590
f 5604//5604 5532//5532 5515//5515 5606//5606
f 6877//6877 5538//5538 5523//5523 6872//6872
f 5584//5584 5523//5523 5538//5538 5583//5583
f 6431//6431 6408//6408 5519//5519 5625//5625
f 6432//6432 6407//6407 5521//5521 5623//5623
f 6428//6428 5575//5575 5645//5645 6437//6437
f 5572//5572 5578//5578 5649//5649 5648//5648
f 6571//6571 5568//5568 5644//5644 6583//6583
f 6423//6423 5577//5577 5650//5650 6438//6438
f 5575//5575 5572//5572 5648//5648 5645//5645
f 6418//6418 5564//5564 5539//5539 6413//6413
f 5549//5549 5553//5553 5539//5539 5541//5541
f 5567//5567 5565//5565 5542//5542 5543//5543
f 6566//6566 5549//5549 5541//5541 6582//6582
f 6417//6417 5566//5566 5545//5545 6414//6414
f 5675//5675 5547//5547 5544//5544 5684//5684
f 5569//5569 5563//5563 5540//5540 5546//5546
f 5566//5566 5569//5569 5546//5546 5545//5545
f 5545//5545 5546//5546 5548//5548 5551//5551
f 5546//5546 5540//5540 5558//5558 5548//5548
f 5622//5622 5587//5587 5555//5555 5519//5519
f 6873//6873 6878//6878 5556//5556 5526//5526
f 5627//5627 5630//5630 5554//5554 5518//5518
f 5680//5680 5683//5683 5559//5559 5603//5603
f 5625//5625 5519//5519 5555//5555 5617//5617
f 5671//5671 5682//5682 5560//5560 5618//5618
f 6881//6881 5676//5676 5562//5562 6879//6879
f 5684//5684 5544//5544 5570//5570 5674//5674
f 6414//6414 5545//5545 5551//5551 6416//6416
f 6582//6582 5541//5541 5568//5568 6571//6571
f 5543//5543 5542//5542 5552//5552 5550//5550
f 5541//5541 5539//5539 5564//5564 5568//5568
f 6413//6413 5539//5539 5553//5553 6415//6415
f 5672//5672 5643//5643 5571//5571 5679//5679
f 5644//5644 5650//5650 5577//5577 5573//5573
f 6437//6437 5645//5645 5566//5566 6417//6417
f 6583//6583 5644//5644 5573//5573 6572//6572
f 5645//5645 5648//5648 5569//5569 5566//5566
f 5646//5646 5647//5647 5565//5565 5567//5567
f 5648//5648 5649//5649 5563//5563 5569//5569
f 6438//6438 5650//5650 5564//5564 6418//6418
f 6442//6442 5701//5701 5575//5575 6428//6428
f 5702//5702 5700//5700 5578//5578 5572//5572
f 5706//5706 5699//5699 5602//5602 5677//5677
f 5557//5557 5585//5585 5580//5580 5525//5525
f 6564//6564 6573//6573 5583//5583 5538//5538
f 5626//5626 5582//5582 5579//5579 5623//5623
f 5616//5616 5584//5584 5583//5583 5615//5615
f 6411//6411 6419//6419 5581//5581 5530//5530
f 6412//6412 6420//6420 5579//5579 5524//5524
f 5530//5530 5581//5581 5585//5585 5557//5557
f 5676//5676 5673//5673 5586//5586 5562//5562
f 5613//5613 5612//5612 5607//5607 5592//5592
f 5697//5697 5698//5698 5576//5576 5574//5574
f 6426//6426 5611//5611 5609//5609 6421//6421
f 6598//6598 5703//5703 5600//5600 6576//6576
f 5642//5642 5600//5600 5596//5596 5640//5640
f 6578//6578 6574//6574 5593//5593 5620//5620
f 5670//5670 5678//5678 5591//5591 5619//5619
f 6406//6406 5516//5516 5611//5611 6426//6426
f 5605//5605 5613//5613 5592//5592 5608//5608
f 6427//6427 5605//5605 5608//5608 6422//6422
f 5581//5581 5625//5625 5617//5617 5585//5585
f 5614//5614 5594//5594 5609//5609 5611//5611
f 5678//5678 5680//5680 5603//5603 5591//5591
f 5620//5620 5593//5593 5610//5610 5621//5621
f 6443//6443 5704//5704 5577//5577 6423//6423
f 6419//6419 6431//6431 5625//5625 5581//5581
f 5701//5701 5702//5702 5572//5572 5575//5575
f 5592//5592 5607//5607 5589//5589 5587//5587
f 5668//5668 5677//5677 5602//5602 5639//5639
f 6405//6405 5518//5518 5605//5605 6427//6427
f 5554//5554 5517//5517 5612//5612 5613//5613
f 5536//5536 5614//5614 5611//5611 5516//5516
f 6580//6580 6576//6576 5600//5600 5642//5642
f 5703//5703 5704//5704 5596//5596 5600//5600
f 6421//6421 5609//5609 5590//5590 6429//6429
f 5593//5593 5604//5604 5606//5606 5610//5610
f 6574//6574 6575//6575 5604//5604 5593//5593
f 5518//5518 5554//5554 5613//5613 5605//5605
f 5535//5535 5626//5626 5623//5623 5521//5521
f 6573//6573 6577//6577 5615//5615 5583//5583
f 5585//5585 5617//5617 5624//5624 5580//5580
f 5682//5682 5670//5670 5619//5619 5560//5560
f 5531//5531 5620//5620 5621//5621 5522//5522
f 6420//6420 6432//6432 5623//5623 5579//5579
f 5522//5522 5616//5616 5615//5615 5531//5531
f 5673//5673 5671//5671 5618//5618 5586//5586
f 6562//6562 6578//6578 5620//5620 5531//5531
f 6422//6422 5608//5608 5622//5622 6430//6430
f 5608//5608 5592//5592 5587//5587 5622//5622
f 5594//5594 5588//5588 5590//5590 5609//5609
f 6435//6435 5635//5635 5627//5627 6433//6433
f 6436//6436 5636//5636 5628//5628 6434//6434
f 5638//5638 5641//5641 5633//5633 5630//5630
f 5637//5637 5629//5629 5628//5628 5636//5636
f 5635//5635 5638//5638 5630//5630 5627//5627
f 5532//5532 5634//5634 5632//5632 5515//5515
f 5683//5683 5669//5669 5631//5631 5559//5559
f 6561//6561 6579//6579 5634//5634 5532//5532
f 5634//5634 5642//5642 5640//5640 5632//5632
f 5669//5669 5668//5668 5639//5639 5631//5631
f 6579//6579 6580//6580 5642//5642 5634//5634
f 6425//6425 5595//5595 5635//5635 6435//6435
f 6424//6424 5597//5597 5636//5636 6436//6436
f 5601//5601 5598//5598 5641//5641 5638//5638
f 5599//5599 5637//5637 5636//5636 5597//5597
f 5595//5595 5601//5601 5638//5638 5635//5635
f 5574//5574 5576//5576 5647//5647 5646//5646
f 5674//5674 5570//5570 5643//5643 5672//5672
f 5568//5568 5564//5564 5650//5650 5644//5644
f 5603//5603 5559//5559 5651//5651 5661//5661
f 5618//5618 5560//5560 5652//5652 5663//5663
f 6879//6879 5562//5562 5654//5654 6880//6880
f 5570//5570 5657//5657 5667//5667 5643//5643
f 5547//5547 5656//5656 5655//5655 5544//5544
f 5544//5544 5655//5655 5657//5657 5570//5570
f 5643//5643 5667//5667 5658//5658 5571//5571
f 5562//5562 5586//5586 5659//5659 5654//5654
f 5699//5699 5705//5705 5662//5662 5602//5602
f 5619//5619 5591//5591 5660//5660 5664//5664
f 5639//5639 5602//5602 5662//5662 5666//5666
f 5591//5591 5603//5603 5661//5661 5660//5660
f 5586//5586 5618//5618 5663//5663 5659//5659
f 5560//5560 5619//5619 5664//5664 5652//5652
f 5559//5559 5631//5631 5665//5665 5651//5651
f 5631//5631 5639//5639 5666//5666 5665//5665
f 6588//6588 6586//6586 5671//5671 5673//5673
f 6885//6885 6570//6570 5676//5676 6881//6881
f 6570//6570 6588//6588 5673//5673 5676//5676
f 6584//6584 6591//6591 5677//5677 5668//5668
f 6565//6565 5684//5684 5674//5674 6590//6590
f 6568//6568 6585//6585 5670//5670 5682//5682
f 6567//6567 6587//6587 5669//5669 5683//5683
f 6581//6581 5672//5672 5679//5679 6592//6592
f 6593//6593 6567//6567 5683//5683 5680//5680
f 6586//6586 6568//6568 5682//5682 5671//5671
f 6594//6594 6593//6593 5680//5680 5678//5678
f 6590//6590 5674//5674 5672//5672 6581//6581
f 6589//6589 5675//5675 5684//5684 6565//6565
f 6587//6587 6584//6584 5668//5668 5669//5669
f 6599//6599 5706//5706 5677//5677 6591//6591
f 6585//6585 6594//6594 5678//5678 5670//5670
f 5694//5694 5686//5686 5547//5547 5675//5675
f 5551//5551 5548//5548 5685//5685 5689//5689
f 5656//5656 5547//5547 5686//5686 5693//5693
f 6416//6416 5551//5551 5689//5689 6439//6439
f 5687//5687 5691//5691 5553//5553 5549//5549
f 5550//5550 5552//5552 5690//5690 5688//5688
f 6589//6589 5550//5550 5688//5688 6596//6596
f 6415//6415 5553//5553 5691//5691 6440//6440
f 6595//6595 5687//5687 5549//5549 6566//6566
f 5548//5548 5558//5558 5692//5692 5685//5685
f 6596//6596 5688//5688 5696//5696 6597//6597
f 6595//6595 6597//6597 5696//5696 5687//5687
f 5687//5687 5696//5696 5695//5695 5691//5691
f 5696//5696 5688//5688 5690//5690 5695//5695
f 6441//6441 6439//6439 5689//5689 5685//5685
f 6441//6441 6440//6440 5691//5691 5695//5695
f 6424//6424 5598//5598 5701//5701 6442//6442
f 5601//5601 5595//5595 5700//5700 5702//5702
f 5679//5679 5571//5571 5699//5699 5706//5706
f 5599//5599 5597//5597 5698//5698 5697//5697
f 6572//6572 5573//5573 5703//5703 6598//6598
f 6425//6425 5596//5596 5704//5704 6443//6443
f 5598//5598 5601//5601 5702//5702 5701//5701
f 5573//5573 5577//5577 5704//5704 5703//5703
f 5571//5571 5658//5658 5705//5705 5699//5699
f 6592//6592 5679//5679 5706//5706 6599//6599
f 6469//6469 5814//5814 5711//5711 6447//6447
f 6468//6468 5782//5782 5713//5713 6446//6446
f 5779//5779 5781//5781 5712//5712 5747//5747
f 6887//6887 6921//6921 5719//5719 5748//5748
f 6891//6891 6922//6922 5718//5718 6449//6449
f 6890//6890 6920//6920 5720//5720 6448//6448
f 6472//6472 5819//5819 5710//5710 6444//6444
f 6473//6473 5820//5820 5708//5708 6445//6445
f 5822//5822 5825//5825 5709//5709 5746//5746
f 6614//6614 6600//6600 5724//5724 5796//5796
f 5809//5809 5747//5747 5712//5712 5816//5816
f 6616//6616 6601//6601 5723//5723 5807//5807
f 6897//6897 6603//6603 5730//5730 6888//6888
f 5774//5774 5726//5726 5716//5716 5771//5771
f 5821//5821 5728//5728 5708//5708 5820//5820
f 6889//6889 5725//5725 5720//5720 6920//6920
f 5780//5780 5727//5727 5713//5713 5782//5782
f 5796//5796 5724//5724 5707//5707 5798//5798
f 6888//6888 5730//5730 5715//5715 6923//6923
f 5776//5776 5715//5715 5730//5730 5775//5775
f 6470//6470 6447//6447 5711//5711 5817//5817
f 6471//6471 6446//6446 5713//5713 5815//5815
f 6467//6467 5767//5767 5837//5837 6476//6476
f 5764//5764 5770//5770 5841//5841 5840//5840
f 6610//6610 5760//5760 5836//5836 6622//6622
f 6462//6462 5769//5769 5842//5842 6477//6477
f 5767//5767 5764//5764 5840//5840 5837//5837
f 6457//6457 5756//5756 5731//5731 6452//6452
f 5741//5741 5745//5745 5731//5731 5733//5733
f 5759//5759 5757//5757 5734//5734 5735//5735
f 6605//6605 5741//5741 5733//5733 6621//6621
f 6456//6456 5758//5758 5737//5737 6453//6453
f 5867//5867 5739//5739 5736//5736 5876//5876
f 5761//5761 5755//5755 5732//5732 5738//5738
f 5758//5758 5761//5761 5738//5738 5737//5737
f 5737//5737 5738//5738 5740//5740 5743//5743
f 5738//5738 5732//5732 5750//5750 5740//5740
f 5814//5814 5779//5779 5747//5747 5711//5711
f 6922//6922 6887//6887 5748//5748 5718//5718
f 5819//5819 5822//5822 5746//5746 5710//5710
f 5872//5872 5875//5875 5751//5751 5795//5795
f 5817//5817 5711//5711 5747//5747 5809//5809
f 5863//5863 5874//5874 5752//5752 5810//5810
f 6892//6892 5868//5868 5754//5754 6886//6886
f 5876//5876 5736//5736 5762//5762 5866//5866
f 6453//6453 5737//5737 5743//5743 6455//6455
f 6621//6621 5733//5733 5760//5760 6610//6610
f 5735//5735 5734//5734 5744//5744 5742//5742
f 5733//5733 5731//5731 5756//5756 5760//5760
f 6452//6452 5731//5731 5745//5745 6454//6454
f 5864//5864 5835//5835 5763//5763 5871//5871
f 5836//5836 5842//5842 5769//5769 5765//5765
f 6476//6476 5837//5837 5758//5758 6456//6456
f 6622//6622 5836//5836 5765//5765 6611//6611
f 5837//5837 5840//5840 5761//5761 5758//5758
f 5838//5838 5839//5839 5757//5757 5759//5759
f 5840//5840 5841//5841 5755//5755 5761//5761
f 6477//6477 5842//5842 5756//5756 6457//6457
f 6481//6481 5893//5893 5767//5767 6467//6467
f 5894//5894 5892//5892 5770//5770 5764//5764
f 5898//5898 5891//5891 5794//5794 5869//5869
f 5749//5749 5777//5777 5772//5772 5717//5717
f 6603//6603 6612//6612 5775//5775 5730//5730
f 5818//5818 5774//5774 5771//5771 5815//5815
f 5808//5808 5776//5776 5775//5775 5807//5807
f 6450//6450 6458//6458 5773//5773 5722//5722
f 6451//6451 6459//6459 5771//5771 5716//5716
f 5722//5722 5773//5773 5777//5777 5749//5749
f 5868//5868 5865//5865 5778//5778 5754//5754
f 5805//5805 5804//5804 5799//5799 5784//5784
f 5889//5889 5890//5890 5768//5768 5766//5766
f 6465//6465 5803//5803 5801//5801 6460//6460
f 6637//6637 5895//5895 5792//5792 6615//6615
f 5834//5834 5792//5792 5788//5788 5832//5832
f 6617//6617 6613//6613 5785//5785 5812//5812
f 5862//5862 5870//5870 5783//5783 5811//5811
f 6445//6445 5708//5708 5803//5803 6465//6465
f 5797//5797 5805//5805 5784//5784 5800//5800
f 6466//6466 5797//5797 5800//5800 6461//6461
f 5773//5773 5817//5817 5809//5809 5777//5777
f 5806//5806 5786//5786 5801//5801 5803//5803
f 5870//5870 5872//5872 5795//5795 5783//5783
f 5812//5812 5785//5785 5802//5802 5813//5813
f 6482//6482 5896//5896 5769//5769 6462//6462
f 6458//6458 6470//6470 5817//5817 5773//5773
f 5893//5893 5894//5894 5764//5764 5767//5767
f 5784//5784 5799//5799 5781//5781 5779//5779
f 5860//5860 5869//5869 5794//5794 5831//5831
f 6444//6444 5710//5710 5797//5797 6466//6466
f 5746//5746 5709//5709 5804//5804 5805//5805
f 5728//5728 5806//5806 5803//5803 5708//5708
f 6619//6619 6615//6615 5792//5792 5834//5834
f 5895//5895 5896//5896 5788//5788 5792//5792
f 6460//6460 5801//5801 5782//5782 6468//6468
f 5785//5785 5796//5796 5798//5798 5802//5802
f 6613//6613 6614//6614 5796//5796 5785//5785
f 5710//5710 5746//5746 5805//5805 5797//5797
f 5727//5727 5818//5818 5815//5815 5713//5713
f 6612//6612 6616//6616 5807//5807 5775//5775
f 5777//5777 5809//5809 5816//5816 5772//5772
f 5874//5874 5862//5862 5811//5811 5752//5752
f 5723//5723 5812//5812 5813//5813 5714//5714
f 6459//6459 6471//6471 5815//5815 5771//5771
f 5714//5714 5808//5808 5807//5807 5723//5723
f 5865//5865 5863//5863 5810//5810 5778//5778
f 6601//6601 6617//6617 5812//5812 5723//5723
f 6461//6461 5800//5800 5814//5814 6469//6469
f 5800//5800 5784//5784 5779//5779 5814//5814
f 5786//5786 5780//5780 5782//5782 5801//5801
f 6474//6474 5827//5827 5819//5819 6472//6472
f 6475//6475 5828//5828 5820//5820 6473//6473
f 5830//5830 5833//5833 5825//5825 5822//5822
f 5829//5829 5821//5821 5820//5820 5828//5828
f 5827//5827 5830//5830 5822//5822 5819//5819
f 5724//5724 5826//5826 5824//5824 5707//5707
f 5875//5875 5861//5861 5823//5823 5751//5751
f 6600//6600 6618//6618 5826//5826 5724//5724
f 5826//5826 5834//5834 5832//5832 5824//5824
f 5861//5861 5860//5860 5831//5831 5823//5823
f 6618//6618 6619//6619 5834//5834 5826//5826
f 6464//6464 5787//5787 5827//5827 6474//6474
f 6463//6463 5789//5789 5828//5828 6475//6475
f 5793//5793 5790//5790 5833//5833 5830//5830
f 5791//5791 5829//5829 5828//5828 5789//5789
f 5787//5787 5793//5793 5830//5830 5827//5827
f 5766//5766 5768//5768 5839//5839 5838//5838
f 5866//5866 5762//5762 5835//5835 5864//5864
f 5760//5760 5756//5756 5842//5842 5836//5836
f 5795//5795 5751//5751 5843//5843 5853//5853
f 5810//5810 5752//5752 5844//5844 5855//5855
f 6886//6886 5754//5754 5846//5846 6893//6893
f 5762//5762 5849//5849 5859//5859 5835//5835
f 5739//5739 5848//5848 5847//5847 5736//5736
f 5736//5736 5847//5847 5849//5849 5762//5762
f 5835//5835 5859//5859 5850//5850 5763//5763
f 5754//5754 5778//5778 5851//5851 5846//5846
f 5891//5891 5897//5897 5854//5854 5794//5794
f 5811//5811 5783//5783 5852//5852 5856//5856
f 5831//5831 5794//5794 5854//5854 5858//5858
f 5783//5783 5795//5795 5853//5853 5852//5852
f 5778//5778 5810//5810 5855//5855 5851//5851
f 5752//5752 5811//5811 5856//5856 5844//5844
f 5751//5751 5823//5823 5857//5857 5843//5843
f 5823//5823 5831//5831 5858//5858 5857//5857
f 6627//6627 6625//6625 5863//5863 5865//5865
f 6896//6896 6609//6609 5868//5868 6892//6892
f 6609//6609 6627//6627 5865//5865 5868//5868
f 6623//6623 6630//6630 5869//5869 5860//5860
f 6604//6604 5876//5876 5866//5866 6629//6629
f 6607//6607 6624//6624 5862//5862 5874//5874
f 6606//6606 6626//6626 5861//5861 5875//5875
f 6620//6620 5864//5864 5871//5871 6631//6631
f 6632//6632 6606//6606 5875//5875 5872//5872
f 6625//6625 6607//6607 5874//5874 5863//5863
f 6633//6633 6632//6632 5872//5872 5870//5870
f 6629//6629 5866//5866 5864//5864 6620//6620
f 6628//6628 5867//5867 5876//5876 6604//6604
f 6626//6626 6623//6623 5860//5860 5861//5861
f 6638//6638 5898//5898 5869//5869 6630//6630
f 6624//6624 6633//6633 5870//5870 5862//5862
f 5886//5886 5878//5878 5739//5739 5867//5867
f 5743//5743 5740//5740 5877//5877 5881//5881
f 5848//5848 5739//5739 5878//5878 5885//5885
f 6455//6455 5743//5743 5881//5881 6478//6478
f 5879//5879 5883//5883 5745//5745 5741//5741
f 5742//5742 5744//5744 5882//5882 5880//5880
f 6628//6628 5742//5742 5880//5880 6635//6635
f 6454//6454 5745//5745 5883//5883 6479//6479
f 6634//6634 5879//5879 5741//5741 6605//6605
f 5740//5740 5750//5750 5884//5884 5877//5877
f 6635//6635 5880//5880 5888//5888 6636//6636
f 6634//6634 6636//6636 5888//5888 5879//5879
f 5879//5879 5888//5888 5887//5887 5883//5883
f 5888//5888 5880//5880 5882//5882 5887//5887
f 6480//6480 6478//6478 5881//5881 5877//5877
f 6480//6480 6479//6479 5883//5883 5887//5887
f 6463//6463 5790//5790 5893//5893 6481//6481
f 5793//5793 5787//5787 5892//5892 5894//5894
f 5871//5871 5763//5763 5891//5891 5898//5898
f 5791//5791 5789//5789 5890//5890 5889//5889
f 6611//6611 5765//5765 5895//5895 6637//6637
f 6464//6464 5788//5788 5896//5896 6482//6482
f 5790//5790 5793//5793 5894//5894 5893//5893
f 5765//5765 5769//5769 5896//5896 5895//5895
f 5763//5763 5850//5850 5897//5897 5891//5891
f 6631//6631 5871//5871 5898//5898 6638//6638
f 6508//6508 6006//6006 5903//5903 6486//6486
f 6507//6507 5974//5974 5905//5905 6485//6485
f 5971//5971 5973//5973 5904//5904 5939//5939
f 6910//6910 6912//6912 5911//5911 5940//5940
f 6906//6906 6903//6903 5910//5910 6488//6488
f 6907//6907 6913//6913 5912//5912 6487//6487
f 6511//6511 6011//6011 5902//5902 6483//6483
f 6512//6512 6012//6012 5900//5900 6484//6484
f 6014//6014 6017//6017 5901//5901 5938//5938
f 6653//6653 6639//6639 5916//5916 5988//5988
f 6001//6001 5939//5939 5904//5904 6008//6008
f 6655//6655 6640//6640 5915//5915 5999//5999
f 6898//6898 6642//6642 5922//5922 6901//6901
f 5966//5966 5918//5918 5908//5908 5963//5963
f 6013//6013 5920//5920 5900//5900 6012//6012
f 6900//6900 5917//5917 5912//5912 6913//6913
f 5972//5972 5919//5919 5905//5905 5974//5974
f 5988//5988 5916//5916 5899//5899 5990//5990
f 6901//6901 5922//5922 5907//5907 6902//6902
f 5968//5968 5907//5907 5922//5922 5967//5967
f 6509//6509 6486//6486 5903//5903 6009//6009
f 6510//6510 6485//6485 5905//5905 6007//6007
f 6506//6506 5959//5959 6029//6029 6515//6515
f 5956//5956 5962//5962 6033//6033 6032//6032
f 6649//6649 5952//5952 6028//6028 6661//6661
f 6501//6501 5961//5961 6034//6034 6516//6516
f 5959//5959 5956//5956 6032//6032 6029//6029
f 6496//6496 5948//5948 5923//5923 6491//6491
f 5933//5933 5937//5937 5923//5923 5925//5925
f 5951//5951 5949//5949 5926//5926 5927//5927
f 6644//6644 5933//5933 5925//5925 6660//6660
f 6495//6495 5950//5950 5929//5929 6492//6492
f 6059//6059 5931//5931 5928//5928 6068//6068
f 5953//5953 5947//5947 5924//5924 5930//5930
f 5950//5950 5953//5953 5930//5930 5929//5929
f 5929//5929 5930//5930 5932//5932 5935//5935
f 5930//5930 5924//5924 5942//5942 5932//5932
f 6006//6006 5971//5971 5939//5939 5903//5903
f 6903//6903 6910//6910 5940//5940 5910//5910
f 6011//6011 6014//6014 5938//5938 5902//5902
f 6064//6064 6067//6067 5943//5943 5987//5987
f 6009//6009 5903//5903 5939//5939 6001//6001
f 6055//6055 6066//6066 5944//5944 6002//6002
f 6905//6905 6060//6060 5946//5946 6911//6911
f 6068//6068 5928//5928 5954//5954 6058//6058
f 6492//6492 5929//5929 5935//5935 6494//6494
f 6660//6660 5925//5925 5952//5952 6649//6649
f 5927//5927 5926//5926 5936//5936 5934//5934
f 5925//5925 5923//5923 5948//5948 5952//5952
f 6491//6491 5923//5923 5937//5937 6493//6493
f 6056//6056 6027//6027 5955//5955 6063//6063
f 6028//6028 6034//6034 5961//5961 5957//5957
f 6515//6515 6029//6029 5950//5950 6495//6495
f 6661//6661 6028//6028 5957//5957 6650//6650
f 6029//6029 6032//6032 5953//5953 5950//5950
f 6030//6030 6031//6031 5949//5949 5951//5951
f 6032//6032 6033//6033 5947//5947 5953//5953
f 6516//6516 6034//6034 5948//5948 6496//6496
f 6520//6520 6085//6085 5959//5959 6506//6506
f 6086//6086 6084//6084 5962//5962 5956//5956
f 6090//6090 6083//6083 5986//5986 6061//6061
f 5941//5941 5969//5969 5964//5964 5909//5909
f 6642//6642 6651//6651 5967//5967 5922//5922
f 6010//6010 5966//5966 5963//5963 6007//6007
f 6000//6000 5968//5968 5967//5967 5999//5999
f 6489//6489 6497//6497 5965//5965 5914//5914
f 6490//6490 6498//6498 5963//5963 5908//5908
f 5914//5914 5965//5965 5969//5969 5941//5941
f 6060//6060 6057//6057 5970//5970 5946//5946
f 5997//5997 5996//5996 5991//5991 5976//5976
f 6081//6081 6082//6082 5960//5960 5958//5958
f 6504//6504 5995//5995 5993//5993 6499//6499
f 6676//6676 6087//6087 5984//5984 6654//6654
f 6026//6026 5984//5984 5980//5980 6024//6024
f 6656//6656 6652//6652 5977//5977 6004//6004
f 6054//6054 6062//6062 5975//5975 6003//6003
f 6484//6484 5900//5900 5995//5995 6504//6504
f 5989//5989 5997//5997 5976//5976 5992//5992
f 6505//6505 5989//5989 5992//5992 6500//6500
f 5965//5965 6009//6009 6001//6001 5969//5969
f 5998//5998 5978//5978 5993//5993 5995//5995
f 6062//6062 6064//6064 5987//5987 5975//5975
f 6004//6004 5977//5977 5994//5994 6005//6005
f 6521//6521 6088//6088 5961//5961 6501//6501
f 6497//6497 6509//6509 6009//6009 5965//5965
f 6085//6085 6086//6086 5956//5956 5959//5959
f 5976//5976 5991//5991 5973//5973 5971//5971
f 6052//6052 6061//6061 5986//5986 6023//6023
f 6483//6483 5902//5902 5989//5989 6505//6505
f 5938//5938 5901//5901 5996//5996 5997//5997
f 5920//5920 5998//5998 5995//5995 5900//5900
f 6658//6658 6654//6654 5984//5984 6026//6026
f 6087//6087 6088//6088 5980//5980 5984//5984
f 6499//6499 5993//5993 5974//5974 6507//6507
f 5977//5977 5988//5988 5990//5990 5994//5994
f 6652//6652 6653//6653 5988//5988 5977//5977
f 5902//5902 5938//5938 5997//5997 5989//5989
f 5919//5919 6010//6010 6007//6007 5905//5905
f 6651//6651 6655//6655 5999//5999 5967//5967
f 5969//5969 6001//6001 6008//6008 5964//5964
f 6066//6066 6054//6054 6003//6003 5944//5944
f 5915//5915 6004//6004 6005//6005 5906//5906
f 6498//6498 6510//6510 6007//6007 5963//5963
f 5906//5906 6000//6000 5999//5999 5915//5915
f 6057//6057 6055//6055 6002//6002 5970//5970
f 6640//6640 6656//6656 6004//6004 5915//5915
f 6500//6500 5992//5992 6006//6006 6508//6508
f 5992//5992 5976//5976 5971//5971 6006//6006
f 5978//5978 5972//5972 5974//5974 5993//5993
f 6513//6513 6019//6019 6011//6011 6511//6511
f 6514//6514 6020//6020 6012//6012 6512//6512
f 6022//6022 6025//6025 6017//6017 6014//6014
f 6021//6021 6013//6013 6012//6012 6020//6020
f 6019//6019 6022//6022 6014//6014 6011//6011
f 5916//5916 6018//6018 6016//6016 5899//5899
f 6067//6067 6053//6053 6015//6015 5943//5943
f 6639//6639 6657//6657 6018//6018 5916//5916
f 6018//6018 6026//6026 6024//6024 6016//6016
f 6053//6053 6052//6052 6023//6023 6015//6015
f 6657//6657 6658//6658 6026//6026 6018//6018
f 6503//6503 5979//5979 6019//6019 6513//6513
f 6502//6502 5981//5981 6020//6020 6514//6514
f 5985//5985 5982//5982 6025//6025 6022//6022
f 5983//5983 6021//6021 6020//6020 5981//5981
f 5979//5979 5985//5985 6022//6022 6019//6019
f 5958//5958 5960//5960 6031//6031 6030//6030
f 6058//6058 5954//5954 6027//6027 6056//6056
f 5952//5952 5948//5948 6034//6034 6028//6028
f 5987//5987 5943//5943 6035//6035 6045//6045
f 6002//6002 5944//5944 6036//6036 6047//6047
f 6911//6911 5946//5946 6038//6038 6904//6904
f 5954//5954 6041//6041 6051//6051 6027//6027
f 5931//5931 6040//6040 6039//6039 5928//5928
f 5928//5928 6039//6039 6041//6041 5954//5954
f 6027//6027 6051//6051 6042//6042 5955//5955
f 5946//5946 5970//5970 6043//6043 6038//6038
f 6083//6083 6089//6089 6046//6046 5986//5986
f 6003//6003 5975//5975 6044//6044 6048//6048
f 6023//6023 5986//5986 6046//6046 6050//6050
f 5975//5975 5987//5987 6045//6045 6044//6044
f 5970//5970 6002//6002 6047//6047 6043//6043
f 5944//5944 6003//6003 6048//6048 6036//6036
f 5943//5943 6015//6015 6049//6049 6035//6035
f 6015//6015 6023//6023 6050//6050 6049//6049
f 6666//6666 6664//6664 6055//6055 6057//6057
f 6899//6899 6648//6648 6060//6060 6905//6905
f 6648//6648 6666//6666 6057//6057 6060//6060
f 6662//6662 6669//6669 6061//6061 6052//6052
f 6643//6643 6068//6068 6058//6058 6668//6668
f 6646//6646 6663//6663 6054//6054 6066//6066
f 6645//6645 6665//6665 6053//6053 6067//6067
f 6659//6659 6056//6056 6063//6063 6670//6670
f 6671//6671 6645//6645 6067//6067 6064//6064
f 6664//6664 6646//6646 6066//6066 6055//6055
f 6672//6672 6671//6671 6064//6064 6062//6062
f 6668//6668 6058//6058 6056//6056 6659//6659
f 6667//6667 6059//6059 6068//6068 6643//6643
f 6665//6665 6662//6662 6052//6052 6053//6053
f 6677//6677 6090//6090 6061//6061 6669//6669
f 6663//6663 6672//6672 6062//6062 6054//6054
f 6078//6078 6070//6070 5931//5931 6059//6059
f 5935//5935 5932//5932 6069//6069 6073//6073
f 6040//6040 5931//5931 6070//6070 6077//6077
f 6494//6494 5935//5935 6073//6073 6517//6517
f 6071//6071 6075//6075 5937//5937 5933//5933
f 5934//5934 5936//5936 6074//6074 6072//6072
f 6667//6667 5934//5934 6072//6072 6674//6674
f 6493//6493 5937//5937 6075//6075 6518//6518
f 6673//6673 6071//6071 5933//5933 6644//6644
f 5932//5932 5942//5942 6076//6076 6069//6069
f 6674//6674 6072//6072 6080//6080 6675//6675
f 6673//6673 6675//6675 6080//6080 6071//6071
f 6071//6071 6080//6080 6079//6079 6075//6075
f 6080//6080 6072//6072 6074//6074 6079//6079
f 6519//6519 6517//6517 6073//6073 6069//6069
f 6519//6519 6518//6518 6075//6075 6079//6079
f 6502//6502 5982//5982 6085//6085 6520//6520
f 5985//5985 5979//5979 6084//6084 6086//6086
f 6063//6063 5955//5955 6083//6083 6090//6090
f 5983//5983 5981//5981 6082//6082 6081//6081
f 6650//6650 5957//5957 6087//6087 6676//6676
f 6503//6503 5980//5980 6088//6088 6521//6521
f 5982//5982 5985//5985 6086//6086 6085//6085
f 5957//5957 5961//5961 6088//6088 6087//6087
f 5955//5955 6042//6042 6089//6089 6083//6083
f 6670//6670 6063//6063 6090//6090 6677//6677
f 6547//6547 6198//6198 6095//6095 6525//6525
f 6546//6546 6166//6166 6097//6097 6524//6524
f 6163//6163 6165//6165 6096//6096 6131//6131
f 6917//6917 6895//6895 6103//6103 6132//6132
f 6919//6919 6908//6908 6102//6102 6527//6527
f 6918//6918 6894//6894 6104//6104 6526//6526
f 6550//6550 6203//6203 6094//6094 6522//6522
f 6551//6551 6204//6204 6092//6092 6523//6523
f 6206//6206 6209//6209 6093//6093 6130//6130
f 6692//6692 6678//6678 6108//6108 6180//6180
f 6193//6193 6131//6131 6096//6096 6200//6200
f 6694//6694 6679//6679 6107//6107 6191//6191
f 6915//6915 6681//6681 6114//6114 6925//6925
f 6158//6158 6110//6110 6100//6100 6155//6155
f 6205//6205 6112//6112 6092//6092 6204//6204
f 6924//6924 6109//6109 6104//6104 6894//6894
f 6164//6164 6111//6111 6097//6097 6166//6166
f 6180//6180 6108//6108 6091//6091 6182//6182
f 6925//6925 6114//6114 6099//6099 6909//6909
f 6160//6160 6099//6099 6114//6114 6159//6159
f 6548//6548 6525//6525 6095//6095 6201//6201
f 6549//6549 6524//6524 6097//6097 6199//6199
f 6545//6545 6151//6151 6221//6221 6554//6554
f 6148//6148 6154//6154 6225//6225 6224//6224
f 6688//6688 6144//6144 6220//6220 6700//6700
f 6540//6540 6153//6153 6226//6226 6555//6555
f 6151//6151 6148//6148 6224//6224 6221//6221
f 6535//6535 6140//6140 6115//6115 6530//6530
f 6125//6125 6129//6129 6115//6115 6117//6117
f 6143//6143 6141//6141 6118//6118 6119//6119
f 6683//6683 6125//6125 6117//6117 6699//6699
f 6534//6534 6142//6142 6121//6121 6531//6531
f 6251//6251 6123//6123 6120//6120 6260//6260
f 6145//6145 6139//6139 6116//6116 6122//6122
f 6142//6142 6145//6145 6122//6122 6121//6121
f 6121//6121 6122//6122 6124//6124 6127//6127
f 6122//6122 6116//6116 6134//6134 6124//6124
f 6198//6198 6163//6163 6131//6131 6095//6095
f 6908//6908 6917//6917 6132//6132 6102//6102
f 6203//6203 6206//6206 6130//6130 6094//6094
f 6256//6256 6259//6259 6135//6135 6179//6179
f 6201//6201 6095//6095 6131//6131 6193//6193
f 6247//6247 6258//6258 6136//6136 6194//6194
f 6926//6926 6252//6252 6138//6138 6916//6916
f 6260//6260 6120//6120 6146//6146 6250//6250
f 6531//6531 6121//6121 6127//6127 6533//6533
f 6699//6699 6117//6117 6144//6144 6688//6688
f 6119//6119 6118//6118 6128//6128 6126//6126
f 6117//6117 6115//6115 6140//6140 6144//6144
f 6530//6530 6115//6115 6129//6129 6532//6532
f 6248//6248 6219//6219 6147//6147 6255//6255
f 6220//6220 6226//6226 6153//6153 6149//6149
f 6554//6554 6221//6221 6142//6142 6534//6534
f 6700//6700 6220//6220 6149//6149 6689//6689
f 6221//6221 6224//6224 6145//6145 6142//6142
f 6222//6222 6223//6223 6141//6141 6143//6143
f 6224//6224 6225//6225 6139//6139 6145//6145
f 6555//6555 6226//6226 6140//6140 6535//6535
f 6559//6559 6277//6277 6151//6151 6545//6545
f 6278//6278 6276//6276 6154//6154 6148//6148
f 6282//6282 6275//6275 6178//6178 6253//6253
f 6133//6133 6161//6161 6156//6156 6101//6101
f 6681//6681 6690//6690 6159//6159 6114//6114
f 6202//6202 6158//6158 6155//6155 6199//6199
f 6192//6192 6160//6160 6159//6159 6191//6191
f 6528//6528 6536//6536 6157//6157 6106//6106
f 6529//6529 6537//6537 6155//6155 6100//6100
f 6106//6106 6157//6157 6161//6161 6133//6133
f 6252//6252 6249//6249 6162//6162 6138//6138
f 6189//6189 6188//6188 6183//6183 6168//6168
f 6273//6273 6274//6274 6152//6152 6150//6150
f 6543//6543 6187//6187 6185//6185 6538//6538
f 6715//6715 6279//6279 6176//6176 6693//6693
f 6218//6218 6176//6176 6172//6172 6216//6216
f 6695//6695 6691//6691 6169//6169 6196//6196
f 6246//6246 6254//6254 6167//6167 6195//6195
f 6523//6523 6092//6092 6187//6187 6543//6543
f 6181//6181 6189//6189 6168//6168 6184//6184
f 6544//6544 6181//6181 6184//6184 6539//6539
f 6157//6157 6201//6201 6193//6193 6161//6161
f 6190//6190 6170//6170 6185//6185 6187//6187
f 6254//6254 6256//6256 6179//6179 6167//6167
f 6196//6196 6169//6169 6186//6186 6197//6197
f 6560//6560 6280//6280 6153//6153 6540//6540
f 6536//6536 6548//6548 6201//6201 6157//6157
f 6277//6277 6278//6278 6148//6148 6151//6151
f 6168//6168 6183//6183 6165//6165 6163//6163
f 6244//6244 6253//6253 6178//6178 6215//6215
f 6522//6522 6094//6094 6181//6181 6544//6544
f 6130//6130 6093//6093 6188//6188 6189//6189
f 6112//6112 6190//6190 6187//6187 6092//6092
f 6697//6697 6693//6693 6176//6176 6218//6218
f 6279//6279 6280//6280 6172//6172 6176//6176
f 6538//6538 6185//6185 6166//6166 6546//6546
f 6169//6169 6180//6180 6182//6182 6186//6186
f 6691//6691 6692//6692 6180//6180 6169//6169
f 6094//6094 6130//6130 6189//6189 6181//6181
f 6111//6111 6202//6202 6199//6199 6097//6097
f 6690//6690 6694//6694 6191//6191 6159//6159
f 6161//6161 6193//6193 6200//6200 6156//6156
f 6258//6258 6246//6246 6195//6195 6136//6136
f 6107//6107 6196//6196 6197//6197 6098//6098
f 6537//6537 6549//6549 6199//6199 6155//6155
f 6098//6098 6192//6192 6191//6191 6107//6107
f 6249//6249 6247//6247 6194//6194 6162//6162
f 6679//6679 6695//6695 6196//6196 6107//6107
f 6539//6539 6184//6184 6198//6198 6547//6547
f 6184//6184 6168//6168 6163//6163 6198//6198
f 6170//6170 6164//6164 6166//6166 6185//6185
f 6552//6552 6211//6211 6203//6203 6550//6550
f 6553//6553 6212//6212 6204//6204 6551//6551
f 6214//6214 6217//6217 6209//6209 6206//6206
f 6213//6213 6205//6205 6204//6204 6212//6212
f 6211//6211 6214//6214 6206//6206 6203//6203
f 6108//6108 6210//6210 6208//6208 6091//6091
f 6259//6259 6245//6245 6207//6207 6135//6135
f 6678//6678 6696//6696 6210//6210 6108//6108
f 6210//6210 6218//6218 6216//6216 6208//6208
f 6245//6245 6244//6244 6215//6215 6207//6207
f 6696//6696 6697//6697 6218//6218 6210//6210
f 6542//6542 6171//6171 6211//6211 6552//6552
f 6541//6541 6173//6173 6212//6212 6553//6553
f 6177//6177 6174//6174 6217//6217 6214//6214
f 6175//6175 6213//6213 6212//6212 6173//6173
f 6171//6171 6177//6177 6214//6214 6211//6211
f 6150//6150 6152//6152 6223//6223 6222//6222
f 6250//6250 6146//6146 6219//6219 6248//6248
f 6144//6144 6140//6140 6226//6226 6220//6220
f 6179//6179 6135//6135 6227//6227 6237//6237
f 6194//6194 6136//6136 6228//6228 6239//6239
f 6916//6916 6138//6138 6230//6230 6927//6927
f 6146//6146 6233//6233 6243//6243 6219//6219
f 6123//6123 6232//6232 6231//6231 6120//6120
f 6120//6120 6231//6231 6233//6233 6146//6146
f 6219//6219 6243//6243 6234//6234 6147//6147
f 6138//6138 6162//6162 6235//6235 6230//6230
f 6275//6275 6281//6281 6238//6238 6178//6178
f 6195//6195 6167//6167 6236//6236 6240//6240
f 6215//6215 6178//6178 6238//6238 6242//6242
f 6167//6167 6179//6179 6237//6237 6236//6236
f 6162//6162 6194//6194 6239//6239 6235//6235
f 6136//6136 6195//6195 6240//6240 6228//6228
f 6135//6135 6207//6207 6241//6241 6227//6227
f 6207//6207 6215//6215 6242//6242 6241//6241
f 6705//6705 6703//6703 6247//6247 6249//6249
f 6914//6914 6687//6687 6252//6252 6926//6926
f 6687//6687 6705//6705 6249//6249 6252//6252
f 6701//6701 6708//6708 6253//6253 6244//6244
f 6682//6682 6260//6260 6250//6250 6707//6707
f 6685//6685 6702//6702 6246//6246 6258//6258
f 6684//6684 6704//6704 6245//6245 6259//6259
f 6698//6698 6248//6248 6255//6255 6709//6709
f 6710//6710 6684//6684 6259//6259 6256//6256
f 6703//6703 6685//6685 6258//6258 6247//6247
f 6711//6711 6710//6710 6256//6256 6254//6254
f 6707//6707 6250//6250 6248//6248 6698//6698
f 6706//6706 6251//6251 6260//6260 6682//6682
f 6704//6704 6701//6701 6244//6244 6245//6245
f 6716//6716 6282//6282 6253//6253 6708//6708
f 6702//6702 6711//6711 6254//6254 6246//6246
f 6270//6270 6262//6262 6123//6123 6251//6251
f 6127//6127 6124//6124 6261//6261 6265//6265
f 6232//6232 6123//6123 6262//6262 6269//6269
f 6533//6533 6127//6127 6265//6265 6556//6556
f 6263//6263 6267//6267 6129//6129 6125//6125
f 6126//6126 6128//6128 6266//6266 6264//6264
f 6706//6706 6126//6126 6264//6264 6713//6713
f 6532//6532 6129//6129 6267//6267 6557//6557
f 6712//6712 6263//6263 6125//6125 6683//6683
f 6124//6124 6134//6134 6268//6268 6261//6261
f 6713//6713 6264//6264 6272//6272 6714//6714
f 6712//6712 6714//6714 6272//6272 6263//6263
f 6263//6263 6272//6272 6271//6271 6267//6267
f 6272//6272 6264//6264 6266//6266 6271//6271
f 6558//6558 6556//6556 6265//6265 6261//6261
f 6558//6558 6557//6557 6267//6267 6271//6271
f 6541//6541 6174//6174 6277//6277 6559//6559
f 6177//6177 6171//6171 6276//6276 6278//6278
f 6255//6255 6147//6147 6275//6275 6282//6282
f 6175//6175 6173//6173 6274//6274 6273//6273
f 6689//6689 6149//6149 6279//6279 6715//6715
f 6542//6542 6172//6172 6280//6280 6560//6560
f 6174//6174 6177//6177 6278//6278 6277//6277
f 6149//6149 6153//6153 6280//6280 6279//6279
f 6147//6147 6234//6234 6281//6281 6275//6275
f 6709//6709 6255//6255 6282//6282 6716//6716
f 6344//6344 6339//6339 6286//6286 6283//6283
f 6345//6345 6340//6340 6284//6284 6285//6285
f 6342//6342 6345//6345 6285//6285 6304//6304
f 6368//6368 6363//6363 6287//6287 6332//6332
f 6341//6341 6288//6288 6284//6284 6340//6340
f 6332//6332 6287//6287 6283//6283 6334//6334
f 6320//6320 6319//6319 6357//6357 6359//6359
f 6316//6316 6322//6322 6361//6361 6360//6360
f 6366//6366 6312//6312 6356//6356 6372//6372
f 6322//6322 6321//6321 6362//6362 6361//6361
f 6319//6319 6316//6316 6360//6360 6357//6357
f 6307//6307 6308//6308 6289//6289 6290//6290
f 6299//6299 6303//6303 6289//6289 6291//6291
f 6311//6311 6309//6309 6292//6292 6293//6293
f 6365//6365 6299//6299 6291//6291 6364//6364
f 6309//6309 6310//6310 6295//6295 6292//6292
f 6377//6377 6297//6297 6294//6294 6382//6382
f 6313//6313 6307//6307 6290//6290 6296//6296
f 6310//6310 6313//6313 6296//6296 6295//6295
f 6295//6295 6296//6296 6298//6298 6301//6301
f 6296//6296 6290//6290 6305//6305 6298//6298
f 6339//6339 6342//6342 6304//6304 6286//6286
f 6380//6380 6381//6381 6306//6306 6331//6331
f 6382//6382 6294//6294 6314//6314 6376//6376
f 6292//6292 6295//6295 6301//6301 6302//6302
f 6364//6364 6291//6291 6312//6312 6366//6366
f 6293//6293 6292//6292 6302//6302 6300//6300
f 6291//6291 6289//6289 6308//6308 6312//6312
f 6290//6290 6289//6289 6303//6303 6305//6305
f 6375//6375 6355//6355 6315//6315 6379//6379
f 6356//6356 6362//6362 6321//6321 6317//6317
f 6359//6359 6357//6357 6310//6310 6309//6309
f 6372//6372 6356//6356 6317//6317 6367//6367
f 6357//6357 6360//6360 6313//6313 6310//6310
f 6358//6358 6359//6359 6309//6309 6311//6311
f 6360//6360 6361//6361 6307//6307 6313//6313
f 6361//6361 6362//6362 6308//6308 6307//6307
f 6396//6396 6399//6399 6319//6319 6320//6320
f 6400//6400 6398//6398 6322//6322 6316//6316
f 6404//6404 6397//6397 6330//6330 6378//6378
f 6395//6395 6396//6396 6320//6320 6318//6318
f 6403//6403 6401//6401 6328//6328 6369//6369
f 6354//6354 6328//6328 6324//6324 6352//6352
f 6285//6285 6284//6284 6335//6335 6336//6336
f 6398//6398 6402//6402 6321//6321 6322//6322
f 6399//6399 6400//6400 6316//6316 6319//6319
f 6373//6373 6378//6378 6330//6330 6351//6351
f 6283//6283 6286//6286 6333//6333 6334//6334
f 6304//6304 6285//6285 6336//6336 6337//6337
f 6288//6288 6338//6338 6335//6335 6284//6284
f 6371//6371 6369//6369 6328//6328 6354//6354
f 6401//6401 6402//6402 6324//6324 6328//6328
f 6286//6286 6304//6304 6337//6337 6333//6333
f 6352//6352 6347//6347 6339//6339 6344//6344
f 6353//6353 6348//6348 6340//6340 6345//6345
f 6350//6350 6353//6353 6345//6345 6342//6342
f 6349//6349 6341//6341 6340//6340 6348//6348
f 6347//6347 6350//6350 6342//6342 6339//6339
f 6287//6287 6346//6346 6344//6344 6283//6283
f 6381//6381 6374//6374 6343//6343 6306//6306
f 6363//6363 6370//6370 6346//6346 6287//6287
f 6346//6346 6354//6354 6352//6352 6344//6344
f 6374//6374 6373//6373 6351//6351 6343//6343
f 6370//6370 6371//6371 6354//6354 6346//6346
f 6324//6324 6323//6323 6347//6347 6352//6352
f 6326//6326 6325//6325 6348//6348 6353//6353
f 6329//6329 6326//6326 6353//6353 6350//6350
f 6327//6327 6349//6349 6348//6348 6325//6325
f 6323//6323 6329//6329 6350//6350 6347//6347
f 6318//6318 6320//6320 6359//6359 6358//6358
f 6376//6376 6314//6314 6355//6355 6375//6375
f 6312//6312 6308//6308 6362//6362 6356//6356
f 6331//6331 6306//6306 6363//6363 6368//6368
f 6314//6314 6366//6366 6372//6372 6355//6355
f 6297//6297 6365//6365 6364//6364 6294//6294
f 6294//6294 6364//6364 6366//6366 6314//6314
f 6355//6355 6372//6372 6367//6367 6315//6315
f 6397//6397 6403//6403 6369//6369 6330//6330
f 6351//6351 6330//6330 6369//6369 6371//6371
f 6306//6306 6343//6343 6370//6370 6363//6363
f 6343//6343 6351//6351 6371//6371 6370//6370
f 6349//6349 6327//6327 6378//6378 6373//6373
f 6293//6293 6382//6382 6376//6376 6311//6311
f 6288//6288 6341//6341 6374//6374 6381//6381
f 6358//6358 6375//6375 6379//6379 6318//6318
f 6338//6338 6288//6288 6381//6381 6380//6380
f 6311//6311 6376//6376 6375//6375 6358//6358
f 6300//6300 6377//6377 6382//6382 6293//6293
f 6341//6341 6349//6349 6373//6373 6374//6374
f 6395//6395 6404//6404 6378//6378 6327//6327
f 6392//6392 6384//6384 6297//6297 6377//6377
f 6301//6301 6298//6298 6383//6383 6387//6387
f 6365//6365 6297//6297 6384//6384 6391//6391
f 6302//6302 6301//6301 6387//6387 6388//6388
f 6385//6385 6389//6389 6303//6303 6299//6299
f 6300//6300 6302//6302 6388//6388 6386//6386
f 6377//6377 6300//6300 6386//6386 6392//6392
f 6305//6305 6303//6303 6389//6389 6390//6390
f 6391//6391 6385//6385 6299//6299 6365//6365
f 6298//6298 6305//6305 6390//6390 6383//6383
f 6392//6392 6386//6386 6394//6394 6384//6384
f 6391//6391 6384//6384 6394//6394 6385//6385
f 6385//6385 6394//6394 6393//6393 6389//6389
f 6394//6394 6386//6386 6388//6388 6393//6393
f 6393//6393 6388//6388 6387//6387 6383//6383
f 6383//6383 6390//6390 6389//6389 6393//6393
f 6325//6325 6326//6326 6399//6399 6396//6396
f 6329//6329 6323//6323 6398//6398 6400//6400
f 6379//6379 6315//6315 6397//6397 6404//6404
f 6327//6327 6325//6325 6396//6396 6395//6395
f 6367//6367 6317//6317 6401//6401 6403//6403
f 6323//6323 6324//6324 6402//6402 6398//6398
f 6326//6326 6329//6329 6400//6400 6399//6399
f 6317//6317 6321//6321 6402//6402 6401//6401
f 6315//6315 6367//6367 6403//6403 6397//6397
f 6318//6318 6379//6379 6404//6404 6395//6395
f 5621//5621 6430//6430 6408//6408 5522//5522
f 5589//5589 6429//6429 6407//6407 5520//5520
f 6872//6872 6882//6882 6410//6410 5529//5529
f 6874//6874 6883//6883 6409//6409 5527//5527
f 5632//5632 6433//6433 6405//6405 5515//5515
f 5633//5633 6434//6434 6406//6406 5517//5517
f 5616//5616 5522//5522 6408//6408 6431//6431
f 5624//5624 5520//5520 6407//6407 6432//6432
f 5576//5576 6428//6428 6437//6437 5647//5647
f 5578//5578 6423//6423 6438//6438 5649//5649
f 5563//5563 6418//6418 6413//6413 5540//5540
f 5565//5565 6417//6417 6414//6414 5542//5542
f 5542//5542 6414//6414 6416//6416 5552//5552
f 5540//5540 6413//6413 6415//6415 5558//5558
f 5647//5647 6437//6437 6417//6417 5565//5565
f 5649//5649 6438//6438 6418//6418 5563//5563
f 5698//5698 6442//6442 6428//6428 5576//5576
f 5523//5523 5584//5584 6419//6419 6411//6411
f 5525//5525 5580//5580 6420//6420 6412//6412
f 5612//5612 6426//6426 6421//6421 5607//5607
f 5517//5517 6406//6406 6426//6426 5612//5612
f 5606//5606 6427//6427 6422//6422 5610//5610
f 5700//5700 6443//6443 6423//6423 5578//5578
f 5584//5584 5616//5616 6431//6431 6419//6419
f 5515//5515 6405//6405 6427//6427 5606//5606
f 5607//5607 6421//6421 6429//6429 5589//5589
f 5580//5580 5624//5624 6432//6432 6420//6420
f 5610//5610 6422//6422 6430//6430 5621//5621
f 5640//5640 6435//6435 6433//6433 5632//5632
f 5641//5641 6436//6436 6434//6434 5633//5633
f 5596//5596 6425//6425 6435//6435 5640//5640
f 5598//5598 6424//6424 6436//6436 5641//5641
f 5552//5552 6416//6416 6439//6439 5690//5690
f 5558//5558 6415//6415 6440//6440 5692//5692
f 5695//5695 5690//5690 6439//6439 6441//6441
f 5685//5685 5692//5692 6440//6440 6441//6441
f 5597//5597 6424//6424 6442//6442 5698//5698
f 5595//5595 6425//6425 6443//6443 5700//5700
f 5813//5813 6469//6469 6447//6447 5714//5714
f 5781//5781 6468//6468 6446//6446 5712//5712
f 6923//6923 6891//6891 6449//6449 5721//5721
f 6921//6921 6890//6890 6448//6448 5719//5719
f 5824//5824 6472//6472 6444//6444 5707//5707
f 5825//5825 6473//6473 6445//6445 5709//5709
f 5808//5808 5714//5714 6447//6447 6470//6470
f 5816//5816 5712//5712 6446//6446 6471//6471
f 5768//5768 6467//6467 6476//6476 5839//5839
f 5770//5770 6462//6462 6477//6477 5841//5841
f 5755//5755 6457//6457 6452//6452 5732//5732
f 5757//5757 6456//6456 6453//6453 5734//5734
f 5734//5734 6453//6453 6455//6455 5744//5744
f 5732//5732 6452//6452 6454//6454 5750//5750
f 5839//5839 6476//6476 6456//6456 5757//5757
f 5841//5841 6477//6477 6457//6457 5755//5755
f 5890//5890 6481//6481 6467//6467 5768//5768
f 5715//5715 5776//5776 6458//6458 6450//6450
f 5717//5717 5772//5772 6459//6459 6451//6451
f 5804//5804 6465//6465 6460//6460 5799//5799
f 5709//5709 6445//6445 6465//6465 5804//5804
f 5798//5798 6466//6466 6461//6461 5802//5802
f 5892//5892 6482//6482 6462//6462 5770//5770
f 5776//5776 5808//5808 6470//6470 6458//6458
f 5707//5707 6444//6444 6466//6466 5798//5798
f 5799//5799 6460//6460 6468//6468 5781//5781
f 5772//5772 5816//5816 6471//6471 6459//6459
f 5802//5802 6461//6461 6469//6469 5813//5813
f 5832//5832 6474//6474 6472//6472 5824//5824
f 5833//5833 6475//6475 6473//6473 5825//5825
f 5788//5788 6464//6464 6474//6474 5832//5832
f 5790//5790 6463//6463 6475//6475 5833//5833
f 5744//5744 6455//6455 6478//6478 5882//5882
f 5750//5750 6454//6454 6479//6479 5884//5884
f 5887//5887 5882//5882 6478//6478 6480//6480
f 5877//5877 5884//5884 6479//6479 6480//6480
f 5789//5789 6463//6463 6481//6481 5890//5890
f 5787//5787 6464//6464 6482//6482 5892//5892
f 6005//6005 6508//6508 6486//6486 5906//5906
f 5973//5973 6507//6507 6485//6485 5904//5904
f 6902//6902 6906//6906 6488//6488 5913//5913
f 6912//6912 6907//6907 6487//6487 5911//5911
f 6016//6016 6511//6511 6483//6483 5899//5899
f 6017//6017 6512//6512 6484//6484 5901//5901
f 6000//6000 5906//5906 6486//6486 6509//6509
f 6008//6008 5904//5904 6485//6485 6510//6510
f 5960//5960 6506//6506 6515//6515 6031//6031
f 5962//5962 6501//6501 6516//6516 6033//6033
f 5947//5947 6496//6496 6491//6491 5924//5924
f 5949//5949 6495//6495 6492//6492 5926//5926
f 5926//5926 6492//6492 6494//6494 5936//5936
f 5924//5924 6491//6491 6493//6493 5942//5942
f 6031//6031 6515//6515 6495//6495 5949//5949
f 6033//6033 6516//6516 6496//6496 5947//5947
f 6082//6082 6520//6520 6506//6506 5960//5960
f 5907//5907 5968//5968 6497//6497 6489//6489
f 5909//5909 5964//5964 6498//6498 6490//6490
f 5996//5996 6504//6504 6499//6499 5991//5991
f 5901//5901 6484//6484 6504//6504 5996//5996
f 5990//5990 6505//6505 6500//6500 5994//5994
f 6084//6084 6521//6521 6501//6501 5962//5962
f 5968//5968 6000//6000 6509//6509 6497//6497
f 5899//5899 6483//6483 6505//6505 5990//5990
f 5991//5991 6499//6499 6507//6507 5973//5973
f 5964//5964 6008//6008 6510//6510 6498//6498
f 5994//5994 6500//6500 6508//6508 6005//6005
f 6024//6024 6513//6513 6511//6511 6016//6016
f 6025//6025 6514//6514 6512//6512 6017//6017
f 5980//5980 6503//6503 6513//6513 6024//6024
f 5982//5982 6502//6502 6514//6514 6025//6025
f 5936//5936 6494//6494 6517//6517 6074//6074
f 5942//5942 6493//6493 6518//6518 6076//6076
f 6079//6079 6074//6074 6517//6517 6519//6519
f 6069//6069 6076//6076 6518//6518 6519//6519
f 5981//5981 6502//6502 6520//6520 6082//6082
f 5979//5979 6503//6503 6521//6521 6084//6084
f 6197//6197 6547//6547 6525//6525 6098//6098
f 6165//6165 6546//6546 6524//6524 6096//6096
f 6909//6909 6919//6919 6527//6527 6105//6105
f 6895//6895 6918//6918 6526//6526 6103//6103
f 6208//6208 6550//6550 6522//6522 6091//6091
f 6209//6209 6551//6551 6523//6523 6093//6093
f 6192//6192 6098//6098 6525//6525 6548//6548
f 6200//6200 6096//6096 6524//6524 6549//6549
f 6152//6152 6545//6545 6554//6554 6223//6223
f 6154//6154 6540//6540 6555//6555 6225//6225
f 6139//6139 6535//6535 6530//6530 6116//6116
f 6141//6141 6534//6534 6531//6531 6118//6118
f 6118//6118 6531//6531 6533//6533 6128//6128
f 6116//6116 6530//6530 6532//6532 6134//6134
f 6223//6223 6554//6554 6534//6534 6141//6141
f 6225//6225 6555//6555 6535//6535 6139//6139
f 6274//6274 6559//6559 6545//6545 6152//6152
f 6099//6099 6160//6160 6536//6536 6528//6528
f 6101//6101 6156//6156 6537//6537 6529//6529
f 6188//6188 6543//6543 6538//6538 6183//6183
f 6093//6093 6523//6523 6543//6543 6188//6188
f 6182//6182 6544//6544 6539//6539 6186//6186
f 6276//6276 6560//6560 6540//6540 6154//6154
f 6160//6160 6192//6192 6548//6548 6536//6536
f 6091//6091 6522//6522 6544//6544 6182//6182
f 6183//6183 6538//6538 6546//6546 6165//6165
f 6156//6156 6200//6200 6549//6549 6537//6537
f 6186//6186 6539//6539 6547//6547 6197//6197
f 6216//6216 6552//6552 6550//6550 6208//6208
f 6217//6217 6553//6553 6551//6551 6209//6209
f 6172//6172 6542//6542 6552//6552 6216//6216
f 6174//6174 6541//6541 6553//6553 6217//6217
f 6128//6128 6533//6533 6556//6556 6266//6266
f 6134//6134 6532//6532 6557//6557 6268//6268
f 6271//6271 6266//6266 6556//6556 6558//6558
f 6261//6261 6268//6268 6557//6557 6558//6558
f 6173//6173 6541//6541 6559//6559 6274//6274
f 6171//6171 6542//6542 6560//6560 6276//6276
f 5661//5661 5651//5651 6561//6561 6575//6575
f 5663//5663 5652//5652 6562//6562 6577//6577
f 6880//6880 5654//5654 6564//6564 6884//6884
f 5657//5657 6571//6571 6583//6583 5667//5667
f 5656//5656 6566//6566 6582//6582 5655//5655
f 5655//5655 6582//6582 6571//6571 5657//5657
f 5667//5667 6583//6583 6572//6572 5658//5658
f 5654//5654 5659//5659 6573//6573 6564//6564
f 5705//5705 6598//6598 6576//6576 5662//5662
f 5664//5664 5660//5660 6574//6574 6578//6578
f 5666//5666 5662//5662 6576//6576 6580//6580
f 5660//5660 5661//5661 6575//6575 6574//6574
f 5659//5659 5663//5663 6577//6577 6573//6573
f 5652//5652 5664//5664 6578//6578 6562//6562
f 5651//5651 5665//5665 6579//6579 6561//6561
f 5665//5665 5666//5666 6580//6580 6579//6579
f 5582//5582 5626//5626 6586//6586 6588//6588
f 6876//6876 5534//5534 6570//6570 6885//6885
f 5534//5534 5582//5582 6588//6588 6570//6570
f 5637//5637 5599//5599 6591//6591 6584//6584
f 5543//5543 6565//6565 6590//6590 5567//5567
f 5535//5535 5588//5588 6585//6585 6568//6568
f 5536//5536 5629//5629 6587//6587 6567//6567
f 5646//5646 6581//6581 6592//6592 5574//5574
f 5614//5614 5536//5536 6567//6567 6593//6593
f 5626//5626 5535//5535 6568//6568 6586//6586
f 5594//5594 5614//5614 6593//6593 6594//6594
f 5567//5567 6590//6590 6581//6581 5646//5646
f 5550//5550 6589//6589 6565//6565 5543//5543
f 5629//5629 5637//5637 6584//6584 6587//6587
f 5697//5697 6599//6599 6591//6591 5599//5599
f 5588//5588 5594//5594 6594//6594 6585//6585
f 5675//5675 6589//6589 6596//6596 5694//5694
f 5693//5693 6595//6595 6566//6566 5656//5656
f 5694//5694 6596//6596 6597//6597 5686//5686
f 5693//5693 5686//5686 6597//6597 6595//6595
f 5658//5658 6572//6572 6598//6598 5705//5705
f 5574//5574 6592//6592 6599//6599 5697//5697
f 5853//5853 5843//5843 6600//6600 6614//6614
f 5855//5855 5844//5844 6601//6601 6616//6616
f 6893//6893 5846//5846 6603//6603 6897//6897
f 5849//5849 6610//6610 6622//6622 5859//5859
f 5848//5848 6605//6605 6621//6621 5847//5847
f 5847//5847 6621//6621 6610//6610 5849//5849
f 5859//5859 6622//6622 6611//6611 5850//5850
f 5846//5846 5851//5851 6612//6612 6603//6603
f 5897//5897 6637//6637 6615//6615 5854//5854
f 5856//5856 5852//5852 6613//6613 6617//6617
f 5858//5858 5854//5854 6615//6615 6619//6619
f 5852//5852 5853//5853 6614//6614 6613//6613
f 5851//5851 5855//5855 6616//6616 6612//6612
f 5844//5844 5856//5856 6617//6617 6601//6601
f 5843//5843 5857//5857 6618//6618 6600//6600
f 5857//5857 5858//5858 6619//6619 6618//6618
f 5774//5774 5818//5818 6625//6625 6627//6627
f 6889//6889 5726//5726 6609//6609 6896//6896
f 5726//5726 5774//5774 6627//6627 6609//6609
f 5829//5829 5791//5791 6630//6630 6623//6623
f 5735//5735 6604//6604 6629//6629 5759//5759
f 5727//5727 5780//5780 6624//6624 6607//6607
f 5728//5728 5821//5821 6626//6626 6606//6606
f 5838//5838 6620//6620 6631//6631 5766//5766
f 5806//5806 5728//5728 6606//6606 6632//6632
f 5818//5818 5727//5727 6607//6607 6625//6625
f 5786//5786 5806//5806 6632//6632 6633//6633
f 5759//5759 6629//6629 6620//6620 5838//5838
f 5742//5742 6628//6628 6604//6604 5735//5735
f 5821//5821 5829//5829 6623//6623 6626//6626
f 5889//5889 6638//6638 6630//6630 5791//5791
f 5780//5780 5786//5786 6633//6633 6624//6624
f 5867//5867 6628//6628 6635//6635 5886//5886
f 5885//5885 6634//6634 6605//6605 5848//5848
f 5886//5886 6635//6635 6636//6636 5878//5878
f 5885//5885 5878//5878 6636//6636 6634//6634
f 5850//5850 6611//6611 6637//6637 5897//5897
f 5766//5766 6631//6631 6638//6638 5889//5889
f 6045//6045 6035//6035 6639//6639 6653//6653
f 6047//6047 6036//6036 6640//6640 6655//6655
f 6904//6904 6038//6038 6642//6642 6898//6898
f 6041//6041 6649//6649 6661//6661 6051//6051
f 6040//6040 6644//6644 6660//6660 6039//6039
f 6039//6039 6660//6660 6649//6649 6041//6041
f 6051//6051 6661//6661 6650//6650 6042//6042
f 6038//6038 6043//6043 6651//6651 6642//6642
f 6089//6089 6676//6676 6654//6654 6046//6046
f 6048//6048 6044//6044 6652//6652 6656//6656
f 6050//6050 6046//6046 6654//6654 6658//6658
f 6044//6044 6045//6045 6653//6653 6652//6652
f 6043//6043 6047//6047 6655//6655 6651//6651
f 6036//6036 6048//6048 6656//6656 6640//6640
f 6035//6035 6049//6049 6657//6657 6639//6639
f 6049//6049 6050//6050 6658//6658 6657//6657
f 5966//5966 6010//6010 6664//6664 6666//6666
f 6900//6900 5918//5918 6648//6648 6899//6899
f 5918//5918 5966//5966 6666//6666 6648//6648
f 6021//6021 5983//5983 6669//6669 6662//6662
f 5927//5927 6643//6643 6668//6668 5951//5951
f 5919//5919 5972//5972 6663//6663 6646//6646
f 5920//5920 6013//6013 6665//6665 6645//6645
f 6030//6030 6659//6659 6670//6670 5958//5958
f 5998//5998 5920//5920 6645//6645 6671//6671
f 6010//6010 5919//5919 6646//6646 6664//6664
f 5978//5978 5998//5998 6671//6671 6672//6672
f 5951//5951 6668//6668 6659//6659 6030//6030
f 5934//5934 6667//6667 6643//6643 5927//5927
f 6013//6013 6021//6021 6662//6662 6665//6665
f 6081//6081 6677//6677 6669//6669 5983//5983
f 5972//5972 5978//5978 6672//6672 6663//6663
f 6059//6059 6667//6667 6674//6674 6078//6078
f 6077//6077 6673//6673 6644//6644 6040//6040
f 6078//6078 6674//6674 6675//6675 6070//6070
f 6077//6077 6070//6070 6675//6675 6673//6673
f 6042//6042 6650//6650 6676//6676 6089//6089
f 5958//5958 6670//6670 6677//6677 6081//6081
f 6237//6237 6227//6227 6678//6678 6692//6692
f 6239//6239 6228//6228 6679//6679 6694//6694
f 6927//6927 6230//6230 6681//6681 6915//6915
f 6233//6233 6688//6688 6700//6700 6243//6243
f 6232//6232 6683//6683 6699//6699 6231//6231
f 6231//6231 6699//6699 6688//6688 6233//6233
f 6243//6243 6700//6700 6689//6689 6234//6234
f 6230//6230 6235//6235 6690//6690 6681//6681
f 6281//6281 6715//6715 6693//6693 6238//6238
f 6240//6240 6236//6236 6691//6691 6695//6695
f 6242//6242 6238//6238 6693//6693 6697//6697
f 6236//6236 6237//6237 6692//6692 6691//6691
f 6235//6235 6239//6239 6694//6694 6690//6690
f 6228//6228 6240//6240 6695//6695 6679//6679
f 6227//6227 6241//6241 6696//6696 6678//6678
f 6241//6241 6242//6242 6697//6697 6696//6696
f 6158//6158 6202//6202 6703//6703 6705//6705
f 6924//6924 6110//6110 6687//6687 6914//6914
f 6110//6110 6158//6158 6705//6705 6687//6687
f 6213//6213 6175//6175 6708//6708 6701//6701
f 6119//6119 6682//6682 6707//6707 6143//6143
f 6111//6111 6164//6164 6702//6702 6685//6685
f 6112//6112 6205//6205 6704//6704 6684//6684
f 6222//6222 6698//6698 6709//6709 6150//6150
f 6190//6190 6112//6112 6684//6684 6710//6710
f 6202//6202 6111//6111 6685//6685 6703//6703
f 6170//6170 6190//6190 6710//6710 6711//6711
f 6143//6143 6707//6707 6698//6698 6222//6222
f 6126//6126 6706//6706 6682//6682 6119//6119
f 6205//6205 6213//6213 6701//6701 6704//6704
f 6273//6273 6716//6716 6708//6708 6175//6175
f 6164//6164 6170//6170 6711//6711 6702//6702
f 6251//6251 6706//6706 6713//6713 6270//6270
f 6269//6269 6712//6712 6683//6683 6232//6232
f 6270//6270 6713//6713 6714//6714 6262//6262
f 6269//6269 6262//6262 6714//6714 6712//6712
f 6234//6234 6689//6689 6715//6715 6281//6281
f 6150//6150 6709//6709 6716//6716 6273//6273
f 5940//5940 5911//5911 6732//6732 6733//6733
f 5873//5873 5753//5753 6728//6728 6730//6730
f 6741//6741 6737//6737 6102//6102 6132//6132
f 6748//6748 6740//6740 6109//6109 6686//6686
f 6410//6410 5526//5526 6717//6717 6745//6745
f 6747//6747 6723//6723 5653//5653 6563//6563
f 6132//6132 6103//6103 6738//6738 6741//6741
f 6746//6746 6738//6738 6103//6103 6526//6526
f 6257//6257 6137//6137 6742//6742 6744//6744
f 6686//6686 6257//6257 6744//6744 6748//6748
f 6065//6065 5945//5945 6734//6734 6736//6736
f 6745//6745 6719//6719 5529//5529 6410//6410
f 6729//6729 6728//6728 5753//5753 5845//5845
f 6727//6727 6725//6725 5718//5718 5748//5748
f 6723//6723 6722//6722 5561//5561 5653//5653
f 6743//6743 6742//6742 6137//6137 6229//6229
f 6563//6563 5537//5537 6720//6720 6747//6747
f 6735//6735 6734//6734 5945//5945 6037//6037
f 5748//5748 5719//5719 6726//6726 6727//6727
f 6721//6721 6717//6717 5526//5526 5556//5556
f 6719//6719 6720//6720 5537//5537 5529//5529
f 6740//6740 6739//6739 6104//6104 6109//6109
f 6526//6526 6104//6104 6739//6739 6746//6746
f 5681//5681 5561//5561 6722//6722 6724//6724
f 6733//6733 6731//6731 5910//5910 5940//5940
f 5556//5556 5527//5527 6718//6718 6721//6721
f 7374//7374 7373//7373 6734//6734 6735//6735
f 7377//7377 7376//7376 6759//6759 6761//6761
f 7378//7378 7379//7379 6742//6742 6743//6743
f 6770//6770 6772//6772 6807//6807 6825//6825
f 7372//7372 7376//7376 6728//6728 6729//6729
f 7382//7382 7373//7373 6765//6765 6767//6767
f 7381//7381 7375//7375 6753//6753 6755//6755
f 6781//6781 6784//6784 6760//6760 6755//6755
f 6767//6767 6776//6776 7278//7278 6773//6773
f 6487//6487 6871//6871 6732//6732 5911//5911
f 6781//6781 6755//6755 6753//6753 6780//6780
f 6781//6781 6780//6780 6794//6794 6797//6797
f 6761//6761 6759//6759 6783//6783 6785//6785
f 6793//6793 6777//6777 6751//6751 6774//6774
f 6784//6784 6783//6783 6759//6759 6760//6760
f 6811//6811 6488//6488 5910//5910 6731//6731
f 6803//6803 6776//6776 6837//6837 6801//6801
f 6799//6799 6798//6798 6783//6783 6784//6784
f 6776//6776 6767//6767 6765//6765 6837//6837
f 6785//6785 6783//6783 6798//6798 6800//6800
f 6826//6826 6823//6823 6804//6804 6808//6808
f 6866//6866 6860//6860 6830//6830 6814//6814
f 6808//6808 6805//6805 6824//6824 6826//6826
f 6860//6860 6841//6841 6840//6840 6830//6830
f 6832//6832 6840//6840 6841//6841 6842//6842
f 7433//7433 7417//7417 6852//6852 7282//7282
f 6816//6816 6832//6832 6842//6842 6861//6861
f 7282//7282 6852//6852 6849//6849 7290//7290
f 6814//6814 6831//6831 6859//6859 6866//6866
f 7283//7283 7292//7292 6869//6869 6863//6863
f 7284//7284 7288//7288 6844//6844 6855//6855
f 7285//7285 7280//7280 6856//6856 6862//6862
f 7292//7292 7289//7289 6812//6812 6869//6869
f 6859//6859 6865//6865 6791//6791 6870//6870
f 6448//6448 6854//6854 6726//6726 5719//5719
f 7288//7288 7280//7280 6847//6847 6844//6844
f 7279//7279 7285//7285 6862//6862 6868//6868
f 7284//7284 7283//7283 6863//6863 6792//6792
f 6838//6838 6790//6790 6841//6841 6860//6860
f 6865//6865 6867//6867 6778//6778 6791//6791
f 7198//7198 6808//6808 6804//6804 7197//7197
f 6831//6831 6815//6815 6865//6865 6859//6859
f 6804//6804 6861//6861 6829//6829 7197//7197
f 5557//5557 5525//5525 6874//6874 6878//6878
f 6411//6411 5530//5530 6873//6873 6882//6882
f 6412//6412 5524//5524 6875//6875 6883//6883
f 6563//6563 6884//6884 6877//6877 5537//5537
f 5534//5534 6876//6876 6875//6875 5524//5524
f 5537//5537 6877//6877 6872//6872 5529//5529
f 5530//5530 5557//5557 6878//6878 6873//6873
f 5681//5681 6881//6881 6879//6879 5561//5561
f 5561//5561 6879//6879 6880//6880 5653//5653
f 6569//6569 6885//6885 6881//6881 5681//5681
f 5523//5523 6411//6411 6882//6882 6872//6872
f 5525//5525 6412//6412 6883//6883 6874//6874
f 5653//5653 6880//6880 6884//6884 6563//6563
f 5533//5533 6876//6876 6885//6885 6569//6569
f 6608//6608 6896//6896 6892//6892 5873//5873
f 6450//6450 5722//5722 6922//6922 6891//6891
f 6451//6451 5716//5716 6920//6920 6890//6890
f 5726//5726 6889//6889 6920//6920 5716//5716
f 5918//5918 6900//6900 6913//6913 5908//5908
f 6602//6602 6897//6897 6888//6888 5729//5729
f 6647//6647 6899//6899 6905//6905 6065//6065
f 5945//5945 6911//6911 6904//6904 6037//6037
f 5873//5873 6892//6892 6886//6886 5753//5753
f 5914//5914 5941//5941 6910//6910 6903//6903
f 5845//5845 6893//6893 6897//6897 6602//6602
f 5717//5717 6451//6451 6890//6890 6921//6921
f 6490//6490 5908//5908 6913//6913 6907//6907
f 5715//5715 6450//6450 6891//6891 6923//6923
f 6489//6489 5914//5914 6903//6903 6906//6906
f 5725//5725 6889//6889 6896//6896 6608//6608
f 5753//5753 6886//6886 6893//6893 5845//5845
f 6137//6137 6916//6916 6927//6927 6229//6229
f 5722//5722 5749//5749 6887//6887 6922//6922
f 5729//5729 6888//6888 6923//6923 5721//5721
f 6037//6037 6904//6904 6898//6898 6641//6641
f 5749//5749 5717//5717 6921//6921 6887//6887
f 5917//5917 6900//6900 6899//6899 6647//6647
f 6257//6257 6926//6926 6916//6916 6137//6137
f 6641//6641 6898//6898 6901//6901 5921//5921
f 6133//6133 6101//6101 6895//6895 6917//6917
f 6680//6680 6915//6915 6925//6925 6113//6113
f 6528//6528 6106//6106 6908//6908 6919//6919
f 5909//5909 6490//6490 6907//6907 6912//6912
f 5921//5921 6901//6901 6902//6902 5913//5913
f 5941//5941 5909//5909 6912//6912 6910//6910
f 5907//5907 6489//6489 6906//6906 6902//6902
f 6065//6065 6905//6905 6911//6911 5945//5945
f 6101//6101 6529//6529 6918//6918 6895//6895
f 6106//6106 6133//6133 6917//6917 6908//6908
f 6229//6229 6927//6927 6915//6915 6680//6680
f 6686//6686 6914//6914 6926//6926 6257//6257
f 6099//6099 6528//6528 6919//6919 6909//6909
f 6109//6109 6924//6924 6914//6914 6686//6686
f 6113//6113 6925//6925 6909//6909 6105//6105
f 6529//6529 6100//6100 6894//6894 6918//6918
f 6110//6110 6924//6924 6894//6894 6100//6100
f 6943//6943 6933//6933 5371//5371 5381//5381
f 6936//6936 6935//6935 5373//5373 5374//5374
f 6928//6928 6938//6938 5376//5376 5366//5366
f 6935//6935 6939//6939 5377//5377 5373//5373
f 5369//5369 5370//5370 6932//6932 6931//6931
f 5382//5382 5378//5378 6940//6940 6944//6944
f 6939//6939 6940//6940 5378//5378 5377//5377
f 5370//5370 5371//5371 6933//6933 6932//6932
f 7418//7418 6941//6941 5379//5379 7416//7416
f 6934//6934 6928//6928 5366//5366 5372//5372
f 5372//5372 5367//5367 6929//6929 6934//6934
f 6941//6941 6942//6942 5380//5380 5379//5379
f 6938//6938 6937//6937 5375//5375 5376//5376
f 5367//5367 5368//5368 6930//6930 6929//6929
f 6942//6942 6943//6943 5381//5381 5380//5380
f 6937//6937 6936//6936 5374//5374 5375//5375
f 6956//6956 6957//6957 6940//6940 6939//6939
f 6932//6932 6933//6933 6950//6950 6949//6949
f 7419//7419 6958//6958 6941//6941 7418//7418
f 6951//6951 6945//6945 6928//6928 6934//6934
f 6934//6934 6929//6929 6946//6946 6951//6951
f 6958//6958 6959//6959 6942//6942 6941//6941
f 6955//6955 6954//6954 6937//6937 6938//6938
f 6929//6929 6930//6930 6947//6947 6946//6946
f 6959//6959 6960//6960 6943//6943 6942//6942
f 6954//6954 6953//6953 6936//6936 6937//6937
f 6960//6960 6950//6950 6933//6933 6943//6943
f 6953//6953 6952//6952 6935//6935 6936//6936
f 6945//6945 6955//6955 6938//6938 6928//6928
f 6952//6952 6956//6956 6939//6939 6935//6935
f 6931//6931 6932//6932 6949//6949 6948//6948
f 6944//6944 6940//6940 6957//6957 6961//6961
f 7420//7420 6975//6975 6958//6958 7419//7419
f 6968//6968 6962//6962 6945//6945 6951//6951
f 6951//6951 6946//6946 6963//6963 6968//6968
f 6975//6975 6976//6976 6959//6959 6958//6958
f 6972//6972 6971//6971 6954//6954 6955//6955
f 6946//6946 6947//6947 6964//6964 6963//6963
f 6976//6976 6977//6977 6960//6960 6959//6959
f 6971//6971 6970//6970 6953//6953 6954//6954
f 6977//6977 6967//6967 6950//6950 6960//6960
f 6970//6970 6969//6969 6952//6952 6953//6953
f 6962//6962 6972//6972 6955//6955 6945//6945
f 6969//6969 6973//6973 6956//6956 6952//6952
f 6948//6948 6949//6949 6966//6966 6965//6965
f 6961//6961 6957//6957 6974//6974 6978//6978
f 6973//6973 6974//6974 6957//6957 6956//6956
f 6949//6949 6950//6950 6967//6967 6966//6966
f 6992//6992 6993//6993 6976//6976 6975//6975
f 6989//6989 6988//6988 6971//6971 6972//6972
f 6963//6963 6964//6964 6981//6981 6980//6980
f 6993//6993 6994//6994 6977//6977 6976//6976
f 6988//6988 6987//6987 6970//6970 6971//6971
f 6994//6994 6984//6984 6967//6967 6977//6977
f 6987//6987 6986//6986 6969//6969 6970//6970
f 6979//6979 6989//6989 6972//6972 6962//6962
f 6986//6986 6990//6990 6973//6973 6969//6969
f 6965//6965 6966//6966 6983//6983 6982//6982
f 6978//6978 6974//6974 6991//6991 6995//6995
f 6990//6990 6991//6991 6974//6974 6973//6973
f 6966//6966 6967//6967 6984//6984 6983//6983
f 7421//7421 6992//6992 6975//6975 7420//7420
f 6985//6985 6979//6979 6962//6962 6968//6968
f 6968//6968 6963//6963 6980//6980 6985//6985
f 7422//7422 7009//7009 6992//6992 7421//7421
f 7002//7002 6996//6996 6979//6979 6985//6985
f 6985//6985 6980//6980 6997//6997 7002//7002
f 7009//7009 7010//7010 6993//6993 6992//6992
f 7006//7006 7005//7005 6988//6988 6989//6989
f 6980//6980 6981//6981 6998//6998 6997//6997
f 7010//7010 7011//7011 6994//6994 6993//6993
f 7005//7005 7004//7004 6987//6987 6988//6988
f 7011//7011 7001//7001 6984//6984 6994//6994
f 7004//7004 7003//7003 6986//6986 6987//6987
f 6996//6996 7006//7006 6989//6989 6979//6979
f 7003//7003 7007//7007 6990//6990 6986//6986
f 6982//6982 6983//6983 7000//7000 6999//6999
f 6995//6995 6991//6991 7008//7008 7012//7012
f 7007//7007 7008//7008 6991//6991 6990//6990
f 6983//6983 6984//6984 7001//7001 7000//7000
f 7026//7026 7027//7027 7010//7010 7009//7009
f 7023//7023 7022//7022 7005//7005 7006//7006
f 6997//6997 6998//6998 7015//7015 7014//7014
f 7027//7027 7028//7028 7011//7011 7010//7010
f 7022//7022 7021//7021 7004//7004 7005//7005
f 7028//7028 7018//7018 7001//7001 7011//7011
f 7021//7021 7020//7020 7003//7003 7004//7004
f 7013//7013 7023//7023 7006//7006 6996//6996
f 7020//7020 7024//7024 7007//7007 7003//7003
f 6999//6999 7000//7000 7017//7017 7016//7016
f 7012//7012 7008//7008 7025//7025 7029//7029
f 7024//7024 7025//7025 7008//7008 7007//7007
f 7000//7000 7001//7001 7018//7018 7017//7017
f 7423//7423 7026//7026 7009//7009 7422//7422
f 7019//7019 7013//7013 6996//6996 7002//7002
f 7002//7002 6997//6997 7014//7014 7019//7019
f 7044//7044 7045//7045 7028//7028 7027//7027
f 7039//7039 7038//7038 7021//7021 7022//7022
f 7045//7045 7035//7035 7018//7018 7028//7028
f 7038//7038 7037//7037 7020//7020 7021//7021
f 7030//7030 7040//7040 7023//7023 7013//7013
f 7037//7037 7041//7041 7024//7024 7020//7020
f 7016//7016 7017//7017 7034//7034 7033//7033
f 7029//7029 7025//7025 7042//7042 7046//7046
f 7041//7041 7042//7042 7025//7025 7024//7024
f 7017//7017 7018//7018 7035//7035 7034//7034
f 7424//7424 7043//7043 7026//7026 7423//7423
f 7036//7036 7030//7030 7013//7013 7019//7019
f 7019//7019 7014//7014 7031//7031 7036//7036
f 7043//7043 7044//7044 7027//7027 7026//7026
f 7040//7040 7039//7039 7022//7022 7023//7023
f 7014//7014 7015//7015 7032//7032 7031//7031
f 7062//7062 7052//7052 7035//7035 7045//7045
f 7055//7055 7054//7054 7037//7037 7038//7038
f 7047//7047 7057//7057 7040//7040 7030//7030
f 7054//7054 7058//7058 7041//7041 7037//7037
f 7033//7033 7034//7034 7051//7051 7050//7050
f 7046//7046 7042//7042 7059//7059 7063//7063
f 7058//7058 7059//7059 7042//7042 7041//7041
f 7034//7034 7035//7035 7052//7052 7051//7051
f 7425//7425 7060//7060 7043//7043 7424//7424
f 7053//7053 7047//7047 7030//7030 7036//7036
f 7036//7036 7031//7031 7048//7048 7053//7053
f 7060//7060 7061//7061 7044//7044 7043//7043
f 7057//7057 7056//7056 7039//7039 7040//7040
f 7031//7031 7032//7032 7049//7049 7048//7048
f 7061//7061 7062//7062 7045//7045 7044//7044
f 7056//7056 7055//7055 7038//7038 7039//7039
f 7064//7064 7074//7074 7057//7057 7047//7047
f 7071//7071 7075//7075 7058//7058 7054//7054
f 7050//7050 7051//7051 7068//7068 7067//7067
f 7063//7063 7059//7059 7076//7076 7080//7080
f 7075//7075 7076//7076 7059//7059 7058//7058
f 7051//7051 7052//7052 7069//7069 7068//7068
f 7426//7426 7077//7077 7060//7060 7425//7425
f 7070//7070 7064//7064 7047//7047 7053//7053
f 7053//7053 7048//7048 7065//7065 7070//7070
f 7077//7077 7078//7078 7061//7061 7060//7060
f 7074//7074 7073//7073 7056//7056 7057//7057
f 7048//7048 7049//7049 7066//7066 7065//7065
f 7078//7078 7079//7079 7062//7062 7061//7061
f 7073//7073 7072//7072 7055//7055 7056//7056
f 7079//7079 7069//7069 7052//7052 7062//7062
f 7072//7072 7071//7071 7054//7054 7055//7055
f 7080//7080 7076//7076 7093//7093 7097//7097
f 7092//7092 7093//7093 7076//7076 7075//7075
f 7068//7068 7069//7069 7086//7086 7085//7085
f 7427//7427 7094//7094 7077//7077 7426//7426
f 7087//7087 7081//7081 7064//7064 7070//7070
f 7070//7070 7065//7065 7082//7082 7087//7087
f 7094//7094 7095//7095 7078//7078 7077//7077
f 7091//7091 7090//7090 7073//7073 7074//7074
f 7065//7065 7066//7066 7083//7083 7082//7082
f 7095//7095 7096//7096 7079//7079 7078//7078
f 7090//7090 7089//7089 7072//7072 7073//7073
f 7096//7096 7086//7086 7069//7069 7079//7079
f 7089//7089 7088//7088 7071//7071 7072//7072
f 7081//7081 7091//7091 7074//7074 7064//7064
f 7088//7088 7092//7092 7075//7075 7071//7071
f 7067//7067 7068//7068 7085//7085 7084//7084
f 7428//7428 7111//7111 7094//7094 7427//7427
f 7104//7104 7098//7098 7081//7081 7087//7087
f 7087//7087 7082//7082 7099//7099 7104//7104
f 7111//7111 7112//7112 7095//7095 7094//7094
f 7108//7108 7107//7107 7090//7090 7091//7091
f 7082//7082 7083//7083 7100//7100 7099//7099
f 7112//7112 7113//7113 7096//7096 7095//7095
f 7107//7107 7106//7106 7089//7089 7090//7090
f 7113//7113 7103//7103 7086//7086 7096//7096
f 7106//7106 7105//7105 7088//7088 7089//7089
f 7098//7098 7108//7108 7091//7091 7081//7081
f 7105//7105 7109//7109 7092//7092 7088//7088
f 7084//7084 7085//7085 7102//7102 7101//7101
f 7097//7097 7093//7093 7110//7110 7114//7114
f 7109//7109 7110//7110 7093//7093 7092//7092
f 7085//7085 7086//7086 7103//7103 7102//7102
f 7128//7128 7129//7129 7112//7112 7111//7111
f 7125//7125 7124//7124 7107//7107 7108//7108
f 7099//7099 7100//7100 7117//7117 7116//7116
f 7129//7129 7130//7130 7113//7113 7112//7112
f 7124//7124 7123//7123 7106//7106 7107//7107
f 7130//7130 7120//7120 7103//7103 7113//7113
f 7123//7123 7122//7122 7105//7105 7106//7106
f 7115//7115 7125//7125 7108//7108 7098//7098
f 7122//7122 7126//7126 7109//7109 7105//7105
f 7101//7101 7102//7102 7119//7119 7118//7118
f 7114//7114 7110//7110 7127//7127 7131//7131
f 7126//7126 7127//7127 7110//7110 7109//7109
f 7102//7102 7103//7103 7120//7120 7119//7119
f 7429//7429 7128//7128 7111//7111 7428//7428
f 7121//7121 7115//7115 7098//7098 7104//7104
f 7104//7104 7099//7099 7116//7116 7121//7121
f 7146//7146 7147//7147 7130//7130 7129//7129
f 7141//7141 7140//7140 7123//7123 7124//7124
f 7147//7147 7137//7137 7120//7120 7130//7130
f 7140//7140 7139//7139 7122//7122 7123//7123
f 7132//7132 7142//7142 7125//7125 7115//7115
f 7139//7139 7143//7143 7126//7126 7122//7122
f 7118//7118 7119//7119 7136//7136 7135//7135
f 7131//7131 7127//7127 7144//7144 7148//7148
f 7143//7143 7144//7144 7127//7127 7126//7126
f 7119//7119 7120//7120 7137//7137 7136//7136
f 7430//7430 7145//7145 7128//7128 7429//7429
f 7138//7138 7132//7132 7115//7115 7121//7121
f 7121//7121 7116//7116 7133//7133 7138//7138
f 7145//7145 7146//7146 7129//7129 7128//7128
f 7142//7142 7141//7141 7124//7124 7125//7125
f 7116//7116 7117//7117 7134//7134 7133//7133
f 7164//7164 7154//7154 7137//7137 7147//7147
f 7157//7157 7156//7156 7139//7139 7140//7140
f 7149//7149 7159//7159 7142//7142 7132//7132
f 7156//7156 7160//7160 7143//7143 7139//7139
f 7135//7135 7136//7136 7153//7153 7152//7152
f 7148//7148 7144//7144 7161//7161 7165//7165
f 7160//7160 7161//7161 7144//7144 7143//7143
f 7136//7136 7137//7137 7154//7154 7153//7153
f 7431//7431 7162//7162 7145//7145 7430//7430
f 7155//7155 7149//7149 7132//7132 7138//7138
f 7138//7138 7133//7133 7150//7150 7155//7155
f 7162//7162 7163//7163 7146//7146 7145//7145
f 7159//7159 7158//7158 7141//7141 7142//7142
f 7133//7133 7134//7134 7151//7151 7150//7150
f 7163//7163 7164//7164 7147//7147 7146//7146
f 7158//7158 7157//7157 7140//7140 7141//7141
f 7447//7447 7446//7446 7159//7159 7149//7149
f 7449//7449 7448//7448 7160//7160 7156//7156
f 7451//7451 7450//7450 7170//7170 7169//7169
f 7453//7453 7452//7452 7178//7178 7182//7182
f 7448//7448 7452//7452 7161//7161 7160//7160
f 7450//7450 7454//7454 7171//7171 7170//7170
f 7465//7465 7455//7455 7162//7162 7431//7431
f 7456//7456 7447//7447 7149//7149 7155//7155
f 7456//7456 7457//7457 7167//7167 7172//7172
f 7455//7455 7458//7458 7163//7163 7162//7162
f 7446//7446 7459//7459 7158//7158 7159//7159
f 7457//7457 7460//7460 7168//7168 7167//7167
f 7458//7458 7461//7461 7164//7164 7163//7163
f 7459//7459 7462//7462 7157//7157 7158//7158
f 7461//7461 7454//7454 7154//7154 7164//7164
f 7462//7462 7449//7449 7156//7156 7157//7157
f 6861//6861 6842//6842 7195//7195 6829//6829
f 6866//6866 6859//6859 6870//6870 6782//6782
f 6774//6774 6778//6778 6867//6867 6793//6793
f 6782//6782 6838//6838 6860//6860 6866//6866
f 6764//6764 7195//7195 6790//6790 6762//6762
f 6758//6758 6782//6782 6870//6870 6756//6756
f 6842//6842 6841//6841 6790//6790 7195//7195
f 6771//6771 6741//6741 6738//6738 6769//6769
f 7193//7193 6449//6449 5718//5718 6725//6725
f 6409//6409 7194//7194 6718//6718 5527//5527
f 6449//6449 6409//6409 5528//5528 5721//5721
f 6409//6409 6449//6449 7193//7193 7194//7194
f 6741//6741 6771//6771 6768//6768 6737//6737
f 7197//7197 7196//7196 6737//6737 6768//6768
f 6488//6488 6448//6448 5720//5720 5913//5913
f 7195//7195 6764//6764 6763//6763 6829//6829
f 6448//6448 6488//6488 6811//6811 6854//6854
f 6829//6829 6871//6871 7196//7196 7197//7197
f 7198//7198 6771//6771 6769//6769 6775//6775
f 6808//6808 7198//7198 6775//6775 6805//6805
f 7196//7196 6527//6527 6102//6102 6737//6737
f 6487//6487 6527//6527 7196//7196 6871//6871
f 6527//6527 6487//6487 5912//5912 6105//6105
f 6771//6771 7198//7198 7197//7197 6768//6768
f 6786//6786 6802//6802 6801//6801 6837//6837
f 7476//7476 7167//7167 7168//7168 7477//7477
f 7475//7475 7172//7172 7167//7167 7476//7476
f 6332//6332 6334//6334 7203//7203 7201//7201
f 7207//7207 7204//7204 6335//6335 6338//6338
f 7208//7208 7200//7200 6331//6331 6368//6368
f 6380//6380 6331//6331 7200//7200 7209//7209
f 7205//7205 7206//7206 6337//6337 6336//6336
f 7204//7204 7205//7205 6336//6336 6335//6335
f 7209//7209 7207//7207 6338//6338 6380//6380
f 7206//7206 7202//7202 6333//6333 6337//6337
f 6368//6368 6332//6332 7201//7201 7208//7208
f 7202//7202 7203//7203 6334//6334 6333//6333
f 7216//7216 7212//7212 7202//7202 7206//7206
f 7212//7212 7213//7213 7203//7203 7202//7202
f 7208//7208 7201//7201 7211//7211 7218//7218
f 7217//7217 7214//7214 7204//7204 7207//7207
f 7201//7201 7203//7203 7213//7213 7211//7211
f 7218//7218 7210//7210 7200//7200 7208//7208
f 7209//7209 7200//7200 7210//7210 7219//7219
f 7219//7219 7217//7217 7207//7207 7209//7209
f 7215//7215 7216//7216 7206//7206 7205//7205
f 7214//7214 7215//7215 7205//7205 7204//7204
f 7225//7225 7226//7226 7216//7216 7215//7215
f 7224//7224 7225//7225 7215//7215 7214//7214
f 7226//7226 7222//7222 7212//7212 7216//7216
f 7222//7222 7223//7223 7213//7213 7212//7212
f 7218//7218 7211//7211 7221//7221 7228//7228
f 7227//7227 7224//7224 7214//7214 7217//7217
f 7211//7211 7213//7213 7223//7223 7221//7221
f 7228//7228 7220//7220 7210//7210 7218//7218
f 7219//7219 7210//7210 7220//7220 7229//7229
f 7229//7229 7227//7227 7217//7217 7219//7219
f 7238//7238 7230//7230 7220//7220 7228//7228
f 7229//7229 7220//7220 7230//7230 7239//7239
f 7239//7239 7237//7237 7227//7227 7229//7229
f 7235//7235 7236//7236 7226//7226 7225//7225
f 7234//7234 7235//7235 7225//7225 7224//7224
f 7236//7236 7232//7232 7222//7222 7226//7226
f 7232//7232 7233//7233 7223//7223 7222//7222
f 7228//7228 7221//7221 7231//7231 7238//7238
f 7237//7237 7234//7234 7224//7224 7227//7227
f 7221//7221 7223//7223 7233//7233 7231//7231
f 7238//7238 7231//7231 7241//7241 7248//7248
f 7247//7247 7244//7244 7234//7234 7237//7237
f 7231//7231 7233//7233 7243//7243 7241//7241
f 7248//7248 7240//7240 7230//7230 7238//7238
f 7239//7239 7230//7230 7240//7240 7249//7249
f 7249//7249 7247//7247 7237//7237 7239//7239
f 7245//7245 7246//7246 7236//7236 7235//7235
f 7244//7244 7245//7245 7235//7235 7234//7234
f 7246//7246 7242//7242 7232//7232 7236//7236
f 7242//7242 7243//7243 7233//7233 7232//7232
f 7256//7256 7252//7252 7242//7242 7246//7246
f 7252//7252 7253//7253 7243//7243 7242//7242
f 7248//7248 7241//7241 7251//7251 7258//7258
f 7257//7257 7254//7254 7244//7244 7247//7247
f 7241//7241 7243//7243 7253//7253 7251//7251
f 7258//7258 7250//7250 7240//7240 7248//7248
f 7249//7249 7240//7240 7250//7250 7259//7259
f 7259//7259 7257//7257 7247//7247 7249//7249
f 7255//7255 7256//7256 7246//7246 7245//7245
f 7254//7254 7255//7255 7245//7245 7244//7244
f 6789//6789 7253//7253 7252//7252 6788//6788
f 6809//6809 7251//7251 7253//7253 6789//6789
f 6821//6821 6820//6820 7262//7262 7263//7263
f 6820//6820 6819//6819 7261//7261 7262//7262
f 6819//6819 6818//6818 7260//7260 7261//7261
f 7263//7263 7262//7262 7264//7264 7265//7265
f 7265//7265 7264//7264 7266//7266 7267//7267
f 7267//7267 7266//7266 7269//7269 7270//7270
f 6833//6833 7389//7389 7295//7295 7390//7390
f 7270//7270 7269//7269 7272//7272 7273//7273
f 7273//7273 7272//7272 7275//7275 7276//7276
f 7287//7287 7275//7275 7392//7392 6851//6851
f 6795//6795 7276//7276 7275//7275 7287//7287
f 5533//5533 5729//5729 5721//5721 5528//5528
f 5725//5725 5921//5921 5913//5913 5720//5720
f 6569//6569 6602//6602 5729//5729 5533//5533
f 6602//6602 6569//6569 5681//5681 5845//5845
f 5845//5845 5681//5681 6724//6724 6729//6729
f 7381//7381 7372//7372 6729//6729 6724//6724
f 6794//6794 7386//7386 6821//6821 6797//6797
f 6784//6784 6781//6781 6797//6797 6799//6799
f 6810//6810 7258//7258 7251//7251 6809//6809
f 6608//6608 6641//6641 5921//5921 5725//5725
f 6641//6641 6608//6608 5873//5873 6037//6037
f 5917//5917 6113//6113 6105//6105 5912//5912
f 6647//6647 6680//6680 6113//6113 5917//5917
f 6680//6680 6647//6647 6065//6065 6229//6229
f 6229//6229 6065//6065 6736//6736 6743//6743
f 7382//7382 7378//7378 6743//6743 6736//6736
f 6786//6786 6766//6766 6761//6761 6785//6785
f 6802//6802 6786//6786 6785//6785 6800//6800
f 6837//6837 6765//6765 6766//6766 6786//6786
f 7374//7374 7377//7377 6761//6761 6766//6766
f 6730//6730 6735//6735 6037//6037 5873//5873
f 6773//6773 7278//7278 6807//6807 6772//6772
f 7279//7279 7290//7290 6849//6849 6843//6843
f 6861//6861 6804//6804 6823//6823 6816//6816
f 6778//6778 6752//6752 6750//6750 6791//6791
f 6778//6778 6774//6774 6749//6749 6752//6752
f 6782//6782 6758//6758 6757//6757 6838//6838
f 6805//6805 6775//6775 6770//6770 6825//6825
f 6827//6827 7250//7250 7258//7258 6810//6810
f 6836//6836 7282//7282 7290//7290 6835//6835
f 6845//6845 6839//6839 7292//7292 7283//7283
f 6868//6868 6835//6835 7290//7290 7279//7279
f 6843//6843 6846//6846 7285//7285 7279//7279
f 6839//6839 6848//6848 7289//7289 7292//7292
f 6792//6792 6864//6864 7288//7288 7284//7284
f 6846//6846 6847//6847 7280//7280 7285//7285
f 6855//6855 6845//6845 7283//7283 7284//7284
f 6864//6864 6856//6856 7280//7280 7288//7288
f 6807//6807 7278//7278 7294//7294 6806//6806
f 7272//7272 7393//7393 7392//7392 7275//7275
f 6776//6776 6803//6803 7294//7294 7278//7278
f 7269//7269 7395//7395 7393//7393 7272//7272
f 6828//6828 7259//7259 7250//7250 6827//6827
f 7259//7259 6828//6828 7383//7383 7257//7257
f 6796//6796 7254//7254 7257//7257 7383//7383
f 6853//6853 7255//7255 7254//7254 6796//6796
f 7255//7255 6853//6853 7291//7291 7256//7256
f 7289//7289 6848//6848 7295//7295 7389//7389
f 7281//7281 7293//7293 6857//6857 6850//6850
f 7293//7293 7281//7281 6858//6858 6787//6787
f 6824//6824 6805//6805 6825//6825 6813//6813
f 6817//6817 6833//6833 7390//7390 7185//7185
f 7475//7475 7190//7190 7189//7189 7474//7474
f 7474//7474 7189//7189 7188//7188 7473//7473
f 7473//7473 7188//7188 7187//7187 7472//7472
f 7472//7472 7187//7187 7191//7191 7471//7471
f 7471//7471 7191//7191 7199//7199 7470//7470
f 7463//7463 7335//7335 7152//7152 7451//7451
f 7334//7334 7135//7135 7152//7152 7335//7335
f 7338//7338 7101//7101 7118//7118 7333//7333
f 7304//7304 5099//5099 4970//4970 7305//7305
f 7305//7305 4970//4970 4969//4969 7306//7306
f 7306//7306 4969//4969 4968//4968 7307//7307
f 7307//7307 4968//4968 4967//4967 7308//7308
f 7308//7308 4967//4967 4988//4988 7309//7309
f 7309//7309 4988//4988 4986//4986 7310//7310
f 7310//7310 4986//4986 4966//4966 7311//7311
f 7312//7312 4975//4975 4887//4887 7311//7311
f 7312//7312 4978//4978 4848//4848 7313//7313
f 7314//7314 4947//4947 4849//4849 7313//7313
f 7314//7314 4948//4948 4954//4954 7315//7315
f 8543//8543 8542//8542 4956//4956 7315//7315
f 7316//7316 5150//5150 5099//5099 7304//7304
f 7316//7316 5146//5146 5039//5039 7317//7317
f 7318//7318 5026//5026 5036//5036 7317//7317
f 7319//7319 5016//5016 5026//5026 7318//7318
f 7320//7320 5006//5006 5016//5016 7319//7319
f 7321//7321 4998//4998 5006//5006 7320//7320
f 7321//7321 4999//4999 5070//5070 7322//7322
f 7323//7323 5295//5295 5069//5069 7322//7322
f 7323//7323 5301//5301 5044//5044 7324//7324
f 7324//7324 5044//5044 5080//5080 7325//7325
f 7326//7326 5053//5053 5079//5079 7325//7325
f 7326//7326 5054//5054 5064//5064 7327//7327
f 7327//7327 5064//5064 5318//5318 7328//7328
f 7328//7328 5318//5318 5335//5335 7329//7329
f 7330//7330 5351//5351 5334//5334 7329//7329
f 7330//7330 5352//5352 5369//5369 7331//7331
f 7331//7331 5369//5369 6931//6931 7332//7332
f 7470//7470 7199//7199 7192//7192 7469//7469
f 7469//7469 7192//7192 7371//7371 7468//7468
f 5144//5144 7304//7304 7305//7305 4913//4913
f 4913//4913 7305//7305 7306//7306 4908//4908
f 4908//4908 7306//7306 7307//7307 4903//4903
f 4903//4903 7307//7307 7308//7308 4898//4898
f 4898//4898 7308//7308 7309//7309 4893//4893
f 4893//4893 7309//7309 7310//7310 4890//4890
f 4890//4890 7310//7310 7311//7311 4887//4887
f 4978//4978 7312//7312 7311//7311 4966//4966
f 4975//4975 7312//7312 7313//7313 4849//4849
f 4948//4948 7314//7314 7313//7313 4848//4848
f 4947//4947 7314//7314 7315//7315 4956//4956
f 5146//5146 7316//7316 7304//7304 5144//5144
f 5150//5150 7316//7316 7317//7317 5036//5036
f 5029//5029 7318//7318 7317//7317 5039//5039
f 5019//5019 7319//7319 7318//7318 5029//5029
f 5009//5009 7320//7320 7319//7319 5019//5019
f 4999//4999 7321//7321 7320//7320 5009//5009
f 4998//4998 7321//7321 7322//7322 5069//5069
f 5301//5301 7323//7323 7322//7322 5070//5070
f 5295//5295 7323//7323 7324//7324 5043//5043
f 5043//5043 7324//7324 7325//7325 5079//5079
f 5054//5054 7326//7326 7325//7325 5080//5080
f 5053//5053 7326//7326 7327//7327 5063//5063
f 5063//5063 7327//7327 7328//7328 5317//5317
f 5317//5317 7328//7328 7329//7329 5334//5334
f 5352//5352 7330//7330 7329//7329 5335//5335
f 5351//5351 7330//7330 7331//7331 5368//5368
f 5368//5368 7331//7331 7332//7332 6930//6930
f 6845//6845 7190//7190 7183//7183 6839//6839
f 6855//6855 7189//7189 7190//7190 6845//6845
f 7189//7189 6855//6855 6844//6844 7188//7188
f 7188//7188 6844//6844 6847//6847 7187//7187
f 6846//6846 7191//7191 7187//7187 6847//6847
f 7135//7135 7334//7334 7333//7333 7118//7118
f 6843//6843 7199//7199 7191//7191 6846//6846
f 7199//7199 6843//6843 6849//6849 7192//7192
f 7467//7467 7182//7182 7178//7178 7468//7468
f 7460//7460 7463//7463 7336//7336 7168//7168
f 7134//7134 7334//7334 7335//7335 7151//7151
f 5194//5194 5188//5188 7339//7339 7340//7340
f 5200//5200 5194//5194 7340//7340 7341//7341
f 5206//5206 5200//5200 7341//7341 7342//7342
f 5212//5212 5206//5206 7342//7342 7343//7343
f 5218//5218 5212//5212 7343//7343 7344//7344
f 446//446 5218//5218 7344//7344 2577//2577
f 5232//5232 5310//5310 7350//7350 7345//7345
f 5310//5310 5306//5306 7346//7346 7350//7350
f 5306//5306 5307//5307 7347//7347 7346//7346
f 5307//5307 5308//5308 7348//7348 7347//7347
f 5308//5308 5309//5309 7349//7349 7348//7348
f 5242//5242 5232//5232 7345//7345 7351//7351
f 5309//5309 5331//5331 7352//7352 7349//7349
f 5331//5331 5348//5348 7353//7353 7352//7352
f 5348//5348 5365//5365 7354//7354 7353//7353
f 5365//5365 5382//5382 7355//7355 7354//7354
f 6944//6944 7356//7356 7355//7355 5382//5382
f 6961//6961 7357//7357 7356//7356 6944//6944
f 6978//6978 7358//7358 7357//7357 6961//6961
f 6995//6995 7359//7359 7358//7358 6978//6978
f 7012//7012 7360//7360 7359//7359 6995//6995
f 7029//7029 7361//7361 7360//7360 7012//7012
f 7046//7046 7362//7362 7361//7361 7029//7029
f 7063//7063 7363//7363 7362//7362 7046//7046
f 7080//7080 7364//7364 7363//7363 7063//7063
f 7097//7097 7365//7365 7364//7364 7080//7080
f 7114//7114 7366//7366 7365//7365 7097//7097
f 7131//7131 7367//7367 7366//7366 7114//7114
f 7148//7148 7368//7368 7367//7367 7131//7131
f 7165//7165 7369//7369 7368//7368 7148//7148
f 7453//7453 7464//7464 7369//7369 7165//7165
f 7466//7466 7370//7370 7182//7182 7467//7467
f 6852//6852 7371//7371 7192//7192 6849//6849
f 6763//6763 6732//6732 6871//6871 6829//6829
f 6766//6766 6765//6765 7373//7373 7374//7374
f 6754//6754 6753//6753 7375//7375 6747//6747
f 6764//6764 6733//6733 6732//6732 6763//6763
f 6733//6733 6764//6764 6762//6762 6731//6731
f 6730//6730 6728//6728 7376//7376 7377//7377
f 6790//6790 6811//6811 6731//6731 6762//6762
f 6773//6773 6772//6772 7379//7379 7378//7378
f 6747//6747 7375//7375 6722//6722 6723//6723
f 6811//6811 6790//6790 6838//6838 6854//6854
f 6757//6757 6726//6726 6854//6854 6838//6838
f 6758//6758 6727//6727 6726//6726 6757//6757
f 6727//6727 6758//6758 6756//6756 6725//6725
f 6760//6760 6759//6759 7376//7376 7372//7372
f 6736//6736 6734//6734 7373//7373 7382//7382
f 6748//6748 7379//7379 6772//6772 6740//6740
f 6870//6870 7193//7193 6725//6725 6756//6756
f 6724//6724 6722//6722 7375//7375 7381//7381
f 7193//7193 6870//6870 6791//6791 7194//7194
f 6750//6750 6718//6718 7194//7194 6791//6791
f 6752//6752 6721//6721 6718//6718 6750//6750
f 6748//6748 6744//6744 6742//6742 7379//7379
f 6721//6721 6752//6752 6749//6749 6717//6717
f 6774//6774 6745//6745 6717//6717 6749//6749
f 6745//6745 6774//6774 6751//6751 6719//6719
f 6777//6777 7400//7400 7380//7380 6751//6751
f 6754//6754 7380//7380 7400//7400 6779//6779
f 6740//6740 6772//6772 6770//6770 6739//6739
f 6775//6775 6746//6746 6739//6739 6770//6770
f 6746//6746 6775//6775 6769//6769 6738//6738
f 6719//6719 6751//6751 7380//7380 6720//6720
f 6755//6755 6760//6760 7372//7372 7381//7381
f 6767//6767 6773//6773 7378//7378 7382//7382
f 6735//6735 6730//6730 7377//7377 7374//7374
f 7256//7256 7291//7291 6788//6788 7252//7252
f 7384//7384 6796//6796 7383//7383 7385//7385
f 6834//6834 6853//6853 6796//6796 7384//7384
f 6867//6867 6865//6865 6815//6815 6822//6822
f 7389//7389 7387//7387 6812//6812 7289//7289
f 7417//7417 7435//7435 7371//7371 6852//6852
f 6833//6833 7291//7291 6853//6853 6834//6834
f 7417//7417 6850//6850 7299//7299 7435//7435
f 7388//7388 6793//6793 6867//6867 6822//6822
f 6822//6822 6812//6812 7387//7387 7388//7388
f 7387//7387 6834//6834 7384//7384 7388//7388
f 6793//6793 7388//7388 7384//7384 6777//6777
f 6815//6815 6869//6869 6812//6812 6822//6822
f 6831//6831 6863//6863 6869//6869 6815//6815
f 7287//7287 7293//7293 6787//6787 6795//6795
f 7293//7293 7287//7287 6851//6851 6857//6857
f 7277//7277 7297//7297 7299//7299 6850//6850
f 7274//7274 7298//7298 7297//7297 7277//7277
f 7271//7271 7300//7300 7298//7298 7274//7274
f 7268//7268 7302//7302 7300//7300 7271//7271
f 7296//7296 7301//7301 7302//7302 7268//7268
f 7185//7185 7337//7337 7301//7301 7296//7296
f 7390//7390 7303//7303 7337//7337 7185//7185
f 7295//7295 7184//7184 7303//7303 7390//7390
f 7277//7277 6850//6850 6857//6857 7391//7391
f 7260//7260 6818//6818 6817//6817 7185//7185
f 7274//7274 7277//7277 7391//7391 7286//7286
f 6857//6857 6851//6851 7392//7392 7391//7391
f 7266//7266 7397//7397 7395//7395 7269//7269
f 7397//7397 7266//7266 7264//7264 7399//7399
f 7393//7393 7286//7286 7391//7391 7392//7392
f 7286//7286 7393//7393 7395//7395 7394//7394
f 7394//7394 7395//7395 7397//7397 7396//7396
f 7396//7396 7397//7397 7399//7399 7398//7398
f 7271//7271 7274//7274 7286//7286 7394//7394
f 7396//7396 7268//7268 7271//7271 7394//7394
f 7268//7268 7396//7396 7398//7398 7296//7296
f 7264//7264 7262//7262 7261//7261 7399//7399
f 7399//7399 7261//7261 7260//7260 7398//7398
f 7260//7260 7185//7185 7296//7296 7398//7398
f 6825//6825 6807//6807 6806//6806 6813//6813
f 6814//6814 6792//6792 6863//6863 6831//6831
f 6792//6792 6814//6814 6830//6830 6864//6864
f 6864//6864 6830//6830 6840//6840 6856//6856
f 6832//6832 6862//6862 6856//6856 6840//6840
f 6816//6816 6868//6868 6862//6862 6832//6832
f 6823//6823 6835//6835 6868//6868 6816//6816
f 6826//6826 6836//6836 6835//6835 6823//6823
f 6806//6806 6787//6787 6858//6858 6813//6813
f 6787//6787 6806//6806 7294//7294 6795//6795
f 6803//6803 7276//7276 6795//6795 7294//7294
f 7276//7276 6803//6803 6801//6801 7273//7273
f 6802//6802 7270//7270 7273//7273 6801//6801
f 7270//7270 6802//6802 6800//6800 7267//7267
f 7267//7267 6800//6800 6798//6798 7265//7265
f 6799//6799 7263//7263 7265//7265 6798//6798
f 7263//7263 6799//6799 6797//6797 6821//6821
f 6754//6754 6747//6747 6720//6720 7380//7380
f 6780//6780 6779//6779 7400//7400 6794//6794
f 6754//6754 6779//6779 6780//6780 6753//6753
f 6777//6777 7384//7384 7385//7385 7400//7400
f 7340//7340 7339//7339 7401//7401 7402//7402
f 7341//7341 7340//7340 7402//7402 7403//7403
f 7342//7342 7341//7341 7403//7403 7404//7404
f 7343//7343 7342//7342 7404//7404 7405//7405
f 7344//7344 7343//7343 7405//7405 7406//7406
f 2577//2577 7344//7344 7406//7406 2640//2640
f 7345//7345 7350//7350 7412//7412 7407//7407
f 7350//7350 7346//7346 7408//7408 7412//7412
f 7346//7346 7347//7347 7409//7409 7408//7408
f 7347//7347 7348//7348 7410//7410 7409//7409
f 7348//7348 7349//7349 7411//7411 7410//7410
f 7351//7351 7345//7345 7407//7407 7434//7434
f 7349//7349 7352//7352 7413//7413 7411//7411
f 7352//7352 7353//7353 7414//7414 7413//7413
f 7353//7353 7354//7354 7415//7415 7414//7414
f 7354//7354 7355//7355 7416//7416 7415//7415
f 7281//7281 6850//6850 7417//7417 7433//7433
f 7356//7356 7418//7418 7416//7416 7355//7355
f 7357//7357 7419//7419 7418//7418 7356//7356
f 7358//7358 7420//7420 7419//7419 7357//7357
f 7359//7359 7421//7421 7420//7420 7358//7358
f 7360//7360 7422//7422 7421//7421 7359//7359
f 7361//7361 7423//7423 7422//7422 7360//7360
f 7362//7362 7424//7424 7423//7423 7361//7361
f 7363//7363 7425//7425 7424//7424 7362//7362
f 7364//7364 7426//7426 7425//7425 7363//7363
f 7365//7365 7427//7427 7426//7426 7364//7364
f 7366//7366 7428//7428 7427//7427 7365//7365
f 7367//7367 7429//7429 7428//7428 7366//7366
f 7368//7368 7430//7430 7429//7429 7367//7367
f 7369//7369 7431//7431 7430//7430 7368//7368
f 7464//7464 7465//7465 7431//7431 7369//7369
f 6848//6848 7186//7186 7184//7184 7295//7295
f 6839//6839 7183//7183 7186//7186 6848//6848
f 6813//6813 6858//6858 7436//7436 6824//6824
f 7281//7281 7433//7433 7436//7436 6858//6858
f 6836//6836 6826//6826 6824//6824 7436//7436
f 7433//7433 7282//7282 6836//6836 7436//7436
f 7437//7437 7067//7067 7084//7084 7438//7438
f 7437//7437 7066//7066 7049//7049 7439//7439
f 7440//7440 7033//7033 7050//7050 7439//7439
f 7440//7440 7032//7032 7015//7015 7441//7441
f 7442//7442 6999//6999 7016//7016 7441//7441
f 7443//7443 6982//6982 6999//6999 7442//7442
f 7444//7444 6965//6965 6982//6982 7443//7443
f 7445//7445 6948//6948 6965//6965 7444//7444
f 7066//7066 7437//7437 7438//7438 7083//7083
f 7067//7067 7437//7437 7439//7439 7050//7050
f 7032//7032 7440//7440 7439//7439 7049//7049
f 7033//7033 7440//7440 7441//7441 7016//7016
f 6998//6998 7442//7442 7441//7441 7015//7015
f 6981//6981 7443//7443 7442//7442 6998//6998
f 6964//6964 7444//7444 7443//7443 6981//6981
f 6947//6947 7445//7445 7444//7444 6964//6964
f 7438//7438 7084//7084 7101//7101 7338//7338
f 7334//7334 7134//7134 7117//7117 7333//7333
f 7332//7332 6931//6931 6948//6948 7445//7445
f 7083//7083 7438//7438 7338//7338 7100//7100
f 6930//6930 7332//7332 7445//7445 6947//6947
f 7100//7100 7338//7338 7333//7333 7117//7117
f 6834//6834 7387//7387 7389//7389 6833//6833
f 6828//6828 7386//7386 7385//7385 7383//7383
f 7386//7386 6828//6828 6827//6827 6821//6821
f 6821//6821 6827//6827 6810//6810 6820//6820
f 6820//6820 6810//6810 6809//6809 6819//6819
f 6819//6819 6809//6809 6789//6789 6818//6818
f 6818//6818 6789//6789 6788//6788 6817//6817
f 6817//6817 6788//6788 7291//7291 6833//6833
f 7485//7485 7336//7336 7169//7169 7484//7484
f 7484//7484 7169//7169 7170//7170 7483//7483
f 7483//7483 7170//7170 7171//7171 7482//7482
f 7481//7481 7302//7302 7301//7301 7482//7482
f 7480//7480 7300//7300 7302//7302 7481//7481
f 7479//7479 7298//7298 7300//7300 7480//7480
f 7478//7478 7297//7297 7298//7298 7479//7479
f 7478//7478 7432//7432 7370//7370 7466//7466
f 7477//7477 7168//7168 7336//7336 7485//7485
f 7166//7166 7176//7176 7446//7446 7447//7447
f 7173//7173 7177//7177 7448//7448 7449//7449
f 7152//7152 7153//7153 7450//7450 7451//7451
f 7165//7165 7161//7161 7452//7452 7453//7453
f 7177//7177 7178//7178 7452//7452 7448//7448
f 7153//7153 7154//7154 7454//7454 7450//7450
f 7432//7432 7179//7179 7455//7455 7465//7465
f 7172//7172 7166//7166 7447//7447 7456//7456
f 7155//7155 7150//7150 7457//7457 7456//7456
f 7179//7179 7180//7180 7458//7458 7455//7455
f 7176//7176 7175//7175 7459//7459 7446//7446
f 7150//7150 7151//7151 7460//7460 7457//7457
f 7180//7180 7181//7181 7461//7461 7458//7458
f 7175//7175 7174//7174 7462//7462 7459//7459
f 7181//7181 7171//7171 7454//7454 7461//7461
f 7174//7174 7173//7173 7449//7449 7462//7462
f 7336//7336 7463//7463 7451//7451 7169//7169
f 7151//7151 7335//7335 7463//7463 7460//7460
f 7182//7182 7370//7370 7464//7464 7453//7453
f 7370//7370 7432//7432 7465//7465 7464//7464
f 7299//7299 7466//7466 7467//7467 7435//7435
f 7172//7172 7475//7475 7474//7474 7166//7166
f 7180//7180 7480//7480 7481//7481 7181//7181
f 7190//7190 7475//7475 7476//7476 7183//7183
f 7337//7337 7483//7483 7482//7482 7301//7301
f 7183//7183 7476//7476 7477//7477 7186//7186
f 7177//7177 7469//7469 7468//7468 7178//7178
f 7186//7186 7477//7477 7485//7485 7184//7184
f 7175//7175 7472//7472 7471//7471 7174//7174
f 7173//7173 7470//7470 7469//7469 7177//7177
f 7303//7303 7484//7484 7483//7483 7337//7337
f 7432//7432 7478//7478 7479//7479 7179//7179
f 7176//7176 7473//7473 7472//7472 7175//7175
f 7174//7174 7471//7471 7470//7470 7173//7173
f 7297//7297 7478//7478 7466//7466 7299//7299
f 7181//7181 7481//7481 7482//7482 7171//7171
f 7166//7166 7474//7474 7473//7473 7176//7176
f 7435//7435 7467//7467 7468//7468 7371//7371
f 7179//7179 7479//7479 7480//7480 7180//7180
f 7184//7184 7485//7485 7484//7484 7303//7303
f 7400//7400 7385//7385 7386//7386 6794//6794
f 5215//5215 5209//5209 7492//7492 7493//7493
f 5312//5312 5235//5235 7495//7495 7498//7498
f 5209//5209 5203//5203 7491//7491 7492//7492
f 5086//5086 5050//5050 7486//7486 7488//7488
f 5245//5245 5311//5311 7497//7497 7496//7496
f 5060//5060 5086//5086 7488//7488 7487//7487
f 5235//5235 5245//5245 7496//7496 7495//7495
f 5203//5203 5197//5197 7490//7490 7491//7491
f 5311//5311 5060//5060 7487//7487 7497//7497
f 449//449 5221//5221 7494//7494 2729//2729
f 5197//5197 5191//5191 7489//7489 7490//7490
f 5221//5221 5215//5215 7493//7493 7494//7494
f 7494//7494 7493//7493 7506//7506 7507//7507
f 7487//7487 7488//7488 7501//7501 7500//7500
f 2729//2729 7494//7494 7507//7507 2743//2743
f 7490//7490 7489//7489 7502//7502 7503//7503
f 7498//7498 7495//7495 7508//7508 7511//7511
f 7491//7491 7490//7490 7503//7503 7504//7504
f 7495//7495 7496//7496 7509//7509 7508//7508
f 7492//7492 7491//7491 7504//7504 7505//7505
f 7496//7496 7497//7497 7510//7510 7509//7509
f 7493//7493 7492//7492 7505//7505 7506//7506
f 7488//7488 7486//7486 7499//7499 7501//7501
f 7497//7497 7487//7487 7500//7500 7510//7510
f 7510//7510 7500//7500 7513//7513 7523//7523
f 7507//7507 7506//7506 7519//7519 7520//7520
f 7500//7500 7501//7501 7514//7514 7513//7513
f 2743//2743 7507//7507 7520//7520 2757//2757
f 7503//7503 7502//7502 7515//7515 7516//7516
f 7511//7511 7508//7508 7521//7521 7524//7524
f 7504//7504 7503//7503 7516//7516 7517//7517
f 7508//7508 7509//7509 7522//7522 7521//7521
f 7505//7505 7504//7504 7517//7517 7518//7518
f 7509//7509 7510//7510 7523//7523 7522//7522
f 7506//7506 7505//7505 7518//7518 7519//7519
f 7501//7501 7499//7499 7512//7512 7514//7514
f 7523//7523 7513//7513 7526//7526 7536//7536
f 7520//7520 7519//7519 7532//7532 7533//7533
f 7513//7513 7514//7514 7527//7527 7526//7526
f 2757//2757 7520//7520 7533//7533 2771//2771
f 7516//7516 7515//7515 7528//7528 7529//7529
f 7524//7524 7521//7521 7534//7534 7537//7537
f 7517//7517 7516//7516 7529//7529 7530//7530
f 7521//7521 7522//7522 7535//7535 7534//7534
f 7518//7518 7517//7517 7530//7530 7531//7531
f 7522//7522 7523//7523 7536//7536 7535//7535
f 7519//7519 7518//7518 7531//7531 7532//7532
f 7514//7514 7512//7512 7525//7525 7527//7527
f 7536//7536 7526//7526 7539//7539 7549//7549
f 7533//7533 7532//7532 7545//7545 7546//7546
f 7526//7526 7527//7527 7540//7540 7539//7539
f 2771//2771 7533//7533 7546//7546 2785//2785
f 7529//7529 7528//7528 7541//7541 7542//7542
f 7537//7537 7534//7534 7547//7547 7550//7550
f 7530//7530 7529//7529 7542//7542 7543//7543
f 7534//7534 7535//7535 7548//7548 7547//7547
f 7531//7531 7530//7530 7543//7543 7544//7544
f 7535//7535 7536//7536 7549//7549 7548//7548
f 7532//7532 7531//7531 7544//7544 7545//7545
f 7527//7527 7525//7525 7538//7538 7540//7540
f 7549//7549 7539//7539 7552//7552 7562//7562
f 7546//7546 7545//7545 7558//7558 7559//7559
f 7539//7539 7540//7540 7553//7553 7552//7552
f 2785//2785 7546//7546 7559//7559 2799//2799
f 7542//7542 7541//7541 7554//7554 7555//7555
f 7550//7550 7547//7547 7560//7560 7563//7563
f 7543//7543 7542//7542 7555//7555 7556//7556
f 7547//7547 7548//7548 7561//7561 7560//7560
f 7544//7544 7543//7543 7556//7556 7557//7557
f 7548//7548 7549//7549 7562//7562 7561//7561
f 7545//7545 7544//7544 7557//7557 7558//7558
f 7540//7540 7538//7538 7551//7551 7553//7553
f 7553//7553 7551//7551 7564//7564 7566//7566
f 7562//7562 7552//7552 7565//7565 7575//7575
f 7559//7559 7558//7558 7571//7571 7572//7572
f 7552//7552 7553//7553 7566//7566 7565//7565
f 7555//7555 7554//7554 7567//7567 7568//7568
f 7563//7563 7560//7560 7573//7573 7576//7576
f 7556//7556 7555//7555 7568//7568 7569//7569
f 7560//7560 7561//7561 7574//7574 7573//7573
f 7557//7557 7556//7556 7569//7569 7570//7570
f 7561//7561 7562//7562 7575//7575 7574//7574
f 7558//7558 7557//7557 7570//7570 7571//7571
f 7571//7571 7570//7570 7583//7583 7584//7584
f 7566//7566 7564//7564 7577//7577 7579//7579
f 7575//7575 7565//7565 7578//7578 7588//7588
f 7572//7572 7571//7571 7584//7584 7585//7585
f 7565//7565 7566//7566 7579//7579 7578//7578
f 2813//2813 7572//7572 7585//7585 2827//2827
f 7568//7568 7567//7567 7580//7580 7581//7581
f 7576//7576 7573//7573 7586//7586 7589//7589
f 7569//7569 7568//7568 7581//7581 7582//7582
f 7573//7573 7574//7574 7587//7587 7586//7586
f 7570//7570 7569//7569 7582//7582 7583//7583
f 7574//7574 7575//7575 7588//7588 7587//7587
f 7681//7681 7680//7680 7602//7602 7601//7601
f 7584//7584 7583//7583 7597//7597 7598//7598
f 7683//7683 7682//7682 7590//7590 7592//7592
f 7680//7680 7684//7684 7591//7591 7602//7602
f 7585//7585 7584//7584 7598//7598 7599//7599
f 7684//7684 7683//7683 7592//7592 7591//7591
f 2827//2827 7585//7585 7599//7599 2842//2842
f 7581//7581 7580//7580 7594//7594 7595//7595
f 7582//7582 7581//7581 7595//7595 7596//7596
f 7583//7583 7582//7582 7596//7596 7597//7597
f 7601//7601 7602//7602 7615//7615 7614//7614
f 7687//7687 7686//7686 7611//7611 7612//7612
f 7592//7592 7590//7590 7604//7604 7606//7606
f 7602//7602 7591//7591 7605//7605 7615//7615
f 7688//7688 7687//7687 7612//7612 7613//7613
f 7591//7591 7592//7592 7606//7606 7605//7605
f 2945//2945 7688//7688 7613//7613 2857//2857
f 5182//5182 5222//5222 5186//5186 5181//5181
f 7690//7690 7689//7689 7608//7608 7609//7609
f 7692//7692 7690//7690 7609//7609 7610//7610
f 7686//7686 7692//7692 7610//7610 7611//7611
f 7617//7617 5303//5303 5076//5076 5492//5492
f 5491//5491 7618//7618 7617//7617 5492//5492
f 7486//7486 7617//7617 7618//7618 7499//7499
f 7499//7499 7618//7618 7619//7619 7512//7512
f 5490//5490 7619//7619 7618//7618 5491//5491
f 7650//7650 7636//7636 7630//7630 7651//7651
f 7551//7551 7649//7649 7650//7650 7564//7564
f 7650//7650 7649//7649 7641//7641 7636//7636
f 7538//7538 7620//7620 7649//7649 7551//7551
f 7695//7695 7691//7691 7600//7600 7607//7607
f 7649//7649 7620//7620 7646//7646 7641//7641
f 7691//7691 2951//2951 2866//2866 7600//7600
f 5488//5488 5487//5487 7622//7622 7623//7623
f 7694//7694 7695//7695 7607//7607 7593//7593
f 7525//7525 7621//7621 7620//7620 7538//7538
f 7637//7637 7638//7638 7625//7625 7627//7627
f 7623//7623 7622//7622 7628//7628 7629//7629
f 7620//7620 7621//7621 5489//5489 7646//7646
f 7638//7638 2890//2890 2868//2868 7625//7625
f 7633//7633 7637//7637 7627//7627 7631//7631
f 7643//7643 7626//7626 7638//7638 7637//7637
f 7626//7626 2867//2867 2890//2890 7638//7638
f 7647//7647 7643//7643 7637//7637 7633//7633
f 7629//7629 7628//7628 7634//7634 7635//7635
f 7512//7512 7619//7619 7621//7621 7525//7525
f 7642//7642 7648//7648 7643//7643 7647//7647
f 7632//7632 2885//2885 2867//2867 7626//7626
f 7648//7648 7632//7632 7626//7626 7643//7643
f 7635//7635 7634//7634 7639//7639 7640//7640
f 5489//5489 7621//7621 7619//7619 5490//5490
f 5486//5486 5485//5485 7648//7648 7642//7642
f 5485//5485 5514//5514 7632//7632 7648//7648
f 7697//7697 7696//7696 7644//7644 7645//7645
f 5488//5488 7623//7623 7646//7646 5489//5489
f 7629//7629 7641//7641 7646//7646 7623//7623
f 7635//7635 7636//7636 7641//7641 7629//7629
f 7635//7635 7640//7640 7630//7630 7636//7636
f 7697//7697 7645//7645 7624//7624 7698//7698
f 7564//7564 7650//7650 7651//7651 7577//7577
f 7693//7693 7698//7698 7624//7624 7652//7652
f 7682//7682 7693//7693 7652//7652 7590//7590
f 5486//5486 7642//7642 7622//7622 5487//5487
f 7622//7622 7642//7642 7647//7647 7628//7628
f 7633//7633 7634//7634 7628//7628 7647//7647
f 7631//7631 7639//7639 7634//7634 7633//7633
f 7694//7694 7696//7696 7639//7639 7631//7631
f 7699//7699 7586//7586 7587//7587 7681//7681
f 7685//7685 7589//7589 7586//7586 7699//7699
f 7654//7654 2903//2903 2908//2908 7657//7657
f 7655//7655 7654//7654 7657//7657 7658//7658
f 7656//7656 7655//7655 7658//7658 7659//7659
f 2907//2907 7656//7656 7659//7659 2912//2912
f 7658//7658 7657//7657 7660//7660 7661//7661
f 7659//7659 7658//7658 7661//7661 7662//7662
f 2912//2912 7659//7659 7662//7662 2917//2917
f 2913//2913 2918//2918 7661//7661 7660//7660
f 7661//7661 2918//2918 2917//2917 7662//7662
f 7654//7654 7600//7600 2866//2866 2903//2903
f 7644//7644 7593//7593 7663//7663 7666//7666
f 7645//7645 7644//7644 7666//7666 7667//7667
f 7652//7652 7624//7624 7665//7665 7668//7668
f 7624//7624 7645//7645 7667//7667 7665//7665
f 7593//7593 7607//7607 7664//7664 7663//7663
f 7590//7590 7652//7652 7668//7668 7604//7604
f 7600//7600 7654//7654 7664//7664 7607//7607
f 7667//7667 7666//7666 7677//7677 7678//7678
f 7665//7665 7667//7667 7678//7678 7676//7676
f 7614//7614 7615//7615 7673//7673 7672//7672
f 7668//7668 7665//7665 7676//7676 7679//7679
f 7615//7615 7605//7605 7670//7670 7673//7673
f 7666//7666 7663//7663 7674//7674 7677//7677
f 7604//7604 7668//7668 7679//7679 7669//7669
f 7606//7606 7604//7604 7669//7669 7671//7671
f 7605//7605 7606//7606 7671//7671 7670//7670
f 7663//7663 7664//7664 7675//7675 7674//7674
f 7664//7664 7654//7654 7655//7655 7675//7675
f 7587//7587 7588//7588 7680//7680 7681//7681
f 7579//7579 7577//7577 7682//7682 7683//7683
f 7588//7588 7578//7578 7684//7684 7680//7680
f 7578//7578 7579//7579 7683//7683 7684//7684
f 7598//7598 7597//7597 7686//7686 7687//7687
f 7599//7599 7598//7598 7687//7687 7688//7688
f 2842//2842 7599//7599 7688//7688 2945//2945
f 7595//7595 7594//7594 7689//7689 7690//7690
f 7596//7596 7595//7595 7690//7690 7692//7692
f 7597//7597 7596//7596 7692//7692 7686//7686
f 7627//7627 7625//7625 7691//7691 7695//7695
f 7625//7625 2868//2868 2951//2951 7691//7691
f 7631//7631 7627//7627 7695//7695 7694//7694
f 7640//7640 7639//7639 7696//7696 7697//7697
f 7640//7640 7697//7697 7698//7698 7630//7630
f 7651//7651 7630//7630 7698//7698 7693//7693
f 7577//7577 7651//7651 7693//7693 7682//7682
f 7593//7593 7644//7644 7696//7696 7694//7694
f 7653//7653 7699//7699 7681//7681 7601//7601
f 7603//7603 7685//7685 7699//7699 7653//7653
f 7669//7669 7679//7679 7708//7708 7707//7707
f 7676//7676 7678//7678 7709//7709 7700//7700
f 7670//7670 7671//7671 7705//7705 7706//7706
f 7674//7674 7675//7675 7701//7701 7702//7702
f 7675//7675 7655//7655 7656//7656 7701//7701
f 7678//7678 7677//7677 7710//7710 7709//7709
f 7672//7672 7673//7673 7703//7703 7704//7704
f 7679//7679 7676//7676 7700//7700 7708//7708
f 7677//7677 7674//7674 7702//7702 7710//7710
f 7671//7671 7669//7669 7707//7707 7705//7705
f 7673//7673 7670//7670 7706//7706 7703//7703
f 2906//2906 3163//3163 3164//3164 2907//2907
f 3163//3163 2906//2906 2959//2959 3162//3162
f 3162//3162 2959//2959 2960//2960 3166//3166
f 3166//3166 2960//2960 2968//2968 3161//3161
f 3161//3161 2968//2968 2967//2967 3160//3160
f 3160//3160 2967//2967 2958//2958 3165//3165
f 2966//2966 3194//3194 3165//3165 2958//2958
f 2965//2965 3195//3195 3194//3194 2966//2966
f 3195//3195 2965//2965 2963//2963 3196//3196
f 2964//2964 3192//3192 3196//3196 2963//2963
f 3002//3002 3012//3012 3011//3011 3001//3001
f 3192//3192 2964//2964 2961//2961 3193//3193
f 7704//7704 7713//7713 7712//7712 7672//7672
f 7672//7672 7712//7712 7711//7711 7614//7614
f 7614//7614 7711//7711 7653//7653 7601//7601
f 7603//7603 7653//7653 7711//7711 7616//7616
f 7613//7613 7612//7612 7718//7718 7719//7719
f 7609//7609 7608//7608 7714//7714 7715//7715
f 7612//7612 7611//7611 7717//7717 7718//7718
f 7611//7611 7610//7610 7716//7716 7717//7717
f 2857//2857 7613//7613 7719//7719 2978//2978
f 7610//7610 7609//7609 7715//7715 7716//7716
f 7716//7716 7715//7715 7721//7721 7722//7722
f 7719//7719 7718//7718 7724//7724 7725//7725
f 7715//7715 7714//7714 7720//7720 7721//7721
f 7718//7718 7717//7717 7723//7723 7724//7724
f 7717//7717 7716//7716 7722//7722 7723//7723
f 2978//2978 7719//7719 7725//7725 2985//2985
f 2962//2962 3197//3197 3193//3193 2961//2961
f 3197//3197 2962//2962 2971//2971 3191//3191
f 3191//3191 2971//2971 2994//2994 3188//3188
f 2979//2979 2986//2986 3188//3188 2994//2994
f 2980//2980 2987//2987 2986//2986 2979//2979
f 2981//2981 2988//2988 2987//2987 2980//2980
f 2982//2982 2989//2989 2988//2988 2981//2981
f 2983//2983 2990//2990 2989//2989 2982//2982
f 2984//2984 2991//2991 2990//2990 2983//2983
f 2985//2985 2992//2992 2991//2991 2984//2984
f 2985//2985 7725//7725 7731//7731 2992//2992
f 7731//7731 7725//7725 7724//7724 7730//7730
f 7616//7616 7711//7711 7712//7712 7732//7732
f 7732//7732 7712//7712 7713//7713 7733//7733
f 7730//7730 7724//7724 7723//7723 7729//7729
f 3184//3184 7903//7903 7740//7740 3002//3002
f 7905//7905 7904//7904 7735//7735 7736//7736
f 7906//7906 7905//7905 7736//7736 7737//7737
f 7908//7908 7906//7906 7737//7737 7738//7738
f 7909//7909 7908//7908 7738//7738 7739//7739
f 7907//7907 7910//7910 7734//7734 7741//7741
f 7903//7903 7909//7909 7739//7739 7740//7740
f 3002//3002 7740//7740 7749//7749 3012//3012
f 7741//7741 7734//7734 7742//7742 7743//7743
f 7749//7749 7740//7740 7739//7739 7748//7748
f 3001//3001 3011//3011 3010//3010 3000//3000
f 3000//3000 3010//3010 3009//3009 2999//2999
f 2999//2999 3009//3009 3008//3008 2998//2998
f 2998//2998 3008//3008 3007//3007 2997//2997
f 2997//2997 3007//3007 3006//3006 2996//2996
f 2996//2996 3006//3006 3021//3021 3005//3005
f 3013//3013 3004//3004 3005//3005 3021//3021
f 3004//3004 3013//3013 3079//3079 3073//3073
f 3073//3073 3079//3079 3078//3078 3072//3072
f 3081//3081 3075//3075 3072//3072 3078//3078
f 3075//3075 3081//3081 3080//3080 3074//3074
f 7745//7745 7744//7744 7751//7751 7752//7752
f 7746//7746 7745//7745 7752//7752 7753//7753
f 3082//3082 3076//3076 3074//3074 3080//3080
f 7747//7747 7746//7746 7753//7753 7754//7754
f 7748//7748 7747//7747 7754//7754 7755//7755
f 7749//7749 7748//7748 7755//7755 7756//7756
f 3012//3012 7749//7749 7756//7756 3020//3020
f 7752//7752 7751//7751 7759//7759 7760//7760
f 7753//7753 7752//7752 7760//7760 7761//7761
f 7757//7757 7750//7750 7758//7758 7765//7765
f 7754//7754 7753//7753 7761//7761 7762//7762
f 7755//7755 7754//7754 7762//7762 7763//7763
f 7756//7756 7755//7755 7763//7763 7764//7764
f 3020//3020 7756//7756 7764//7764 3029//3029
f 3029//3029 7764//7764 7772//7772 3038//3038
f 7760//7760 7759//7759 7767//7767 7768//7768
f 7761//7761 7760//7760 7768//7768 7769//7769
f 7765//7765 7758//7758 7766//7766 7773//7773
f 7762//7762 7761//7761 7769//7769 7770//7770
f 7763//7763 7762//7762 7770//7770 7771//7771
f 7764//7764 7763//7763 7771//7771 7772//7772
f 3038//3038 7772//7772 7780//7780 3047//3047
f 7768//7768 7767//7767 7775//7775 7776//7776
f 7769//7769 7768//7768 7776//7776 7777//7777
f 7773//7773 7766//7766 7774//7774 7781//7781
f 7770//7770 7769//7769 7777//7777 7778//7778
f 7771//7771 7770//7770 7778//7778 7779//7779
f 7772//7772 7771//7771 7779//7779 7780//7780
f 7777//7777 7776//7776 7784//7784 7785//7785
f 7781//7781 7774//7774 7782//7782 7789//7789
f 7778//7778 7777//7777 7785//7785 7786//7786
f 7779//7779 7778//7778 7786//7786 7787//7787
f 7780//7780 7779//7779 7787//7787 7788//7788
f 3047//3047 7780//7780 7788//7788 3056//3056
f 7776//7776 7775//7775 7783//7783 7784//7784
f 7784//7784 7783//7783 7791//7791 7792//7792
f 7789//7789 7782//7782 7790//7790 7796//7796
f 7787//7787 7786//7786 7793//7793 7794//7794
f 7788//7788 7787//7787 7794//7794 7795//7795
f 3056//3056 7788//7788 7795//7795 3064//3064
f 7912//7912 7911//7911 7800//7800 7797//7797
f 7914//7914 7913//7913 7802//7802 7801//7801
f 7911//7911 7915//7915 7799//7799 7800//7800
f 7915//7915 7914//7914 7801//7801 7799//7799
f 7916//7916 7912//7912 7797//7797 7798//7798
f 7798//7798 7797//7797 7803//7803 7804//7804
f 7797//7797 7800//7800 7806//7806 7803//7803
f 7801//7801 7802//7802 7808//7808 7807//7807
f 7800//7800 7799//7799 7805//7805 7806//7806
f 7799//7799 7801//7801 7807//7807 7805//7805
f 3076//3076 3082//3082 3083//3083 3077//3077
f 3077//3077 3083//3083 3127//3127 3121//3121
f 3130//3130 3124//3124 3121//3121 3127//3127
f 3131//3131 3125//3125 3124//3124 3130//3130
f 3129//3129 3123//3123 3125//3125 3131//3131
f 3128//3128 3122//3122 3123//3123 3129//3129
f 3156//3156 3155//3155 3122//3122 3128//3128
f 3155//3155 3156//3156 3126//3126 3120//3120
f 7881//7881 7880//7880 3120//3120 3126//3126
f 7880//7880 7881//7881 7856//7856 7851//7851
f 7810//7810 7809//7809 7815//7815 7816//7816
f 7809//7809 7812//7812 7818//7818 7815//7815
f 7813//7813 7814//7814 7820//7820 7819//7819
f 7812//7812 7811//7811 7817//7817 7818//7818
f 7811//7811 7813//7813 7819//7819 7817//7817
f 7816//7816 7815//7815 7821//7821 7822//7822
f 7815//7815 7818//7818 7824//7824 7821//7821
f 7819//7819 7820//7820 7826//7826 7825//7825
f 7818//7818 7817//7817 7823//7823 7824//7824
f 7817//7817 7819//7819 7825//7825 7823//7823
f 7822//7822 7821//7821 7827//7827 7828//7828
f 7821//7821 7824//7824 7830//7830 7827//7827
f 7825//7825 7826//7826 7832//7832 7831//7831
f 7824//7824 7823//7823 7829//7829 7830//7830
f 7823//7823 7825//7825 7831//7831 7829//7829
f 7828//7828 7827//7827 7833//7833 7834//7834
f 7827//7827 7830//7830 7836//7836 7833//7833
f 7831//7831 7832//7832 7838//7838 7837//7837
f 7830//7830 7829//7829 7835//7835 7836//7836
f 7829//7829 7831//7831 7837//7837 7835//7835
f 7834//7834 7833//7833 7839//7839 7840//7840
f 7833//7833 7836//7836 7842//7842 7839//7839
f 7844//7844 7924//7924 7932//7932 7843//7843
f 7836//7836 7835//7835 7841//7841 7842//7842
f 7926//7926 7925//7925 7933//7933 7934//7934
f 7916//7916 7798//7798 7734//7734 7910//7910
f 7734//7734 7798//7798 7804//7804 7742//7742
f 7851//7851 7856//7856 7857//7857 7852//7852
f 7852//7852 7857//7857 7859//7859 7854//7854
f 7750//7750 7810//7810 7816//7816 7758//7758
f 7758//7758 7816//7816 7822//7822 7766//7766
f 7766//7766 7822//7822 7828//7828 7774//7774
f 7774//7774 7828//7828 7834//7834 7782//7782
f 7782//7782 7834//7834 7840//7840 7790//7790
f 7846//7846 7879//7879 7880//7880 7851//7851
f 7885//7885 7886//7886 7849//7849 7848//7848
f 7886//7886 7890//7890 7847//7847 7849//7849
f 7890//7890 7887//7887 7846//7846 7847//7847
f 7889//7889 7885//7885 7848//7848 7845//7845
f 7845//7845 7848//7848 7853//7853 7850//7850
f 7849//7849 7847//7847 7852//7852 7854//7854
f 7848//7848 7849//7849 7854//7854 7853//7853
f 7879//7879 3114//3114 3120//3120 7880//7880
f 7847//7847 7846//7846 7851//7851 7852//7852
f 7854//7854 7859//7859 7858//7858 7853//7853
f 7853//7853 7858//7858 7855//7855 7850//7850
f 7855//7855 7814//7814 7808//7808 7850//7850
f 7813//7813 7807//7807 7808//7808 7814//7814
f 7807//7807 7813//7813 7811//7811 7805//7805
f 7812//7812 7806//7806 7805//7805 7811//7811
f 7806//7806 7812//7812 7809//7809 7803//7803
f 7810//7810 7804//7804 7803//7803 7809//7809
f 7750//7750 7742//7742 7804//7804 7810//7810
f 7742//7742 7750//7750 7757//7757 7743//7743
f 7855//7855 7858//7858 7863//7863 7860//7860
f 7859//7859 7857//7857 7862//7862 7864//7864
f 7858//7858 7859//7859 7864//7864 7863//7863
f 7881//7881 3126//3126 3132//3132 7882//7882
f 7857//7857 7856//7856 7861//7861 7862//7862
f 7860//7860 7863//7863 7868//7868 7865//7865
f 7864//7864 7862//7862 7867//7867 7869//7869
f 7863//7863 7864//7864 7869//7869 7868//7868
f 7882//7882 3132//3132 3138//3138 7883//7883
f 7862//7862 7861//7861 7866//7866 7867//7867
f 7865//7865 7868//7868 7873//7873 7870//7870
f 7869//7869 7867//7867 7872//7872 7874//7874
f 7868//7868 7869//7869 7874//7874 7873//7873
f 7883//7883 3138//3138 3144//3144 7884//7884
f 7867//7867 7866//7866 7871//7871 7872//7872
f 7870//7870 7873//7873 7877//7877 7875//7875
f 7873//7873 7874//7874 7878//7878 7877//7877
f 7735//7735 7743//7743 7757//7757 7744//7744
f 7856//7856 7881//7881 7882//7882 7861//7861
f 7861//7861 7882//7882 7883//7883 7866//7866
f 7866//7866 7883//7883 7884//7884 7871//7871
f 7729//7729 7723//7723 7722//7722 7728//7728
f 7728//7728 7722//7722 7721//7721 7727//7727
f 7727//7727 7721//7721 7720//7720 7726//7726
f 7720//7720 7733//7733 7907//7907 7726//7726
f 7713//7713 7910//7910 7907//7907 7733//7733
f 7704//7704 7916//7916 7910//7910 7713//7713
f 7916//7916 7704//7704 7703//7703 7912//7912
f 7706//7706 7911//7911 7912//7912 7703//7703
f 7891//7891 3167//3167 3169//3169 7892//7892
f 7891//7891 7892//7892 7896//7896 7895//7895
f 7895//7895 7896//7896 7900//7900 7899//7899
f 7888//7888 7879//7879 7846//7846 7887//7887
f 7879//7879 7888//7888 3164//3164 3114//3114
f 2992//2992 7731//7731 7903//7903 3184//3184
f 7727//7727 7726//7726 7904//7904 7905//7905
f 7728//7728 7727//7727 7905//7905 7906//7906
f 7729//7729 7728//7728 7906//7906 7908//7908
f 5222//5222 5226//5226 5230//5230 5186//5186
f 7730//7730 7729//7729 7908//7908 7909//7909
f 7911//7911 7706//7706 7705//7705 7915//7915
f 7731//7731 7730//7730 7909//7909 7903//7903
f 7707//7707 7914//7914 7915//7915 7705//7705
f 7914//7914 7707//7707 7708//7708 7913//7913
f 7913//7913 7708//7708 7700//7700 7889//7889
f 7709//7709 7885//7885 7889//7889 7700//7700
f 7710//7710 7886//7886 7885//7885 7709//7709
f 7702//7702 7890//7890 7886//7886 7710//7710
f 7820//7820 7860//7860 7865//7865 7826//7826
f 7745//7745 7736//7736 7735//7735 7744//7744
f 7802//7802 7845//7845 7850//7850 7808//7808
f 7913//7913 7889//7889 7845//7845 7802//7802
f 7832//7832 7870//7870 7875//7875 7838//7838
f 7701//7701 7887//7887 7890//7890 7702//7702
f 7746//7746 7737//7737 7736//7736 7745//7745
f 7814//7814 7855//7855 7860//7860 7820//7820
f 7826//7826 7865//7865 7870//7870 7832//7832
f 5186//5186 5230//5230 5231//5231 5187//5187
f 5187//5187 5231//5231 5242//5242 5188//5188
f 7351//7351 7339//7339 5188//5188 5242//5242
f 7434//7434 7401//7401 7339//7339 7351//7351
f 7401//7401 7434//7434 5314//5314 5189//5189
f 5189//5189 5314//5314 5313//5313 5190//5190
f 5190//5190 5313//5313 5312//5312 5191//5191
f 7498//7498 7489//7489 5191//5191 5312//5312
f 7489//7489 7498//7498 7511//7511 7502//7502
f 7502//7502 7511//7511 7524//7524 7515//7515
f 7515//7515 7524//7524 7537//7537 7528//7528
f 7528//7528 7537//7537 7550//7550 7541//7541
f 7541//7541 7550//7550 7563//7563 7554//7554
f 7554//7554 7563//7563 7576//7576 7567//7567
f 7567//7567 7576//7576 7589//7589 7580//7580
f 7685//7685 7594//7594 7580//7580 7589//7589
f 7594//7594 7685//7685 7603//7603 7689//7689
f 7689//7689 7603//7603 7616//7616 7608//7608
f 7608//7608 7616//7616 7732//7732 7714//7714
f 7714//7714 7732//7732 7733//7733 7720//7720
f 7656//7656 7888//7888 7887//7887 7701//7701
f 7888//7888 7656//7656 2907//2907 3164//3164
f 7726//7726 7907//7907 7741//7741 7904//7904
f 7904//7904 7741//7741 7743//7743 7735//7735
f 7747//7747 7738//7738 7737//7737 7746//7746
f 7748//7748 7739//7739 7738//7738 7747//7747
f 7744//7744 7757//7757 7765//7765 7751//7751
f 7751//7751 7765//7765 7773//7773 7759//7759
f 7759//7759 7773//7773 7781//7781 7767//7767
f 7767//7767 7781//7781 7789//7789 7775//7775
f 7796//7796 7783//7783 7775//7775 7789//7789
f 7872//7872 7876//7876 7878//7878 7874//7874
f 7922//7922 7919//7919 7839//7839 7842//7842
f 7840//7840 7839//7839 7919//7919 7920//7920
f 7790//7790 7840//7840 7920//7920 7917//7917
f 7844//7844 7923//7923 7877//7877 7878//7878
f 7842//7842 7841//7841 7921//7921 7922//7922
f 7917//7917 7918//7918 7796//7796 7790//7790
f 7878//7878 7876//7876 7924//7924 7844//7844
f 7838//7838 7875//7875 7925//7925 7926//7926
f 7923//7923 7925//7925 7875//7875 7877//7877
f 7783//7783 7796//7796 7918//7918 7791//7791
f 9168//9168 7928//7928 7900//7900 9167//9167
f 7928//7928 7927//7927 7899//7899 7900//7900
f 7931//7931 7933//7933 7925//7925 7923//7923
f 7843//7843 7931//7931 7923//7923 7844//7844
f 7936//7936 7935//7935 7927//7927 7928//7928
f 9169//9169 7936//7936 7928//7928 9168//9168
f 7940//7940 7939//7939 7935//7935 7936//7936
f 9170//9170 7940//7940 7936//7936 9169//9169
f 7934//7934 7945//7945 7944//7944 7926//7926
f 7944//7944 7837//7837 7838//7838 7926//7926
f 7837//7837 7944//7944 7841//7841 7835//7835
f 7945//7945 7921//7921 7841//7841 7944//7944
f 7793//7793 7786//7786 7785//7785 7943//7943
f 7943//7943 7785//7785 7784//7784 7946//7946
f 7946//7946 7784//7784 7792//7792 7947//7947
f 9171//9171 7962//7962 7940//7940 9170//9170
f 7957//7957 7959//7959 7933//7933 7931//7931
f 7791//7791 7918//7918 7952//7952 7948//7948
f 7947//7947 7792//7792 7949//7949 7966//7966
f 7920//7920 7919//7919 7953//7953 7954//7954
f 7934//7934 7933//7933 7959//7959 7960//7960
f 7917//7917 7920//7920 7954//7954 7951//7951
f 7960//7960 7965//7965 7945//7945 7934//7934
f 7951//7951 7952//7952 7918//7918 7917//7917
f 7843//7843 7932//7932 7958//7958 7950//7950
f 7956//7956 7953//7953 7919//7919 7922//7922
f 7922//7922 7921//7921 7955//7955 7956//7956
f 7962//7962 7961//7961 7939//7939 7940//7940
f 7792//7792 7791//7791 7948//7948 7949//7949
f 7921//7921 7945//7945 7965//7965 7955//7955
f 7950//7950 7957//7957 7931//7931 7843//7843
f 7948//7948 7952//7952 7971//7971 7967//7967
f 7970//7970 7971//7971 7952//7952 7951//7951
f 7969//7969 7976//7976 7957//7957 7950//7950
f 7975//7975 7972//7972 7953//7953 7956//7956
f 7949//7949 7948//7948 7967//7967 7968//7968
f 7981//7981 7980//7980 7961//7961 7962//7962
f 7956//7956 7955//7955 7974//7974 7975//7975
f 7976//7976 7978//7978 7959//7959 7957//7957
f 7979//7979 7984//7984 7965//7965 7960//7960
f 9172//9172 7981//7981 7962//7962 9171//9171
f 7954//7954 7953//7953 7972//7972 7973//7973
f 7950//7950 7958//7958 7977//7977 7969//7969
f 7955//7955 7965//7965 7984//7984 7974//7974
f 7951//7951 7954//7954 7973//7973 7970//7970
f 7960//7960 7959//7959 7978//7978 7979//7979
f 7966//7966 7949//7949 7968//7968 7985//7985
f 9529//9529 7988//7988 7996//7996 9510//9510
f 9511//9511 9510//9510 7996//7996 7999//7999
f 9512//9512 8019//8019 8018//8018 9511//9511
f 9513//9513 9174//9174 8019//8019 9512//9512
f 9513//9513 9514//9514 8020//8020 9174//9174
f 9515//9515 9514//9514 8001//8001 8002//8002
f 9516//9516 9515//9515 8002//8002 8004//8004
f 9516//9516 8004//8004 7987//7987 9517//9517
f 9517//9517 7987//7987 7986//7986 9518//9518
f 9518//9518 7986//7986 7990//7990 9519//9519
f 9520//9520 8008//8008 8009//8009 9519//9519
f 9520//9520 7989//7989 7992//7992 9521//9521
f 8051//8051 8048//8048 8029//8029 8032//8032
f 8025//8025 8024//8024 8043//8043 8044//8044
f 8057//8057 8056//8056 8037//8037 8038//8038
f 8032//8032 8031//8031 8050//8050 8051//8051
f 8052//8052 8054//8054 8035//8035 8033//8033
f 8055//8055 8060//8060 8041//8041 8036//8036
f 9176//9176 8057//8057 8038//8038 9175//9175
f 8030//8030 8029//8029 8048//8048 8049//8049
f 8026//8026 8034//8034 8053//8053 8045//8045
f 8031//8031 8041//8041 8060//8060 8050//8050
f 8027//8027 8030//8030 8049//8049 8046//8046
f 8036//8036 8035//8035 8054//8054 8055//8055
f 8042//8042 8025//8025 8044//8044 8061//8061
f 8024//8024 8028//8028 8047//8047 8043//8043
f 8046//8046 8047//8047 8028//8028 8027//8027
f 8045//8045 8052//8052 8033//8033 8026//8026
f 8050//8050 8060//8060 8079//8079 8069//8069
f 8046//8046 8049//8049 8068//8068 8065//8065
f 8055//8055 8054//8054 8073//8073 8074//8074
f 8061//8061 8044//8044 8063//8063 8080//8080
f 8043//8043 8047//8047 8066//8066 8062//8062
f 8065//8065 8066//8066 8047//8047 8046//8046
f 8064//8064 8071//8071 8052//8052 8045//8045
f 8070//8070 8067//8067 8048//8048 8051//8051
f 8044//8044 8043//8043 8062//8062 8063//8063
f 8076//8076 8075//8075 8056//8056 8057//8057
f 8051//8051 8050//8050 8069//8069 8070//8070
f 8071//8071 8073//8073 8054//8054 8052//8052
f 8074//8074 8079//8079 8060//8060 8055//8055
f 9177//9177 8076//8076 8057//8057 9176//9176
f 8049//8049 8048//8048 8067//8067 8068//8068
f 8045//8045 8053//8053 8072//8072 8064//8064
f 8083//8083 8090//8090 8071//8071 8064//8064
f 8089//8089 8086//8086 8067//8067 8070//8070
f 8063//8063 8062//8062 8081//8081 8082//8082
f 8095//8095 8094//8094 8075//8075 8076//8076
f 8070//8070 8069//8069 8088//8088 8089//8089
f 8090//8090 8092//8092 8073//8073 8071//8071
f 8093//8093 8098//8098 8079//8079 8074//8074
f 9178//9178 8095//8095 8076//8076 9177//9177
f 8068//8068 8067//8067 8086//8086 8087//8087
f 8064//8064 8072//8072 8091//8091 8083//8083
f 8069//8069 8079//8079 8098//8098 8088//8088
f 8065//8065 8068//8068 8087//8087 8084//8084
f 8074//8074 8073//8073 8092//8092 8093//8093
f 8080//8080 8063//8063 8082//8082 8099//8099
f 8062//8062 8066//8066 8085//8085 8081//8081
f 8084//8084 8085//8085 8066//8066 8065//8065
f 8088//8088 8098//8098 8117//8117 8107//8107
f 8084//8084 8087//8087 8106//8106 8103//8103
f 8093//8093 8092//8092 8111//8111 8112//8112
f 8099//8099 8082//8082 8101//8101 8118//8118
f 8081//8081 8085//8085 8104//8104 8100//8100
f 8103//8103 8104//8104 8085//8085 8084//8084
f 8102//8102 8109//8109 8090//8090 8083//8083
f 8108//8108 8105//8105 8086//8086 8089//8089
f 8082//8082 8081//8081 8100//8100 8101//8101
f 8114//8114 8113//8113 8094//8094 8095//8095
f 8089//8089 8088//8088 8107//8107 8108//8108
f 8109//8109 8111//8111 8092//8092 8090//8090
f 8112//8112 8117//8117 8098//8098 8093//8093
f 9179//9179 8114//8114 8095//8095 9178//9178
f 8087//8087 8086//8086 8105//8105 8106//8106
f 8083//8083 8091//8091 8110//8110 8102//8102
f 8121//8121 8128//8128 8109//8109 8102//8102
f 8127//8127 8124//8124 8105//8105 8108//8108
f 8101//8101 8100//8100 8119//8119 8120//8120
f 8133//8133 8132//8132 8113//8113 8114//8114
f 8108//8108 8107//8107 8126//8126 8127//8127
f 8128//8128 8130//8130 8111//8111 8109//8109
f 8131//8131 8136//8136 8117//8117 8112//8112
f 9180//9180 8133//8133 8114//8114 9179//9179
f 8106//8106 8105//8105 8124//8124 8125//8125
f 8102//8102 8110//8110 8129//8129 8121//8121
f 8107//8107 8117//8117 8136//8136 8126//8126
f 8103//8103 8106//8106 8125//8125 8122//8122
f 8112//8112 8111//8111 8130//8130 8131//8131
f 8118//8118 8101//8101 8120//8120 8137//8137
f 8100//8100 8104//8104 8123//8123 8119//8119
f 8122//8122 8123//8123 8104//8104 8103//8103
f 8121//8121 8129//8129 8148//8148 8140//8140
f 8126//8126 8136//8136 8155//8155 8145//8145
f 8122//8122 8125//8125 8144//8144 8141//8141
f 8131//8131 8130//8130 8149//8149 8150//8150
f 8137//8137 8120//8120 8139//8139 8156//8156
f 8119//8119 8123//8123 8142//8142 8138//8138
f 8141//8141 8142//8142 8123//8123 8122//8122
f 8140//8140 8147//8147 8128//8128 8121//8121
f 8146//8146 8143//8143 8124//8124 8127//8127
f 8120//8120 8119//8119 8138//8138 8139//8139
f 8152//8152 8151//8151 8132//8132 8133//8133
f 8127//8127 8126//8126 8145//8145 8146//8146
f 8147//8147 8149//8149 8130//8130 8128//8128
f 8150//8150 8155//8155 8136//8136 8131//8131
f 9181//9181 8152//8152 8133//8133 9180//9180
f 8125//8125 8124//8124 8143//8143 8144//8144
f 8159//8159 8166//8166 8147//8147 8140//8140
f 8165//8165 8162//8162 8143//8143 8146//8146
f 8139//8139 8138//8138 8157//8157 8158//8158
f 8171//8171 8170//8170 8151//8151 8152//8152
f 8146//8146 8145//8145 8164//8164 8165//8165
f 8166//8166 8168//8168 8149//8149 8147//8147
f 8169//8169 8174//8174 8155//8155 8150//8150
f 9182//9182 8171//8171 8152//8152 9181//9181
f 8144//8144 8143//8143 8162//8162 8163//8163
f 8140//8140 8148//8148 8167//8167 8159//8159
f 8145//8145 8155//8155 8174//8174 8164//8164
f 8141//8141 8144//8144 8163//8163 8160//8160
f 8150//8150 8149//8149 8168//8168 8169//8169
f 8156//8156 8139//8139 8158//8158 8175//8175
f 8138//8138 8142//8142 8161//8161 8157//8157
f 8160//8160 8161//8161 8142//8142 8141//8141
f 8188//8188 8193//8193 8174//8174 8169//8169
f 9183//9183 8190//8190 8171//8171 9182//9182
f 8163//8163 8162//8162 8181//8181 8182//8182
f 8159//8159 8167//8167 8186//8186 8178//8178
f 8164//8164 8174//8174 8193//8193 8183//8183
f 8160//8160 8163//8163 8182//8182 8179//8179
f 8169//8169 8168//8168 8187//8187 8188//8188
f 8175//8175 8158//8158 8177//8177 8194//8194
f 8157//8157 8161//8161 8180//8180 8176//8176
f 8179//8179 8180//8180 8161//8161 8160//8160
f 8178//8178 8185//8185 8166//8166 8159//8159
f 8184//8184 8181//8181 8162//8162 8165//8165
f 8158//8158 8157//8157 8176//8176 8177//8177
f 8190//8190 8189//8189 8170//8170 8171//8171
f 8165//8165 8164//8164 8183//8183 8184//8184
f 8185//8185 8187//8187 8168//8168 8166//8166
f 8198//8198 8199//8199 8180//8180 8179//8179
f 8197//8197 8204//8204 8185//8185 8178//8178
f 8203//8203 8200//8200 8181//8181 8184//8184
f 8177//8177 8176//8176 8195//8195 8196//8196
f 8209//8209 8208//8208 8189//8189 8190//8190
f 8184//8184 8183//8183 8202//8202 8203//8203
f 8204//8204 8206//8206 8187//8187 8185//8185
f 8207//8207 8212//8212 8193//8193 8188//8188
f 9184//9184 8209//8209 8190//8190 9183//9183
f 8182//8182 8181//8181 8200//8200 8201//8201
f 8178//8178 8186//8186 8205//8205 8197//8197
f 8183//8183 8193//8193 8212//8212 8202//8202
f 8179//8179 8182//8182 8201//8201 8198//8198
f 8188//8188 8187//8187 8206//8206 8207//8207
f 8194//8194 8177//8177 8196//8196 8213//8213
f 8176//8176 8180//8180 8199//8199 8195//8195
f 8226//8226 8231//8231 8212//8212 8207//8207
f 9185//9185 8228//8228 8209//8209 9184//9184
f 8201//8201 8200//8200 8219//8219 8220//8220
f 8197//8197 8205//8205 8224//8224 8216//8216
f 8202//8202 8212//8212 8231//8231 8221//8221
f 8198//8198 8201//8201 8220//8220 8217//8217
f 8207//8207 8206//8206 8225//8225 8226//8226
f 8213//8213 8196//8196 8215//8215 8232//8232
f 8195//8195 8199//8199 8218//8218 8214//8214
f 8217//8217 8218//8218 8199//8199 8198//8198
f 8216//8216 8223//8223 8204//8204 8197//8197
f 8222//8222 8219//8219 8200//8200 8203//8203
f 8196//8196 8195//8195 8214//8214 8215//8215
f 8228//8228 8227//8227 8208//8208 8209//8209
f 8203//8203 8202//8202 8221//8221 8222//8222
f 8223//8223 8225//8225 8206//8206 8204//8204
f 8232//8232 8215//8215 8234//8234 8251//8251
f 8214//8214 8218//8218 8237//8237 8233//8233
f 8236//8236 8237//8237 8218//8218 8217//8217
f 8235//8235 8242//8242 8223//8223 8216//8216
f 8241//8241 8238//8238 8219//8219 8222//8222
f 8215//8215 8214//8214 8233//8233 8234//8234
f 8247//8247 8246//8246 8227//8227 8228//8228
f 8222//8222 8221//8221 8240//8240 8241//8241
f 8242//8242 8244//8244 8225//8225 8223//8223
f 8245//8245 8250//8250 8231//8231 8226//8226
f 9186//9186 8247//8247 8228//8228 9185//9185
f 8220//8220 8219//8219 8238//8238 8239//8239
f 8216//8216 8224//8224 8243//8243 8235//8235
f 8221//8221 8231//8231 8250//8250 8240//8240
f 8217//8217 8220//8220 8239//8239 8236//8236
f 8226//8226 8225//8225 8244//8244 8245//8245
f 8241//8241 8240//8240 8259//8259 8260//8260
f 8261//8261 8263//8263 8244//8244 8242//8242
f 8264//8264 8269//8269 8250//8250 8245//8245
f 9187//9187 8266//8266 8247//8247 9186//9186
f 8239//8239 8238//8238 8257//8257 8258//8258
f 8235//8235 8243//8243 8262//8262 8254//8254
f 8240//8240 8250//8250 8269//8269 8259//8259
f 8236//8236 8239//8239 8258//8258 8255//8255
f 8245//8245 8244//8244 8263//8263 8264//8264
f 8251//8251 8234//8234 8253//8253 8270//8270
f 8233//8233 8237//8237 8256//8256 8252//8252
f 8255//8255 8256//8256 8237//8237 8236//8236
f 8254//8254 8261//8261 8242//8242 8235//8235
f 8260//8260 8257//8257 8238//8238 8241//8241
f 8234//8234 8233//8233 8252//8252 8253//8253
f 8266//8266 8265//8265 8246//8246 8247//8247
f 8270//8270 8253//8253 8272//8272 8289//8289
f 8252//8252 8256//8256 8275//8275 8271//8271
f 8274//8274 8275//8275 8256//8256 8255//8255
f 8273//8273 8280//8280 8261//8261 8254//8254
f 8279//8279 8276//8276 8257//8257 8260//8260
f 8253//8253 8252//8252 8271//8271 8272//8272
f 8285//8285 8284//8284 8265//8265 8266//8266
f 8260//8260 8259//8259 8278//8278 8279//8279
f 8280//8280 8282//8282 8263//8263 8261//8261
f 8283//8283 8288//8288 8269//8269 8264//8264
f 9188//9188 8285//8285 8266//8266 9187//9187
f 8258//8258 8257//8257 8276//8276 8277//8277
f 8254//8254 8262//8262 8281//8281 8273//8273
f 8259//8259 8269//8269 8288//8288 8278//8278
f 8255//8255 8258//8258 8277//8277 8274//8274
f 8264//8264 8263//8263 8282//8282 8283//8283
f 8304//8304 8303//8303 8284//8284 8285//8285
f 8279//8279 8278//8278 8297//8297 8298//8298
f 8299//8299 8301//8301 8282//8282 8280//8280
f 8302//8302 8307//8307 8288//8288 8283//8283
f 9189//9189 8304//8304 8285//8285 9188//9188
f 8277//8277 8276//8276 8295//8295 8296//8296
f 8273//8273 8281//8281 8300//8300 8292//8292
f 8278//8278 8288//8288 8307//8307 8297//8297
f 8274//8274 8277//8277 8296//8296 8293//8293
f 8283//8283 8282//8282 8301//8301 8302//8302
f 8289//8289 8272//8272 8291//8291 8308//8308
f 8271//8271 8275//8275 8294//8294 8290//8290
f 8293//8293 8294//8294 8275//8275 8274//8274
f 8292//8292 8299//8299 8280//8280 8273//8273
f 8298//8298 8295//8295 8276//8276 8279//8279
f 8272//8272 8271//8271 8290//8290 8291//8291
f 3577//3577 3606//3606 3605//3605 3576//3576
f 3574//3574 3603//3603 3606//3606 3577//3577
f 3603//3603 3574//3574 3575//3575 3604//3604
f 3571//3571 3600//3600 3604//3604 3575//3575
f 3572//3572 3601//3601 3600//3600 3571//3571
f 3589//3589 3617//3617 3601//3601 3572//3572
f 3587//3587 3615//3615 3617//3617 3589//3589
f 3615//3615 3587//3587 3586//3586 3614//3614
f 3614//3614 3586//3586 4475//4475 4477//4477
f 3616//3616 3583//3583 3588//3588 3607//3607
f 3578//3578 3608//3608 3607//3607 3588//3588
f 4477//4477 4475//4475 3585//3585 3613//3613
f 3613//3613 3585//3585 3584//3584 3612//3612
f 3612//3612 3584//3584 3581//3581 3610//3610
f 3573//3573 3602//3602 3610//3610 3581//3581
f 9146//9146 9099//9099 9102//9102 8642//8642
f 9121//9121 9122//9122 9115//9115 9116//9116
f 9155//9155 9148//9148 9164//9164 9208//9208
f 9148//9148 9214//9214 9016//9016 9164//9164
f 9147//9147 9016//9016 9214//9214 8318//8318
f 8357//8357 9147//9147 8318//8318 8317//8317
f 8345//8345 8357//8357 8317//8317 8314//8314
f 8314//8314 9190//9190 8327//8327 8345//8345
f 8324//8324 9190//9190 8314//8314 8315//8315
f 8315//8315 8343//8343 8325//8325 8324//8324
f 8315//8315 8316//8316 9136//9136 8343//8343
f 3602//3602 3573//3573 3580//3580 3609//3609
f 3609//3609 3580//3580 3582//3582 3611//3611
f 8299//8299 8328//8328 8330//8330 8301//8301
f 8292//8292 8321//8321 8328//8328 8299//8299
f 8321//8321 8292//8292 8300//8300 8329//8329
f 8300//8300 8303//8303 8331//8331 8329//8329
f 8304//8304 8332//8332 8331//8331 8303//8303
f 9189//9189 9191//9191 8332//8332 8304//8304
f 8333//8333 9191//9191 9189//9189 8305//8305
f 8305//8305 8306//8306 8334//8334 8333//8333
f 8336//8336 8334//8334 8306//8306 8308//8308
f 3579//3579 4476//4476 3608//3608 3578//3578
f 4476//4476 3579//3579 3576//3576 3605//3605
f 8335//8335 8302//8302 8301//8301 8330//8330
f 8336//8336 8308//8308 8291//8291 8320//8320
f 8339//8339 8346//8346 8328//8328 8321//8321
f 8320//8320 8319//8319 8337//8337 8338//8338
f 8350//8350 8349//8349 8331//8331 8332//8332
f 8327//8327 8326//8326 8344//8344 8345//8345
f 8346//8346 8348//8348 8330//8330 8328//8328
f 9192//9192 8350//8350 8332//8332 9191//9191
f 8317//8317 8316//8316 8315//8315 8314//8314
f 8321//8321 8329//8329 8347//8347 8339//8339
f 8326//8326 8335//8335 8353//8353 8344//8344
f 8322//8322 8325//8325 8343//8343 8340//8340
f 8336//8336 8320//8320 8338//8338 8354//8354
f 8319//8319 8323//8323 8341//8341 8337//8337
f 8340//8340 8341//8341 8323//8323 8322//8322
f 8339//8339 8347//8347 8359//8359 8355//8355
f 8344//8344 8353//8353 8362//8362 8356//8356
f 9151//9151 9136//9136 8316//8316 9063//9063
f 8355//8355 8358//8358 8346//8346 8339//8339
f 8997//8997 9011//9011 9022//9022 9007//9007
f 8345//8345 8344//8344 8356//8356 8357//8357
f 8358//8358 8360//8360 8348//8348 8346//8346
f 8427//8427 8383//8383 8364//8364 8417//8417
f 8426//8426 8377//8377 8392//8392 8431//8431
f 8437//8437 8371//8371 8368//8368 8444//8444
f 8420//8420 8370//8370 8373//8373 8422//8422
f 8445//8445 8391//8391 8375//8375 8439//8439
f 8442//8442 8440//8440 8382//8382 8390//8390
f 8429//8429 8387//8387 8383//8383 8427//8427
f 8435//8435 8441//8441 8386//8386 8365//8365
f 8441//8441 8442//8442 8390//8390 8386//8386
f 8425//8425 8379//8379 8387//8387 8429//8429
f 8446//8446 8449//8449 8407//8407 8403//8403
f 8438//8438 8447//8447 8404//8404 8409//8409
f 8443//8443 8405//8405 8408//8408 8450//8450
f 8448//8448 8406//8406 8410//8410 8436//8436
f 8447//8447 8446//8446 8403//8403 8404//8404
f 8422//8422 8373//8373 8413//8413 8433//8433
f 8448//8448 8372//8372 8412//8412 8452//8452
f 8451//8451 8411//8411 8371//8371 8437//8437
f 8385//8385 8428//8428 8418//8418 8363//8363
f 8378//8378 8423//8423 8432//8432 8394//8394
f 8367//8367 8419//8419 8421//8421 8374//8374
f 8389//8389 8430//8430 8428//8428 8385//8385
f 8380//8380 8424//8424 8430//8430 8389//8389
f 8374//8374 8421//8421 8434//8434 8414//8414
f 8397//8397 8437//8437 8444//8444 8396//8396
f 8402//8402 8445//8445 8439//8439 8398//8398
f 8401//8401 8399//8399 8440//8440 8442//8442
f 8395//8395 8400//8400 8441//8441 8435//8435
f 8400//8400 8401//8401 8442//8442 8441//8441
f 8388//8388 8381//8381 8449//8449 8446//8446
f 8366//8366 8384//8384 8447//8447 8438//8438
f 8393//8393 8443//8443 8450//8450 8376//8376
f 8372//8372 8448//8448 8436//8436 8369//8369
f 8384//8384 8388//8388 8446//8446 8447//8447
f 8406//8406 8448//8448 8452//8452 8416//8416
f 8415//8415 8451//8451 8437//8437 8397//8397
f 8425//8425 8423//8423 8378//8378 8379//8379
f 8947//8947 8377//8377 8380//8380 8946//8946
f 8494//8494 8463//8463 8466//8466 8495//8495
f 8502//8502 8457//8457 8454//8454 8505//8505
f 8490//8490 8456//8456 8459//8459 8492//8492
f 8506//8506 8465//8465 8461//8461 8503//8503
f 8499//8499 8485//8485 8463//8463 8494//8494
f 9082//9082 9083//9083 9085//9085 9096//9096
f 8504//8504 8473//8473 8475//8475 8508//8508
f 8507//8507 8474//8474 8476//8476 8501//8501
f 8492//8492 8459//8459 8479//8479 8497//8497
f 8507//8507 8458//8458 8478//8478 8510//8510
f 8509//8509 8477//8477 8457//8457 8502//8502
f 9083//9083 9084//9084 9086//9086 9085//9085
f 8503//8503 8461//8461 8486//8486 8511//8511
f 8508//8508 8475//8475 8488//8488 8512//8512
f 8464//8464 8493//8493 8496//8496 8468//8468
f 8453//8453 8489//8489 8491//8491 8460//8460
f 8484//8484 8500//8500 8493//8493 8464//8464
f 8460//8460 8491//8491 8498//8498 8480//8480
f 8320//8320 8291//8291 8290//8290 8319//8319
f 8470//8470 8502//8502 8505//8505 8469//8469
f 8472//8472 8506//8506 8503//8503 8471//8471
f 8467//8467 8504//8504 8508//8508 8462//8462
f 8458//8458 8507//8507 8501//8501 8455//8455
f 8474//8474 8507//8507 8510//8510 8482//8482
f 8481//8481 8509//8509 8502//8502 8470//8470
f 8471//8471 8503//8503 8511//8511 8487//8487
f 8462//8462 8508//8508 8512//8512 8483//8483
f 8527//8527 8513//8513 3799//3799 3809//3809
f 4839//4839 4843//4843 4842//4842 4838//4838
f 4844//4844 4837//4837 4838//4838 4842//4842
f 8543//8543 7315//7315 4954//4954 8544//8544
f 8531//8531 8521//8521 3806//3806 3820//3820
f 8528//8528 8527//8527 8521//8521 8520//8520
f 8530//8530 8525//8525 8518//8518 8524//8524
f 8526//8526 8528//8528 8520//8520 8519//8519
f 8525//8525 8526//8526 8519//8519 8518//8518
f 4958//4958 8538//8538 3828//3828 35//35
f 8529//8529 8530//8530 8524//8524 8523//8523
f 8520//8520 8521//8521 8531//8531 8532//8532
f 8519//8519 8520//8520 8532//8532 8533//8533
f 8514//8514 8513//8513 8527//8527 8528//8528
f 8517//8517 8516//8516 8525//8525 8530//8530
f 8515//8515 8514//8514 8528//8528 8526//8526
f 8516//8516 8515//8515 8526//8526 8525//8525
f 8518//8518 8519//8519 8533//8533 8534//8534
f 8524//8524 8518//8518 8534//8534 8535//8535
f 8523//8523 8524//8524 8535//8535 8536//8536
f 8523//8523 8536//8536 8537//8537 8522//8522
f 8535//8535 8534//8534 8541//8541 8542//8542
f 4844//4844 8515//8515 8516//8516 4951//4951
f 4842//4842 8514//8514 8515//8515 4844//4844
f 8514//8514 4842//4842 4843//4843 8513//8513
f 8534//8534 8533//8533 8540//8540 8541//8541
f 8533//8533 8532//8532 8539//8539 8540//8540
f 8532//8532 8531//8531 8538//8538 8539//8539
f 8536//8536 8535//8535 8542//8542 8543//8543
f 8536//8536 8543//8543 8544//8544 8537//8537
f 4845//4845 8545//8545 8544//8544 4954//4954
f 8958//8958 8363//8363 8546//8546 8959//8959
f 8418//8418 8553//8553 8546//8546 8363//8363
f 8554//8554 8548//8548 8558//8558 8564//8564
f 8563//8563 8556//8556 8546//8546 8553//8553
f 8564//8564 8560//8560 8550//8550 8554//8554
f 8555//8555 8551//8551 8561//8561 8565//8565
f 8565//8565 8559//8559 8549//8549 8555//8555
f 8552//8552 8547//8547 8557//8557 8562//8562
f 8574//8574 8570//8570 8560//8560 8564//8564
f 8565//8565 8561//8561 8571//8571 8575//8575
f 8575//8575 8569//8569 8559//8559 8565//8565
f 8562//8562 8557//8557 8567//8567 8572//8572
f 8564//8564 8558//8558 8568//8568 8574//8574
f 8573//8573 8566//8566 8556//8556 8563//8563
f 8617//8617 8616//8616 8581//8581 8585//8585
f 8623//8623 8622//8622 8577//8577 8582//8582
f 8626//8626 8624//8624 8578//8578 8584//8584
f 9130//9130 8642//8642 8631//8631 9131//9131
f 9087//9087 9131//9131 8631//8631 8620//8620
f 8602//8602 8592//8592 8587//8587 8597//8597
f 8604//8604 8594//8594 8588//8588 8598//8598
f 8594//8594 8604//8604 8600//8600 8590//8590
f 8605//8605 8595//8595 8591//8591 8601//8601
f 8595//8595 8605//8605 8599//8599 8589//8589
f 8593//8593 8603//8603 8596//8596 8586//8586
f 8585//8585 8595//8595 8589//8589 8579//8579
f 8595//8595 8585//8585 8581//8581 8591//8591
f 8584//8584 8594//8594 8590//8590 8580//8580
f 8594//8594 8584//8584 8578//8578 8588//8588
f 8592//8592 8582//8582 8577//8577 8587//8587
f 9092//9092 9087//9087 8620//8620 8993//8993
f 9091//9091 9092//9092 8993//8993 8998//8998
f 8583//8583 8593//8593 8586//8586 8576//8576
f 8998//8998 8993//8993 9089//9089 9088//9088
f 8993//8993 8620//8620 9090//9090 9089//9089
f 8585//8585 8579//8579 8618//8618 8617//8617
f 8583//8583 8576//8576 8619//8619 8625//8625
f 8584//8584 8580//8580 8621//8621 8626//8626
f 8319//8319 8290//8290 8294//8294 8323//8323
f 9202//9202 9097//9097 9009//9009 9203//9203
f 8635//8635 8627//8627 8606//8606 8613//8613
f 8636//8636 8632//8632 8610//8610 8614//8614
f 8293//8293 8322//8322 8323//8323 8294//8294
f 8615//8615 8611//8611 8633//8633 8637//8637
f 8637//8637 8630//8630 8609//8609 8615//8615
f 8612//8612 8607//8607 8628//8628 8634//8634
f 9129//9129 9146//9146 8642//8642 9130//9130
f 8614//8614 8608//8608 8629//8629 8636//8636
f 8646//8646 8638//8638 8627//8627 8635//8635
f 8647//8647 8643//8643 8632//8632 8636//8636
f 8620//8620 8631//8631 9103//9103 9090//9090
f 9096//9096 9114//9114 9119//9119 9082//9082
f 8637//8637 8633//8633 8644//8644 8648//8648
f 8648//8648 8641//8641 8630//8630 8637//8637
f 8634//8634 8628//8628 8639//8639 8645//8645
f 8636//8636 8629//8629 8640//8640 8647//8647
f 8690//8690 8659//8659 8662//8662 8691//8691
f 8698//8698 8653//8653 8650//8650 8701//8701
f 8686//8686 8652//8652 8655//8655 8688//8688
f 8702//8702 8661//8661 8657//8657 8699//8699
f 8695//8695 8681//8681 8659//8659 8690//8690
f 8700//8700 8669//8669 8671//8671 8704//8704
f 8703//8703 8670//8670 8672//8672 8697//8697
f 8688//8688 8655//8655 8675//8675 8693//8693
f 8703//8703 8654//8654 8674//8674 8706//8706
f 8705//8705 8673//8673 8653//8653 8698//8698
f 8699//8699 8657//8657 8682//8682 8707//8707
f 8704//8704 8671//8671 8684//8684 8708//8708
f 8660//8660 8689//8689 8692//8692 8664//8664
f 8649//8649 8685//8685 8687//8687 8656//8656
f 8680//8680 8696//8696 8689//8689 8660//8660
f 8656//8656 8687//8687 8694//8694 8676//8676
f 8666//8666 8698//8698 8701//8701 8665//8665
f 8668//8668 8702//8702 8699//8699 8667//8667
f 8663//8663 8700//8700 8704//8704 8658//8658
f 8654//8654 8703//8703 8697//8697 8651//8651
f 8670//8670 8703//8703 8706//8706 8678//8678
f 8677//8677 8705//8705 8698//8698 8666//8666
f 8667//8667 8699//8699 8707//8707 8683//8683
f 8658//8658 8704//8704 8708//8708 8679//8679
f 8750//8750 8749//8749 8714//8714 8718//8718
f 8755//8755 8754//8754 8710//8710 8715//8715
f 8758//8758 8756//8756 8711//8711 8717//8717
f 8735//8735 8725//8725 8720//8720 8730//8730
f 8737//8737 8727//8727 8721//8721 8731//8731
f 8727//8727 8737//8737 8733//8733 8723//8723
f 8738//8738 8728//8728 8724//8724 8734//8734
f 8728//8728 8738//8738 8732//8732 8722//8722
f 8726//8726 8736//8736 8729//8729 8719//8719
f 8718//8718 8728//8728 8722//8722 8712//8712
f 8728//8728 8718//8718 8714//8714 8724//8724
f 8717//8717 8727//8727 8723//8723 8713//8713
f 8727//8727 8717//8717 8711//8711 8721//8721
f 8725//8725 8715//8715 8710//8710 8720//8720
f 8716//8716 8726//8726 8719//8719 8709//8709
f 8718//8718 8712//8712 8751//8751 8750//8750
f 8716//8716 8709//8709 8752//8752 8757//8757
f 8717//8717 8713//8713 8753//8753 8758//8758
f 8766//8766 8759//8759 8739//8739 8746//8746
f 8767//8767 8763//8763 8743//8743 8747//8747
f 8748//8748 8744//8744 8764//8764 8768//8768
f 8768//8768 8762//8762 8742//8742 8748//8748
f 8745//8745 8740//8740 8760//8760 8765//8765
f 8747//8747 8741//8741 8761//8761 8767//8767
f 8776//8776 8769//8769 8759//8759 8766//8766
f 8777//8777 8773//8773 8763//8763 8767//8767
f 8768//8768 8764//8764 8774//8774 8778//8778
f 8778//8778 8772//8772 8762//8762 8768//8768
f 8765//8765 8760//8760 8770//8770 8775//8775
f 8767//8767 8761//8761 8771//8771 8777//8777
f 8820//8820 8789//8789 8792//8792 8821//8821
f 8828//8828 8783//8783 8780//8780 8831//8831
f 8816//8816 8782//8782 8785//8785 8818//8818
f 8832//8832 8791//8791 8787//8787 8829//8829
f 8825//8825 8811//8811 8789//8789 8820//8820
f 8830//8830 8799//8799 8801//8801 8834//8834
f 8833//8833 8800//8800 8802//8802 8827//8827
f 8818//8818 8785//8785 8805//8805 8823//8823
f 8833//8833 8784//8784 8804//8804 8836//8836
f 8835//8835 8803//8803 8783//8783 8828//8828
f 8829//8829 8787//8787 8812//8812 8837//8837
f 8834//8834 8801//8801 8814//8814 8838//8838
f 8790//8790 8819//8819 8822//8822 8794//8794
f 8779//8779 8815//8815 8817//8817 8786//8786
f 8810//8810 8826//8826 8819//8819 8790//8790
f 8786//8786 8817//8817 8824//8824 8806//8806
f 8796//8796 8828//8828 8831//8831 8795//8795
f 8798//8798 8832//8832 8829//8829 8797//8797
f 8793//8793 8830//8830 8834//8834 8788//8788
f 8784//8784 8833//8833 8827//8827 8781//8781
f 8800//8800 8833//8833 8836//8836 8808//8808
f 8807//8807 8835//8835 8828//8828 8796//8796
f 8797//8797 8829//8829 8837//8837 8813//8813
f 8788//8788 8834//8834 8838//8838 8809//8809
f 8880//8880 8879//8879 8844//8844 8848//8848
f 8885//8885 8884//8884 8840//8840 8845//8845
f 8888//8888 8886//8886 8841//8841 8847//8847
f 8865//8865 8855//8855 8850//8850 8860//8860
f 8867//8867 8857//8857 8851//8851 8861//8861
f 8857//8857 8867//8867 8863//8863 8853//8853
f 8868//8868 8858//8858 8854//8854 8864//8864
f 8858//8858 8868//8868 8862//8862 8852//8852
f 8856//8856 8866//8866 8859//8859 8849//8849
f 8848//8848 8858//8858 8852//8852 8842//8842
f 8858//8858 8848//8848 8844//8844 8854//8854
f 8847//8847 8857//8857 8853//8853 8843//8843
f 8857//8857 8847//8847 8841//8841 8851//8851
f 8855//8855 8845//8845 8840//8840 8850//8850
f 8846//8846 8856//8856 8849//8849 8839//8839
f 8848//8848 8842//8842 8881//8881 8880//8880
f 8846//8846 8839//8839 8882//8882 8887//8887
f 8847//8847 8843//8843 8883//8883 8888//8888
f 8896//8896 8889//8889 8869//8869 8876//8876
f 8897//8897 8893//8893 8873//8873 8877//8877
f 8878//8878 8874//8874 8894//8894 8898//8898
f 8898//8898 8892//8892 8872//8872 8878//8878
f 8875//8875 8870//8870 8890//8890 8895//8895
f 8877//8877 8871//8871 8891//8891 8897//8897
f 8906//8906 8899//8899 8889//8889 8896//8896
f 8907//8907 8903//8903 8893//8893 8897//8897
f 8898//8898 8894//8894 8904//8904 8908//8908
f 8908//8908 8902//8902 8892//8892 8898//8898
f 8895//8895 8890//8890 8900//8900 8905//8905
f 8897//8897 8891//8891 8901//8901 8907//8907
f 8914//8914 8910//8910 8918//8918 8922//8922
f 8918//8918 8926//8926 8930//8930 8922//8922
f 8459//8459 9291//9291 9292//9292 8479//8479
f 9474//9474 8930//8930 9481//9481 9508//9508
f 9295//9295 8920//8920 8912//8912 9328//9328
f 8923//8923 8919//8919 8911//8911 8915//8915
f 8916//8916 8912//8912 8920//8920 8924//8924
f 8924//8924 8918//8918 8910//8910 8916//8916
f 8915//8915 8909//8909 8917//8917 8923//8923
f 8931//8931 8927//8927 8919//8919 8923//8923
f 8924//8924 8920//8920 8928//8928 8932//8932
f 8932//8932 8926//8926 8918//8918 8924//8924
f 8923//8923 8917//8917 8925//8925 8931//8931
f 9114//9114 9115//9115 9122//9122 9119//9119
f 8473//8473 9263//9263 9264//9264 8475//8475
f 8622//8622 8484//8484 9248//9248 9289//9289
f 8840//8840 9268//9268 9269//9269 8850//8850
f 8498//8498 8477//8477 9308//9308 9293//9293
f 8622//8622 9289//9289 9288//9288 8577//8577
f 8720//8720 9305//9305 9280//9280 8730//8730
f 8652//8652 9297//9297 9338//9338 8655//8655
f 8627//8627 9299//9299 9300//9300 8606//8606
f 8575//8575 8647//8647 8640//8640 8569//8569
f 8647//8647 8575//8575 8571//8571 8643//8643
f 8485//8485 9248//9248 9249//9249 8463//8463
f 8638//8638 9298//9298 9299//9299 8627//8627
f 8648//8648 8777//8777 8771//8771 8641//8641
f 8778//8778 8907//8907 8901//8901 8772//8772
f 8907//8907 8778//8778 8774//8774 8903//8903
f 8777//8777 8648//8648 8644//8644 8773//8773
f 8902//8902 8931//8931 8925//8925 8906//8906
f 8908//8908 8927//8927 8931//8931 8902//8902
f 8474//8474 9311//9311 9262//9262 8476//8476
f 8322//8322 8293//8293 8296//8296 8325//8325
f 8749//8749 9319//9319 9320//9320 8714//8714
f 8607//8607 8597//8597 9286//9286 9300//9300
f 8468//8468 9250//9250 9249//9249 8464//8464
f 9087//9087 9079//9079 9125//9125 9131//9131
f 8681//8681 8933//8933 9266//9266 8659//8659
f 9094//9094 9090//9090 9103//9103 9108//9108
f 8999//8999 9004//9004 9019//9019 9012//9012
f 9063//9063 8342//8342 9015//9015 9151//9151
f 9016//9016 9019//9019 9004//9004 9002//9002
f 8996//8996 9006//9006 9021//9021 9010//9010
f 9077//9077 9094//9094 9108//9108 9112//9112
f 8318//8318 9063//9063 8316//8316 8317//8317
f 9005//9005 9000//9000 9013//9013 9020//9020
f 9214//9214 8342//8342 9063//9063 8318//8318
f 9020//9020 9021//9021 9006//9006 9005//9005
f 9159//9159 9021//9021 9020//9020 9160//9160
f 9160//9160 9020//9020 9013//9013 9161//9161
f 9159//9159 8355//8355 8359//8359 9145//9145
f 9109//9109 9104//9104 9106//9106 9166//9166
f 9147//9147 8357//8357 8356//8356 9163//9163
f 9009//9009 8994//8994 9008//9008 9023//9023
f 9163//9163 8356//8356 8362//8362 9144//9144
f 9038//9038 9037//9037 9034//9034 9035//9035
f 9035//9035 9033//9033 9036//9036 9038//9038
f 8342//8342 9014//9014 9166//9166 9015//9015
f 8986//8986 8970//8970 8971//8971 8987//8987
f 8983//8983 8967//8967 8970//8970 8986//8986
f 9003//9003 9047//9047 9051//9051 9018//9018
f 9074//9074 9030//9030 9034//9034 9068//9068
f 9069//9069 9074//9074 9068//9068 8313//8313
f 9070//9070 9069//9069 8313//8313 9064//9064
f 9070//9070 9064//9064 9065//9065 9071//9071
f 9065//9065 9066//9066 9072//9072 9071//9071
f 9072//9072 9066//9066 9067//9067 9073//9073
f 9054//9054 9053//9053 9049//9049 9050//9050
f 9052//9052 9054//9054 9050//9050 9048//9048
f 8967//8967 8983//8983 8984//8984 8968//8968
f 8968//8968 8984//8984 8985//8985 8969//8969
f 8969//8969 8985//8985 8988//8988 8972//8972
f 9210//9210 9073//9073 9067//9067 9223//9223
f 9223//9223 9222//9222 9209//9209 9210//9210
f 8498//8498 9293//9293 9292//9292 8480//8480
f 8591//8591 9261//9261 9312//9312 8601//8601
f 8632//8632 9314//9314 9313//9313 8610//8610
f 9130//9130 9126//9126 9127//9127 9129//9129
f 8981//8981 8965//8965 8972//8972 8988//8988
f 9048//9048 9044//9044 9209//9209 9222//9222
f 9044//9044 9048//9048 9050//9050 9046//9046
f 9046//9046 9050//9050 9049//9049 9045//9045
f 9220//9220 9078//9078 9076//9076 9219//9219
f 9043//9043 9045//9045 9049//9049 9047//9047
f 9003//9003 8987//8987 9043//9043 9047//9047
f 8981//8981 8982//8982 8966//8966 8965//8965
f 8989//8989 8973//8973 8966//8966 8982//8982
f 8973//8973 8989//8989 8990//8990 8974//8974
f 8979//8979 8963//8963 8974//8974 8990//8990
f 8964//8964 8963//8963 8979//8979 8980//8980
f 8991//8991 8975//8975 8964//8964 8980//8980
f 8975//8975 8991//8991 8992//8992 8976//8976
f 9093//9093 9094//9094 9077//9077 9076//9076
f 9095//9095 9093//9093 9076//9076 9078//9078
f 9109//9109 9166//9166 9014//9014 9211//9211
f 9107//9107 9108//9108 9103//9103 9102//9102
f 9080//9080 9079//9079 9087//9087 9092//9092
f 8977//8977 8961//8961 8976//8976 8992//8992
f 8962//8962 8961//8961 8977//8977 8978//8978
f 9007//9007 9022//9022 9023//9023 9008//9008
f 9081//9081 9080//9080 9092//9092 9091//9091
f 8962//8962 8978//8978 9028//9028 9024//9024
f 9135//9135 9156//9156 9157//9157 8361//8361
f 9089//9089 9090//9090 9094//9094 9093//9093
f 9088//9088 9089//9089 9093//9093 9095//9095
f 9198//9198 9038//9038 9036//9036 9200//9200
f 9097//9097 9098//9098 9032//9032 8995//8995
f 9104//9104 9107//9107 9102//9102 9099//9099
f 9192//9192 9206//9206 9135//9135 8350//8350
f 9128//9128 9134//9134 9100//9100 9101//9101
f 9202//9202 9201//9201 9098//9098 9097//9097
f 9109//9109 9111//9111 9107//9107 9104//9104
f 9111//9111 9112//9112 9108//9108 9107//9107
f 9156//9156 9022//9022 9011//9011 9157//9157
f 9207//9207 9204//9204 9022//9022 9156//9156
f 9130//9130 9131//9131 9125//9125 9126//9126
f 9124//9124 9132//9132 9129//9129 9127//9127
f 9124//9124 9123//9123 9133//9133 9132//9132
f 9132//9132 9133//9133 9134//9134 9128//9128
f 9141//9141 8337//8337 8341//8341 9138//9138
f 9140//9140 8354//8354 8338//8338 9139//9139
f 9139//9139 8338//8338 8337//8337 9141//9141
f 8325//8325 8296//8296 8295//8295 8324//8324
f 8352//8352 8351//8351 8333//8333 8334//8334
f 9196//9196 9197//9197 9218//9218 9217//9217
f 9197//9197 9195//9195 9219//9219 9218//9218
f 9195//9195 9194//9194 9220//9220 9219//9219
f 9143//9143 8340//8340 8343//8343 9136//9136
f 9152//9152 9137//9137 9100//9100 9153//9153
f 9106//9106 9101//9101 9100//9100 9137//9137
f 9150//9150 9141//9141 9138//9138 9153//9153
f 9162//9162 9140//9140 9139//9139 9154//9154
f 9154//9154 9139//9139 9141//9141 9150//9150
f 9152//9152 9143//9143 9136//9136 9151//9151
f 8340//8340 9143//9143 9138//9138 8341//8341
f 9206//9206 9207//9207 9156//9156 9135//9135
f 9148//9148 9014//9014 8342//8342 9214//9214
f 9143//9143 9152//9152 9153//9153 9138//9138
f 9133//9133 9154//9154 9150//9150 9134//9134
f 8358//8358 9160//9160 9161//9161 8360//8360
f 9123//9123 9162//9162 9154//9154 9133//9133
f 9101//9101 9106//9106 9104//9104 9099//9099
f 9155//9155 9211//9211 9014//9014 9148//9148
f 9101//9101 9099//9099 9146//9146 9128//9128
f 9216//9216 9215//9215 9211//9211 9155//9155
f 9134//9134 9150//9150 9153//9153 9100//9100
f 9016//9016 9147//9147 9163//9163 9019//9019
f 9021//9021 9159//9159 9145//9145 9010//9010
f 8350//8350 9135//9135 8361//8361 8349//8349
f 8355//8355 9159//9159 9160//9160 8358//8358
f 9019//9019 9163//9163 9144//9144 9012//9012
f 9137//9137 9152//9152 9151//9151 9015//9015
f 9096//9096 9200//9200 9201//9201 9114//9114
f 9114//9114 9201//9201 9202//9202 9115//9115
f 8349//8349 8347//8347 8329//8329 8331//8331
f 8348//8348 8353//8353 8335//8335 8330//8330
f 9115//9115 9202//9202 9203//9203 9116//9116
f 9017//9017 8986//8986 8987//8987 9003//9003
f 8509//8509 9309//9309 9308//9308 8477//8477
f 9038//9038 9198//9198 9199//9199 9037//9037
f 9001//9001 8983//8983 8986//8986 9017//9017
f 9205//9205 9117//9117 9116//9116 9203//9203
f 9204//9204 9113//9113 9117//9117 9205//9205
f 9207//9207 9158//9158 9113//9113 9204//9204
f 7892//7892 3169//3169 4492//4492 9165//9165
f 7892//7892 9165//9165 9110//9110 7896//7896
f 7896//7896 9110//9110 9167//9167 7900//7900
f 9023//9023 9022//9022 9204//9204 9205//9205
f 9009//9009 9023//9023 9205//9205 9203//9203
f 9158//9158 9207//9207 9206//9206 9105//9105
f 9111//9111 9109//9109 9211//9211 9215//9215
f 9001//9001 9017//9017 9212//9212 9208//9208
f 9166//9166 9106//9106 9137//9137 9015//9015
f 9132//9132 9128//9128 9146//9146 9129//9129
f 9028//9028 9029//9029 9025//9025 9024//9024
f 9193//9193 9221//9221 9220//9220 9194//9194
f 9112//9112 9111//9111 9215//9215 9217//9217
f 9221//9221 9075//9075 9078//9078 9220//9220
f 9076//9076 9077//9077 9218//9218 9219//9219
f 9018//9018 9051//9051 9197//9197 9196//9196
f 9213//9213 8984//8984 8983//8983 9001//9001
f 9197//9197 9051//9051 9053//9053 9195//9195
f 9017//9017 9003//9003 9018//9018 9212//9212
f 9213//9213 9164//9164 9016//9016 9002//9002
f 9054//9054 9194//9194 9195//9195 9053//9053
f 9196//9196 9217//9217 9215//9215 9216//9216
f 9052//9052 9193//9193 9194//9194 9054//9054
f 9031//9031 9027//9027 9025//9025 9029//9029
f 9105//9105 9206//9206 9192//9192 8351//8351
f 9098//9098 9201//9201 9200//9200 9036//9036
f 9036//9036 9033//9033 9032//9032 9098//9098
f 8984//8984 9213//9213 9002//9002 8985//8985
f 9218//9218 9077//9077 9112//9112 9217//9217
f 8921//8921 8917//8917 8909//8909 8913//8913
f 8917//8917 8921//8921 8929//8929 8925//8925
f 8610//8610 9313//9313 9312//9312 8600//8600
f 9327//9327 8914//8914 8922//8922 9322//9322
f 8800//8800 9285//9285 9272//9272 8802//8802
f 8803//8803 9304//9304 9257//9257 8824//8824
f 8487//8487 9258//9258 9264//9264 8471//8471
f 9027//9027 9031//9031 9030//9030 9026//9026
f 9062//9062 9026//9026 9030//9030 9074//9074
f 8985//8985 9002//9002 9004//9004 8988//8988
f 8999//8999 8981//8981 8988//8988 9004//9004
f 9053//9053 9051//9051 9047//9047 9049//9049
f 8896//8896 8892//8892 8902//8902 8906//8906
f 8999//8999 9000//9000 8982//8982 8981//8981
f 9069//9069 9055//9055 9062//9062 9074//9074
f 9055//9055 9069//9069 9070//9070 9056//9056
f 8456//8456 9290//9290 9291//9291 8459//8459
f 9208//9208 9164//9164 9213//9213 9001//9001
f 8642//8642 9102//9102 9103//9103 8631//8631
f 8823//8823 8804//8804 8784//8784 8818//8818
f 8781//8781 8816//8816 8818//8818 8784//8784
f 8821//8821 8793//8793 8788//8788 8820//8820
f 8809//8809 8825//8825 8820//8820 8788//8788
f 8812//8812 8826//8826 8885//8885 8886//8886
f 8887//8887 8881//8881 8842//8842 8846//8846
f 8846//8846 8842//8842 8852//8852 8856//8856
f 8856//8856 8852//8852 8862//8862 8866//8866
f 8866//8866 8876//8876 8869//8869 8859//8859
f 8817//8817 8783//8783 8803//8803 8824//8824
f 8815//8815 8780//8780 8783//8783 8817//8817
f 8791//8791 8822//8822 8819//8819 8787//8787
f 8826//8826 8812//8812 8787//8787 8819//8819
f 8888//8888 8837//8837 8812//8812 8886//8886
f 8837//8837 8888//8888 8883//8883 8813//8813
f 9256//9256 8813//8813 8883//8883 9255//9255
f 8886//8886 8885//8885 8845//8845 8841//8841
f 8841//8841 8845//8845 8855//8855 8851//8851
f 8851//8851 8855//8855 8865//8865 8861//8861
f 8866//8866 8862//8862 8872//8872 8876//8876
f 8868//8868 8878//8878 8872//8872 8862//8862
f 8876//8876 8872//8872 8892//8892 8896//8896
f 9048//9048 9222//9222 9224//9224 9052//9052
f 9116//9116 9117//9117 9118//9118 9121//9121
f 9117//9117 9113//9113 9120//9120 9118//9118
f 9113//9113 9158//9158 9149//9149 9120//9120
f 9158//9158 9105//9105 9142//9142 9149//9149
f 9105//9105 8351//8351 8352//8352 9142//9142
f 9208//9208 9212//9212 9216//9216 9155//9155
f 9212//9212 9018//9018 9196//9196 9216//9216
f 9005//9005 8989//8989 8982//8982 9000//9000
f 8989//8989 9005//9005 9006//9006 8990//8990
f 8996//8996 8979//8979 8990//8990 9006//9006
f 8980//8980 8979//8979 8996//8996 8997//8997
f 9056//9056 9070//9070 9071//9071 9057//9057
f 9072//9072 9058//9058 9057//9057 9071//9071
f 9058//9058 9072//9072 9073//9073 9059//9059
f 9059//9059 9073//9073 9210//9210 9060//9060
f 9007//9007 8991//8991 8980//8980 8997//8997
f 8991//8991 9007//9007 9008//9008 8992//8992
f 9226//9226 8312//8312 8313//8313 9068//9068
f 9064//9064 8313//8313 8312//8312 8311//8311
f 8311//8311 8310//8310 9065//9065 9064//9064
f 9225//9225 9227//9227 9223//9223 9067//9067
f 8309//8309 9225//9225 9067//9067 9066//9066
f 9066//9066 9065//9065 8310//8310 8309//8309
f 9227//9227 9224//9224 9222//9222 9223//9223
f 9037//9037 9226//9226 9068//9068 9034//9034
f 9228//9228 9232//9232 9091//9091 8998//8998
f 9086//9086 9230//9230 9234//9234 9199//9199
f 9233//9233 9231//9231 9088//9088 9095//9095
f 8998//8998 9088//9088 9231//9231 9228//9228
f 9232//9232 9229//9229 9081//9081 9091//9091
f 9199//9199 9234//9234 9226//9226 9037//9037
f 9075//9075 9233//9233 9095//9095 9078//9078
f 9242//9242 9241//9241 9240//9240 9238//9238
f 9244//9244 9243//9243 9236//9236 9235//9235
f 9245//9245 9241//9241 9227//9227 9225//9225
f 9246//9246 9243//9243 8310//8310 8311//8311
f 9244//9244 9245//9245 9225//9225 8309//8309
f 9086//9086 9199//9199 9198//9198 9085//9085
f 9224//9224 9227//9227 9241//9241 9242//9242
f 8309//8309 8310//8310 9243//9243 9244//9244
f 9239//9239 9240//9240 9241//9241 9245//9245
f 9235//9235 9239//9239 9245//9245 9244//9244
f 8311//8311 8312//8312 9247//9247 9246//9246
f 9233//9233 9238//9238 9240//9240 9231//9231
f 9200//9200 9096//9096 9085//9085 9198//9198
f 9193//9193 9052//9052 9224//9224 9242//9242
f 9233//9233 9075//9075 9221//9221 9238//9238
f 9226//9226 9234//9234 9247//9247 8312//8312
f 9193//9193 9242//9242 9238//9238 9221//9221
f 9232//9232 9235//9235 9236//9236 9229//9229
f 9228//9228 9239//9239 9235//9235 9232//9232
f 9084//9084 9237//9237 9230//9230 9086//9086
f 9084//9084 9081//9081 9229//9229 9237//9237
f 9239//9239 9228//9228 9231//9231 9240//9240
f 9097//9097 8995//8995 8994//8994 9009//9009
f 8994//8994 8977//8977 8992//8992 9008//9008
f 8994//8994 8995//8995 8978//8978 8977//8977
f 9060//9060 9210//9210 9209//9209 9061//9061
f 9044//9044 9040//9040 9061//9061 9209//9209
f 8893//8893 9331//9331 9330//9330 8873//8873
f 8416//8416 8948//8948 8934//8934 8406//8406
f 8406//8406 8934//8934 8935//8935 8410//8410
f 8956//8956 8567//8567 8557//8557 8957//8957
f 8957//8957 8557//8557 8547//8547 8959//8959
f 8549//8549 8553//8553 8418//8418 8366//8366
f 8438//8438 8555//8555 8549//8549 8366//8366
f 8960//8960 8385//8385 8363//8363 8958//8958
f 8945//8945 8389//8389 8385//8385 8960//8960
f 8945//8945 8387//8387 8379//8379 8946//8946
f 8426//8426 8424//8424 8380//8380 8377//8377
f 8381//8381 8424//8424 8426//8426 8376//8376
f 8950//8950 8392//8392 8377//8377 8947//8947
f 8949//8949 8367//8367 8374//8374 8951//8951
f 8951//8951 8374//8374 8414//8414 8953//8953
f 8954//8954 8433//8433 8413//8413 8953//8953
f 8952//8952 8452//8452 8412//8412 8955//8955
f 8952//8952 8451//8451 8415//8415 8948//8948
f 8954//8954 8955//8955 8412//8412 8433//8433
f 8421//8421 8371//8371 8411//8411 8434//8434
f 8419//8419 8368//8368 8371//8371 8421//8421
f 8391//8391 8432//8432 8423//8423 8375//8375
f 8450//8450 8449//8449 8381//8381 8376//8376
f 8449//8449 8450//8450 8408//8408 8407//8407
f 8429//8429 8390//8390 8382//8382 8425//8425
f 8390//8390 8429//8429 8427//8427 8386//8386
f 8386//8386 8427//8427 8417//8417 8365//8365
f 8555//8555 8438//8438 8409//8409 8551//8551
f 8942//8942 8551//8551 8409//8409 8941//8941
f 8548//8548 8552//8552 8562//8562 8558//8558
f 8572//8572 8568//8568 8558//8558 8562//8562
f 8405//8405 8936//8936 8937//8937 8408//8408
f 8944//8944 8571//8571 8561//8561 8943//8943
f 8943//8943 8561//8561 8551//8551 8942//8942
f 8435//8435 8554//8554 8550//8550 8395//8395
f 8554//8554 8435//8435 8365//8365 8548//8548
f 8940//8940 8400//8400 8395//8395 8941//8941
f 8939//8939 8401//8401 8400//8400 8940//8940
f 8938//8938 8399//8399 8401//8401 8939//8939
f 8938//8938 8407//8407 8408//8408 8937//8937
f 8439//8439 8440//8440 8399//8399 8398//8398
f 8936//8936 8402//8402 8398//8398 8937//8937
f 8934//8934 8397//8397 8396//8396 8935//8935
f 8948//8948 8415//8415 8397//8397 8934//8934
f 8399//8399 8938//8938 8937//8937 8398//8398
f 8407//8407 8938//8938 8939//8939 8403//8403
f 9315//9315 8644//8644 8633//8633 9314//9314
f 9314//9314 8633//8633 8611//8611 9313//9313
f 8614//8614 8604//8604 8598//8598 8608//8608
f 9261//9261 8590//8590 8600//8600 9312//9312
f 9260//9260 8580//8580 8590//8590 9261//9261
f 9259//9259 8621//8621 8580//8580 9260//9260
f 8499//8499 8625//8625 8619//8619 8485//8485
f 9258//9258 8488//8488 8475//8475 9264//9264
f 9263//9263 8472//8472 8471//8471 9264//9264
f 9311//9311 8470//8470 8469//8469 9262//9262
f 9310//9310 8481//8481 8470//8470 9311//9311
f 9309//9309 8509//8509 8481//8481 9310//9310
f 9309//9309 8510//8510 8478//8478 9308//9308
f 8497//8497 8478//8478 8458//8458 8492//8492
f 8491//8491 8457//8457 8477//8477 8498//8498
f 9293//9293 9308//9308 8478//8478 8497//8497
f 9293//9293 8497//8497 8479//8479 9292//9292
f 9291//9291 8460//8460 8480//8480 9292//9292
f 9290//9290 8453//8453 8460//8460 9291//9291
f 9250//9250 8466//8466 8463//8463 9249//9249
f 9248//9248 8484//8484 8464//8464 9249//9249
f 8618//8618 8625//8625 8499//8499 8483//8483
f 8512//8512 8617//8617 8618//8618 8483//8483
f 8617//8617 8512//8512 8488//8488 8616//8616
f 9289//9289 8619//8619 8576//8576 9288//9288
f 9288//9288 8576//8576 8586//8586 9287//9287
f 9287//9287 8586//8586 8596//8596 9286//9286
f 8604//8604 8614//8614 8610//8610 8600//8600
f 9313//9313 8611//8611 8601//8601 9312//9312
f 8615//8615 8605//8605 8601//8601 8611//8611
f 9299//9299 8628//8628 8607//8607 9300//9300
f 9298//9298 8639//8639 8628//8628 9299//9299
f 8403//8403 8939//8939 8940//8940 8404//8404
f 8404//8404 8940//8940 8941//8941 8409//8409
f 8560//8560 8943//8943 8942//8942 8550//8550
f 9040//9040 9044//9044 9046//9046 9042//9042
f 9042//9042 9046//9046 9045//9045 9041//9041
f 8978//8978 8995//8995 9032//9032 9028//9028
f 9033//9033 9029//9029 9028//9028 9032//9032
f 9010//9010 9011//9011 8997//8997 8996//8996
f 9145//9145 9157//9157 9011//9011 9010//9010
f 9157//9157 9145//9145 8359//8359 8361//8361
f 8347//8347 8349//8349 8361//8361 8359//8359
f 8353//8353 8348//8348 8360//8360 8362//8362
f 9161//9161 9144//9144 8362//8362 8360//8360
f 9144//9144 9161//9161 9013//9013 9012//9012
f 9012//9012 9013//9013 9000//9000 8999//8999
f 9035//9035 9031//9031 9029//9029 9033//9033
f 9031//9031 9035//9035 9034//9034 9030//9030
f 9041//9041 9045//9045 9043//9043 9039//9039
f 8987//8987 8971//8971 9039//9039 9043//9043
f 8570//8570 8944//8944 8943//8943 8560//8560
f 8550//8550 8942//8942 8941//8941 8395//8395
f 8434//8434 8411//8411 8955//8955 8954//8954
f 9274//9274 8770//8770 8760//8760 9275//9275
f 9275//9275 8760//8760 8740//8740 9276//9276
f 8745//8745 8735//8735 8730//8730 8740//8740
f 9305//9305 8719//8719 8729//8729 9280//9280
f 9306//9306 8709//8709 8719//8719 9305//9305
f 9307//9307 8752//8752 8709//8709 9306//9306
f 8682//8682 8696//8696 8755//8755 8756//8756
f 8933//8933 8680//8680 8660//8660 9266//9266
f 9267//9267 8662//8662 8659//8659 9266//9266
f 9297//9297 8649//8649 8656//8656 9338//9338
f 9338//9338 8656//8656 8676//8676 9337//9337
f 9336//9336 8693//8693 8675//8675 9337//9337
f 9335//9335 8706//8706 8674//8674 9323//9323
f 9335//9335 8705//8705 8677//8677 9324//9324
f 9324//9324 8677//8677 8666//8666 9325//9325
f 9325//9325 8666//8666 8665//8665 9253//9253
f 9323//9323 9336//9336 8694//8694 8673//8673
f 8687//8687 8653//8653 8673//8673 8694//8694
f 8685//8685 8650//8650 8653//8653 8687//8687
f 8661//8661 8692//8692 8689//8689 8657//8657
f 8696//8696 8682//8682 8657//8657 8689//8689
f 8758//8758 8707//8707 8682//8682 8756//8756
f 8707//8707 8758//8758 8753//8753 8683//8683
f 9301//9301 8683//8683 8753//8753 9319//9319
f 8756//8756 8755//8755 8715//8715 8711//8711
f 8711//8711 8715//8715 8725//8725 8721//8721
f 8721//8721 8725//8725 8735//8735 8731//8731
f 8731//8731 8735//8735 8745//8745 8741//8741
f 8747//8747 8737//8737 8731//8731 8741//8741
f 8737//8737 8747//8747 8743//8743 8733//8733
f 8765//8765 8761//8761 8741//8741 8745//8745
f 8761//8761 8765//8765 8775//8775 8771//8771
f 8646//8646 8641//8641 8771//8771 8775//8775
f 8635//8635 8630//8630 8641//8641 8646//8646
f 8613//8613 8609//8609 8630//8630 8635//8635
f 8605//8605 8615//8615 8609//8609 8599//8599
f 8609//8609 8613//8613 8603//8603 8599//8599
f 8603//8603 8613//8613 8606//8606 8596//8596
f 8593//8593 8589//8589 8599//8599 8603//8603
f 8583//8583 8579//8579 8589//8589 8593//8593
f 8625//8625 8618//8618 8579//8579 8583//8583
f 9259//9259 9258//9258 8487//8487 8621//8621
f 8511//8511 8626//8626 8621//8621 8487//8487
f 8626//8626 8511//8511 8486//8486 8624//8624
f 8483//8483 8499//8499 8494//8494 8462//8462
f 8495//8495 8467//8467 8462//8462 8494//8494
f 8455//8455 8490//8490 8492//8492 8458//8458
f 8489//8489 8454//8454 8457//8457 8491//8491
f 8465//8465 8496//8496 8493//8493 8461//8461
f 8500//8500 8486//8486 8461//8461 8493//8493
f 8486//8486 8500//8500 8623//8623 8624//8624
f 8623//8623 8500//8500 8484//8484 8622//8622
f 9289//9289 9248//9248 8485//8485 8619//8619
f 8624//8624 8623//8623 8582//8582 8578//8578
f 8578//8578 8582//8582 8592//8592 8588//8588
f 8588//8588 8592//8592 8602//8602 8598//8598
f 8598//8598 8602//8602 8612//8612 8608//8608
f 8612//8612 8602//8602 8597//8597 8607//8607
f 9300//9300 9286//9286 8596//8596 8606//8606
f 8634//8634 8629//8629 8608//8608 8612//8612
f 8629//8629 8634//8634 8645//8645 8640//8640
f 8573//8573 8569//8569 8640//8640 8645//8645
f 8569//8569 8573//8573 8563//8563 8559//8559
f 8553//8553 8549//8549 8559//8559 8563//8563
f 8548//8548 8365//8365 8417//8417 8552//8552
f 8552//8552 8417//8417 8364//8364 8547//8547
f 8428//8428 8384//8384 8366//8366 8418//8418
f 8430//8430 8388//8388 8384//8384 8428//8428
f 8388//8388 8430//8430 8424//8424 8381//8381
f 8440//8440 8439//8439 8375//8375 8382//8382
f 8382//8382 8375//8375 8423//8423 8425//8425
f 8431//8431 8393//8393 8376//8376 8426//8426
f 8369//8369 8420//8420 8422//8422 8372//8372
f 8433//8433 8412//8412 8372//8372 8422//8422
f 8693//8693 8674//8674 8654//8654 8688//8688
f 8651//8651 8686//8686 8688//8688 8654//8654
f 8691//8691 8663//8663 8658//8658 8690//8690
f 8679//8679 8695//8695 8690//8690 8658//8658
f 8750//8750 8708//8708 8684//8684 8749//8749
f 8708//8708 8750//8750 8751//8751 8679//8679
f 8695//8695 8679//8679 8751//8751 8757//8757
f 8757//8757 8751//8751 8712//8712 8716//8716
f 8716//8716 8712//8712 8722//8722 8726//8726
f 8726//8726 8722//8722 8732//8732 8736//8736
f 9273//9273 8733//8733 8743//8743 9334//9334
f 8748//8748 8738//8738 8734//8734 8744//8744
f 8738//8738 8748//8748 8742//8742 8732//8732
f 8746//8746 8742//8742 8762//8762 8766//8766
f 8766//8766 8762//8762 8772//8772 8776//8776
f 8901//8901 8905//8905 8776//8776 8772//8772
f 8891//8891 8895//8895 8905//8905 8901//8901
f 8895//8895 8891//8891 8871//8871 8875//8875
f 8878//8878 8868//8868 8864//8864 8874//8874
f 9278//9278 8900//8900 8890//8890 9277//9277
f 9277//9277 8890//8890 8870//8870 9284//9284
f 9329//9329 8863//8863 8873//8873 9330//9330
f 8867//8867 8877//8877 8873//8873 8863//8863
f 8877//8877 8867//8867 8861//8861 8871//8871
f 9269//9269 8849//8849 8859//8859 9270//9270
f 9268//9268 8839//8839 8849//8849 9269//9269
f 9326//9326 8882//8882 8839//8839 9268//9268
f 8880//8880 8838//8838 8814//8814 8879//8879
f 8838//8838 8880//8880 8881//8881 8809//8809
f 8809//8809 8881//8881 8887//8887 8825//8825
f 9283//9283 8810//8810 8790//8790 9282//9282
f 9281//9281 8792//8792 8789//8789 9282//9282
f 9318//9318 8779//8779 8786//8786 9317//9317
f 9317//9317 8786//8786 8806//8806 9316//9316
f 9257//9257 8823//8823 8805//8805 9316//9316
f 9304//9304 8804//8804 8823//8823 9257//9257
f 9303//9303 8836//8836 8804//8804 9304//9304
f 9303//9303 8835//8835 8807//8807 9302//9302
f 9302//9302 8807//8807 8796//8796 9285//9285
f 9285//9285 8796//8796 8795//8795 9272//9272
f 9271//9271 8798//8798 8797//8797 9265//9265
f 9256//9256 8814//8814 8801//8801 9265//9265
f 8885//8885 8826//8826 8810//8810 8884//8884
f 8825//8825 8887//8887 8882//8882 8811//8811
f 9283//9283 9326//9326 8884//8884 8810//8810
f 9255//9255 8883//8883 8843//8843 9254//9254
f 9254//9254 8843//8843 8853//8853 9296//9296
f 9296//9296 8853//8853 8863//8863 9329//9329
f 8865//8865 8875//8875 8871//8871 8861//8861
f 8875//8875 8865//8865 8860//8860 8870//8870
f 9270//9270 9284//9284 8870//8870 8860//8860
f 9331//9331 8894//8894 8874//8874 9330//9330
f 9279//9279 8904//8904 8894//8894 9331//9331
f 9251//9251 8668//8668 8667//8667 9252//9252
f 9301//9301 8684//8684 8671//8671 9252//9252
f 8695//8695 8757//8757 8752//8752 8681//8681
f 8755//8755 8696//8696 8680//8680 8754//8754
f 8933//8933 9307//9307 8754//8754 8680//8680
f 9319//9319 8753//8753 8713//8713 9320//9320
f 9320//9320 8713//8713 8723//8723 9321//9321
f 9321//9321 8723//8723 8733//8733 9273//9273
f 8732//8732 8742//8742 8746//8746 8736//8736
f 8736//8736 8746//8746 8739//8739 8729//8729
f 9280//9280 9276//9276 8740//8740 8730//8730
f 9333//9333 8764//8764 8744//8744 9334//9334
f 9332//9332 8774//8774 8764//8764 9333//9333
f 8452//8452 8952//8952 8948//8948 8416//8416
f 8451//8451 8952//8952 8955//8955 8411//8411
f 8303//8303 8300//8300 8281//8281 8284//8284
f 8306//8306 8305//8305 8286//8286 8287//8287
f 8267//8267 8268//8268 8287//8287 8286//8286
f 8262//8262 8265//8265 8284//8284 8281//8281
f 8243//8243 8246//8246 8265//8265 8262//8262
f 8224//8224 8227//8227 8246//8246 8243//8243
f 8248//8248 8249//8249 8268//8268 8267//8267
f 8229//8229 8230//8230 8249//8249 8248//8248
f 8205//8205 8208//8208 8227//8227 8224//8224
f 8210//8210 8211//8211 8230//8230 8229//8229
f 8211//8211 8210//8210 8191//8191 8192//8192
f 8186//8186 8189//8189 8208//8208 8205//8205
f 8167//8167 8170//8170 8189//8189 8186//8186
f 8172//8172 8173//8173 8192//8192 8191//8191
f 8173//8173 8172//8172 8153//8153 8154//8154
f 8148//8148 8151//8151 8170//8170 8167//8167
f 8129//8129 8132//8132 8151//8151 8148//8148
f 8110//8110 8113//8113 8132//8132 8129//8129
f 8154//8154 8153//8153 8134//8134 8135//8135
f 8135//8135 8134//8134 8115//8115 8116//8116
f 8116//8116 8115//8115 8096//8096 8097//8097
f 8097//8097 8096//8096 8077//8077 8078//8078
f 8078//8078 8077//8077 8058//8058 8059//8059
f 8091//8091 8094//8094 8113//8113 8110//8110
f 8072//8072 8075//8075 8094//8094 8091//8091
f 8053//8053 8056//8056 8075//8075 8072//8072
f 8056//8056 8053//8053 8034//8034 8037//8037
f 8059//8059 8058//8058 8039//8039 8040//8040
f 9521//9521 7992//7992 7991//7991 9522//9522
f 9523//9523 8013//8013 8010//8010 9522//9522
f 9523//9523 7994//7994 7993//7993 9524//9524
f 9524//9524 7993//7993 8003//8003 9525//9525
f 7958//7958 7961//7961 7980//7980 7977//7977
f 7932//7932 7939//7939 7961//7961 7958//7958
f 7924//7924 7935//7935 7939//7939 7932//7932
f 7876//7876 7927//7927 7935//7935 7924//7924
f 7872//7872 7899//7899 7927//7927 7876//7876
f 7871//7871 7895//7895 7899//7899 7872//7872
f 7884//7884 7891//7891 7895//7895 7871//7871
f 7891//7891 7884//7884 3144//3144 3167//3167
f 7963//7963 7964//7964 7983//7983 7982//7982
f 7941//7941 7942//7942 7964//7964 7963//7963
f 7942//7942 7941//7941 7937//7937 7938//7938
f 7938//7938 7937//7937 7929//7929 7930//7930
f 7930//7930 7929//7929 7901//7901 7902//7902
f 7897//7897 7898//7898 7902//7902 7901//7901
f 7893//7893 7894//7894 7898//7898 7897//7897
f 7894//7894 7893//7893 3171//3171 3173//3173
f 8434//8434 8954//8954 8953//8953 8414//8414
f 8373//8373 8951//8951 8953//8953 8413//8413
f 8370//8370 8949//8949 8951//8951 8373//8373
f 8394//8394 8950//8950 8947//8947 8378//8378
f 8389//8389 8945//8945 8946//8946 8380//8380
f 8387//8387 8945//8945 8960//8960 8383//8383
f 8383//8383 8960//8960 8958//8958 8364//8364
f 8556//8556 8957//8957 8959//8959 8546//8546
f 8566//8566 8956//8956 8957//8957 8556//8556
f 8364//8364 8958//8958 8959//8959 8547//8547
f 8378//8378 8947//8947 8946//8946 8379//8379
f 8616//8616 8488//8488 9258//9258 9259//9259
f 8616//8616 9259//9259 9260//9260 8581//8581
f 8684//8684 9301//9301 9319//9319 8749//8749
f 8694//8694 9336//9336 9337//9337 8676//8676
f 8577//8577 9288//9288 9287//9287 8587//8587
f 8587//8587 9287//9287 9286//9286 8597//8597
f 8510//8510 9309//9309 9310//9310 8482//8482
f 8581//8581 9260//9260 9261//9261 8591//8591
f 8643//8643 9315//9315 9314//9314 8632//8632
f 8482//8482 9310//9310 9311//9311 8474//8474
f 8670//8670 9325//9325 9253//9253 8672//8672
f 8714//8714 9320//9320 9321//9321 8724//8724
f 8681//8681 8752//8752 9307//9307 8933//8933
f 8808//8808 9302//9302 9285//9285 8800//8800
f 8794//8794 9281//9281 9282//9282 8790//8790
f 8769//8769 9274//9274 9275//9275 8759//8759
f 8664//8664 9267//9267 9266//9266 8660//8660
f 8782//8782 9318//9318 9317//9317 8785//8785
f 8773//8773 9332//9332 9333//9333 8763//8763
f 8669//8669 9251//9251 9252//9252 8671//8671
f 8754//8754 9307//9307 9306//9306 8710//8710
f 8729//8729 8739//8739 9276//9276 9280//9280
f 8705//8705 9335//9335 9323//9323 8673//8673
f 8759//8759 9275//9275 9276//9276 8739//8739
f 8836//8836 9303//9303 9302//9302 8808//8808
f 8674//8674 8693//8693 9336//9336 9323//9323
f 8879//8879 9255//9255 9254//9254 8844//8844
f 8706//8706 9335//9335 9324//9324 8678//8678
f 8811//8811 9283//9283 9282//9282 8789//8789
f 8903//8903 9279//9279 9331//9331 8893//8893
f 8844//8844 9254//9254 9296//9296 8854//8854
f 8683//8683 9301//9301 9252//9252 8667//8667
f 8854//8854 9296//9296 9329//9329 8864//8864
f 8678//8678 9324//9324 9325//9325 8670//8670
f 8724//8724 9321//9321 9273//9273 8734//8734
f 8763//8763 9333//9333 9334//9334 8743//8743
f 8734//8734 9273//9273 9334//9334 8744//8744
f 8655//8655 9338//9338 9337//9337 8675//8675
f 8710//8710 9306//9306 9305//9305 8720//8720
f 8850//8850 9269//9269 9270//9270 8860//8860
f 8884//8884 9326//9326 9268//9268 8840//8840
f 8799//8799 9271//9271 9265//9265 8801//8801
f 8864//8864 9329//9329 9330//9330 8874//8874
f 8811//8811 8882//8882 9326//9326 9283//9283
f 8899//8899 9278//9278 9277//9277 8889//8889
f 8814//8814 9256//9256 9255//9255 8879//8879
f 8889//8889 9277//9277 9284//9284 8869//8869
f 8835//8835 9303//9303 9304//9304 8803//8803
f 9433//9433 9437//9437 8911//8911 9475//9475
f 8785//8785 9317//9317 9316//9316 8805//8805
f 8813//8813 9256//9256 9265//9265 8797//8797
f 8859//8859 8869//8869 9284//9284 9270//9270
f 8824//8824 9257//9257 9316//9316 8806//8806
f 8913//8913 9327//9327 9322//9322 8921//8921
f 9473//9473 9433//9433 9475//9475 9476//9476
f 8776//8776 8905//8905 8900//8900 8769//8769
f 8646//8646 8775//8775 8770//8770 8638//8638
f 8573//8573 8645//8645 8639//8639 8566//8566
f 9477//9477 8568//8568 8572//8572 9478//9478
f 9480//9480 8970//8970 8967//8967 9481//9481
f 9478//9478 8572//8572 8567//8567 9482//9482
f 9483//9483 8962//8962 9024//9024 9482//9482
f 9483//9483 8956//8956 8566//8566 9484//9484
f 9484//9484 8566//8566 8639//8639 9485//9485
f 9486//9486 8975//8975 8976//8976 9485//9485
f 9486//9486 9298//9298 8638//8638 9487//9487
f 9488//9488 8963//8963 8964//8964 9487//9487
f 9488//9488 8770//8770 9274//9274 9489//9489
f 9490//9490 8973//8973 8974//8974 9489//9489
f 9490//9490 8769//8769 8900//8900 9491//9491
f 9491//9491 8900//8900 9278//9278 9492//9492
f 9492//9492 9278//9278 8899//8899 9493//9493
f 9494//9494 9039//9039 8971//8971 9479//9479
f 9496//9496 8574//8574 8568//8568 9477//9477
f 9496//9496 9026//9026 9062//9062 9497//9497
f 9498//9498 8944//8944 8570//8570 9497//9497
f 9498//9498 9055//9055 9056//9056 9499//9499
f 9499//9499 9056//9056 9057//9057 9500//9500
f 9501//9501 9042//9042 9041//9041 9495//9495
f 9502//9502 9040//9040 9042//9042 9501//9501
f 9502//9502 9279//9279 8903//8903 9503//9503
f 9504//9504 9060//9060 9061//9061 9503//9503
f 8644//8644 9315//9315 9332//9332 8773//8773
f 9505//9505 9059//9059 9060//9060 9504//9504
f 9506//9506 9058//9058 9059//9059 9505//9505
f 9506//9506 9315//9315 8643//8643 9500//9500
f 9380//9380 9349//9349 9352//9352 9381//9381
f 8496//8496 8489//8489 8453//8453 8468//8468
f 9388//9388 9343//9343 9340//9340 9391//9391
f 8465//8465 8454//8454 8489//8489 8496//8496
f 9376//9376 9342//9342 9345//9345 9378//9378
f 8506//8506 8505//8505 8454//8454 8465//8465
f 8505//8505 8506//8506 8472//8472 8469//8469
f 9392//9392 9351//9351 9347//9347 9389//9389
f 9385//9385 9371//9371 9349//9349 9380//9380
f 9263//9263 9262//9262 8469//8469 8472//8472
f 9390//9390 9359//9359 9361//9361 9394//9394
f 9262//9262 9263//9263 8473//8473 8476//8476
f 9393//9393 9360//9360 9362//9362 9387//9387
f 9378//9378 9345//9345 9365//9365 9383//9383
f 9393//9393 9344//9344 9364//9364 9396//9396
f 9395//9395 9363//9363 9343//9343 9388//9388
f 9389//9389 9347//9347 9372//9372 9397//9397
f 9394//9394 9361//9361 9374//9374 9398//9398
f 9350//9350 9379//9379 9382//9382 9354//9354
f 8504//8504 8501//8501 8476//8476 8473//8473
f 9339//9339 9375//9375 9377//9377 9346//9346
f 8501//8501 8504//8504 8467//8467 8455//8455
f 9370//9370 9386//9386 9379//9379 9350//9350
f 9346//9346 9377//9377 9384//9384 9366//9366
f 8455//8455 8467//8467 8495//8495 8490//8490
f 9356//9356 9388//9388 9391//9391 9355//9355
f 8490//8490 8495//8495 8466//8466 8456//8456
f 9358//9358 9392//9392 9389//9389 9357//9357
f 9250//9250 9290//9290 8456//8456 8466//8466
f 9353//9353 9390//9390 9394//9394 9348//9348
f 9290//9290 9250//9250 8468//8468 8453//8453
f 9344//9344 9393//9393 9387//9387 9341//9341
f 9360//9360 9393//9393 9396//9396 9368//9368
f 9367//9367 9395//9395 9388//9388 9356//9356
f 9357//9357 9389//9389 9397//9397 9373//9373
f 9348//9348 9394//9394 9398//9398 9369//9369
f 9440//9440 9439//9439 9404//9404 9408//9408
f 9445//9445 9444//9444 9400//9400 9405//9405
f 9448//9448 9446//9446 9401//9401 9407//9407
f 9425//9425 9415//9415 9410//9410 9420//9420
f 9427//9427 9417//9417 9411//9411 9421//9421
f 9417//9417 9427//9427 9423//9423 9413//9413
f 9428//9428 9418//9418 9414//9414 9424//9424
f 9418//9418 9428//9428 9422//9422 9412//9412
f 9416//9416 9426//9426 9419//9419 9409//9409
f 9408//9408 9418//9418 9412//9412 9402//9402
f 9418//9418 9408//9408 9404//9404 9414//9414
f 9407//9407 9417//9417 9413//9413 9403//9403
f 9417//9417 9407//9407 9401//9401 9411//9411
f 9415//9415 9405//9405 9400//9400 9410//9410
f 9406//9406 9416//9416 9409//9409 9399//9399
f 9408//9408 9402//9402 9441//9441 9440//9440
f 9406//9406 9399//9399 9442//9442 9447//9447
f 9407//9407 9403//9403 9443//9443 9448//9448
f 9400//9400 9454//9454 9455//9455 9410//9410
f 8949//8949 8950//8950 8394//8394 8367//8367
f 9360//9360 9463//9463 9458//9458 9362//9362
f 9363//9363 9467//9467 9452//9452 9384//9384
f 9383//9383 9364//9364 9344//9344 9378//9378
f 9341//9341 9376//9376 9378//9378 9344//9344
f 8432//8432 8419//8419 8367//8367 8394//8394
f 8391//8391 8368//8368 8419//8419 8432//8432
f 9381//9381 9353//9353 9348//9348 9380//9380
f 9369//9369 9385//9385 9380//9380 9348//9348
f 9372//9372 9386//9386 9445//9445 9446//9446
f 9447//9447 9441//9441 9402//9402 9406//9406
f 9406//9406 9402//9402 9412//9412 9416//9416
f 9416//9416 9412//9412 9422//9422 9426//9426
f 9426//9426 9436//9436 9429//9429 9419//9419
f 9377//9377 9343//9343 9363//9363 9384//9384
f 9375//9375 9340//9340 9343//9343 9377//9377
f 8445//8445 8444//8444 8368//8368 8391//8391
f 8444//8444 8445//8445 8402//8402 8396//8396
f 9351//9351 9382//9382 9379//9379 9347//9347
f 9386//9386 9372//9372 9347//9347 9379//9379
f 9448//9448 9397//9397 9372//9372 9446//9446
f 9397//9397 9448//9448 9443//9443 9373//9373
f 9451//9451 9373//9373 9443//9443 9450//9450
f 9446//9446 9445//9445 9405//9405 9401//9401
f 9401//9401 9405//9405 9415//9415 9411//9411
f 9411//9411 9415//9415 9425//9425 9421//9421
f 9426//9426 9422//9422 9432//9432 9436//9436
f 9428//9428 9438//9438 9432//9432 9422//9422
f 9438//9438 9428//9428 9424//9424 9434//9434
f 9472//9472 9423//9423 9433//9433 9473//9473
f 9427//9427 9437//9437 9433//9433 9423//9423
f 9437//9437 9427//9427 9421//9421 9431//9431
f 9455//9455 9409//9409 9419//9419 9456//9456
f 9454//9454 9399//9399 9409//9409 9455//9455
f 9471//9471 9442//9442 9399//9399 9454//9454
f 9440//9440 9398//9398 9374//9374 9439//9439
f 9398//9398 9440//9440 9441//9441 9369//9369
f 9369//9369 9441//9441 9447//9447 9385//9385
f 9461//9461 9370//9370 9350//9350 9460//9460
f 9459//9459 9352//9352 9349//9349 9460//9460
f 8936//8936 8935//8935 8396//8396 8402//8402
f 8935//8935 8936//8936 8405//8405 8410//8410
f 9470//9470 9339//9339 9346//9346 9469//9469
f 9469//9469 9346//9346 9366//9366 9468//9468
f 9452//9452 9383//9383 9365//9365 9468//9468
f 9467//9467 9364//9364 9383//9383 9452//9452
f 9466//9466 9396//9396 9364//9364 9467//9467
f 9466//9466 9395//9395 9367//9367 9465//9465
f 9465//9465 9367//9367 9356//9356 9463//9463
f 9463//9463 9356//9356 9355//9355 9458//9458
f 8443//8443 8436//8436 8410//8410 8405//8405
f 8436//8436 8443//8443 8393//8393 8369//8369
f 9457//9457 9358//9358 9357//9357 9453//9453
f 9451//9451 9374//9374 9361//9361 9453//9453
f 9445//9445 9386//9386 9370//9370 9444//9444
f 9385//9385 9447//9447 9442//9442 9371//9371
f 9461//9461 9471//9471 9444//9444 9370//9370
f 9450//9450 9443//9443 9403//9403 9449//9449
f 9449//9449 9403//9403 9413//9413 9464//9464
f 9464//9464 9413//9413 9423//9423 9472//9472
f 9425//9425 9435//9435 9431//9431 9421//9421
f 9435//9435 9425//9425 9420//9420 9430//9430
f 9456//9456 9462//9462 9430//9430 9420//9420
f 9368//9368 9465//9465 9463//9463 9360//9360
f 9354//9354 9459//9459 9460//9460 9350//9350
f 9342//9342 9470//9470 9469//9469 9345//9345
f 9396//9396 9466//9466 9465//9465 9368//9368
f 9439//9439 9450//9450 9449//9449 9404//9404
f 9371//9371 9461//9461 9460//9460 9349//9349
f 9404//9404 9449//9449 9464//9464 9414//9414
f 9414//9414 9464//9464 9472//9472 9424//9424
f 9410//9410 9455//9455 9456//9456 9420//9420
f 9444//9444 9471//9471 9454//9454 9400//9400
f 9359//9359 9457//9457 9453//9453 9361//9361
f 9424//9424 9472//9472 9473//9473 9434//9434
f 9371//9371 9442//9442 9471//9471 9461//9461
f 9374//9374 9451//9451 9450//9450 9439//9439
f 9395//9395 9466//9466 9467//9467 9363//9363
f 8369//8369 8393//8393 8431//8431 8420//8420
f 8420//8420 8431//8431 8392//8392 8370//8370
f 9345//9345 9469//9469 9468//9468 9365//9365
f 8950//8950 8949//8949 8370//8370 8392//8392
f 9373//9373 9451//9451 9453//9453 9357//9357
f 9419//9419 9429//9429 9462//9462 9456//9456
f 9384//9384 9452//9452 9468//9468 9366//9366
f 9462//9462 9327//9327 8913//8913 9430//9430
f 9327//9327 9462//9462 9429//9429 8914//8914
f 9430//9430 8913//8913 8909//8909 9435//9435
f 8915//8915 9431//9431 9435//9435 8909//8909
f 9431//9431 8915//8915 8911//8911 9437//9437
f 8914//8914 9429//9429 9436//9436 8910//8910
f 9432//9432 8916//8916 8910//8910 9436//9436
f 8916//8916 9432//9432 9438//9438 8912//8912
f 9434//9434 9328//9328 8912//8912 9438//9438
f 9322//9322 8922//8922 8930//8930 9474//9474
f 8921//8921 9322//9322 9474//9474 8929//8929
f 9507//9507 8969//8969 8972//8972 9493//9493
f 9508//9508 8968//8968 8969//8969 9507//9507
f 9481//9481 8967//8967 8968//8968 9508//9508
f 9476//9476 9328//9328 9434//9434 9473//9473
f 9328//9328 9476//9476 9475//9475 8911//8911
f 8919//8919 9295//9295 9328//9328 8911//8911
f 8929//8929 9474//9474 9508//9508 9507//9507
f 9495//9495 9041//9041 9039//9039 9494//9494
f 9027//9027 9477//9477 9478//9478 9025//9025
f 9025//9025 9478//9478 9482//9482 9024//9024
f 8956//8956 9483//9483 9482//9482 8567//8567
f 8962//8962 9483//9483 9484//9484 8961//8961
f 8961//8961 9484//9484 9485//9485 8976//8976
f 9298//9298 9486//9486 9485//9485 8639//8639
f 8975//8975 9486//9486 9487//9487 8964//8964
f 8770//8770 9488//9488 9487//9487 8638//8638
f 8963//8963 9488//9488 9489//9489 8974//8974
f 8769//8769 9490//9490 9489//9489 9274//9274
f 8973//8973 9490//9490 9491//9491 8966//8966
f 8966//8966 9491//9491 9492//9492 8965//8965
f 8965//8965 9492//9492 9493//9493 8972//8972
f 8970//8970 9480//9480 9479//9479 8971//8971
f 9026//9026 9496//9496 9477//9477 9027//9027
f 8574//8574 9496//9496 9497//9497 8570//8570
f 9055//9055 9498//9498 9497//9497 9062//9062
f 8944//8944 9498//9498 9499//9499 8571//8571
f 8571//8571 9499//9499 9500//9500 8643//8643
f 8927//8927 8908//8908 8904//8904 9294//9294
f 9279//9279 9502//9502 9501//9501 8904//8904
f 9040//9040 9502//9502 9503//9503 9061//9061
f 8774//8774 9504//9504 9503//9503 8903//8903
f 9332//9332 9505//9505 9504//9504 8774//8774
f 9315//9315 9506//9506 9505//9505 9332//9332
f 9058//9058 9506//9506 9500//9500 9057//9057
f 8906//8906 8925//8925 8929//8929 8899//8899
f 9507//9507 9493//9493 8899//8899 8929//8929
f 8926//8926 9480//9480 9481//9481 8930//8930
f 8932//8932 9479//9479 9480//9480 8926//8926
f 9479//9479 8932//8932 8928//8928 9494//9494
f 8927//8927 9294//9294 9295//9295 8919//8919
f 8920//8920 9295//9295 9294//9294 8928//8928
f 8904//8904 9501//9501 9495//9495 9294//9294
f 9294//9294 9495//9495 9494//9494 8928//8928
f 9229//9229 9236//9236 9509//9509 9237//9237
f 9234//9234 9230//9230 9246//9246 9247//9247
f 9243//9243 9246//9246 9509//9509 9236//9236
f 9230//9230 9237//9237 9509//9509 9246//9246
f 9081//9081 9084//9084 9083//9083 9080//9080
f 9080//9080 9083//9083 9082//9082 9079//9079
f 9079//9079 9082//9082 9119//9119 9125//9125
f 9125//9125 9119//9119 9122//9122 9126//9126
f 9126//9126 9122//9122 9121//9121 9127//9127
f 9118//9118 9124//9124 9127//9127 9121//9121
f 9120//9120 9123//9123 9124//9124 9118//9118
f 9149//9149 9162//9162 9123//9123 9120//9120
f 9162//9162 9149//9149 9142//9142 9140//9140
f 9140//9140 9142//9142 8352//8352 8354//8354
f 8354//8354 8352//8352 8334//8334 8336//8336
f 9191//9191 8333//8333 8351//8351 9192//9192
f 8298//8298 9190//9190 8324//8324 8295//8295
f 9190//9190 8298//8298 8297//8297 8327//8327
f 8327//8327 8297//8297 8307//8307 8326//8326
f 8302//8302 8335//8335 8326//8326 8307//8307
f 9188//9188 8286//8286 8305//8305 9189//9189
f 8308//8308 8306//8306 8287//8287 8289//8289
f 8289//8289 8287//8287 8268//8268 8270//8270
f 9187//9187 8267//8267 8286//8286 9188//9188
f 9186//9186 8248//8248 8267//8267 9187//9187
f 8270//8270 8268//8268 8249//8249 8251//8251
f 8251//8251 8249//8249 8230//8230 8232//8232
f 8232//8232 8230//8230 8211//8211 8213//8213
f 8192//8192 8194//8194 8213//8213 8211//8211
f 8194//8194 8192//8192 8173//8173 8175//8175
f 8154//8154 8156//8156 8175//8175 8173//8173
f 8156//8156 8154//8154 8135//8135 8137//8137
f 8137//8137 8135//8135 8116//8116 8118//8118
f 8118//8118 8116//8116 8097//8097 8099//8099
f 8078//8078 8080//8080 8099//8099 8097//8097
f 8080//8080 8078//8078 8059//8059 8061//8061
f 8061//8061 8059//8059 8040//8040 8042//8042
f 9526//9526 8017//8017 8022//8022 9525//9525
f 9526//9526 7998//7998 7997//7997 9527//9527
f 7979//7979 7998//7998 8003//8003 7984//7984
f 7998//7998 7979//7979 7978//7978 7997//7997
f 7964//7964 7966//7966 7985//7985 7983//7983
f 7966//7966 7964//7964 7942//7942 7947//7947
f 7938//7938 7946//7946 7947//7947 7942//7942
f 7930//7930 7943//7943 7946//7946 7938//7938
f 7943//7943 7930//7930 7902//7902 7793//7793
f 7898//7898 7794//7794 7793//7793 7902//7902
f 7894//7894 7795//7795 7794//7794 7898//7898
f 3173//3173 3064//3064 7795//7795 7894//7894
f 7893//7893 9165//9165 4492//4492 3171//3171
f 9165//9165 7893//7893 7897//7897 9110//9110
f 9110//9110 7897//7897 7901//7901 9167//9167
f 7929//7929 9168//9168 9167//9167 7901//7901
f 7937//7937 9169//9169 9168//9168 7929//7929
f 7941//7941 9170//9170 9169//9169 7937//7937
f 9170//9170 7941//7941 7963//7963 9171//9171
f 9171//9171 7963//7963 7982//7982 9172//9172
f 7976//7976 7995//7995 7997//7997 7978//7978
f 7969//7969 7988//7988 7995//7995 7976//7976
f 9528//9528 8014//8014 8016//8016 9527//9527
f 9529//9529 8007//8007 8014//8014 9528//9528
f 9175//9175 8039//8039 8058//8058 9176//9176
f 8077//8077 9177//9177 9176//9176 8058//8058
f 9177//9177 8077//8077 8096//8096 9178//9178
f 8115//8115 9179//9179 9178//9178 8096//8096
f 9179//9179 8115//8115 8134//8134 9180//9180
f 8153//8153 9181//9181 9180//9180 8134//8134
f 9181//9181 8153//8153 8172//8172 9182//9182
f 9182//9182 8172//8172 8191//8191 9183//9183
f 9183//9183 8191//8191 8210//8210 9184//9184
f 9184//9184 8210//8210 8229//8229 9185//9185
f 9185//9185 8229//8229 8248//8248 9186//9186
f 9297//9297 9267//9267 8664//8664 8649//8649
f 9267//9267 9297//9297 8652//8652 8662//8662
f 8686//8686 8691//8691 8662//8662 8652//8652
f 8692//8692 8685//8685 8649//8649 8664//8664
f 8661//8661 8650//8650 8685//8685 8692//8692
f 8702//8702 8701//8701 8650//8650 8661//8661
f 8701//8701 8702//8702 8668//8668 8665//8665
f 9251//9251 9253//9253 8665//8665 8668//8668
f 9253//9253 9251//9251 8669//8669 8672//8672
f 8700//8700 8697//8697 8672//8672 8669//8669
f 8697//8697 8700//8700 8663//8663 8651//8651
f 8651//8651 8663//8663 8691//8691 8686//8686
f 9318//9318 9281//9281 8794//8794 8779//8779
f 9281//9281 9318//9318 8782//8782 8792//8792
f 8816//8816 8821//8821 8792//8792 8782//8782
f 8781//8781 8793//8793 8821//8821 8816//8816
f 8827//8827 8830//8830 8793//8793 8781//8781
f 8830//8830 8827//8827 8802//8802 8799//8799
f 9272//9272 9271//9271 8799//8799 8802//8802
f 9271//9271 9272//9272 8795//8795 8798//8798
f 8831//8831 8832//8832 8798//8798 8795//8795
f 8832//8832 8831//8831 8780//8780 8791//8791
f 8791//8791 8780//8780 8815//8815 8822//8822
f 8822//8822 8815//8815 8779//8779 8794//8794
f 9382//9382 9375//9375 9339//9339 9354//9354
f 9351//9351 9340//9340 9375//9375 9382//9382
f 9392//9392 9391//9391 9340//9340 9351//9351
f 9391//9391 9392//9392 9358//9358 9355//9355
f 9457//9457 9458//9458 9355//9355 9358//9358
f 9458//9458 9457//9457 9359//9359 9362//9362
f 9390//9390 9387//9387 9362//9362 9359//9359
f 9387//9387 9390//9390 9353//9353 9341//9341
f 9341//9341 9353//9353 9381//9381 9376//9376
f 9376//9376 9381//9381 9352//9352 9342//9342
f 9459//9459 9470//9470 9342//9342 9352//9352
f 9470//9470 9459//9459 9354//9354 9339//9339
f 7993//7993 7974//7974 7984//7984 8003//8003
f 7994//7994 7975//7975 7974//7974 7993//7993
f 7975//7975 7994//7994 7991//7991 7972//7972
f 7992//7992 7973//7973 7972//7972 7991//7991
f 7989//7989 7970//7970 7973//7973 7992//7992
f 7970//7970 7989//7989 7990//7990 7971//7971
f 7986//7986 7967//7967 7971//7971 7990//7990
f 7987//7987 7968//7968 7967//7967 7986//7986
f 8004//8004 7985//7985 7968//7968 7987//7987
f 7985//7985 8004//8004 8002//8002 7983//7983
f 8001//8001 7982//7982 7983//7983 8002//8002
f 7982//7982 8001//8001 9173//9173 9172//9172
f 9172//9172 9173//9173 8000//8000 7981//7981
f 7981//7981 8000//8000 7999//7999 7980//7980
f 7996//7996 7977//7977 7980//7980 7999//7999
f 7988//7988 7969//7969 7977//7977 7996//7996
f 8007//8007 8026//8026 8033//8033 8014//8014
f 8014//8014 8033//8033 8035//8035 8016//8016
f 8036//8036 8017//8017 8016//8016 8035//8035
f 8017//8017 8036//8036 8041//8041 8022//8022
f 8031//8031 8012//8012 8022//8022 8041//8041
f 8032//8032 8013//8013 8012//8012 8031//8031
f 8013//8013 8032//8032 8029//8029 8010//8010
f 8030//8030 8011//8011 8010//8010 8029//8029
f 8027//8027 8008//8008 8011//8011 8030//8030
f 8008//8008 8027//8027 8028//8028 8009//8009
f 8024//8024 8005//8005 8009//8009 8028//8028
f 8025//8025 8006//8006 8005//8005 8024//8024
f 8042//8042 8023//8023 8006//8006 8025//8025
f 8040//8040 8021//8021 8023//8023 8042//8042
f 8021//8021 8040//8040 8039//8039 8020//8020
f 8020//8020 8039//8039 9175//9175 9174//9174
f 9174//9174 9175//9175 8038//8038 8019//8019
f 8019//8019 8038//8038 8037//8037 8018//8018
f 8034//8034 8015//8015 8018//8018 8037//8037
f 8026//8026 8007//8007 8015//8015 8034//8034
f 8007//8007 9529//9529 9510//9510 8015//8015
f 8018//8018 8015//8015 9510//9510 9511//9511
f 8000//8000 9512//9512 9511//9511 7999//7999
f 9173//9173 9513//9513 9512//9512 8000//8000
f 9173//9173 8001//8001 9514//9514 9513//9513
f 8021//8021 8020//8020 9514//9514 9515//9515
f 8023//8023 8021//8021 9515//9515 9516//9516
f 8023//8023 9516//9516 9517//9517 8006//8006
f 8006//8006 9517//9517 9518//9518 8005//8005
f 8005//8005 9518//9518 9519//9519 8009//8009
f 7989//7989 9520//9520 9519//9519 7990//7990
f 8008//8008 9520//9520 9521//9521 8011//8011
f 8011//8011 9521//9521 9522//9522 8010//8010
f 7994//7994 9523//9523 9522//9522 7991//7991
f 8013//8013 9523//9523 9524//9524 8012//8012
f 8012//8012 9524//9524 9525//9525 8022//8022
f 7998//7998 9526//9526 9525//9525 8003//8003
f 8017//8017 9526//9526 9527//9527 8016//8016
f 7995//7995 9528//9528 9527//9527 7997//7997
f 7988//7988 9529//9529 9528//9528 7995//7995
f 8513//8513 4843//4843 36//36 3799//3799
f 8521//8521 8527//8527 3809//3809 3806//3806
f 8538//8538 8531//8531 3820//3820 3828//3828
f 5155//5155 373//373 375//375 5156//5156
f 5514//5514 742//742 2885//2885 7632//7632
f 7657//7657 2908//2908 2913//2913 7660//7660
f 2799//2799 7559//7559 7572//7572 2813//2813
f 5103//5103 316//316 340//340 5126//5126
